"gene","logFC","AveExpr","t","pvalue","padj"
"SAMD11",0.1794,9.0963,0.9039,0.3661,0.5406
"NOC2L",-0.1182,11.3632,-0.6496,0.516,0.6741
"KLHL17",0.1228,8.121,0.4847,0.6279,0.7616
"PLEKHN1",0.0119,7.5343,0.0306,0.9756,0.9867
"PERM1",-0.2485,6.9208,-0.6363,0.5246,0.6814
"HES4",0.3539,7.8353,0.8955,0.3705,0.5452
"ISG15",0.11,10.7625,0.243,0.808,0.8881
"AGRN",-0.329,13.6625,-0.9725,0.3308,0.5063
"RNF223",1.1923,6.9734,2.4769,0.01325,0.05126
"C1orf159",-0.2145,8.7167,-1.0961,0.273,0.4467
"TTLL10",0.5728,6.9214,0.9005,0.3679,0.5426
"TNFRSF18",-2.4483,7.9908,-5.2745,1.331e-07,4.619e-06
"TNFRSF4",-0.479,7.6841,-1.3019,0.1929,0.355
"SDF4",-0.318,12.2835,-1.8648,0.06221,0.1589
"B3GALT6",-0.2007,9.6546,-1.125,0.2606,0.4323
"C1QTNF12",-2.2993,6.7989,-4.4843,7.316e-06,0.0001388
"UBE2J2",-0.0277,10.5257,-0.215,0.8298,0.9018
"SCNN1D",0.3047,7.2164,0.8386,0.4017,0.5739
"ACAP3",0.071,10.1222,0.282,0.7779,0.8679
"PUSL1",0.1736,8.8901,0.9594,0.3374,0.5119
"INTS11",-0.0888,11.373,-0.5929,0.5533,0.7039
"CPTP",-0.1295,9.9626,-0.6272,0.5305,0.6861
"TAS1R3",0.3495,7.2772,0.8203,0.4121,0.5831
"DVL1",0.4525,11.0208,1.81,0.07029,0.1734
"MXRA8",0.4336,10.892,1.4177,0.1563,0.306
"AURKAIP1",0.2776,10.824,1.5469,0.1219,0.258
"CCNL2",0.1214,11.4078,0.4462,0.6554,0.7824
"MRPL20",0.2694,10.9592,2.0969,0.036,0.1076
"ANKRD65",0.1831,9.5826,0.4571,0.6476,0.7768
"VWA1",0.524,11.4827,1.9197,0.0549,0.1455
"ATAD3C",0.9116,8.2405,2.8121,0.004922,0.02402
"ATAD3B",0.2737,9.4615,0.9806,0.3268,0.5026
"ATAD3A",-0.039,10.0802,-0.1962,0.8445,0.9111
"TMEM240",-0.0886,6.5321,-0.2768,0.782,0.8707
"SSU72",0.1239,11.9448,0.9519,0.3411,0.5158
"FNDC10",-0.4458,8.4573,-1.0906,0.2754,0.449
"MIB2",-0.4241,9.8227,-1.8379,0.06608,0.1656
"MMP23B",0.6003,7.1413,1.746,0.08082,0.1916
"CDK11B",0.0162,10.7014,0.1114,0.9113,0.9514
"SLC35E2B",0.1178,11.109,0.614,0.5392,0.6925
"CDK11A",0.0719,10.0592,0.3825,0.7021,0.8152
"SLC35E2",0.4426,8.2187,2.1563,0.03106,0.09663
"NADK",0.6821,11.4876,3.9073,9.335e-05,0.0011
"GNB1",-0.0468,13.81,-0.2869,0.7742,0.8656
"TMEM52",-0.5633,6.9722,-1.5669,0.1171,0.2507
"CFAP74",1.4263,7.077,2.0628,0.03913,0.1144
"GABRD",-0.3053,6.9414,-0.8957,0.3704,0.5452
"PRKCZ",0.3383,10.8188,1.4831,0.138,0.2802
"FAAP20",0.1466,10.7501,0.9444,0.345,0.5197
"SKI",-0.327,11.8619,-1.7155,0.08625,0.2014
"MORN1",0.5817,8.1797,2.0681,0.03863,0.1135
"RER1",0.2902,12.0966,1.9734,0.04845,0.133
"PEX10",0.1679,10.8064,1.2703,0.204,0.3681
"PLCH2",-3.2827,8.2552,-6.4924,8.448e-11,8.163e-09
"PANK4",-0.0376,9.6481,-0.3183,0.7502,0.849
"TNFRSF14",0.0217,10.885,0.079,0.937,0.9649
"FAM213B",-0.3307,10.2773,-1.3787,0.168,0.3222
"MMEL1",-0.2241,8.4535,-0.8752,0.3815,0.5557
"TTC34",0.1488,6.7409,0.3157,0.7522,0.8505
"PRDM16",1.7293,8.3022,3.5616,0.0003686,0.003316
"ARHGEF16",0.2813,9.9077,1.0042,0.3153,0.4908
"MEGF6",-0.1316,10.5005,-0.4161,0.6773,0.7975
"TPRG1L",-0.3465,11.3457,-2.0352,0.04183,0.1198
"WRAP73",-0.2091,9.71,-1.3952,0.1629,0.3151
"TP73",-2.5846,8.7291,-4.9162,8.825e-07,2.343e-05
"CCDC27",0.578,6.8008,2.8558,0.004293,0.0217
"SMIM1",1.7928,7.1123,6.0414,1.528e-09,9.882e-08
"LRRC47",-0.1734,10.948,-1.5063,0.132,0.2721
"CEP104",0.0276,10.3783,0.2032,0.839,0.9077
"DFFB",0.0897,8.063,0.4542,0.6497,0.7785
"C1orf174",-0.0081,9.6994,-0.0513,0.9591,0.9776
"AJAP1",-0.9773,6.9801,-2.1553,0.03114,0.09681
"NPHP4",0.3858,9.2694,1.9409,0.05228,0.1404
"KCNAB2",0.0317,10.2469,0.1158,0.9078,0.9494
"CHD5",-0.346,6.2943,-0.5897,0.5554,0.7055
"RPL22",0.1889,12.9872,1.029,0.3035,0.4782
"RNF207",-0.3157,8.7172,-1.0099,0.3126,0.4877
"ICMT",0.0107,11.8711,0.0691,0.9449,0.9694
"GPR153",-0.2729,9.8389,-0.7651,0.4442,0.6126
"ACOT7",-1.0077,10.2199,-4.4261,9.594e-06,0.0001731
"HES2",-2.1873,8.1799,-3.8368,0.0001246,0.001389
"ESPN",-1.692,8.394,-3.321,0.0008971,0.006638
"TNFRSF25",-0.6329,8.538,-1.5631,0.118,0.252
"PLEKHG5",-0.6853,9.505,-2.1274,0.03339,0.1019
"NOL9",-0.1448,9.9288,-0.8768,0.3806,0.5549
"ZBTB48",-0.0694,9.5166,-0.4282,0.6685,0.7912
"KLHL21",-0.9912,10.7848,-4.0153,5.937e-05,0.0007538
"PHF13",-0.5572,10.0184,-3.0321,0.002429,0.01429
"THAP3",-0.0152,10.2292,-0.1185,0.9057,0.9482
"DNAJC11",-0.1246,10.813,-0.9047,0.3656,0.5403
"CAMTA1",-0.0882,9.9976,-0.5442,0.5863,0.7305
"VAMP3",0.2604,11.9993,1.7648,0.07759,0.186
"PER3",0.5002,10.1364,1.3521,0.1763,0.3328
"UTS2",0.544,8.1072,1.4775,0.1395,0.2821
"TNFRSF9",-1.5108,7.6338,-3.3013,0.0009625,0.006998
"PARK7",0.322,12.2566,1.9316,0.05341,0.1427
"ERRFI1",1.5353,12.3693,3.5349,0.000408,0.003588
"SLC45A1",0.3789,7.1234,1.0173,0.309,0.4838
"RERE",-0.0078,12.1069,-0.0352,0.972,0.9848
"ENO1",0.0722,15.4899,0.4041,0.6861,0.8031
"SLC2A5",-0.3668,8.0269,-0.8209,0.4117,0.5829
"GPR157",-0.0676,9.7105,-0.1699,0.8651,0.9235
"H6PD",-0.0039,12.0319,-0.0165,0.9868,0.993
"SPSB1",-0.372,10.6335,-1.5627,0.1181,0.2521
"SLC25A33",-0.1055,8.4682,-0.4788,0.6321,0.765
"TMEM201",-0.7728,9.4814,-3.4169,0.0006334,0.00502
"PIK3CD",-0.7796,10.1091,-3.1211,0.001802,0.0113
"CLSTN1",-1.226,13.167,-4.4967,6.903e-06,0.0001317
"CTNNBIP1",-0.4354,10.8864,-1.8868,0.05919,0.1535
"LZIC",0.1352,9.7705,0.9718,0.3311,0.5064
"NMNAT1",0.2016,8.5736,0.8985,0.3689,0.5436
"RBP7",-0.5949,7.5416,-1.5031,0.1328,0.2731
"UBE4B",-0.3681,11.1241,-2.2018,0.02768,0.0886
"KIF1B",0.1442,11.3624,0.7235,0.4694,0.6342
"PGD",-0.2355,13.0478,-0.5883,0.5563,0.7062
"CENPS",0.3315,8.9406,2.0663,0.0388,0.1137
"CORT",0.0043,6.5131,0.0189,0.9849,0.9918
"APITD1-CORT",0.316,8.7693,1.9374,0.05269,0.1412
"DFFA",-0.0599,10.8014,-0.4931,0.6219,0.7573
"PEX14",-0.0452,9.8307,-0.3205,0.7486,0.848
"CASZ1",-0.5623,10.386,-2.2743,0.02295,0.07706
"C1orf127",0.5338,6.5284,1.6517,0.0986,0.2221
"TARDBP",-0.2897,12.2829,-2.9069,0.00365,0.01934
"RP4-635E18.9",-0.2077,10.8955,-2.1712,0.02991,0.09388
"MASP2",0.2058,6.8812,0.661,0.5086,0.6685
"SRM",-0.1344,10.6446,-0.6015,0.5475,0.6992
"EXOSC10",0.1349,11.1298,1.0128,0.3112,0.4861
"ANGPTL7",0.3439,6.5276,0.6359,0.5249,0.6816
"MTOR",0.0514,11.3121,0.3264,0.7441,0.8454
"UBIAD1",0.0822,9.7005,0.648,0.517,0.675
"DISP3",1.1752,6.4693,2.1174,0.03423,0.1036
"FBXO2",-0.2605,9.0082,-0.5975,0.5502,0.7017
"FBXO44",0.1144,9.4094,0.6313,0.5278,0.6843
"FBXO6",0.277,9.5165,0.8924,0.3722,0.5468
"MAD2L2",-0.126,9.8404,-0.5747,0.5655,0.7139
"DRAXIN",-1.2165,6.7254,-2.933,0.003357,0.01823
"AGTRAP",0.1608,10.9107,0.5153,0.6064,0.745
"C1orf167",1.0425,8.6028,4.3124,1.615e-05,0.0002642
"MTHFR",0.856,10.5304,4.1461,3.381e-05,0.0004746
"CLCN6",-0.0131,9.6066,-0.0627,0.95,0.9723
"NPPA",0.4102,6.3925,0.9941,0.3202,0.4958
"KIAA2013",-0.1124,11.2932,-0.9209,0.3571,0.5317
"PLOD1",-1.1124,12.4137,-4.4676,7.911e-06,0.0001482
"MFN2",-0.2899,12.154,-1.981,0.04759,0.1316
"MIIP",0.1218,9.7859,0.7035,0.4818,0.6452
"TNFRSF8",-2.0782,7.3086,-4.1682,3.071e-05,0.0004422
"TNFRSF1B",-0.2465,10.984,-0.7971,0.4254,0.5961
"VPS13D",0.0568,11.4918,0.2592,0.7955,0.8787
"DHRS3",-0.0868,11.8529,-0.2509,0.8019,0.8835
"C1orf158",2.6134,6.5501,2.9008,0.003722,0.01962
"HNRNPCL1",0.1844,6.5001,0.6754,0.4994,0.6603
"PDPN",-1.9479,10.7712,-5.2283,1.71e-07,5.743e-06
"PRDM2",-0.307,10.9111,-1.9894,0.04666,0.1297
"KAZN",-0.9814,9.6228,-3.4878,0.0004871,0.004133
"TMEM51",-0.2945,9.7311,-1.3776,0.1683,0.3227
"FHAD1",-0.0337,8.0143,-0.0596,0.9525,0.9731
"EFHD2",-0.8679,11.9631,-3.2948,0.000985,0.007111
"CELA2B",0.4082,6.3032,0.9386,0.3479,0.5232
"CASP9",0.1887,9.5798,0.6198,0.5354,0.6899
"AGMAT",0.1698,7.1717,0.4828,0.6292,0.7627
"DNAJC16",0.0657,10.0333,0.5164,0.6056,0.7445
"RSC1A1",-0.0195,8.8245,-0.1025,0.9183,0.9551
"DDI2",0.0151,11.032,0.0831,0.9337,0.9634
"PLEKHM2",-0.3698,11.4759,-2.3734,0.01762,0.06342
"SLC25A34",-0.416,6.7726,-1.2084,0.2269,0.3949
"FBLIM1",-0.1368,10.8655,-0.5601,0.5754,0.7219
"UQCRHL",0.1857,9.5487,0.7805,0.4351,0.6049
"SPEN",-0.3995,11.7018,-2.0152,0.04388,0.1242
"ZBTB17",-0.1066,9.7825,-0.5879,0.5566,0.7065
"HSPB7",1.1108,8.0145,3.4385,0.0005849,0.004726
"CLCNKA",0.941,6.4564,1.9406,0.0523,0.1405
"CLCNKB",1.7085,6.6546,4.3563,1.323e-05,0.0002227
"FAM131C",-1.0387,6.4867,-1.9656,0.04935,0.1348
"EPHA2",-0.1552,11.2742,-0.3845,0.7006,0.8141
"ARHGEF19",-0.5955,9.9088,-1.8213,0.06856,0.1703
"RSG1",0.4948,7.5674,2.3788,0.01737,0.06273
"FBXO42",-0.0337,10.1748,-0.2467,0.8052,0.886
"SZRD1",-0.1125,12.3401,-0.818,0.4134,0.5845
"SPATA21",-0.1528,10.4288,-1.0925,0.2746,0.4481
"NECAP2",0.0142,11.5112,0.0664,0.947,0.9708
"NBPF1",0.2067,9.682,0.7805,0.4351,0.6049
"CROCC",-0.6407,9.7461,-2.0357,0.04178,0.1197
"MFAP2",-0.9739,9.8285,-3.3428,0.0008295,0.006255
"ATP13A2",-0.1284,10.8386,-0.6241,0.5326,0.6877
"SDHB",0.3074,11.0789,1.837,0.06621,0.1658
"PADI2",-1.031,8.7167,-2.3609,0.01823,0.06506
"PADI1",-3.9804,6.6885,-4.9741,6.556e-07,1.816e-05
"PADI3",-4.071,6.8766,-4.31,1.633e-05,0.0002665
"PADI4",0.0955,6.3512,0.1691,0.8657,0.9238
"RCC2",-0.7825,12.5157,-4.2512,2.126e-05,0.0003263
"ARHGEF10L",0.4463,10.2771,2.3161,0.02055,0.07115
"IGSF21",-0.1947,7.0747,-0.4685,0.6394,0.7704
"KLHDC7A",3.8683,7.8016,7.5908,3.179e-14,8.522e-12
"ALDH4A1",-0.9216,9.5822,-3.5685,0.0003591,0.003249
"RP13-279N23.2",-0.761,9.0334,-2.7427,0.006094,0.02835
"IFFO2",-0.7853,9.9257,-2.317,0.0205,0.07106
"UBR4",0.0266,12.4842,0.1566,0.8755,0.93
"EMC1",-0.4486,11.5556,-2.7182,0.006563,0.02996
"MRTO4",-0.1562,10.2386,-0.9788,0.3277,0.5032
"AKR7A3",3.7278,7.1268,7.5111,5.865e-14,1.477e-11
"AKR7A2",0.251,10.4486,1.5688,0.1167,0.2501
"PQLC2",-0.1147,9.2065,-0.7213,0.4707,0.6355
"CAPZB",-0.2999,12.8336,-2.1219,0.03385,0.1029
"MINOS1",0.3143,10.5043,1.9342,0.05308,0.142
"MINOS1-NBL1",-0.0678,12.5692,-0.2613,0.7938,0.878
"NBL1",-0.2149,12.6605,-0.6874,0.4918,0.6541
"TMCO4",0.6208,9.8709,3.5136,0.0004421,0.003815
"OTUD3",-0.0227,9.0191,-0.0832,0.9337,0.9634
"PLA2G2A",-0.3927,7.76,-0.5916,0.5541,0.7045
"PLA2G5",-0.0132,7.3144,-0.0332,0.9735,0.9857
"PLA2G2D",0.0602,7.7374,0.0941,0.925,0.9586
"UBXN10",2.8424,8.7164,5.0185,5.207e-07,1.5e-05
"CAMK2N1",0.5907,10.055,1.3923,0.1638,0.3165
"MUL1",0.1246,10.3426,0.7865,0.4316,0.6016
"FAM43B",-0.7088,6.3547,-1.4902,0.1362,0.2776
"CDA",1.0154,7.7784,1.4713,0.1412,0.2844
"PINK1",0.4084,11.1513,2.2936,0.02182,0.0743
"DDOST",-0.0675,13.1509,-0.4655,0.6416,0.7718
"KIF17",0.4611,7.456,1.8115,0.07006,0.1731
"SH2D5",-1.3614,6.4708,-2.16,0.03077,0.09594
"HP1BP3",-0.1123,12.5858,-0.8551,0.3925,0.5655
"EIF4G3",-0.0194,11.3067,-0.1157,0.9079,0.9494
"ECE1",-1.354,13.0321,-4.5842,4.557e-06,9.328e-05
"NBPF3",0.2073,8.568,0.6826,0.4948,0.6569
"ALPL",-0.4478,11.0222,-1.0248,0.3055,0.4804
"RAP1GAP",1.618,10.4838,4.2906,1.782e-05,0.0002825
"USP48",-0.1121,10.9201,-0.907,0.3644,0.5389
"LDLRAD2",-0.7348,11.9475,-2.6806,0.007348,0.03269
"HSPG2",-0.6031,13.8654,-1.961,0.04987,0.1358
"CDC42",0.2991,13.0751,1.5318,0.1256,0.2634
"WNT4",-1.1683,8.2925,-2.8004,0.005104,0.02468
"ZBTB40",0.1036,10.2878,0.5018,0.6158,0.7527
"C1QA",0.1833,12.5397,0.5422,0.5877,0.7316
"C1QC",0.083,12.5457,0.2501,0.8025,0.884
"C1QB",0.0936,12.8486,0.2781,0.781,0.87
"EPHB2",-1.175,9.4578,-3.0636,0.002187,0.01319
"KDM1A",-0.252,11.5011,-1.4845,0.1377,0.2797
"LUZP1",-0.4206,10.675,-2.1124,0.03466,0.1046
"HTR1D",1.6717,6.6848,2.6882,0.007183,0.03218
"HNRNPR",-0.1387,12.1879,-1.1924,0.2331,0.4014
"ZNF436",-0.745,9.6833,-3.9114,9.175e-05,0.001083
"TCEA3",1.3139,10.1058,4.0234,5.737e-05,0.0007334
"ASAP3",0.0765,9.8602,0.2812,0.7785,0.8682
"E2F2",-0.3299,8.1299,-0.8857,0.3758,0.5505
"ID3",0.2909,10.9884,0.9692,0.3324,0.5074
"RPL11",0.2692,14.2922,1.4147,0.1572,0.3073
"ELOA",0.1264,11.5296,0.9843,0.325,0.5008
"PITHD1",-0.3109,10.5949,-2.0906,0.03656,0.1088
"LYPLA2",0.371,10.774,2.1657,0.03033,0.09495
"GALE",1.2547,10.5573,4.3086,1.643e-05,0.0002674
"HMGCL",0.4157,10.4209,2.9661,0.003016,0.01681
"FUCA1",1.3318,11.3147,4.6711,2.996e-06,6.5e-05
"CNR2",0.0823,6.3897,0.1358,0.892,0.9396
"PNRC2",0.2639,11.3124,1.6526,0.09842,0.2219
"SRSF10",0.1381,11.6204,1.2494,0.2115,0.3771
"MYOM3",0.5405,6.5817,1.0941,0.2739,0.4474
"IL22RA1",-0.0527,7.6338,-0.111,0.9116,0.9517
"IFNLR1",-0.4059,8.7685,-1.2447,0.2132,0.3793
"GRHL3",-3.168,7.6546,-6.2585,3.886e-10,3.09e-08
"STPG1",-0.1824,9.122,-0.8339,0.4043,0.576
"NIPAL3",0.5919,10.741,2.6233,0.008709,0.03708
"RCAN3",0.2766,10.275,1.4473,0.1478,0.294
"NCMAP",2.4067,8.5384,5.1333,2.847e-07,8.912e-06
"SRRM1",-0.0935,11.5688,-0.7077,0.4792,0.6428
"CLIC4",-0.2004,12.8172,-0.9381,0.3482,0.5234
"RUNX3",-1.6948,9.8045,-6.4345,1.239e-10,1.137e-08
"SYF2",0.2864,10.7,2.1505,0.03152,0.09763
"RHD",-0.5283,6.3907,-1.2611,0.2073,0.3725
"RSRP1",0.1436,10.3456,0.4914,0.6232,0.7584
"TMEM50A",0.1857,12.0901,1.1551,0.2481,0.4187
"RHCE",0.3488,7.3838,1.9863,0.047,0.1304
"TMEM57",0.1984,10.3515,1.2428,0.214,0.3799
"LDLRAP1",-0.5774,10.5176,-2.387,0.01698,0.06163
"MAN1C1",0.0164,9.1691,0.0499,0.9602,0.9783
"SELENON",-0.3446,12.4485,-1.5467,0.1219,0.258
"RP1-317E23.6",-0.1312,9.4971,-0.6939,0.4878,0.6506
"MTFR1L",0.461,10.5302,3.4349,0.0005928,0.004762
"AUNIP",-0.1581,8.5964,-1.0365,0.2999,0.4745
"PAQR7",-0.0206,9.6176,-0.0789,0.9371,0.9649
"STMN1",-0.0862,12.0327,-0.2515,0.8014,0.8832
"PAFAH2",1.0336,9.7065,5.8551,4.767e-09,2.585e-07
"EXTL1",0.2608,6.4905,0.7866,0.4315,0.6016
"PDIK1L",0.7432,9.2177,3.2169,0.001296,0.008783
"FAM110D",0.4414,7.1901,1.1821,0.2372,0.4064
"ZNF593",0.3946,9.2665,1.5668,0.1172,0.2508
"RP11-96L14.7",0.3966,9.2407,1.5787,0.1144,0.2462
"CNKSR1",0.2374,9.8993,1.1466,0.2516,0.4226
"CEP85",-0.056,9.5643,-0.2382,0.8117,0.8903
"SH3BGRL3",-0.6221,12.7515,-2.7181,0.006566,0.02996
"UBXN11",-0.1172,11.111,-0.5766,0.5642,0.713
"CD52",0.9941,10.4324,2.2212,0.02634,0.08533
"AIM1L",-0.4097,8.3934,-0.7609,0.4467,0.6149
"ZNF683",-0.6768,7.2675,-1.3426,0.1794,0.3371
"DHDDS",0.1462,10.284,1.3791,0.1679,0.3221
"HMGN2",-0.0173,12.1848,-0.0796,0.9365,0.9647
"RPS6KA1",-0.074,11.5184,-0.4365,0.6625,0.7869
"ARID1A",-0.1164,12.1181,-0.541,0.5885,0.7321
"PIGV",0.3396,9.4065,2.6954,0.007031,0.03163
"ZDHHC18",-0.2666,10.6792,-1.3555,0.1753,0.3315
"SFN",-1.3249,12.5398,-3.5621,0.0003678,0.003314
"GPN2",-0.0203,9.8001,-0.1714,0.8639,0.9227
"GPATCH3",0.1411,9.0693,1.1534,0.2488,0.4196
"NR0B2",3.0098,6.9523,4.8329,1.346e-06,3.309e-05
"NUDC",0.0228,11.5702,0.1374,0.8907,0.9388
"KDF1",0.2008,9.3663,1.3924,0.1638,0.3165
"TRNP1",1.6707,8.6245,4.4157,1.007e-05,0.0001801
"FAM46B",-0.2434,8.7192,-0.6414,0.5212,0.6785
"SLC9A1",-0.8297,11.2868,-3.0064,0.002644,0.01525
"WDTC1",0.1,11.5458,0.6243,0.5324,0.6877
"TMEM222",0.1033,10.3945,0.6829,0.4946,0.6567
"SYTL1",-0.3903,10.2999,-1.3093,0.1904,0.3515
"MAP3K6",-0.3912,10.6478,-1.4249,0.1542,0.3029
"FCN3",0.7575,9.2642,1.4403,0.1498,0.2965
"CD164L2",1.0065,7.221,1.8507,0.06421,0.1622
"GPR3",-0.3859,6.9516,-0.8872,0.3749,0.5497
"WASF2",-0.6108,12.7167,-3.0972,0.001953,0.01207
"AHDC1",-0.6874,10.3965,-2.6004,0.009312,0.03903
"FGR",-0.1066,9.7621,-0.313,0.7543,0.8523
"IFI6",0.3156,12.2388,0.6539,0.5132,0.672
"FAM76A",0.2936,9.0342,1.525,0.1273,0.2655
"STX12",0.3952,11.185,2.6912,0.007119,0.03199
"PPP1R8",0.0714,10.5481,0.5404,0.5889,0.7323
"THEMIS2",-0.1106,10.5803,-0.3472,0.7285,0.834
"RPA2",0.125,10.4439,0.7303,0.4652,0.6307
"SMPDL3B",1.7007,9.6146,4.416,1.005e-05,0.0001801
"XKR8",0.1944,8.7059,1.0617,0.2884,0.4622
"EYA3",-0.3813,10.0823,-2.7013,0.006906,0.03119
"PTAFR",-0.2513,10.2326,-0.7153,0.4744,0.6387
"DNAJC8",0.0766,11.2515,0.4681,0.6397,0.7705
"ATPIF1",0.511,11.0441,2.8281,0.004683,0.0231
"SESN2",0.047,9.5269,0.1703,0.8648,0.9233
"MED18",0.6844,8.9855,3.8122,0.0001377,0.00151
"PHACTR4",0.0183,10.817,0.1149,0.9086,0.9499
"RCC1",-0.0452,10.5982,-0.2359,0.8135,0.8913
"TRNAU1AP",0.5558,9.484,2.2731,0.02302,0.07727
"RAB42",0.8111,8.075,1.7811,0.07489,0.1815
"TAF12",0.164,9.5407,1.0482,0.2945,0.4684
"GMEB1",-0.0115,9.465,-0.0852,0.9321,0.963
"YTHDF2",0.1251,11.5493,1.0628,0.2879,0.4617
"OPRD1",0.8334,6.4584,1.9344,0.05307,0.142
"EPB41",0.5007,11.0627,2.4545,0.01411,0.0536
"TMEM200B",0.1075,8.9821,0.4851,0.6276,0.7614
"SRSF4",-0.2757,11.6428,-2.1206,0.03396,0.103
"MECR",0.4125,9.1973,3.3307,0.0008664,0.00646
"PTPRU",0.8043,11.0403,2.1122,0.03467,0.1046
"MATN1",0.2435,6.4974,0.8369,0.4026,0.5746
"LAPTM5",0.1388,13.1567,0.4543,0.6496,0.7785
"SDC3",0.0345,11.5934,0.1413,0.8876,0.9372
"PUM1",0.1631,11.8282,1.2954,0.1952,0.3573
"NKAIN1",0.6272,6.3882,0.9314,0.3517,0.5263
"SNRNP40",-0.1472,10.3704,-1.0014,0.3166,0.4923
"ZCCHC17",0.2785,10.108,1.5833,0.1134,0.2447
"FABP3",1.7636,8.365,3.8154,0.000136,0.001494
"SERINC2",-0.1625,11.7815,-0.3979,0.6907,0.8068
"TINAGL1",-1.8662,10.8146,-4.1857,2.843e-05,0.0004153
"HCRTR1",-0.3703,6.7059,-2.0148,0.04393,0.1243
"PEF1",-0.3044,11.3959,-2.3461,0.01897,0.067
"COL16A1",-1.5755,10.6525,-4.3859,1.155e-05,0.0001998
"ADGRB2",-0.4296,8.1995,-0.8999,0.3682,0.5427
"SPOCD1",-0.6426,8.1661,-1.5321,0.1255,0.2634
"PTP4A2",0.581,12.5658,3.5713,0.0003551,0.003218
"KHDRBS1",-0.1042,12.4837,-1.052,0.2928,0.4669
"TMEM39B",-0.5376,9.3291,-3.609,0.0003074,0.002887
"KPNA6",-0.0345,11.6897,-0.2434,0.8077,0.888
"TXLNA",-0.0532,11.6428,-0.3208,0.7484,0.8479
"CCDC28B",-0.4774,7.95,-1.2714,0.2036,0.3677
"IQCC",0.2931,7.8747,1.2641,0.2062,0.3711
"DCDC2B",1.3049,7.1828,2.6253,0.008657,0.03692
"TMEM234",0.0204,8.8692,0.0888,0.9293,0.9612
"EIF3I",-0.0467,12.4247,-0.2913,0.7708,0.8637
"FAM167B",0.2194,7.8036,0.7949,0.4267,0.5974
"LCK",-0.162,8.7998,-0.4487,0.6537,0.7811
"HDAC1",-0.5772,12.1165,-3.66,0.0002522,0.002442
"MARCKSL1",0.1494,11.912,0.4798,0.6313,0.7645
"FAM229A",-0.009,7.5168,-0.0325,0.9741,0.9857
"TSSK3",-0.0615,7.1193,-0.2227,0.8238,0.8972
"BSDC1",-0.0137,11.557,-0.0984,0.9217,0.9573
"RP1-27O5.3",0.1527,8.0033,0.8361,0.4031,0.5749
"ZBTB8A",0.176,8.9562,0.9911,0.3217,0.4975
"ZBTB8OS",0.2029,9.4245,1.1735,0.2406,0.4101
"RBBP4",0.1858,12.2896,1.2763,0.2018,0.3656
"SYNC",0.305,10.0264,1.8423,0.06543,0.1644
"KIAA1522",-0.2122,12.6404,-0.9696,0.3323,0.5073
"YARS",-0.1716,11.8057,-1.2479,0.2121,0.3778
"S100PBP",0.1466,9.8523,1.0552,0.2913,0.4655
"FNDC5",0.486,7.1479,1.2024,0.2292,0.3977
"HPCA",-0.1032,8.7749,-0.5122,0.6085,0.7469
"TMEM54",-0.1521,10.8917,-0.7333,0.4634,0.6292
"RNF19B",-0.3351,11.1178,-1.2657,0.2056,0.3704
"AK2",0.4202,11.7567,2.3422,0.01917,0.06754
"AZIN2",0.1865,7.9262,0.5548,0.579,0.7247
"TRIM62",-0.2477,8.6095,-1.256,0.2091,0.3745
"ZNF362",-0.2242,10.3891,-1.0819,0.2793,0.4531
"PHC2",0.5509,12.0106,2.7866,0.005327,0.02554
"ZSCAN20",0.2848,7.5112,1.2812,0.2001,0.3634
"CSMD2",-0.522,7.1096,-1.3705,0.1705,0.3254
"GJB5",-2.7992,7.8198,-4.2348,2.288e-05,0.0003475
"GJB4",-4.0174,7.0701,-5.9735,2.322e-09,1.388e-07
"GJB3",-1.7777,8.516,-3.0102,0.00261,0.0151
"GJA4",0.1,8.7241,0.3849,0.7003,0.814
"SMIM12",0.361,10.2241,2.0242,0.04295,0.1222
"DLGAP3",0.9515,6.5623,2.0438,0.04098,0.1181
"TMEM35B",0.4986,9.911,1.9823,0.04744,0.1313
"RP11-244H3.4",0.4649,10.2244,2.4381,0.01477,0.05551
"ZMYM6",0.3,9.651,2.2399,0.0251,0.08246
"ZMYM1",0.1622,8.8626,0.9599,0.3371,0.5117
"SFPQ",-0.127,13.0244,-0.9105,0.3626,0.5372
"ZMYM4",0.0563,11.1119,0.4035,0.6866,0.8034
"KIAA0319L",0.5981,11.7594,2.8529,0.004332,0.02186
"NCDN",-0.2728,10.1314,-1.3298,0.1836,0.3428
"TFAP2E",-0.2386,6.9267,-0.5814,0.561,0.7102
"PSMB2",-0.3116,11.8186,-2.1896,0.02856,0.09069
"C1orf216",-0.1058,9.2724,-0.5797,0.5621,0.7112
"CLSPN",-0.207,8.0648,-0.5473,0.5842,0.7286
"AGO4",0.1815,10.2374,1.0297,0.3032,0.4779
"AGO1",0.0384,10.9451,0.1914,0.8482,0.9137
"AGO3",0.0172,9.8344,0.0903,0.928,0.9604
"TEKT2",2.423,7.3342,3.6711,0.0002415,0.002353
"ADPRHL2",0.1035,10.2601,0.7131,0.4758,0.6396
"COL8A2",-0.8649,9.5639,-2.2803,0.02259,0.07622
"TRAPPC3",0.1534,10.8156,1.0322,0.302,0.4768
"MAP7D1",-0.375,11.7848,-2.388,0.01694,0.06158
"THRAP3",0.0334,12.2872,0.2646,0.7913,0.8765
"EVA1B",0.2508,8.5487,0.986,0.3241,0.5
"SH3D21",0.2075,8.5531,0.9299,0.3524,0.5271
"STK40",-0.2177,11.3307,-1.1035,0.2698,0.4427
"LSM10",0.1462,9.6762,0.6959,0.4865,0.6495
"OSCP1",1.171,8.5272,4.0722,4.657e-05,0.0006166
"MRPS15",0.3724,10.8118,1.6141,0.1065,0.2348
"CSF3R",0.7222,10.0671,1.7695,0.0768,0.1848
"GRIK3",3.4016,6.5192,4.654,3.256e-06,6.983e-05
"ZC3H12A",-0.0733,10.0421,-0.1513,0.8797,0.9327
"MEAF6",0.3232,10.9669,2.4239,0.01535,0.05718
"SNIP1",0.1514,9.4607,1.1648,0.2441,0.4141
"DNALI1",2.556,8.9569,6.4099,1.456e-10,1.33e-08
"GNL2",0.0634,10.9516,0.529,0.5968,0.7378
"RSPO1",0.6206,7.0403,1.3328,0.1826,0.3415
"C1orf109",-0.0975,9.2013,-0.7152,0.4745,0.6388
"CDCA8",-0.2257,8.9427,-0.6648,0.5062,0.6665
"EPHA10",2.1046,7.2324,4.2935,1.758e-05,0.0002794
"MANEAL",1.9112,8.7698,6.6743,2.484e-11,2.828e-09
"YRDC",0.2327,9.5584,1.4059,0.1597,0.311
"C1orf122",0.3255,9.9227,1.8709,0.06135,0.1572
"MTF1",-0.0919,9.9204,-0.6169,0.5373,0.6911
"INPP5B",0.6525,9.9786,2.5909,0.009572,0.03986
"SF3A3",0.131,11.2262,1.0337,0.3013,0.4762
"FHL3",-0.0608,9.3524,-0.2811,0.7786,0.8683
"UTP11",0.1287,10.0642,0.8034,0.4218,0.5925
"RRAGC",-0.08,10.5645,-0.4964,0.6196,0.7553
"MYCBP",0.4895,10.1827,2.5796,0.00989,0.0409
"GJA9",0.1695,6.5085,0.4708,0.6378,0.7689
"RP5-864K19.6",0.5392,8.7561,2.5649,0.01032,0.04227
"RHBDL2",0.0032,8.0957,0.0072,0.9943,0.9968
"AKIRIN1",0.209,11.2425,1.4497,0.1471,0.293
"NDUFS5",0.2646,11.4451,1.1721,0.2412,0.4109
"MACF1",0.4085,13.3618,1.551,0.1209,0.2566
"BMP8A",0.125,6.9276,0.385,0.7002,0.814
"PABPC4",0.2378,12.1479,1.0773,0.2813,0.4552
"HEYL",0.3471,9.6774,1.3312,0.1831,0.3422
"HPCAL4",2.5823,7.0209,4.1719,3.021e-05,0.0004362
"PPIE",0.1888,10.5135,1.3769,0.1685,0.323
"OXCT2",0.1283,6.476,0.3238,0.7461,0.8466
"BMP8B",0.102,8.2329,0.3105,0.7561,0.8532
"TRIT1",-0.1314,9.5636,-0.8568,0.3915,0.5648
"MYCL",-1.3466,9.0068,-3.409,0.0006519,0.005145
"MFSD2A",0.454,10.3669,1.3305,0.1833,0.3423
"CAP1",0.1504,13.4351,0.9745,0.3298,0.5051
"PPT1",0.2116,12.8738,1.0288,0.3036,0.4783
"RLF",-0.0765,10.0368,-0.4491,0.6533,0.781
"ZMPSTE24",0.3439,11.4187,2.2971,0.02161,0.07385
"COL9A2",-0.7814,9.0021,-1.7429,0.08136,0.1925
"SMAP2",0.0766,11.0939,0.3501,0.7263,0.8323
"ZFP69B",-0.0494,7.1566,-0.1958,0.8448,0.9112
"ZFP69",0.389,7.8731,2.1771,0.02947,0.09278
"EXO5",0.2359,8.4156,1.2884,0.1976,0.3601
"ZNF684",0.7593,7.4818,3.8153,0.000136,0.001494
"RIMS3",0.9407,8.4737,2.9327,0.00336,0.01824
"NFYC",0.0762,10.8794,0.5438,0.5866,0.7306
"KCNQ4",0.1919,6.9973,0.5003,0.6169,0.7533
"CITED4",-2.2631,8.41,-6.0361,1.579e-09,1.013e-07
"CTPS1",-0.3003,10.2732,-1.2797,0.2007,0.3641
"SLFNL1",0.2113,7.3133,0.6622,0.5078,0.6677
"SCMH1",0.4099,10.3119,2.4536,0.01414,0.05368
"FOXO6",0.1321,7.2776,0.2986,0.7652,0.8596
"EDN2",-1.793,7.6557,-2.6371,0.008362,0.03597
"HIVEP3",-0.8785,9.4012,-2.6562,0.007902,0.03446
"GUCA2A",5.1193,6.112,5.7251,1.034e-08,4.995e-07
"FOXJ3",0.1462,11.1261,0.8145,0.4153,0.5863
"RIMKLA",2.0577,8.8649,3.7566,0.0001722,0.0018
"ZMYND12",2.0708,7.2848,5.3518,8.707e-08,3.195e-06
"PPCS",0.6833,10.7697,3.6497,0.0002625,0.002522
"CCDC30",1.3739,7.7661,4.5674,4.937e-06,9.946e-05
"PPIH",0.0371,9.4493,0.1815,0.856,0.918
"YBX1",-0.3438,13.1246,-2.0776,0.03774,0.1113
"P3H1",-0.366,10.3085,-2.0499,0.04037,0.117
"C1orf50",0.4591,8.3104,2.3897,0.01686,0.06135
"RP5-994D16.12",0.4516,8.2035,2.2918,0.02191,0.07453
"TMEM269",0.3498,7.114,1.4873,0.1369,0.2786
"SVBP",0.4304,9.0622,1.9778,0.04795,0.1321
"ERMAP",-0.056,9.503,-0.306,0.7596,0.8559
"ZNF691",0.2755,8.6498,1.6614,0.09662,0.2188
"SLC2A1",-1.2303,12.2949,-3.3031,0.0009562,0.006977
"FAM183A",1.5637,7.3637,2.1919,0.02839,0.09034
"CFAP57",0.7009,8.3599,1.7229,0.0849,0.1987
"EBNA1BP2",0.1552,10.8102,1.0523,0.2927,0.4668
"TMEM125",2.8484,10.5734,8.9658,3.079e-19,2.132e-16
"C1orf210",1.9716,8.9284,7.4734,7.814e-14,1.779e-11
"TIE1",0.3099,10.1127,1.1692,0.2423,0.412
"CDC20",-0.4794,9.382,-1.3247,0.1853,0.3449
"ELOVL1",0.2457,11.6108,1.2501,0.2113,0.3768
"MED8",0.312,10.4287,2.2229,0.02622,0.08506
"HYI",0.4278,9.8595,2.4339,0.01494,0.05607
"SZT2",0.2813,11.2156,1.709,0.08745,0.2036
"PTPRF",-0.7045,14.1403,-3.398,0.0006788,0.005324
"KDM4A",-0.2595,11.1525,-1.4762,0.1399,0.2826
"ST3GAL3",-0.6598,9.1855,-2.5119,0.01201,0.04737
"ARTN",-2.5108,7.5398,-4.8504,1.232e-06,3.075e-05
"IPO13",-0.3769,10.5008,-2.1306,0.03312,0.1013
"DPH2",-0.0492,9.7472,-0.2722,0.7855,0.873
"ATP6V0B",0.6046,11.9675,2.3087,0.02096,0.07224
"B4GALT2",0.0082,10.6399,0.0404,0.9677,0.9822
"CCDC24",0.5408,8.8627,2.0468,0.04068,0.1176
"SLC6A9",-0.4745,9.4983,-1.9924,0.04633,0.1291
"DMAP1",0.4251,10.0776,2.0573,0.03965,0.1155
"ERI3",0.07,10.6951,0.5083,0.6112,0.7493
"RNF220",0.0793,11.0606,0.5776,0.5635,0.7126
"TMEM53",0.599,9.7968,4.0655,4.792e-05,0.0006326
"C1orf228",0.97,7.1926,2.5958,0.009437,0.03945
"KIF2C",-0.107,9.0868,-0.2912,0.7709,0.8637
"RPS8",0.6532,14.1902,2.9062,0.003658,0.01937
"BEST4",1.6251,6.4685,3.9167,8.978e-05,0.001063
"PLK3",0.1759,9.476,0.6011,0.5478,0.6993
"TCTEX1D4",1.0103,6.4031,2.2544,0.02417,0.08008
"BTBD19",-0.0599,7.7031,-0.1963,0.8444,0.9111
"PTCH2",-0.4015,6.9699,-1.1683,0.2427,0.4124
"EIF2B3",0.3507,9.6294,2.2525,0.02429,0.08042
"HECTD3",0.2451,10.7341,1.4508,0.1468,0.2926
"UROD",0.5901,10.7618,3.4822,0.0004974,0.004185
"ZSWIM5",1.6018,8.3932,4.0615,4.876e-05,0.0006426
"HPDL",0.177,6.8015,0.3536,0.7236,0.8303
"MUTYH",0.0087,8.9489,0.046,0.9633,0.9804
"TOE1",0.2072,8.909,1.2818,0.1999,0.3632
"TESK2",-1.0952,8.4571,-4.2592,2.052e-05,0.0003181
"CCDC163",-0.0124,7.3717,-0.0392,0.9688,0.9827
"MMACHC",-0.1263,12.1363,-0.3971,0.6913,0.8071
"PRDX1",-0.125,13.7803,-0.3802,0.7038,0.8165
"AKR1A1",0.2546,11.907,1.6541,0.09811,0.2213
"NASP",-0.2692,11.4904,-1.4724,0.1409,0.2841
"CCDC17",1.6752,7.5889,2.7512,0.005937,0.02783
"GPBP1L1",0.3421,12.1356,3.1596,0.00158,0.01021
"TMEM69",-0.1547,9.805,-0.8663,0.3863,0.5598
"IPP",0.3694,8.9666,2.6837,0.007281,0.0325
"MAST2",0.065,10.5883,0.3406,0.7334,0.8372
"PIK3R3",-0.373,10.5433,-1.1751,0.24,0.4096
"RP4-533D7.6",-0.1907,8.5375,-0.5317,0.5949,0.7362
"TSPAN1",0.4157,10.8962,0.6954,0.4868,0.6497
"POMGNT1",-0.0628,11.3312,-0.3812,0.703,0.816
"LURAP1",-0.6545,7.003,-1.7849,0.07428,0.1802
"RAD54L",-0.9833,8.3229,-3.2722,0.001067,0.007544
"LRRC41",-0.138,11.6188,-1.1046,0.2693,0.4422
"UQCRH",0.0998,11.1434,0.4354,0.6633,0.7877
"NSUN4",0.1743,9.9424,1.857,0.06331,0.1605
"FAAH",0.8057,9.2126,2.8866,0.003894,0.02028
"DMBX1",1.7296,6.2893,2.4171,0.01564,0.0579
"MKNK1",-0.341,10.2829,-1.9664,0.04926,0.1346
"MOB3C",-0.5407,9.9532,-2.7423,0.0061,0.02836
"ATPAF1",0.0631,10.5502,0.4723,0.6367,0.7684
"EFCAB14",0.1087,12.4284,0.7859,0.4319,0.6019
"CYP4B1",0.9461,10.8675,1.3845,0.1662,0.3197
"CYP4X1",0.9639,8.8491,1.7958,0.07253,0.1771
"CYP4Z1",-0.7705,6.6106,-1.2071,0.2274,0.3954
"PDZK1IP1",0.5586,9.8895,1.0852,0.2778,0.4516
"TAL1",0.5205,7.8221,1.6999,0.08914,0.2062
"STIL",-0.3967,8.6064,-1.3534,0.1759,0.3324
"CMPK1",0.534,12.4634,3.0785,0.002081,0.01269
"FOXD2",0.6206,6.9722,2.1176,0.03421,0.1036
"TRABD2B",1.1214,7.268,2.8828,0.003941,0.02042
"SLC5A9",1.7552,7.1981,3.5364,0.0004057,0.003573
"SPATA6",1.1942,8.7518,4.3706,1.239e-05,0.000211
"BEND5",0.5812,7.6629,1.3329,0.1826,0.3415
"AGBL4",0.6843,6.4864,1.2491,0.2116,0.3772
"ELAVL4",1.1281,6.3868,1.9966,0.04587,0.1282
"DMRTA2",-1.8459,7.03,-2.4961,0.01256,0.04908
"FAF1",-0.1352,10.7309,-1.1308,0.2581,0.4294
"CDKN2C",0.379,8.903,1.1382,0.255,0.426
"RNF11",-0.0329,11.7849,-0.2226,0.8238,0.8972
"TTC39A",1.7657,9.7348,6.9901,2.747e-12,4.15e-10
"EPS15",0.1793,11.3938,1.428,0.1533,0.3016
"OSBPL9",0.1682,11.8596,1.0959,0.2731,0.4467
"NRDC",0.0108,12.2127,0.0565,0.9549,0.9749
"RAB3B",0.1222,7.6954,0.1861,0.8524,0.9161
"KTI12",0.4777,8.5942,2.3538,0.01858,0.06602
"TXNDC12",0.1005,11.4992,0.5589,0.5762,0.7224
"BTF3L4",0.3433,10.593,1.6841,0.09216,0.2117
"ZFYVE9",-0.3975,10.058,-1.7989,0.07204,0.1765
"CC2D1B",0.2751,10.7519,1.9231,0.05446,0.1446
"ORC1",-0.3882,8.1659,-1.0954,0.2733,0.4469
"PRPF38A",-0.0147,10.6226,-0.1,0.9204,0.9565
"ZCCHC11",0.0343,10.2514,0.186,0.8524,0.9161
"GPX7",-0.2559,8.8659,-0.8129,0.4163,0.5873
"FAM159A",0.2411,6.5336,0.6667,0.505,0.6655
"COA7",-0.0384,9.5495,-0.2071,0.8359,0.9057
"ZYG11B",0.4246,10.4489,3.2296,0.001239,0.008534
"ZYG11A",0.1716,6.779,0.3018,0.7628,0.8583
"ECHDC2",0.2406,10.5423,0.9333,0.3507,0.5254
"SCP2",0.655,12.193,3.5958,0.0003234,0.003004
"PODN",0.8311,10.4235,2.1218,0.03385,0.1029
"SLC1A7",2.431,7.2773,4.7808,1.746e-06,4.11e-05
"CPT2",0.3683,10.1613,2.5689,0.0102,0.04191
"C1orf123",0.4581,10.0227,2.9268,0.003424,0.01849
"MAGOH",-0.0026,9.7571,-0.014,0.9889,0.9941
"LRP8",-0.5918,9.5691,-1.5625,0.1182,0.2522
"GLIS1",-1.1178,6.2429,-2.1907,0.02848,0.09053
"NDC1",-0.1424,10.2211,-0.7389,0.4599,0.6262
"YIPF1",0.3946,10.1327,2.4706,0.01349,0.05191
"HSPB11",0.2331,9.2245,1.2191,0.2228,0.39
"LRRC42",0.02,10.0417,0.1173,0.9066,0.9486
"LDLRAD1",3.2535,7.897,4.8292,1.371e-06,3.355e-05
"TMEM59",0.8182,13.2239,4.7751,1.796e-06,4.198e-05
"TCEANC2",0.071,8.9001,0.5423,0.5876,0.7315
"CYB5RL",0.1798,8.3664,0.8549,0.3926,0.5656
"RP11-446E24.4",0.7134,6.8226,3.0826,0.002052,0.01257
"MRPL37",-0.2727,10.958,-1.9655,0.04936,0.1348
"SSBP3",-0.7237,10.4529,-2.814,0.004892,0.02392
"FAM151A",-0.2051,7.5168,-0.6457,0.5185,0.6764
"ACOT11",0.0742,8.4726,0.2444,0.8069,0.8873
"MROH7",-0.7988,7.16,-1.8721,0.06119,0.1569
"MROH7-TTC4",-0.2339,9.8587,-1.9805,0.04765,0.1316
"TTC4",-0.1829,9.8488,-1.5067,0.1319,0.272
"PARS2",-1e-04,8.0235,-9e-04,0.9993,0.9996
"TTC22",-0.2463,9.3742,-0.7466,0.4553,0.6225
"LEXM",-0.4943,6.271,-0.9308,0.3519,0.5267
"DHCR24",-0.3794,14.3695,-1.5832,0.1134,0.2447
"TMEM61",1.7871,6.9568,3.6315,0.0002818,0.00268
"PCSK9",-1.4983,9.7692,-2.6667,0.00766,0.03372
"USP24",0.1924,11.1287,1.2625,0.2068,0.3718
"PLPP3",-0.3315,11.5657,-1.5798,0.1142,0.2458
"PRKAA2",1.4413,8.5692,3.7116,0.0002059,0.002078
"C1orf168",1.5884,7.1088,2.9886,0.002803,0.01595
"C8B",3.2494,6.922,4.4015,1.075e-05,0.0001901
"DAB1",-0.6594,7.7406,-2.07,0.03845,0.113
"OMA1",0.39,9.1869,2.1439,0.03204,0.09885
"TACSTD2",-0.4903,13.0397,-1.3615,0.1734,0.3291
"MYSM1",0.0981,9.8603,0.507,0.6121,0.7497
"JUN",-0.3735,12.9803,-0.9999,0.3174,0.4931
"FGGY",0.7182,8.7505,2.8809,0.003965,0.02049
"HOOK1",0.072,10.0095,0.2344,0.8147,0.8921
"CYP2J2",0.8947,7.9271,2.2853,0.0223,0.07552
"C1orf87",2.4194,6.8387,3.0619,0.0022,0.01324
"NFIA",-0.2572,10.4077,-0.9748,0.3296,0.5049
"TM2D1",0.1746,9.8547,1.0267,0.3046,0.4792
"PATJ",0.3837,11.1847,2.1936,0.02827,0.09005
"L1TD1",-0.9808,6.766,-1.6986,0.0894,0.2066
"KANK4",-0.9868,7.6841,-2.0489,0.04048,0.1172
"USP1",-0.1444,10.8013,-0.8146,0.4153,0.5863
"DOCK7",-0.4262,10.2414,-2.7946,0.005196,0.02509
"ATG4C",0.3474,8.8945,2.0062,0.04483,0.1261
"ALG6",-0.2777,9.0571,-2.2085,0.02721,0.08744
"EFCAB7",0.3421,8.259,1.8628,0.0625,0.1593
"ITGB3BP",0.5916,9.2049,2.9035,0.003691,0.0195
"PGM1",0.7722,11.5008,3.1734,0.001507,0.009843
"ROR1",0.421,8.5516,1.0434,0.2967,0.4708
"CACHD1",-0.499,9.9715,-1.1949,0.2321,0.4005
"RAVER2",-0.4621,9.609,-2.0879,0.0368,0.1093
"JAK1",0.1919,12.5798,1.1227,0.2616,0.4335
"AK4",-0.0607,9.4323,-0.1389,0.8896,0.9381
"DNAJC6",0.3263,7.875,0.9684,0.3328,0.5076
"LEPROT",0.6209,12.1033,3.4111,0.0006471,0.005114
"LEPR",0.3697,9.9677,1.1203,0.2626,0.4348
"PDE4B",-0.9348,9.8895,-2.3225,0.02021,0.07018
"SGIP1",-0.1191,7.9873,-0.4065,0.6844,0.8021
"TCTEX1D1",1.7041,6.8717,3.5424,0.0003965,0.003511
"WDR78",1.5192,7.871,2.9957,0.002738,0.01566
"MIER1",0.4755,10.606,2.484,0.01299,0.05048
"SLC35D1",-0.0823,9.5466,-0.4572,0.6475,0.7768
"IL12RB2",-2.0624,7.2339,-3.9583,7.55e-05,0.0009253
"SERBP1",-0.2448,12.8723,-1.8837,0.05961,0.1543
"GADD45A",-0.1501,10.2215,-0.4034,0.6866,0.8034
"GNG12",-0.1247,11.9475,-0.5814,0.561,0.7102
"DIRAS3",1.2566,7.2614,2.8761,0.004027,0.02073
"WLS",-0.8377,11.2237,-2.3873,0.01697,0.06162
"DEPDC1",-0.3684,8.2651,-1.0014,0.3166,0.4923
"LRRC7",-1.5315,6.5521,-2.98,0.002883,0.01626
"LRRC40",-0.1457,9.323,-0.7134,0.4756,0.6395
"SRSF11",-0.1558,12.0627,-0.9,0.3681,0.5427
"ANKRD13C",-0.0455,9.816,-0.3028,0.7621,0.8577
"HHLA3",-0.4106,8.111,-1.6625,0.09641,0.2184
"CTH",0.1302,7.8138,0.3263,0.7442,0.8454
"PTGER3",-0.6266,7.3466,-1.4094,0.1587,0.3095
"ZRANB2",0.3084,11.1475,1.7036,0.08845,0.2052
"NEGR1",1.0305,8.1247,2.8618,0.004213,0.02139
"LRRIQ3",0.4742,6.6958,1.1366,0.2557,0.4267
"FPGT",0.6119,9.363,3.0284,0.002459,0.01443
"FPGT-TNNI3K",0.8755,7.6945,4.6227,3.788e-06,7.939e-05
"TNNI3K",1.3567,6.7055,4.2063,2.596e-05,0.0003873
"ERICH3",2.4375,7.4155,3.1165,0.00183,0.01144
"CRYZ",1.1994,10.3617,3.9386,8.195e-05,0.0009882
"TYW3",-0.1785,9.613,-1.2937,0.1958,0.358
"SLC44A5",0.1184,8.1482,0.2256,0.8215,0.8962
"ACADM",0.8182,10.5419,4.2623,2.023e-05,0.0003143
"RABGGTB",0.1052,10.55,0.6624,0.5077,0.6676
"ST6GALNAC3",-0.0316,7.6823,-0.0917,0.9269,0.9599
"ST6GALNAC5",-0.0183,8.78,-0.051,0.9593,0.9776
"PIGK",0.4379,10.2549,2.9431,0.00325,0.01778
"AK5",0.2823,6.357,0.5922,0.5537,0.7042
"ZZZ3",-0.057,10.3234,-0.41,0.6818,0.8006
"USP33",0.1864,11.0029,1.3653,0.1722,0.3276
"MIGA1",0.4278,9.7841,2.5926,0.009527,0.03976
"NEXN",0.1838,9.0278,0.6707,0.5024,0.663
"FUBP1",0.0923,11.4898,0.6168,0.5373,0.6911
"DNAJB4",-0.0397,9.8683,-0.154,0.8776,0.9314
"GIPC2",2.3832,7.6235,5.7693,7.962e-09,4.071e-07
"PTGFR",0.1768,7.4357,0.473,0.6362,0.7681
"IFI44L",-0.2931,9.9866,-0.6349,0.5255,0.6822
"IFI44",0.0016,9.9881,0.0041,0.9968,0.9981
"ADGRL4",0.3564,9.3513,1.5942,0.1109,0.241
"ADGRL2",-0.6389,10.8113,-1.8812,0.05994,0.1548
"TTLL7",0.0814,8.5815,0.193,0.8469,0.913
"PRKACB",0.4182,10.3908,1.5045,0.1325,0.2726
"SAMD13",1.7697,6.8963,4.3229,1.54e-05,0.0002529
"DNASE2B",-0.133,6.6173,-0.2367,0.8129,0.891
"RPF1",0.0169,9.9498,0.1108,0.9118,0.9517
"GNG5",0.2504,11.3801,1.4367,0.1508,0.298
"SPATA1",0.3729,8.9446,1.5437,0.1227,0.2592
"CTBS",0.3829,10.103,1.6251,0.1041,0.2314
"SSX2IP",-0.7255,9.5389,-2.9866,0.002821,0.01603
"LPAR3",-1.7671,8.3866,-3.4611,0.0005379,0.004459
"MCOLN2",-0.3118,7.7836,-0.8118,0.4169,0.588
"MCOLN3",-0.7911,8.1558,-1.7387,0.08208,0.1937
"WDR63",1.7524,7.0011,2.8698,0.004107,0.02103
"SYDE2",0.9527,8.3169,2.2965,0.02165,0.07392
"C1orf52",0.043,9.1739,0.2249,0.8221,0.8965
"BCL10",-0.0122,9.7275,-0.073,0.9418,0.9677
"DDAH1",1.6657,11.0129,5.0529,4.352e-07,1.287e-05
"CYR61",0.3613,12.4149,0.8614,0.389,0.5623
"ZNHIT6",-0.2002,9.6821,-1.4009,0.1612,0.3128
"COL24A1",-0.2412,7.2682,-0.6794,0.4969,0.6583
"ODF2L",0.2719,9.9907,1.2896,0.1972,0.3596
"CLCA2",-5.4829,8.2609,-6.4939,8.362e-11,8.128e-09
"CLCA4",-2.8916,6.727,-3.2764,0.001051,0.007454
"SH3GLB1",0.1542,11.9581,1.1669,0.2433,0.413
"SELENOF",0.6032,12.4711,2.4466,0.01442,0.05457
"HS2ST1",0.1275,10.7615,0.7219,0.4703,0.6352
"RP5-1052I5.2",0.3333,8.7625,1.7182,0.08577,0.2005
"LMO4",-1.5846,11.0684,-5.6308,1.794e-08,8.102e-07
"PKN2",0.0642,11.0366,0.4207,0.6739,0.7952
"GTF2B",0.5133,9.8536,2.5553,0.01061,0.04312
"KYAT3",0.0054,9.5486,0.0304,0.9757,0.9867
"RBMXL1",-0.2477,10.3384,-1.8372,0.06617,0.1658
"GBP3",1.1518,10.2864,2.6766,0.007436,0.03301
"GBP1",-0.5316,11.2143,-1.4706,0.1414,0.2847
"GBP2",0.3942,11.4598,1.3145,0.1887,0.3494
"GBP7",-0.8943,6.4412,-1.5627,0.1181,0.2521
"GBP4",-0.6151,11.0962,-1.6313,0.1028,0.2295
"GBP5",-1.0181,9.8624,-2.3004,0.02142,0.07338
"GBP6",-5.6736,7.8435,-8.5649,1.082e-17,5.562e-15
"LRRC8B",-0.2982,10.3204,-1.5949,0.1107,0.2408
"LRRC8C",-0.6583,9.7548,-2.8797,0.00398,0.02055
"RP11-302M6.4",-1.1067,7.4069,-4.4162,1.005e-05,0.0001801
"LRRC8D",-1.0589,10.181,-5.1114,3.198e-07,9.916e-06
"ZNF326",-0.3733,9.8991,-2.6021,0.009266,0.03889
"ZNF644",0.0148,10.471,0.0841,0.933,0.9633
"HFM1",1.764,6.3615,3.7589,0.0001707,0.001787
"CDC7",-0.1103,8.5009,-0.3838,0.7011,0.8146
"TGFBR3",-0.7054,10.0266,-1.9424,0.05209,0.1401
"EPHX4",1.0898,6.9137,2.2038,0.02754,0.08827
"SETSIP",-0.459,7.6424,-2.9349,0.003336,0.01815
"KIAA1107",0.6325,7.8655,2.8335,0.004604,0.02283
"BTBD8",0.6482,7.9729,2.8472,0.00441,0.02212
"GLMN",-0.0541,8.1936,-0.2677,0.7889,0.875
"RPAP2",0.0228,9.3647,0.1651,0.8688,0.9257
"GFI1",-0.3284,7.5165,-0.8704,0.3841,0.5579
"EVI5",0.4354,9.862,2.37,0.01779,0.06387
"RPL5",0.5054,13.8658,2.0961,0.03607,0.1077
"FAM69A",-0.5266,9.1279,-2.5912,0.009565,0.03984
"MTF2",0.0784,9.7133,0.4938,0.6215,0.757
"TMED5",0.7853,11.6665,3.7211,0.0001983,0.002021
"CCDC18",0.2907,8.9826,1.9402,0.05236,0.1406
"DR1",-0.1689,11.2509,-1.0486,0.2944,0.4682
"FNBP1L",0.8371,11.1268,4.3707,1.239e-05,0.000211
"BCAR3",0.0934,9.7918,0.2488,0.8035,0.8849
"DNTTIP2",0.015,11.1296,0.0877,0.9301,0.9616
"GCLM",-0.8374,10.6509,-2.2676,0.02336,0.07799
"ABCA4",1.4332,7.2899,2.7367,0.006206,0.02872
"ARHGAP29",0.6898,10.6039,2.0165,0.04375,0.124
"ABCD3",0.7958,10.9853,3.5417,0.0003975,0.003514
"F3",-1.037,11.6821,-2.3061,0.02111,0.07259
"SLC44A3",1.1879,9.2804,4.9337,8.07e-07,2.17e-05
"CNN3",-0.4097,12.3466,-1.4341,0.1515,0.2989
"ALG14",0.427,8.5491,2.4604,0.01388,0.05306
"TMEM56",1.3086,8.9274,4.3023,1.69e-05,0.0002732
"TMEM56-RWDD3",0.2154,8.4896,1.2022,0.2293,0.3978
"RWDD3",0.0639,8.6138,0.3447,0.7303,0.8352
"PTBP2",0.3741,8.8913,1.3592,0.1741,0.3301
"DPYD",0.5587,10.6452,1.7661,0.07738,0.1856
"SNX7",0.1491,9.3639,0.6319,0.5274,0.684
"PLPPR4",-0.06,7.7392,-0.1455,0.8843,0.9354
"PALMD",-0.4217,9.4441,-1.0555,0.2912,0.4655
"FRRS1",-1.4543,8.586,-5.6845,1.312e-08,6.159e-07
"AGL",-0.0992,10.161,-0.4437,0.6572,0.7838
"SLC35A3",0.2635,10.5387,1.3745,0.1693,0.3241
"RP4-714D9.5",-0.1559,11.2213,-1.2515,0.2108,0.3764
"MFSD14A",-0.25,11.062,-2.0277,0.0426,0.1214
"SASS6",-0.2179,8.2585,-0.9692,0.3325,0.5074
"TRMT13",0.2202,8.7857,1.2046,0.2284,0.3966
"LRRC39",0.2132,7.2851,0.9199,0.3576,0.5323
"DBT",0.0772,10.1045,0.5199,0.6031,0.7427
"RTCA",-0.0118,10.0248,-0.0755,0.9399,0.9666
"CDC14A",0.2878,8.7073,0.8917,0.3726,0.5472
"GPR88",0.4068,6.2042,0.7755,0.4381,0.6073
"VCAM1",-2.1036,10.1701,-3.7781,0.000158,0.001675
"EXTL2",-0.1498,9.2103,-0.7662,0.4436,0.6121
"SLC30A7",0.2027,10.4523,1.3562,0.175,0.3313
"DPH5",0.2425,9.2601,1.1489,0.2506,0.4216
"S1PR1",0.5855,10.1252,2.0052,0.04494,0.1264
"COL11A1",-0.0071,9.0394,-0.0123,0.9902,0.9946
"RNPC3",0.5982,8.913,2.2341,0.02548,0.08323
"AMY2B",1.019,8.5241,3.0049,0.002657,0.01531
"AMY2A",1.1344,6.1865,2.0857,0.03701,0.1099
"AMY1A",1.5198,8.4591,2.2666,0.02342,0.07815
"AMY1B",0.7731,6.6388,1.1924,0.2331,0.4014
"AMY1C",1.4832,7.3301,2.2753,0.02289,0.07694
"PRMT6",-0.2984,9.1893,-1.2653,0.2058,0.3705
"NTNG1",2.049,7.2542,3.5079,0.0004517,0.003878
"VAV3",-0.1881,9.1195,-0.4291,0.6679,0.7909
"SLC25A24",0.5636,10.7347,3.0735,0.002116,0.01285
"FAM102B",-0.1002,9.8377,-0.4108,0.6812,0.8001
"HENMT1",0.1317,8.456,0.4152,0.678,0.7979
"PRPF38B",-0.2838,10.8322,-2.0126,0.04416,0.1248
"STXBP3",0.2135,10.348,1.6047,0.1086,0.2378
"GPSM2",-0.2512,10.5124,-1.4498,0.1471,0.293
"CLCC1",0.0453,10.5358,0.3537,0.7235,0.8303
"RP11-475E11.9",0.1635,6.4888,0.622,0.534,0.6888
"WDR47",-0.8743,9.5482,-5.0864,3.649e-07,1.101e-05
"TAF13",0.187,9.8253,0.9042,0.3659,0.5406
"TMEM167B",-0.0501,10.8973,-0.3677,0.7131,0.8226
"C1orf194",2.085,6.9905,2.6219,0.008743,0.03716
"KIAA1324",0.6574,10.0146,1.2562,0.2091,0.3744
"SARS",0.033,11.9574,0.2603,0.7946,0.8782
"CELSR2",-1.9643,10.1954,-6.0119,1.833e-09,1.154e-07
"PSRC1",-0.4882,8.2454,-1.6341,0.1022,0.2284
"MYBPHL",5.2744,6.7281,7.4893,6.926e-14,1.621e-11
"SORT1",0.9086,12.1244,4.395,1.108e-05,0.0001937
"PSMA5",0.1953,11.4161,0.9527,0.3407,0.5155
"SYPL2",1.8904,6.7951,4.5582,5.159e-06,0.0001034
"ATXN7L2",-0.2132,7.9032,-1.1063,0.2686,0.4414
"CYB561D1",-0.0874,9.0315,-0.4315,0.6661,0.7895
"AMIGO1",0.3657,8.7255,1.1052,0.2691,0.442
"GNAI3",-0.3195,11.6676,-2.3796,0.01733,0.06262
"GNAT2",-0.1024,6.2979,-0.3579,0.7204,0.828
"AMPD2",0.0187,10.3771,0.115,0.9084,0.9499
"GSTM4",-1.02,9.7369,-3.0001,0.002699,0.0155
"GSTM1",-3.1137,8.728,-4.3254,1.522e-05,0.0002508
"GSTM2",-1.9162,9.5405,-4.4043,1.061e-05,0.0001882
"GSTM3",-1.3907,10.009,-2.961,0.003067,0.01701
"GSTM5",0.1238,7.9907,0.4145,0.6785,0.7981
"CSF1",-0.2504,10.7943,-0.6971,0.4857,0.6488
"AHCYL1",0.2218,12.2338,1.7293,0.08376,0.1967
"ALX3",-0.7685,7.2828,-2.7548,0.005873,0.02759
"STRIP1",-0.1128,9.9843,-0.8428,0.3993,0.5721
"SLC6A17",1.6491,6.5501,2.3227,0.0202,0.07017
"KCNC4",-1.5013,8.8801,-4.8365,1.322e-06,3.269e-05
"RBM15",0.0833,8.7566,0.5069,0.6122,0.7497
"SLC16A4",2.0616,9.3034,3.7797,0.000157,0.001666
"LAMTOR5",0.7465,10.8605,2.6672,0.007648,0.03369
"KCNA2",-2.8699,6.8031,-4.5147,6.34e-06,0.0001232
"KCNA3",0.3592,7.6249,0.7416,0.4584,0.625
"CD53",0.0034,11.0226,0.0095,0.9924,0.9958
"LRIF1",-0.1807,9.4017,-0.8797,0.379,0.5535
"DRAM2",0.1012,10.5775,0.4686,0.6393,0.7704
"CEPT1",-0.0935,10.2729,-0.5636,0.573,0.7197
"DENND2D",0.3163,10.2445,1.5441,0.1226,0.2591
"CHI3L2",-0.0723,8.8387,-0.1427,0.8865,0.9367
"CHIA",3.6696,7.3697,5.1456,2.666e-07,8.408e-06
"PIFO",2.2412,8.5302,4.2784,1.882e-05,0.0002949
"OVGP1",1.6352,7.11,4.3255,1.522e-05,0.0002508
"WDR77",-0.7231,10.235,-4.391,1.128e-05,0.0001961
"ATP5F1",0.2166,11.6534,1.0552,0.2913,0.4655
"C1orf162",0.3564,9.473,1.1217,0.262,0.434
"ADORA3",0.8478,7.6176,2.2232,0.0262,0.08504
"TMIGD3",0.9722,7.3331,2.3662,0.01797,0.06434
"RAP1A",0.2876,11.3279,1.441,0.1496,0.2963
"FAM212B",-0.9404,8.7311,-3.322,0.0008936,0.006624
"DDX20",-0.1521,9.2299,-1.0096,0.3127,0.4878
"KCND3",0.1284,8.2543,0.317,0.7513,0.8499
"CTTNBP2NL",-0.2758,10.632,-2.011,0.04433,0.1252
"WNT2B",-2.1425,9.0123,-5.5514,2.834e-08,1.223e-06
"ST7L",-0.5326,9.1654,-2.424,0.01535,0.05718
"CAPZA1",-0.1061,12.3319,-0.6239,0.5327,0.6877
"MOV10",-0.5419,10.8463,-3.6908,0.0002236,0.002219
"RHOC",0.0277,12.536,0.1197,0.9047,0.9479
"RP11-426L16.10",0.0854,11.1391,0.3657,0.7146,0.8237
"PPM1J",-1.2188,7.0517,-4.1383,3.5e-05,0.0004879
"SLC16A1",-2.1413,10.2207,-5.4181,6.024e-08,2.296e-06
"LRIG2",-0.1757,9.5406,-0.87,0.3843,0.5581
"MAGI3",1.0635,10.328,3.1287,0.001756,0.01108
"PHTF1",0.1815,9.3414,0.8781,0.3799,0.5543
"RSBN1",0.2368,9.7863,1.236,0.2164,0.3824
"PTPN22",0.6419,8.3513,1.4986,0.134,0.2747
"BCL2L15",3.2533,7.2781,6.3442,2.236e-10,1.925e-08
"AP4B1",0.1707,9.2507,1.2004,0.23,0.3985
"DCLRE1B",-0.318,8.8718,-1.9598,0.05002,0.136
"HIPK1",0.098,11.5182,0.4703,0.6381,0.7691
"OLFML3",0.6129,10.1386,1.9343,0.05308,0.142
"TRIM33",0.2738,10.6666,1.3731,0.1697,0.3247
"BCAS2",0.216,10.0434,1.1355,0.2561,0.4271
"DENND2C",-2.5698,8.2094,-7.7328,1.052e-14,2.964e-12
"AMPD1",-0.7578,6.5613,-1.4529,0.1463,0.2918
"NRAS",0.0546,11.3719,0.2818,0.7781,0.8679
"CSDE1",0.1242,14.059,0.7646,0.4445,0.6128
"SIKE1",0.1329,10.2331,0.8061,0.4202,0.591
"TSPAN2",0.0368,8.2534,0.1165,0.9072,0.949
"NGF",-0.3146,6.777,-0.4997,0.6173,0.7535
"VANGL1",-0.453,10.1065,-2.2614,0.02374,0.07896
"CASQ2",1.557,6.989,2.8957,0.003783,0.01983
"NHLH2",-2.0751,6.475,-3.4019,0.0006692,0.005258
"SLC22A15",0.4426,8.3935,1.3601,0.1738,0.3297
"MAB21L3",-1.5079,6.6608,-2.3505,0.01875,0.06643
"ATP1A1",-0.2982,14.8279,-1.3322,0.1828,0.3416
"CD58",0.023,9.2502,0.0891,0.929,0.9611
"IGSF3",-1.1756,11.4138,-3.5716,0.0003548,0.003218
"CD2",-0.233,9.0457,-0.5129,0.608,0.7465
"PTGFRN",-1.1017,11.7969,-3.3003,0.000966,0.00702
"CD101",-0.4522,8.3749,-1.2368,0.2162,0.3821
"TTF2",-0.6356,9.5958,-2.7104,0.00672,0.03054
"TRIM45",-0.5049,7.9846,-1.4231,0.1547,0.3038
"VTCN1",-1.7841,7.6141,-2.3584,0.01836,0.06535
"MAN1A2",0.2015,11.1034,0.9191,0.358,0.5327
"FAM46C",0.1713,10.6354,0.4343,0.6641,0.7883
"GDAP2",0.3312,9.5378,1.5565,0.1196,0.2545
"WDR3",-0.3713,10.4483,-1.863,0.06246,0.1592
"SPAG17",-0.1468,8.1163,-0.2885,0.773,0.8649
"TBX15",1.2226,7.2161,2.1623,0.0306,0.0956
"WARS2",-0.1063,9.1963,-0.4877,0.6258,0.7604
"ZNF697",-0.2464,8.5965,-1.0884,0.2764,0.45
"PHGDH",-1.6701,10.3693,-3.4366,0.0005891,0.004745
"HMGCS2",1.5109,6.8366,1.5476,0.1217,0.2578
"NOTCH2",0.7427,12.3852,2.3337,0.01961,0.06859
"SEC22B",0.6411,11.3124,3.4217,0.0006224,0.004954
"NBPF26",0.3861,8.8448,1.5002,0.1336,0.2741
"PPIAL4A",0.2549,7.1973,0.9346,0.35,0.5248
"FCGR1B",0.1602,7.9005,0.4704,0.638,0.7691
"FAM72B",-0.1335,7.531,-0.3997,0.6894,0.8056
"SRGAP2C",0.2693,9.689,1.4793,0.1391,0.2815
"FAM72C",-0.0606,7.5165,-0.1678,0.8668,0.9248
"NBPF15",0.2218,9.423,0.9515,0.3414,0.5159
"SRGAP2B",0.3194,9.3668,1.8443,0.06514,0.1638
"FAM72D",-0.0091,7.3616,-0.0246,0.9803,0.9895
"NBPF20",0.333,8.8205,1.4576,0.145,0.2898
"GPR89A",0.1225,9.8994,0.9641,0.335,0.5096
"PDZK1",0.815,6.3849,2.7058,0.006813,0.03083
"CD160",0.5982,6.7678,1.7266,0.08423,0.1976
"RNF115",0.3039,10.7246,2.1758,0.02957,0.09302
"POLR3C",0.2527,9.9531,1.806,0.07092,0.1745
"NUDT17",0.1862,8.8423,0.9124,0.3615,0.5362
"PIAS3",0.016,10.9168,0.0731,0.9417,0.9677
"ANKRD35",0.518,7.8087,1.1627,0.2449,0.415
"ITGA10",0.4414,7.7331,1.2406,0.2147,0.3805
"PEX11B",0.4938,10.3096,2.8159,0.004865,0.0238
"RBM8A",0.0388,11.4969,0.2732,0.7847,0.8725
"LIX1L",-0.1726,10.0663,-0.6083,0.543,0.6953
"ANKRD34A",0.3917,6.8178,1.2244,0.2208,0.3878
"CH17-270A2.2",0.5374,8.6934,2.8575,0.00427,0.02163
"POLR3GL",0.6668,9.9007,3.0622,0.002197,0.01323
"TXNIP",1.1431,14.2416,3.9786,6.931e-05,0.0008609
"NBPF10",0.3399,9.0838,1.4053,0.1599,0.3112
"RP11-458D21.5",0.4533,8.0338,1.8524,0.06397,0.1617
"NOTCH2NL",0.3763,8.1715,1.3845,0.1662,0.3197
"NBPF12",0.121,9.6924,0.5876,0.5568,0.7066
"PRKAB2",0.1571,9.9016,0.7533,0.4513,0.6188
"FMO5",4.6848,9.4553,9.5236,1.672e-21,1.635e-18
"CHD1L",0.3718,10.6639,2.3757,0.01752,0.06315
"BCL9",0.1204,10.3909,0.4368,0.6623,0.7869
"ACP6",0.1296,9.3835,0.4187,0.6754,0.7962
"GJA5",0.3922,9.9952,0.9809,0.3266,0.5025
"GPR89B",0.0551,8.9164,0.4014,0.6881,0.8046
"NBPF11",0.0582,9.2482,0.2465,0.8053,0.8861
"PPIAL4G",0.3022,6.6048,1.0217,0.3069,0.4816
"NBPF14",0.2685,10.2295,1.2212,0.222,0.3892
"NUDT4P1",-0.386,9.4,-1.5341,0.125,0.2627
"PDE4DIP",0.4567,11.4997,1.7872,0.0739,0.1795
"NBPF9",0.2583,9.629,1.1788,0.2385,0.4079
"NBPF19",0.0778,9.8465,0.3636,0.7162,0.8249
"FCGR1A",0.1762,8.9864,0.523,0.601,0.7413
"HIST2H2BF",0.5509,7.8632,1.5101,0.131,0.2708
"HIST2H4A",1.372,9.3812,3.8952,9.811e-05,0.001147
"HIST2H3C",1.6235,6.6885,3.0148,0.002572,0.01493
"HIST2H2AA3",1.5417,9.1491,4.0789,4.525e-05,0.0006029
"HIST2H2AA4",1.4823,9.1399,3.8094,0.0001393,0.00152
"HIST2H3A",0.825,6.592,1.5565,0.1196,0.2545
"HIST2H2BE",1.0087,9.9212,2.6207,0.008775,0.03725
"HIST2H2AC",-0.0294,6.6344,-0.0831,0.9338,0.9634
"BOLA1",0.5645,8.8814,2.6913,0.007117,0.03199
"SV2A",-1.284,8.3131,-2.5553,0.01061,0.04312
"SF3B4",-0.1509,11.5493,-0.7237,0.4693,0.6341
"MTMR11",1.3676,9.231,4.0912,4.291e-05,0.0005767
"OTUD7B",0.1039,10.559,0.5853,0.5583,0.7078
"VPS45",0.3519,10.4422,2.8392,0.004522,0.02254
"PLEKHO1",-0.0045,10.6082,-0.0202,0.9839,0.9912
"ANP32E",0.513,11.5491,2.1193,0.03406,0.1032
"CA14",0.0099,6.5971,0.0298,0.9762,0.9871
"APH1A",0.0543,12.9668,0.4398,0.6601,0.7853
"C1orf54",0.2518,9.5184,1.519,0.1288,0.2677
"CIART",-0.6092,7.947,-1.3224,0.186,0.3459
"MRPS21",0.6661,10.8495,4.0582,4.945e-05,0.0006492
"PRPF3",0.1945,10.5851,1.2283,0.2193,0.386
"RPRD2",0.1162,11.3299,0.6061,0.5445,0.6966
"TARS2",0.3073,10.0713,1.7255,0.08444,0.1979
"ECM1",0.8318,10.2482,1.8801,0.06009,0.1549
"ADAMTSL4",0.6398,10.254,1.6769,0.09357,0.2139
"MCL1",0.6045,14.1042,3.0671,0.002162,0.01307
"ENSA",0.4592,12.6386,3.5729,0.0003531,0.003214
"GOLPH3L",0.7739,10.7249,4.5701,4.874e-06,9.857e-05
"HORMAD1",-0.1449,7.1323,-0.2185,0.827,0.8997
"CTSS",0.779,12.7437,2.202,0.02766,0.08858
"CTSK",-0.2592,10.7811,-0.6921,0.4889,0.6516
"ARNT",0.2778,11.3542,2.084,0.03716,0.1102
"SETDB1",0.2644,10.7439,1.5372,0.1242,0.2615
"CERS2",0.6989,13.1028,4.5589,5.143e-06,0.0001032
"ANXA9",1.1392,7.9484,3.8186,0.0001342,0.001483
"MINDY1",1.1659,9.8048,7.9744,1.532e-15,5.057e-13
"PRUNE1",0.1295,10.4655,0.8086,0.4187,0.5898
"BNIPL",0.5796,8.5738,1.2238,0.221,0.3881
"C1orf56",-0.0464,10.0962,-0.325,0.7452,0.8461
"MLLT11",-0.0046,9.421,-0.0112,0.991,0.9951
"CDC42SE1",-0.2414,12.4745,-1.7356,0.08263,0.1946
"GABPB2",-0.3079,9.3901,-1.3362,0.1815,0.34
"SEMA6C",-0.3523,8.4219,-1.0521,0.2927,0.4668
"TNFAIP8L2",0.4676,8.1888,1.2205,0.2223,0.3895
"LYSMD1",0.4542,8.796,2.7956,0.005181,0.02503
"SCNM1",0.1612,9.9055,0.9146,0.3604,0.5351
"TMOD4",0.2216,6.375,0.7796,0.4356,0.6052
"VPS72",0.4266,10.693,2.8535,0.004325,0.02183
"PIP5K1A",0.3499,11.1798,2.681,0.007341,0.03268
"PSMD4",0.0924,11.9488,0.6208,0.5347,0.6895
"ZNF687",0.0366,10.6908,0.1885,0.8505,0.9151
"PI4KB",-0.0574,11.6073,-0.4087,0.6827,0.8011
"RFX5",-0.3392,10.9934,-1.3349,0.1819,0.3406
"SELENBP1",2.7218,11.7792,7.3905,1.463e-13,3.199e-11
"PSMB4",-0.0145,12.7061,-0.0946,0.9246,0.9586
"POGZ",-0.0619,11.5596,-0.3046,0.7607,0.8566
"CGN",2.1655,11.6527,7.3458,2.046e-13,4.251e-11
"TUFT1",-0.428,10.5942,-1.8673,0.06185,0.1583
"SNX27",0.2941,11.0062,1.8226,0.06837,0.1699
"RIIAD1",4.6459,6.4341,6.483,8.989e-11,8.489e-09
"MRPL9",0.1141,10.6248,0.7606,0.4469,0.615
"OAZ3",0.5873,8.4565,3.7548,0.0001735,0.001806
"TDRKH",0.9314,9.4648,3.1773,0.001487,0.009739
"LINGO4",3.644,6.3163,5.9829,2.193e-09,1.316e-07
"RORC",3.5039,9.5259,7.5493,4.374e-14,1.154e-11
"C2CD4D",1.33,6.638,3.7883,0.0001517,0.001622
"THEM5",0.8715,7.0392,2.1526,0.03135,0.09728
"THEM4",0.356,9.2066,1.6722,0.09448,0.2154
"S100A10",1.0661,13.5455,3.4821,0.0004975,0.004185
"S100A11",-0.4688,14.0563,-1.6911,0.09082,0.2091
"TCHH",-0.5105,6.9489,-1.0152,0.31,0.4848
"HRNR",-1.8221,6.4924,-2.9803,0.002879,0.01626
"FLG",-1.109,6.8272,-1.8296,0.06731,0.1679
"IVL",-2.1505,7.4593,-2.3119,0.02079,0.07176
"SPRR1A",-7.42,6.9423,-9.5421,1.399e-21,1.453e-18
"SPRR3",-6.0159,7.6025,-6.2344,4.534e-10,3.472e-08
"SPRR1B",-4.1412,7.9985,-4.8413,1.29e-06,3.199e-05
"SPRR2D",-5.4514,7.4631,-7.9727,1.552e-15,5.057e-13
"SPRR2A",-6.6532,7.5292,-7.1851,6.713e-13,1.24e-10
"SPRR2E",-8.0042,6.7722,-9.5813,9.585e-22,1.183e-18
"PGLYRP3",-2.3435,6.7655,-3.1861,0.001442,0.009542
"PGLYRP4",-1.2583,6.9791,-1.9274,0.05393,0.1436
"S100A9",-1.0912,12.7145,-1.6154,0.1062,0.2343
"S100A12",-1.1408,7.1265,-1.5075,0.1317,0.2718
"S100A8",-2.4193,10.7981,-3.3023,0.000959,0.006985
"S100A7",-1.403,7.0953,-1.5154,0.1297,0.2691
"S100A6",1.3817,14.9664,4.0089,6.101e-05,0.0007722
"S100A3",-2.7475,7.6173,-5.2137,1.851e-07,6.142e-06
"S100A4",0.5655,12.0341,1.187,0.2352,0.4043
"S100A2",-4.0592,9.8203,-7.1275,1.022e-12,1.751e-10
"S100A16",-0.0745,12.4295,-0.1996,0.8418,0.9096
"S100A14",-0.1737,11.9234,-0.3446,0.7304,0.8352
"S100A13",0.9678,10.9553,3.9261,8.632e-05,0.001031
"S100A1",0.0584,7.2867,0.1544,0.8773,0.9312
"CHTOP",0.1652,11.4491,1.4234,0.1546,0.3036
"SNAPIN",0.477,10.2446,2.7846,0.00536,0.02564
"ILF2",0.1199,12.5897,0.7947,0.4268,0.5975
"NPR1",0.0384,9.2657,0.1185,0.9056,0.9482
"AL513523.2",0.0128,10.1699,0.0783,0.9376,0.9652
"INTS3",0.0713,11.6909,0.4409,0.6592,0.7848
"SLC27A3",0.1897,10.36,0.7868,0.4314,0.6016
"GATAD2B",-0.0522,10.7564,-0.2581,0.7963,0.8791
"DENND4B",0.3341,10.9005,1.6063,0.1082,0.2372
"CRTC2",-0.0664,10.9267,-0.3972,0.6912,0.8071
"SLC39A1",0.4893,12.3894,2.9544,0.003133,0.01729
"CREB3L4",0.9878,9.3342,4.3814,1.179e-05,0.0002031
"JTB",0.6479,12.0669,4.2964,1.736e-05,0.0002781
"RAB13",0.0675,10.8893,0.3786,0.705,0.8169
"RPS27",0.8877,9.216,4.4209,9.828e-06,0.0001764
"NUP210L",3.8807,6.3537,6.3106,2.78e-10,2.31e-08
"TPM3",0.2428,13.5931,1.9579,0.05024,0.1364
"C1orf189",2.8505,6.3042,3.6563,0.0002559,0.002472
"C1orf43",0.719,12.968,4.1958,2.719e-05,0.000401
"UBAP2L",-0.0586,12.446,-0.3575,0.7207,0.8282
"HAX1",0.6199,11.3638,3.8526,0.0001168,0.00132
"AQP10",-1.6965,6.2217,-2.3165,0.02053,0.07112
"ATP8B2",0.2597,10.3402,0.9791,0.3275,0.5032
"IL6R",0.653,10.5251,1.8294,0.06734,0.1679
"SHE",2.5274,9.3012,5.0611,4.168e-07,1.237e-05
"TDRD10",2.0282,7.2234,4.0747,4.607e-05,0.000612
"UBE2Q1",0.3225,11.7462,3.2892,0.001005,0.007208
"CHRNB2",0.2134,6.541,0.3404,0.7335,0.8372
"ADAR",0.2068,13.8245,1.4473,0.1478,0.294
"KCNN3",-0.4332,8.8003,-1.0838,0.2785,0.4522
"PMVK",0.6766,10.4107,4.396,1.103e-05,0.0001931
"PBXIP1",0.9539,12.3229,4.4888,7.162e-06,0.000136
"PYGO2",0.3608,11.4472,2.6819,0.00732,0.03262
"SHC1",0.5643,12.3405,2.31,0.02089,0.07203
"CKS1B",0.2945,9.4437,1.1482,0.2509,0.4218
"FLAD1",0.2694,10.48,1.7943,0.07277,0.1775
"ZBTB7B",0.8634,11.0938,4.6319,3.623e-06,7.633e-05
"DCST2",0.8396,6.7181,2.3798,0.01732,0.06261
"DCST1",0.9397,6.582,2.8519,0.004346,0.02191
"ADAM15",0.4997,12.1179,2.0588,0.03951,0.1152
"EFNA4",0.2113,8.8146,0.8816,0.378,0.5526
"RP11-540D14.8",0.1111,7.8174,0.3514,0.7253,0.8317
"EFNA3",0.0651,8.1564,0.1796,0.8575,0.9189
"EFNA1",1.4442,12.1425,4.7623,1.914e-06,4.45e-05
"SLC50A1",1.0924,10.9023,5.0746,3.883e-07,1.163e-05
"DPM3",1.4603,9.2033,6.0227,1.716e-09,1.097e-07
"KRTCAP2",0.7286,11.154,4.4477,8.679e-06,0.0001599
"TRIM46",1.2864,7.3777,3.3874,0.0007056,0.005498
"RP11-201K10.3",1.0942,11.4167,5.8548,4.775e-09,2.585e-07
"MUC1",2.8294,13.5228,7.2032,5.881e-13,1.141e-10
"THBS3",0.4836,9.9089,1.9969,0.04584,0.1282
"MTX1",0.6434,9.8616,4.8923,9.969e-07,2.601e-05
"GBA",0.4763,11.45,3.6778,0.0002352,0.002311
"FAM189B",-0.0387,10.2434,-0.1658,0.8683,0.9254
"SCAMP3",0.3524,11.3617,2.8851,0.003913,0.02033
"CLK2",0.0937,10.3444,0.5105,0.6097,0.7481
"HCN3",0.8059,7.8734,2.2718,0.0231,0.07745
"FDPS",0.2382,12.0684,1.3616,0.1733,0.3291
"RUSC1",0.4204,10.5098,2.1257,0.03353,0.1022
"ASH1L",0.4875,11.5808,2.5404,0.01107,0.04458
"MSTO1",0.3669,9.7787,2.1319,0.03302,0.101
"YY1AP1",0.1462,11.4784,1.0236,0.306,0.4808
"DAP3",0.275,11.6761,2.1164,0.03431,0.1039
"GON4L",0.2704,11.2086,1.5954,0.1106,0.2406
"SYT11",0.5381,9.7036,1.4726,0.1409,0.2841
"RIT1",0.2977,10.8502,1.2956,0.1951,0.3573
"KIAA0907",0.2207,10.4687,0.9721,0.331,0.5063
"ARHGEF2",0.8051,11.762,3.8714,0.0001082,0.001239
"SSR2",0.6942,13.0012,4.4024,1.071e-05,0.0001895
"UBQLN4",0.3123,10.9378,1.9561,0.05046,0.1369
"LAMTOR2",0.8843,10.3342,5.5288,3.224e-08,1.367e-06
"RAB25",1.0554,11.526,4.6172,3.889e-06,8.13e-05
"MEX3A",0.2209,8.7097,0.4888,0.625,0.7599
"LMNA",0.2403,13.7467,1.0551,0.2914,0.4655
"SEMA4A",-0.5158,10.7885,-1.8185,0.06899,0.1711
"SLC25A44",0.3878,10.6331,2.104,0.03538,0.1061
"PMF1",0.5957,10.6704,4.8917,9.995e-07,2.604e-05
"BGLAP",0.366,7.2513,1.6117,0.107,0.2355
"PMF1-BGLAP",0.6049,10.0155,4.8578,1.187e-06,3.003e-05
"PAQR6",0.0632,7.16,0.1423,0.8869,0.9369
"SMG5",0.2143,11.9348,1.3741,0.1694,0.3243
"TMEM79",0.1124,10.2067,0.5661,0.5713,0.7185
"GLMP",0.5871,11.1031,3.3397,0.0008387,0.006305
"TSACC",0.3758,6.3758,1.1194,0.263,0.435
"CCT3",0.2256,13.0312,1.3361,0.1815,0.34
"RHBG",1.615,6.1677,2.2918,0.02191,0.07453
"C1orf61",2.0749,6.6018,2.8858,0.003905,0.02032
"MEF2D",0.8285,11.3918,4.1582,3.207e-05,0.0004583
"IQGAP3",0.5012,9.1709,1.3014,0.1931,0.3551
"NAXE",0.6155,11.4948,3.5258,0.0004222,0.003686
"GPATCH4",0.4248,10.1109,2.4553,0.01408,0.05356
"BCAN",-1.6958,7.2193,-2.597,0.009404,0.03937
"NES",-0.3321,10.8337,-0.8236,0.4102,0.5815
"CRABP2",0.9705,9.8011,1.7493,0.08025,0.1908
"ISG20L2",0.0986,10.6872,0.6366,0.5244,0.6812
"RRNAD1",0.668,9.9694,5.0105,5.43e-07,1.556e-05
"MRPL24",0.5819,10.5461,3.2668,0.001088,0.007649
"HDGF",0.1141,13.4332,0.6109,0.5413,0.6943
"PRCC",0.0039,11.2139,0.0242,0.9807,0.9896
"SH2D2A",-0.346,8.0076,-1.2608,0.2074,0.3725
"NTRK1",-0.5257,6.6135,-1.708,0.08763,0.2038
"PEAR1",0.5176,8.7466,1.9827,0.0474,0.1312
"LRRC71",2.4212,6.7397,3.2854,0.001018,0.007283
"ARHGEF11",0.2388,11.346,1.4459,0.1482,0.2943
"ETV3",-0.0295,10.8461,-0.1586,0.874,0.929
"FCRL5",-0.7651,8.1621,-1.5662,0.1173,0.251
"FCRL3",-0.608,7.2355,-1.3573,0.1747,0.3308
"FCRL2",0.0122,7.0204,0.0215,0.9828,0.9907
"FCRL1",0.3928,6.7639,0.6499,0.5158,0.6741
"CD5L",0.6925,6.4477,1.0756,0.2821,0.4561
"KIRREL",-0.5779,10.7807,-2.4725,0.01342,0.05172
"CD1D",0.4762,7.4376,1.23,0.2187,0.3851
"CD1A",0.8575,7.204,1.1274,0.2596,0.431
"CD1C",0.6011,7.4632,1.1181,0.2635,0.4355
"CD1B",0.1302,6.4501,0.1994,0.842,0.9096
"CD1E",0.5559,7.1615,0.9121,0.3617,0.5362
"MNDA",0.32,9.3748,0.8182,0.4132,0.5844
"PYHIN1",-0.2657,7.3673,-0.7407,0.4589,0.6254
"IFI16",-0.4798,12.1271,-1.5494,0.1213,0.2571
"AIM2",0.265,7.5589,0.5871,0.5572,0.7069
"CADM3",1.6223,7.9279,2.92,0.0035,0.01877
"ACKR1",0.1006,9.021,0.212,0.8321,0.9035
"FCER1A",1.3294,7.6143,2.2379,0.02523,0.08276
"DUSP23",1.4358,9.9143,4.7925,1.647e-06,3.919e-05
"FCRL6",0.5829,7.0721,1.371,0.1704,0.3253
"SLAMF8",-0.2947,9.9598,-0.842,0.3998,0.5724
"C1orf204",-0.2241,8.736,-0.7938,0.4273,0.598
"VSIG8",0.8089,6.3517,1.7131,0.0867,0.2022
"RP11-190A12.7",1.4191,6.4852,2.446,0.01445,0.05463
"CFAP45",1.6715,7.8117,2.7007,0.006919,0.03123
"TAGLN2",0.566,14.6713,2.3932,0.0167,0.06089
"IGSF9",-0.9905,9.623,-1.9281,0.05384,0.1435
"SLAMF9",0.4019,6.6977,0.7823,0.4341,0.6041
"PIGM",0.5488,9.558,2.753,0.005905,0.02772
"KCNJ10",-1.0138,6.6628,-1.7965,0.07241,0.177
"IGSF8",0.6031,10.9107,1.9077,0.05643,0.148
"ATP1A2",1.0135,7.3754,1.9251,0.05422,0.1441
"PEA15",0.0745,12.5922,0.412,0.6803,0.7994
"DCAF8",0.5416,11.7496,4.232,2.316e-05,0.00035
"RP11-574F21.3",0.5395,11.248,4.9021,9.481e-07,2.493e-05
"PEX19",0.5006,11.4483,3.9255,8.655e-05,0.001033
"COPA",0.3978,13.167,2.9038,0.003687,0.01948
"NCSTN",0.2133,12.4893,1.2239,0.221,0.3881
"VANGL2",-1.2206,10.2267,-3.3771,0.0007324,0.00567
"SLAMF6",-0.5152,8.158,-1.1563,0.2476,0.418
"CD84",0.2105,9.4421,0.5723,0.5671,0.7153
"SLAMF1",-0.5537,7.6773,-1.2408,0.2147,0.3805
"CD48",-0.2737,9.3288,-0.6388,0.5229,0.6801
"SLAMF7",-0.3658,9.7957,-0.7491,0.4538,0.6212
"LY9",-0.412,7.6709,-1.0131,0.311,0.4859
"CD244",0.2485,7.3164,0.5842,0.5591,0.7084
"ITLN1",0.876,7.3669,1.3702,0.1706,0.3254
"ITLN2",0.3317,7.7992,0.4738,0.6356,0.7677
"F11R",-0.3439,13.7959,-2.2546,0.02416,0.08005
"RP11-544M22.13",-0.2939,12.7434,-1.9682,0.04904,0.1342
"TSTD1",1.0357,10.0596,4.2949,1.748e-05,0.0002794
"USF1",0.4624,10.8206,3.0724,0.002123,0.01288
"ARHGAP30",-0.1926,10.3974,-0.6832,0.4945,0.6566
"NECTIN4",0.2755,10.3996,0.7912,0.4288,0.5991
"KLHDC9",1.4687,7.6174,3.8824,0.0001034,0.001199
"PFDN2",0.1552,10.4537,0.8615,0.3889,0.5623
"NIT1",0.4692,10.3793,4.5013,6.754e-06,0.0001292
"DEDD",0.0666,10.56,0.5597,0.5757,0.7221
"UFC1",1.0191,11.617,5.7705,7.902e-09,4.053e-07
"USP21",0.0952,9.9224,0.5688,0.5695,0.717
"B4GALT3",0.293,10.7848,2.1655,0.03035,0.095
"PPOX",0.7149,9.1821,3.3592,0.0007817,0.005963
"ADAMTS4",-0.5146,9.7094,-1.0441,0.2965,0.4705
"NDUFS2",0.3987,11.5752,2.5668,0.01026,0.0421
"FCER1G",0.0714,10.745,0.2118,0.8322,0.9036
"TOMM40L",0.3109,9.3484,1.7644,0.07767,0.1861
"NR1I3",0.2704,7.941,1.4276,0.1534,0.3017
"PCP4L1",0.2419,8.1723,0.3553,0.7224,0.8292
"MPZ",0.3436,6.8312,0.9564,0.3389,0.5134
"CFAP126",1.1209,7.9033,2.5226,0.01165,0.04623
"SDHC",0.42,11.7493,3.3754,0.0007371,0.005698
"FCGR2A",0.0954,11.1656,0.3028,0.762,0.8577
"HSPA6",0.3374,8.9331,1.1893,0.2343,0.403
"FCGR3A",0.1992,11.8619,0.5666,0.571,0.7182
"FCGR3B",0.0549,8.9257,0.1464,0.8836,0.9351
"FCGR2B",0.9861,9.2739,2.161,0.0307,0.09578
"FCRLA",-0.625,7.1885,-1.0821,0.2792,0.4531
"FCRLB",-0.5528,6.8686,-1.5495,0.1213,0.2571
"DUSP12",0.3529,9.0817,3.0684,0.002152,0.01302
"ATF6",0.4227,11.5222,3.4973,0.00047,0.004016
"OLFML2B",-0.2791,9.9196,-0.952,0.3411,0.5158
"NOS1AP",0.9605,7.4188,2.9811,0.002872,0.01624
"RP11-565P22.6",1.0158,7.4072,3.1579,0.001589,0.01025
"C1orf226",1.0011,9.1094,3.2615,0.001108,0.007774
"SH2D1B",0.4454,6.835,0.915,0.3602,0.535
"UHMK1",0.3705,12.3324,2.8224,0.004766,0.02343
"UAP1",0.5444,10.9438,3.4236,0.000618,0.004931
"DDR2",-0.0026,10.4185,-0.0095,0.9924,0.9958
"HSD17B7",0.2704,8.9927,1.3116,0.1897,0.3505
"CCDC190",-3.0286,6.8787,-3.9733,7.088e-05,0.0008758
"RGS4",-0.154,8.0124,-0.3012,0.7633,0.8584
"RGS5",0.4979,11.5398,1.9004,0.05739,0.15
"NUF2",-0.0503,8.4378,-0.1409,0.8879,0.9373
"PBX1",-0.1868,11.3315,-0.6155,0.5382,0.6918
"RXRG",0.6161,6.916,1.1629,0.2449,0.4149
"MGST3",0.99,11.3151,4.8111,1.501e-06,3.61e-05
"ALDH9A1",-0.0964,11.5916,-0.5032,0.6148,0.7519
"TMCO1",0.661,11.7975,4.3098,1.634e-05,0.0002665
"UCK2",-0.281,10.1,-0.8483,0.3963,0.5693
"FAM78B",-0.3715,6.9401,-1.0497,0.2939,0.4679
"POGK",0.1617,11.6189,1.0221,0.3067,0.4814
"TADA1",0.4282,9.1373,2.7784,0.005462,0.02597
"ILDR2",-0.0689,7.4212,-0.1423,0.8868,0.9369
"DUSP27",1.2971,6.3404,1.872,0.06121,0.1569
"GPA33",5.0544,7.6625,7.5122,5.813e-14,1.477e-11
"POU2F1",0.0407,10.1953,0.1905,0.8489,0.9139
"CD247",-0.2465,8.4049,-0.6283,0.5298,0.6854
"CREG1",0.0424,12.2561,0.2102,0.8335,0.9043
"RCSD1",0.1038,9.4399,0.3231,0.7466,0.847
"MPZL1",-0.1999,12.4703,-0.9944,0.32,0.4957
"MPC2",0.7124,10.689,3.4459,0.0005692,0.004631
"DCAF6",0.1017,11.6006,0.6036,0.5461,0.6979
"GPR161",-0.9028,9.5717,-3.2977,0.0009748,0.007065
"TIPRL",0.3363,10.7725,2.1884,0.02864,0.09081
"SFT2D2",0.328,11.5602,1.7594,0.07851,0.1877
"TBX19",-0.3887,7.7734,-1.6793,0.0931,0.2131
"XCL2",-0.055,6.7398,-0.1377,0.8905,0.9388
"XCL1",-0.725,7.0077,-1.6806,0.09285,0.2126
"DPT",0.2771,9.6726,0.5414,0.5882,0.7319
"ATP1B1",1.3594,13.6692,4.5511,5.336e-06,0.0001063
"NME7",1.1788,10.3785,5.0411,4.629e-07,1.352e-05
"BLZF1",0.5228,9.8699,3.2818,0.001031,0.007354
"CCDC181",1.7265,6.9638,3.2992,0.0009697,0.007035
"SLC19A2",1.1877,9.7084,5.1906,2.096e-07,6.817e-06
"F5",-0.3711,8.4338,-0.6416,0.5211,0.6784
"SELP",-0.4264,8.7603,-1.1084,0.2677,0.4401
"SELL",-0.4825,9.1456,-1.2305,0.2185,0.385
"SELE",-2.9949,8.2284,-4.4795,7.483e-06,0.0001414
"METTL18",0.234,8.3413,1.1783,0.2387,0.4081
"C1orf112",-0.3458,9.2682,-1.8423,0.06543,0.1644
"SCYL3",0.3251,9.7433,2.0653,0.03889,0.1139
"KIFAP3",0.3596,10.5479,1.6373,0.1016,0.2273
"GORAB",0.3832,9.1806,1.8076,0.07067,0.1741
"PRRX1",-0.6834,10.6085,-1.5591,0.119,0.2536
"MROH9",3.0195,6.3721,3.6425,0.00027,0.002583
"FMO3",0.2442,8.9611,0.7414,0.4584,0.625
"FMO2",0.3426,10.8137,0.8458,0.3977,0.5705
"FMO1",-1.5821,7.4817,-2.7695,0.005614,0.02658
"FMO4",-1.5116,8.1304,-4.1489,3.341e-05,0.0004713
"PRRC2C",-0.2613,12.9116,-1.4116,0.1581,0.3085
"MYOC",2.4053,6.6338,3.2777,0.001047,0.007431
"VAMP4",0.4357,9.8318,2.7054,0.006823,0.03085
"METTL13",0.3915,10.4987,2.5913,0.009561,0.03984
"DNM3",0.0606,8.0992,0.1514,0.8797,0.9327
"PIGC",0.5032,10.1792,3.2403,0.001194,0.008277
"SUCO",0.3909,11.0436,2.2126,0.02693,0.08668
"FASLG",-0.6764,6.8389,-1.3074,0.1911,0.3524
"TNFSF18",-1.0138,6.6209,-1.8348,0.06654,0.1664
"TNFSF4",-0.6513,7.7134,-1.907,0.05652,0.1481
"PRDX6",0.0443,12.9672,0.228,0.8196,0.8953
"ANKRD45",1.2041,7.0625,2.0535,0.04002,0.1163
"KLHL20",0.3865,9.7647,3.1366,0.001709,0.01083
"CENPL",-0.0349,8.4867,-0.1633,0.8703,0.9268
"DARS2",0.2206,10.0151,1.0564,0.2908,0.4651
"ZBTB37",0.596,9.2616,2.321,0.02029,0.07045
"RC3H1",0.1636,10.2877,0.923,0.356,0.5305
"RABGAP1L",0.5883,11.0222,2.8028,0.005066,0.02458
"CACYBP",0.2153,10.8703,1.2002,0.2301,0.3985
"MRPS14",0.5127,9.8763,4.3286,1.501e-05,0.0002477
"TNN",-0.4483,6.7067,-0.8349,0.4038,0.5756
"KIAA0040",0.4295,10.9475,1.7482,0.08043,0.191
"TNR",0.9759,6.7931,1.4409,0.1496,0.2963
"RFWD2",0.2391,10.7912,2.1359,0.03269,0.1004
"PAPPA2",-1.4944,6.7178,-2.3139,0.02067,0.07149
"ASTN1",1.5353,6.5638,1.9189,0.055,0.1457
"SEC16B",0.8055,8.246,2.7418,0.006109,0.02838
"RASAL2",0.3664,10.478,1.796,0.0725,0.1771
"ANGPTL1",0.9546,7.7171,2.7255,0.006419,0.02944
"RALGPS2",0.0918,9.6813,0.402,0.6877,0.8042
"FAM20B",-0.0699,11.5125,-0.44,0.6599,0.7853
"TOR3A",-0.1835,11.014,-1.0415,0.2977,0.4719
"ABL2",0.2089,10.4266,1.0403,0.2982,0.4725
"SOAT1",0.9421,11.2704,4.8538,1.211e-06,3.046e-05
"AXDND1",-1.6733,6.2616,-2.5724,0.0101,0.04157
"TDRD5",0.22,7.0536,0.3127,0.7545,0.8524
"FAM163A",-2.5899,6.3389,-3.4925,0.0004785,0.004067
"TOR1AIP2",0.6434,11.6177,3.5381,0.000403,0.003555
"TOR1AIP1",0.4944,11.4837,3.4181,0.0006306,0.00501
"CEP350",0.2968,11.0508,1.5663,0.1173,0.251
"QSOX1",1.113,13.4592,5.2832,1.27e-07,4.428e-06
"LHX4",0.1898,7.3052,0.5671,0.5706,0.718
"ACBD6",0.2238,10.2596,1.6737,0.09419,0.2149
"XPR1",0.6963,11.566,2.8917,0.003831,0.02002
"KIAA1614",-0.5218,8.2914,-2.5588,0.0105,0.04284
"STX6",-0.3408,11.2662,-2.2693,0.02325,0.07772
"MR1",0.5179,10.9015,2.0783,0.03768,0.1112
"IER5",0.6769,10.7791,1.8185,0.06898,0.1711
"CACNA1E",-0.8472,6.4197,-1.5063,0.132,0.2721
"GLUL",-0.207,14.8902,-0.8633,0.388,0.5614
"RNASEL",0.6312,9.6031,2.9996,0.002703,0.01551
"RGS16",-0.8235,10.2643,-2.3673,0.01792,0.06423
"NPL",-1.5836,10.0517,-4.8606,1.17e-06,2.97e-05
"DHX9",-0.1705,12.5876,-1.4636,0.1433,0.2875
"LAMC1",-0.4175,13.1948,-2.022,0.04317,0.1226
"LAMC2",-2.1187,13.0805,-4.2553,2.088e-05,0.0003219
"NMNAT2",3.5783,7.8961,6.1486,7.818e-10,5.553e-08
"NCF2",0.4266,10.7004,1.2647,0.206,0.3708
"SMG7",-0.3149,11.9785,-1.7319,0.08329,0.1959
"ARPC5",0.5348,12.9261,2.8581,0.004262,0.0216
"APOBEC4",1.7902,6.5473,2.049,0.04047,0.1172
"RGL1",0.6921,10.5496,2.3398,0.01929,0.06785
"COLGALT2",-0.8005,8.1288,-1.3336,0.1823,0.3413
"TSEN15",0.0189,10.2585,0.112,0.9108,0.9512
"C1orf21",0.3969,10.6606,1.154,0.2485,0.4194
"EDEM3",0.6704,11.0759,3.7871,0.0001524,0.001629
"FAM129A",0.0772,11.209,0.2228,0.8237,0.8972
"RNF2",0.1918,9.817,1.1272,0.2597,0.4311
"TRMT1L",0.5742,9.8534,3.087,0.002022,0.01241
"SWT1",0.4388,8.2925,2.771,0.005589,0.02648
"IVNS1ABP",-0.1925,12.2167,-1.2296,0.2188,0.3852
"HMCN1",-0.1041,10.2466,-0.2834,0.7768,0.8671
"PRG4",0.968,9.2868,1.7199,0.08545,0.1999
"TPR",0.1168,12.3744,0.5449,0.5858,0.7303
"OCLM",0.3749,6.2374,1.0062,0.3143,0.4896
"C1orf27",0.8694,10.1637,5.4734,4.414e-08,1.764e-06
"PTGS2",0.7967,10.9028,1.514,0.13,0.2696
"PLA2G4A",2.4021,9.4818,4.8497,1.236e-06,3.079e-05
"BRINP3",1.1254,6.6361,1.8402,0.06574,0.1649
"RGS18",0.8955,7.4557,2.0245,0.04292,0.1221
"RGS1",0.7604,11.0339,1.7383,0.08215,0.1938
"RGS13",0.4797,6.9426,1.0371,0.2997,0.4743
"RGS2",1.7053,10.953,3.6585,0.0002537,0.002453
"UCHL5",0.351,10.4286,2.4544,0.01411,0.0536
"TROVE2",0.4801,10.7146,2.8425,0.004476,0.0224
"GLRX2",0.6044,8.1587,2.7355,0.006229,0.02879
"B3GALT2",0.9622,7.2437,1.6706,0.0948,0.216
"CDC73",0.2575,10.8719,1.8856,0.05935,0.1538
"KCNT2",0.0321,7.6155,0.0642,0.9488,0.9717
"CFH",0.5081,11.7515,1.3698,0.1707,0.3255
"CFHR3",0.463,6.722,1.0638,0.2874,0.4612
"CFHR1",0.6738,7.3004,1.6513,0.09868,0.2222
"ASPM",-0.2903,9.0567,-0.8036,0.4216,0.5925
"ZBTB41",0.6197,10.1985,3.0752,0.002103,0.01279
"CRB1",1.7767,6.2654,3.2414,0.001189,0.008257
"DENND1B",0.6839,9.9373,3.139,0.001695,0.01076
"C1orf53",1.6406,7.2756,5.7778,7.568e-09,3.906e-07
"LHX9",2.9811,7.3161,4.2308,2.328e-05,0.0003515
"NEK7",0.7081,11.4812,3.2561,0.00113,0.007896
"PTPRC",0.1621,11.184,0.4044,0.6859,0.8031
"NR5A2",1.2455,7.7316,2.996,0.002735,0.01565
"ZNF281",0.8545,10.211,5.0645,4.095e-07,1.217e-05
"KIF14",-0.3213,8.2556,-0.8468,0.3971,0.57
"DDX59",0.518,9.4643,3.5475,0.000389,0.003465
"CAMSAP2",0.0021,11.2019,0.0135,0.9893,0.9943
"GPR25",-1.238,6.2055,-2.1868,0.02875,0.09111
"C1orf106",0.6238,10.1675,1.7765,0.07564,0.1828
"KIF21B",0.2347,8.8355,0.6782,0.4977,0.6589
"CACNA1S",0.7562,6.2733,1.0284,0.3037,0.4784
"ASCL5",0.5997,6.3796,1.4033,0.1605,0.312
"TMEM9",0.525,11.717,2.9481,0.003197,0.01756
"IGFN1",2.4686,6.6203,3.7946,0.0001479,0.00159
"PKP1",-4.6953,10.2086,-7.3436,2.08e-13,4.268e-11
"TNNT2",-0.157,7.3948,-0.3197,0.7492,0.8483
"LAD1",-0.4799,11.8156,-1.4902,0.1362,0.2776
"TNNI1",0.055,7.4555,0.1806,0.8566,0.9185
"PHLDA3",-0.6273,11.0996,-2.0041,0.04506,0.1266
"CSRP1",0.2652,13.1719,1.3452,0.1786,0.3361
"NAV1",-0.916,10.7851,-2.9131,0.003578,0.01909
"IPO9",-0.0451,11.781,-0.2678,0.7889,0.875
"SHISA4",1.1945,8.8937,4.7293,2.253e-06,5.13e-05
"LMOD1",0.6858,9.6471,2.2776,0.02275,0.07664
"TIMM17A",0.485,10.7353,3.3458,0.0008205,0.006207
"RNPEP",0.7095,11.6924,4.3138,1.604e-05,0.0002627
"ELF3",1.2167,12.864,3.3069,0.0009432,0.006918
"GPR37L1",0.0748,7.4439,0.3865,0.6991,0.8133
"ARL8A",0.2543,10.8851,1.9347,0.05303,0.1419
"PTPN7",-0.6285,8.7466,-1.7928,0.07301,0.1779
"LGR6",-0.765,7.8866,-1.8906,0.05868,0.1525
"UBE2T",0.0914,8.7567,0.3323,0.7397,0.8423
"PPP1R12B",0.5872,10.9965,1.8152,0.06949,0.172
"SYT2",2.0402,7.3349,3.3349,0.0008533,0.006385
"KDM5B",0.0598,11.7301,0.2949,0.7681,0.8616
"RABIF",0.1617,9.3683,1.1314,0.2579,0.4291
"KLHL12",0.0834,10.6205,0.6334,0.5265,0.6832
"ADIPOR1",0.1814,12.5318,1.4089,0.1589,0.3097
"CYB5R1",0.1938,11.1998,0.9336,0.3505,0.5253
"TMEM183A",0.3485,10.2332,2.1027,0.03549,0.1065
"PPFIA4",-0.6744,7.633,-1.5256,0.1271,0.2654
"ADORA1",1.1224,7.7694,2.498,0.01249,0.04886
"MYBPH",2.2386,6.3052,2.9266,0.003427,0.0185
"CHI3L1",-1.365,10.695,-2.8063,0.005012,0.02434
"CHIT1",0.6975,9.4117,1.0947,0.2737,0.4471
"BTG2",-0.2762,12.6189,-0.7874,0.431,0.6013
"FMOD",-0.2695,11.1733,-0.9125,0.3615,0.5362
"PRELP",-0.064,11.5667,-0.1574,0.8749,0.9295
"ATP2B4",-0.0959,12.7952,-0.3912,0.6956,0.8108
"LAX1",-0.8941,7.7883,-1.9612,0.04985,0.1357
"ZBED6",0.0357,12.3705,0.2257,0.8214,0.8962
"ZC3H11A",0.0335,12.3707,0.2125,0.8317,0.9033
"SNRPE",0.3065,9.2891,1.5572,0.1194,0.2543
"SOX13",-0.8167,10.5801,-2.5281,0.01147,0.04571
"ETNK2",-0.5966,8.7065,-1.7097,0.08732,0.2033
"REN",0.5168,6.3339,1.1674,0.243,0.4129
"KISS1",1.4355,6.2056,2.6232,0.00871,0.03708
"GOLT1A",3.3167,7.9461,9.3022,1.375e-20,1.203e-17
"PLEKHA6",2.4308,9.6243,5.7913,6.986e-09,3.663e-07
"PPP1R15B",0.4411,11.7029,2.6442,0.008188,0.03538
"PIK3C2B",0.4053,10.4297,1.526,0.127,0.2654
"MDM4",0.0606,10.3226,0.3263,0.7442,0.8454
"LRRN2",-1.1928,8.0448,-2.9523,0.003154,0.01736
"NFASC",-0.5185,9.1694,-1.1593,0.2463,0.4165
"TMEM81",0.1045,7.2983,0.5031,0.6149,0.752
"RBBP5",0.2121,10.1666,1.6471,0.09954,0.2236
"DSTYK",0.2223,10.0652,1.2185,0.223,0.3902
"TMCC2",-0.7633,8.0495,-2.4834,0.01301,0.05054
"NUAK2",-0.633,9.4515,-2.2367,0.02531,0.08283
"KLHDC8A",0.4133,6.6817,0.904,0.366,0.5406
"LEMD1",0.0212,7.1741,0.0412,0.9671,0.9818
"CDK18",-1.1419,10.1388,-3.3512,0.0008047,0.006116
"MFSD4A",2.3453,9.1934,4.4485,8.645e-06,0.0001597
"ELK4",0.0158,11.0677,0.0981,0.9218,0.9573
"SLC45A3",0.4937,8.647,1.8158,0.0694,0.1718
"NUCKS1",-0.025,13.5221,-0.1427,0.8865,0.9367
"RAB29",-0.1699,9.9837,-0.6275,0.5304,0.686
"SLC41A1",-0.1564,10.8162,-0.8449,0.3982,0.5709
"PM20D1",0.5802,6.2197,1.0807,0.2798,0.4535
"SLC26A9",1.7942,9.3351,3.0751,0.002104,0.01279
"RAB7B",-0.9289,9.1585,-2.5824,0.00981,0.04066
"CTSE",2.0437,10.4763,2.9341,0.003345,0.01819
"C1orf186",0.3773,7.2491,0.8204,0.412,0.5831
"FAM72A",-0.178,7.6128,-0.5645,0.5724,0.7192
"SRGAP2",-0.0618,10.7834,-0.3242,0.7458,0.8466
"IKBKE",-0.9477,9.2884,-2.9837,0.002848,0.01615
"RASSF5",-0.2024,10.7922,-0.668,0.5042,0.6646
"EIF2D",0.4616,10.8302,3.2865,0.001014,0.007261
"DYRK3",0.11,8.3622,0.3693,0.7119,0.8217
"MAPKAPK2",-0.3236,12.4316,-1.9043,0.05687,0.1489
"IL10",0.1564,6.6856,0.4208,0.6739,0.7952
"IL24",-0.7746,7.0555,-2.0456,0.04079,0.1178
"FCMR",-0.1697,8.3651,-0.4498,0.6529,0.7806
"PIGR",2.9767,12.1711,4.6474,3.361e-06,7.153e-05
"C1orf116",2.5451,11.6278,5.5516,2.831e-08,1.223e-06
"YOD1",0.5359,9.3976,2.6923,0.007096,0.03191
"PFKFB2",0.765,10.6146,3.4579,0.0005445,0.004496
"C4BPB",3.8999,7.0868,5.1934,2.065e-07,6.729e-06
"C4BPA",3.2749,11.0637,5.3424,9.175e-08,3.337e-06
"CD55",2.315,13.0709,6.0169,1.778e-09,1.127e-07
"CR2",-0.0641,7.3649,-0.0955,0.9239,0.9581
"CR1",0.8281,8.1059,1.9097,0.05617,0.1476
"CR1L",0.28,6.1433,0.5567,0.5777,0.7237
"CD46",0.8642,13.5298,4.9989,5.766e-07,1.624e-05
"CD34",0.183,10.9185,0.7661,0.4436,0.6122
"PLXNA2",0.0311,11.0352,0.0931,0.9259,0.9591
"CAMK1G",-0.3086,6.8161,-0.8622,0.3886,0.562
"LAMB3",-0.2117,13.3219,-0.5658,0.5716,0.7186
"G0S2",-0.6068,9.0729,-1.5637,0.1179,0.2518
"HSD11B1",0.0815,8.348,0.1987,0.8425,0.9099
"TRAF3IP3",-0.3335,8.9302,-1.2645,0.2061,0.3709
"C1orf74",-0.7738,8.8594,-3.9885,6.65e-05,0.0008303
"IRF6",-1.8692,11.7071,-6.2661,3.701e-10,2.972e-08
"DIEXF",-0.0158,9.9564,-0.085,0.9322,0.963
"SYT14",-1.6643,6.812,-1.5133,0.1302,0.2699
"SERTAD4",0.3026,9.3103,0.9458,0.3443,0.5189
"HHAT",0.3334,8.9075,1.281,0.2002,0.3635
"RP11-434N15.2",-0.1348,7.5223,-0.6521,0.5144,0.6728
"KCNH1",-2.4068,6.6132,-3.8025,0.0001432,0.00155
"RCOR3",0.2283,10.3882,1.4197,0.1557,0.3051
"TRAF5",0.3364,9.3339,1.2307,0.2184,0.3849
"SLC30A1",0.3679,10.5588,1.7425,0.08142,0.1926
"NEK2",-0.0643,8.5762,-0.1734,0.8623,0.9221
"LPGAT1",1.0644,11.5483,5.9301,3.028e-09,1.748e-07
"INTS7",0.2031,10.1203,1.5259,0.127,0.2654
"DTL",-0.5968,9.0948,-1.8255,0.06793,0.1691
"PPP2R5A",0.5629,11.6388,2.7399,0.006146,0.02851
"TMEM206",0.1691,8.9171,0.8207,0.4118,0.5829
"NENF",0.5141,10.7692,2.605,0.009188,0.03865
"ATF3",0.5566,11.117,1.282,0.1998,0.3632
"BATF3",0.4434,7.4554,1.5251,0.1272,0.2655
"NSL1",0.7048,9.9379,3.9457,7.958e-05,0.000964
"TATDN3",0.6037,9.074,3.5432,0.0003953,0.003506
"FLVCR1",0.1236,9.3926,0.6228,0.5334,0.6883
"VASH2",-1.8835,7.9155,-4.1926,2.758e-05,0.0004064
"ANGEL2",0.4148,9.9603,2.9951,0.002743,0.01567
"RPS6KC1",-0.1215,10.0393,-0.8466,0.3972,0.5701
"PROX1",-0.4866,8.1523,-1.1357,0.2561,0.427
"SMYD2",0.1145,10.6964,0.7564,0.4494,0.6174
"PTPN14",-0.5764,10.9477,-2.1619,0.03063,0.09564
"CENPF",-0.4224,10.2241,-1.1371,0.2555,0.4265
"KCNK2",-0.5817,6.5612,-0.7749,0.4384,0.6076
"KCTD3",0.1091,10.8584,0.557,0.5775,0.7235
"ESRRG",-0.1628,7.2682,-0.2499,0.8027,0.8841
"GPATCH2",0.1732,9.4569,1.2157,0.2241,0.3912
"SPATA17",1.1869,7.4618,2.2846,0.02234,0.07563
"RRP15",0.1006,9.8449,0.6082,0.5431,0.6953
"TGFB2",0.0446,9.6408,0.1004,0.92,0.9563
"LYPLAL1",0.6971,9.4382,2.6297,0.008545,0.03658
"ZC3H11B",-0.0021,8.37,-0.013,0.9896,0.9943
"EPRS",0.165,12.2515,1.2384,0.2156,0.3815
"BPNT1",0.9929,10.3006,5.9897,2.103e-09,1.275e-07
"IARS2",0.3267,12.0947,2.677,0.007428,0.03298
"RAB3GAP2",0.3389,10.8628,2.6437,0.008202,0.03542
"MARK1",-1.2583,8.9809,-3.3401,0.0008376,0.006302
"C1orf115",0.363,10.2275,1.417,0.1565,0.3064
"MARC2",0.7363,9.5306,3.2491,0.001158,0.008066
"MARC1",-0.3428,9.1481,-1.0118,0.3116,0.4866
"HLX",-0.1083,8.6787,-0.4486,0.6537,0.7811
"DUSP10",-0.7627,9.3219,-2.6162,0.008891,0.03762
"HHIPL2",1.932,7.0238,2.1923,0.02836,0.09027
"TAF1A",0.0921,8.1513,0.5292,0.5967,0.7376
"MIA3",0.4255,11.5631,2.7613,0.005757,0.02713
"AIDA",0.1932,10.4228,1.2445,0.2133,0.3793
"BROX",0.5855,11.1627,3.6775,0.0002355,0.002312
"FAM177B",2.4552,7.0268,4.8724,1.102e-06,2.815e-05
"DISP1",1.0577,9.2022,3.5627,0.0003671,0.00331
"TLR5",-0.3712,9.009,-1.0972,0.2726,0.4462
"SUSD4",-1.4223,9.0688,-3.1611,0.001572,0.01017
"CAPN8",4.3573,9.3595,8.591,8.618e-18,4.62e-15
"CAPN2",0.7506,13.6171,3.1008,0.00193,0.01195
"TP53BP2",0.1594,11.161,0.9365,0.349,0.524
"FBXO28",0.2879,10.8161,1.9358,0.0529,0.1417
"DEGS1",-0.392,11.2961,-1.9078,0.05642,0.148
"NVL",0.1572,9.8334,1.2077,0.2271,0.3951
"CNIH4",0.9151,10.7581,4.1123,3.917e-05,0.0005341
"WDR26",0.2514,12.2355,2.0097,0.04446,0.1253
"CNIH3",-0.4773,7.5835,-1.5121,0.1305,0.2702
"DNAH14",0.316,8.2271,1.1504,0.25,0.4211
"LBR",-0.1136,11.1845,-0.6154,0.5383,0.6919
"ENAH",-0.2255,12.306,-1.0211,0.3072,0.4818
"SRP9",0.5361,12.338,2.8438,0.004458,0.02231
"EPHX1",0.264,12.8182,0.7623,0.4459,0.6142
"TMEM63A",1.159,11.1205,4.9855,6.181e-07,1.726e-05
"LEFTY1",1.2791,6.3395,2.6848,0.007257,0.0324
"RP4-559A3.7",-0.0931,10.1796,-0.6144,0.5389,0.6924
"PYCR2",-0.1082,11.496,-0.7758,0.4379,0.6072
"LEFTY2",1.1891,6.7682,2.0178,0.04362,0.1237
"SDE2",0.1875,10.4272,1.3621,0.1732,0.3289
"H3F3A",0.3154,9.8899,1.6194,0.1054,0.2331
"ACBD3",0.4252,11.5371,3.1438,0.001668,0.01066
"MIXL1",-1.6059,6.6313,-3.0285,0.002458,0.01443
"LIN9",-0.0507,8.6436,-0.2473,0.8047,0.8858
"PARP1",-0.1802,12.4998,-0.9505,0.3419,0.5164
"STUM",1.0086,6.8124,1.9674,0.04913,0.1344
"ITPKB",-0.964,11.0282,-3.5297,0.000416,0.003641
"PSEN2",0.7352,9.7941,4.6014,4.197e-06,8.686e-05
"COQ8A",0.4911,10.4875,2.0664,0.03879,0.1137
"CDC42BPA",0.8704,11.2619,3.7178,0.000201,0.002043
"ZNF678",0.7412,8.7598,3.3747,0.0007389,0.005706
"JMJD4",-0.015,9.9485,-0.0903,0.9281,0.9604
"SNAP47",0.04,10.752,0.3681,0.7128,0.8225
"WNT9A",-0.2844,8.7616,-0.6761,0.499,0.6599
"WNT3A",-3.5167,7.9102,-6.8625,6.766e-12,8.924e-10
"ARF1",0.4534,14.1074,3.2896,0.001003,0.007205
"C1orf35",0.0843,9.3836,0.5454,0.5855,0.73
"MRPL55",0.3564,9.8749,2.4207,0.01549,0.05747
"GUK1",0.539,12.3368,2.4315,0.01504,0.05638
"GJC2",0.1882,7.1546,0.6021,0.5471,0.6988
"IBA57",-0.3712,8.9981,-1.4471,0.1479,0.294
"C1orf145",-0.0875,6.9574,-0.2326,0.816,0.8926
"OBSCN",0.1224,10.0877,0.3589,0.7197,0.8276
"TRIM11",0.241,10.0233,1.2653,0.2058,0.3705
"TRIM17",1.253,7.3554,2.3799,0.01732,0.06261
"HIST3H2A",2.0273,7.9554,3.9941,6.495e-05,0.0008159
"HIST3H2BB",0.3948,6.764,0.6442,0.5195,0.6771
"RNF187",-0.1914,11.992,-1.3359,0.1816,0.34
"RHOU",2.1769,10.3488,6.9464,3.746e-12,5.232e-10
"SPHAR",0.2399,7.4418,1.0811,0.2796,0.4533
"RAB4A",-0.0403,10.4746,-0.3092,0.7571,0.8538
"CCSAP",0.0242,9.2192,0.1189,0.9054,0.9482
"ACTA1",0.4019,6.2874,0.827,0.4082,0.5798
"NUP133",0.1014,10.9583,0.8376,0.4023,0.5743
"ABCB10",0.3887,9.7648,2.365,0.01803,0.06447
"TAF5L",0.1719,10.2094,1.6417,0.1007,0.2258
"URB2",-0.0689,9.2729,-0.3499,0.7264,0.8323
"GALNT2",-0.0511,12.4484,-0.1755,0.8607,0.921
"PGBD5",-0.9285,8.4152,-2.233,0.02555,0.08342
"COG2",0.6899,10.2968,5.2876,1.24e-07,4.374e-06
"AGT",1.1069,7.6111,2.3946,0.01664,0.06069
"CAPN9",3.3057,7.9257,6.5871,4.485e-11,4.659e-09
"C1orf198",0.5359,12.0136,3.032,0.00243,0.01429
"TTC13",0.5878,9.3521,3.9308,8.465e-05,0.001014
"ARV1",0.5824,9.4635,2.4605,0.01387,0.05305
"FAM89A",0.5074,9.4308,1.5529,0.1204,0.2558
"C1orf131",0.0569,8.9242,0.3769,0.7062,0.8177
"GNPAT",0.4144,10.9387,3.3964,0.0006827,0.005352
"EXOC8",0.5269,9.7694,3.0826,0.002052,0.01257
"SPRTN",0.0911,9.2447,0.6666,0.505,0.6655
"EGLN1",0.3688,11.1966,1.8196,0.06882,0.1708
"TSNAX",0.676,10.9806,4.2344,2.292e-05,0.0003476
"TSNAX-DISC1",0.6473,9.2614,4.1422,3.44e-05,0.0004817
"DISC1",0.182,8.5939,0.6026,0.5468,0.6986
"SIPA1L2",-0.135,10.8913,-0.3793,0.7045,0.8168
"MAP10",0.5218,7.5821,1.4511,0.1467,0.2925
"NTPCR",0.3703,10.4924,2.1417,0.03222,0.09926
"PCNX2",0.3338,9.3178,1.1967,0.2314,0.4
"MAP3K21",0.2536,9.2284,0.9816,0.3263,0.5022
"KCNK1",0.2414,9.9099,0.648,0.517,0.675
"SLC35F3",0.199,7.051,0.3728,0.7093,0.8199
"COA6",0.8511,9.5887,2.5906,0.009581,0.03987
"TARBP1",-0.2374,10.4945,-1.2827,0.1996,0.3629
"IRF2BP2",0.1808,12.924,1.258,0.2084,0.3735
"TOMM20",0.3089,12.8103,1.8781,0.06036,0.1553
"RBM34",0.1988,10.3497,1.8527,0.06393,0.1617
"ARID4B",0.2438,11.6234,2.2865,0.02223,0.07532
"GGPS1",0.4421,10.3584,3.4077,0.0006552,0.005169
"TBCE",0.0779,9.9155,0.5125,0.6083,0.7468
"B3GALNT2",-0.4673,8.9895,-2.3525,0.01865,0.06621
"GNG4",2.0126,7.8236,2.6593,0.00783,0.03424
"LYST",0.485,10.2292,1.9442,0.05187,0.1397
"NID1",-0.3005,11.6457,-0.7921,0.4283,0.5987
"GPR137B",-0.4599,9.7242,-2.2092,0.02716,0.08732
"ERO1B",-0.9908,9.3643,-2.6877,0.007194,0.03221
"EDARADD",-1.0916,9.9128,-4.3064,1.659e-05,0.0002693
"LGALS8",0.0911,11.8551,0.4886,0.6251,0.7599
"HEATR1",0.0039,11.5004,0.0245,0.9804,0.9896
"ACTN2",1.3359,6.9633,2.7414,0.006118,0.02841
"MTR",0.4492,10.8192,2.1739,0.02971,0.09335
"RYR2",2.1304,7.8739,4.1923,2.761e-05,0.0004065
"CHRM3",-1.6158,8.4398,-3.4594,0.0005413,0.004478
"FMN2",1.1881,6.6692,1.5982,0.11,0.2401
"GREM2",1.3103,7.1072,2.5962,0.009427,0.03942
"FH",0.3546,10.8203,2.4904,0.01276,0.04972
"KMO",2.0845,10.1878,4.0787,4.529e-05,0.0006029
"CHML",1.0256,10.255,3.5497,0.0003857,0.003441
"OPN3",2.184,10.4792,4.1687,3.063e-05,0.0004415
"EXO1",-0.2991,8.2872,-0.8387,0.4016,0.5739
"MAP1LC3C",1.7729,6.8753,3.5215,0.0004291,0.003726
"PLD5",3.5199,6.9454,5.3763,7.602e-08,2.82e-06
"CEP170",-0.0919,10.4256,-0.4476,0.6545,0.7817
"SDCCAG8",0.2835,10.1068,1.997,0.04583,0.1282
"AKT3",-0.7874,10.3415,-2.2996,0.02147,0.0735
"ZBTB18",0.3233,10.075,1.1385,0.2549,0.4258
"ADSS",0.1464,11.2254,0.9302,0.3523,0.527
"C1orf101",0.4304,6.6559,1.181,0.2376,0.4069
"DESI2",-0.0347,11.4766,-0.2349,0.8143,0.8919
"COX20",0.4712,10.9825,2.3988,0.01645,0.06014
"HNRNPU",0.0044,14.1124,0.0414,0.9669,0.9818
"EFCAB2",1.6325,8.6095,6.0008,1.963e-09,1.203e-07
"KIF26B",0.8278,9.5025,2.4634,0.01376,0.0527
"SMYD3",0.5685,9.6059,2.8275,0.004691,0.02314
"TFB2M",0.3067,9.4102,1.8816,0.05989,0.1547
"CNST",0.0894,10.3698,0.5497,0.5826,0.7273
"SCCPDH",0.5075,10.6447,2.8905,0.003846,0.02007
"AHCTF1",-0.0318,10.7912,-0.2044,0.8381,0.9072
"ZNF695",-0.5028,6.8356,-1.1188,0.2632,0.4353
"ZNF670",0.2827,7.7522,1.2953,0.1952,0.3573
"ZNF670-ZNF695",-0.4535,6.7305,-1.3531,0.176,0.3325
"ZNF669",0.3173,7.9336,1.7333,0.08304,0.1955
"ZNF124",1.1007,8.0032,3.8093,0.0001394,0.00152
"ZNF496",-0.2501,10.3888,-1.3593,0.174,0.33
"NLRP3",0.4799,7.8984,1.3707,0.1705,0.3254
"GCSAML",0.3223,6.7479,0.8369,0.4027,0.5746
"TRIM58",1.2042,6.659,1.9307,0.05352,0.1428
"LYPD8",0.2448,6.2385,0.2981,0.7656,0.8598
"SH3BP5L",0.0275,10.4248,0.1753,0.8609,0.921
"ZNF672",0.499,10.5703,3.8769,0.0001058,0.001219
"ZNF692",0.1369,9.482,0.527,0.5982,0.7389
"PGBD2",0.4179,8.3774,2.3182,0.02044,0.0709
"TUBB8",0.8335,6.2393,1.6079,0.1079,0.2367
"ZMYND11",0.3523,11.4317,2.2204,0.02639,0.08545
"PRR26",1.6605,6.7748,2.8258,0.004716,0.02324
"DIP2C",0.6189,9.967,3.3341,0.0008557,0.006398
"LARP4B",0.3002,11.5364,1.799,0.07202,0.1765
"GTPBP4",0.1022,10.8936,0.5321,0.5947,0.7362
"IDI2",-0.025,7.48,-0.1032,0.9178,0.9548
"IDI1",0.279,11.295,1.1118,0.2662,0.4384
"WDR37",-0.0054,9.5667,-0.0262,0.9791,0.9889
"ADARB2",-1.182,7.0518,-1.8218,0.06848,0.1702
"PFKP",0.6659,11.5623,1.683,0.09237,0.2121
"PITRM1",0.2298,11.3029,1.0558,0.2911,0.4654
"KLF6",0.0726,12.5869,0.2392,0.8109,0.8899
"AKR1E2",-0.347,7.164,-0.9433,0.3455,0.5202
"AKR1C1",0.4181,11.694,0.559,0.5762,0.7224
"AKR1C2",1.3825,11.2098,1.7892,0.07358,0.179
"AKR1C3",1.2249,11.4741,1.7233,0.08483,0.1985
"AKR1C4",1.8277,6.4244,2.4872,0.01288,0.05013
"UCN3",4.8506,6.7927,5.7645,8.191e-09,4.163e-07
"TUBAL3",0.1902,6.312,0.3184,0.7502,0.849
"NET1",0.273,11.9131,0.976,0.3291,0.5046
"CALML5",-2.6893,7.045,-2.0738,0.03809,0.1122
"CALML3",-9.4807,8.2817,-12.3941,2.812e-35,1.558e-31
"ASB13",0.0776,9.6746,0.3363,0.7366,0.8396
"FAM208B",-0.2508,10.9338,-1.4417,0.1494,0.296
"GDI2",0.1599,12.8636,0.7024,0.4825,0.6458
"ANKRD16",-0.2902,8.1123,-1.3714,0.1702,0.3253
"FBXO18",-0.215,11.266,-1.515,0.1298,0.2692
"IL15RA",-0.6257,9.5243,-1.8418,0.06551,0.1645
"IL2RA",-0.5578,8.0864,-1.3498,0.1771,0.334
"RBM17",-0.2638,11.1727,-1.6176,0.1057,0.2336
"PFKFB3",0.6929,12.2394,2.329,0.01986,0.06929
"PRKCQ",0.279,8.2431,0.7151,0.4745,0.6388
"SFMBT2",0.3813,8.9176,1.1205,0.2625,0.4347
"ITIH5",-1.1064,9.7561,-1.9797,0.04774,0.1318
"ITIH2",2.1854,6.6635,3.3453,0.000822,0.00621
"KIN",0.1791,8.9423,0.975,0.3295,0.5049
"ATP5C1",0.3585,11.9553,1.4928,0.1355,0.2766
"TAF3",0.0987,9.175,0.5476,0.584,0.7284
"GATA3",-1.598,8.0185,-4.2781,1.885e-05,0.0002949
"CELF2",1.0738,11.0751,3.1144,0.001843,0.0115
"USP6NL",0.1841,10.1739,0.9996,0.3175,0.4931
"ECHDC3",0.1189,8.9249,0.282,0.7779,0.8679
"PROSER2",-0.2472,9.2097,-0.6626,0.5076,0.6675
"UPF2",-0.0858,10.537,-0.5527,0.5804,0.726
"DHTKD1",0.4052,10.3154,2.5339,0.01128,0.04518
"SEC61A2",-0.2049,8.5433,-1.0414,0.2977,0.4719
"NUDT5",0.1707,10.8594,0.8574,0.3912,0.5645
"CDC123",0.0283,10.8448,0.1479,0.8824,0.9344
"CAMK1D",0.1843,10.3418,0.4738,0.6356,0.7677
"CCDC3",-0.662,9.5847,-2.4594,0.01392,0.05312
"OPTN",-0.1449,11.4131,-0.5688,0.5695,0.717
"MCM10",-0.4216,8.1516,-1.1298,0.2586,0.4299
"PHYH",1.0122,9.6454,3.5104,0.0004474,0.003852
"SEPHS1",-0.0044,10.7513,-0.0243,0.9806,0.9896
"BEND7",1.0438,8.6483,2.9409,0.003272,0.01787
"PRPF18",0.4144,9.4972,2.4697,0.01352,0.05198
"RP11-295P9.13",0.2835,9.0777,1.854,0.06373,0.1614
"FRMD4A",-0.9593,9.9562,-3.1498,0.001634,0.01048
"FAM107B",1.4527,11.9225,4.5699,4.879e-06,9.857e-05
"CDNF",0.6604,6.9252,2.8118,0.004926,0.02403
"RP11-398C13.8",0.2279,8.7857,1.0934,0.2742,0.4476
"HSPA14",0.1939,9.6412,0.9829,0.3257,0.5015
"SUV39H2",-0.1255,8.4364,-0.5797,0.5621,0.7112
"DCLRE1C",0.2011,8.7439,0.9091,0.3633,0.538
"ACBD7",1.4731,6.4568,2.4425,0.01459,0.05509
"RPP38",0.2804,9.0977,1.4986,0.134,0.2747
"NMT2",-0.1774,9.3328,-0.9331,0.3508,0.5255
"FAM171A1",-1.3103,9.5267,-3.6506,0.0002616,0.002515
"ITGA8",1.0313,9.4898,2.9151,0.003555,0.01899
"MINDY3",0.8609,9.5445,3.4398,0.0005822,0.004711
"PTER",1.0465,9.5573,3.8523,0.000117,0.001321
"C1QL3",0.9669,6.7091,1.8356,0.06642,0.1662
"RSU1",0.2429,11.2575,1.1872,0.2351,0.4042
"CUBN",0.8884,7.1306,2.4935,0.01265,0.04937
"TRDMT1",0.1783,8.2439,0.755,0.4503,0.6183
"VIM",-0.0974,14.8329,-0.3589,0.7196,0.8276
"ST8SIA6",-1.1395,7.3665,-2.129,0.03325,0.1016
"HACD1",0.2325,8.1459,0.5335,0.5937,0.7356
"STAM",0.2855,10.0932,1.2907,0.1968,0.3592
"TMEM236",1.0341,6.849,2.0455,0.04081,0.1178
"MRC1",1.2346,11.1157,2.6618,0.007772,0.03404
"CACNB2",1.2537,7.1827,4.4698,7.829e-06,0.0001469
"NSUN6",0.2068,8.411,1.2971,0.1946,0.357
"ARL5B",0.1427,10.5292,0.6593,0.5097,0.6692
"MALRD1",1.7861,6.7709,3.4577,0.0005449,0.004497
"PLXDC2",-0.044,11.6327,-0.1537,0.8779,0.9316
"NEBL",0.6529,11.3791,2.0855,0.03703,0.1099
"CASC10",-0.0053,7.25,-0.0143,0.9886,0.9941
"SKIDA1",-0.459,6.6779,-1.2633,0.2065,0.3715
"MLLT10",0.1036,10.1353,0.566,0.5714,0.7185
"DNAJC1",0.1018,10.2116,0.3933,0.6941,0.8096
"COMMD3",0.4718,10.0582,1.9809,0.04761,0.1316
"COMMD3-BMI1",0.4305,10.4195,2.1492,0.03162,0.09786
"BMI1",0.3772,11.0127,1.7443,0.0811,0.1921
"SPAG6",3.4467,7.6494,4.788,1.684e-06,3.994e-05
"PIP4K2A",0.211,10.5492,1.1637,0.2445,0.4145
"ARMC3",2.6771,7.3747,3.6757,0.0002372,0.002322
"MSRB2",0.4342,9.5375,2.0426,0.04109,0.1183
"C10orf67",1.0876,7.0065,2.5591,0.01049,0.04281
"OTUD1",-0.0568,10.0063,-0.194,0.8461,0.9124
"KIAA1217",-0.7627,11.7364,-3.8488,0.0001187,0.001334
"ARHGAP21",-0.1334,11.3653,-0.5865,0.5575,0.7072
"PRTFDC1",-0.0509,8.4504,-0.1581,0.8744,0.9293
"THNSL1",0.0265,8.5469,0.1339,0.8935,0.9408
"ENKUR",1.7811,7.3436,2.633,0.008463,0.03632
"GPR158",-0.4543,6.8932,-0.6747,0.4999,0.6606
"MYO3A",-1.282,6.7112,-1.8296,0.06731,0.1679
"APBB1IP",0.2336,9.3324,0.6275,0.5304,0.686
"PDSS1",-0.2075,8.0664,-0.9137,0.3609,0.5356
"ABI1",-0.3712,11.5566,-2.2839,0.02238,0.07573
"ANKRD26",-0.1981,8.6018,-0.8956,0.3705,0.5452
"YME1L1",0.0839,12.418,0.5427,0.5873,0.7312
"MASTL",-0.4307,9.4057,-2.0439,0.04096,0.1181
"ACBD5",0.94,10.5267,5.3817,7.379e-08,2.75e-06
"RAB18",0.2847,11.5428,1.5151,0.1298,0.2692
"MKX",0.5914,6.8337,1.0731,0.2832,0.457
"ARMC4",1.5322,7.1625,2.2602,0.02381,0.07913
"MPP7",1.065,10.2828,3.4373,0.0005876,0.00474
"WAC",-0.0061,12.2647,-0.0445,0.9645,0.981
"BAMBI",-0.2391,9.4517,-0.4714,0.6374,0.7689
"SVIL",-0.5142,11.8174,-2.5107,0.01205,0.04748
"KIAA1462",0.2726,10.8476,1.1562,0.2476,0.4181
"MTPAP",-0.1831,9.6961,-1.1683,0.2427,0.4124
"MAP3K8",0.0936,9.5439,0.3395,0.7342,0.8376
"ZNF438",0.1,8.9442,0.549,0.583,0.7276
"ZEB1",-0.0143,10.068,-0.0637,0.9492,0.9719
"ARHGAP12",0.7201,10.6111,3.5276,0.0004193,0.003665
"KIF5B",0.2945,12.792,1.711,0.08709,0.2029
"EPC1",0.263,10.1771,1.8461,0.06487,0.1633
"CCDC7",0.4148,8.0157,2.2932,0.02184,0.07435
"ITGB1",0.2912,13.914,1.2146,0.2245,0.3917
"NRP1",1.0914,12.0459,4.2971,1.731e-05,0.0002776
"PARD3",-0.6496,11.2386,-3.7738,0.0001608,0.001699
"CUL2",-0.1067,10.4565,-0.6453,0.5188,0.6765
"CREM",0.2507,9.6545,1.075,0.2824,0.4563
"CCNY",0.1454,11.7063,0.817,0.4139,0.5852
"FZD8",-1.3204,9.2636,-3.4,0.0006739,0.005293
"ZNF248",0.0707,8.9303,0.3524,0.7246,0.8311
"ZNF25",0.3224,8.9851,1.5948,0.1108,0.2408
"ZNF33A",0.3222,10.4199,1.7149,0.08637,0.2016
"ZNF37A",-0.0077,9.688,-0.042,0.9665,0.9816
"RP11-508N22.2",0.4653,7.3777,2.0062,0.04483,0.1261
"ZNF33B",0.4887,10.0966,2.2257,0.02603,0.08462
"BMS1",-0.2303,11.0189,-1.5349,0.1248,0.2625
"RET",-0.6455,7.3763,-1.4654,0.1428,0.2869
"CSGALNACT2",0.0982,10.3357,0.4779,0.6327,0.7653
"RASGEF1A",0.0199,8.1728,0.0399,0.9682,0.9825
"FXYD4",3.1706,6.5667,3.6478,0.0002645,0.002538
"HNRNPF",-0.0866,12.9177,-0.5535,0.5799,0.7255
"ZNF487",0.5077,7.8798,2.1748,0.02965,0.09324
"ZNF239",1.0195,7.5255,3.5814,0.0003418,0.003135
"ZNF485",0.1371,7.3338,0.6284,0.5297,0.6854
"ZNF32",0.2845,9.8605,1.2185,0.223,0.3902
"C10orf142",1.131,6.1534,2.0176,0.04364,0.1237
"CXCL12",0.3307,10.3225,0.9596,0.3372,0.5118
"C10orf10",-0.0288,12.0403,-0.0733,0.9416,0.9677
"RASSF4",0.2619,10.2918,0.8392,0.4014,0.5736
"ZNF22",-0.2888,10.2175,-1.3674,0.1715,0.3265
"ALOX5",0.5069,10.8141,1.408,0.1591,0.3101
"MARCH8",0.176,10.4307,0.9901,0.3221,0.498
"ZFAND4",-0.1597,8.4601,-0.8959,0.3703,0.5451
"WASHC2C",0.0447,10.7015,0.3022,0.7625,0.858
"AGAP4",-0.1994,8.06,-0.8332,0.4047,0.5764
"TIMM23",-0.0466,10.585,-0.2605,0.7945,0.8782
"NCOA4",0.1265,12.849,0.7879,0.4308,0.601
"MSMB",0.3393,7.336,0.4683,0.6396,0.7705
"NPY4R",-0.9415,6.4094,-1.6625,0.0964,0.2184
"ANXA8L1",-3.5287,9.3523,-6.2572,3.919e-10,3.101e-08
"GPRIN2",0.0455,8.2993,0.1028,0.9181,0.955
"SYT15",0.1372,8.1348,0.338,0.7354,0.8387
"PTPN20",-0.6733,6.9996,-1.2084,0.2269,0.3949
"GDF10",1.8331,7.8607,3.6318,0.0002815,0.002678
"ZNF488",-1.5226,6.9341,-2.4289,0.01514,0.05659
"ANXA8",-3.6114,10.2569,-6.1443,8.031e-10,5.68e-08
"AGAP9",-0.3235,8.1297,-1.0867,0.2772,0.4508
"ABC7-42404400C24.1",-0.0068,8.0356,-0.0158,0.9874,0.9934
"CH17-360D5.1",-0.8784,6.3357,-1.4787,0.1392,0.2817
"FRMPD2",2.2643,6.4286,2.8097,0.00496,0.02414
"MAPK8",0.019,10.085,0.1425,0.8867,0.9369
"ARHGAP22",-0.7206,7.7436,-2.459,0.01393,0.05316
"LRRC18",1.9617,6.5274,3.0154,0.002566,0.01491
"WDFY4",0.0641,9.3864,0.1692,0.8656,0.9238
"VSTM4",-0.4745,9.6048,-1.5077,0.1316,0.2717
"C10orf128",0.6729,8.8057,1.9348,0.05302,0.1419
"ERCC6",0.029,9.6061,0.2023,0.8397,0.908
"OGDHL",-0.4497,7.1832,-0.5557,0.5784,0.7242
"PARG",-0.0043,9.7799,-0.0341,0.9728,0.9853
"TIMM23B",9e-04,8.4264,0.0057,0.9954,0.9973
"AGAP6",-0.0692,8.6019,-0.265,0.791,0.8764
"WASHC2A",0.0143,11.2054,0.095,0.9243,0.9583
"ASAH2",0.5931,7.5403,2.8274,0.004693,0.02314
"SGMS1",0.5039,10.7744,1.8871,0.05914,0.1534
"ASAH2B",0.5365,8.0147,2.3455,0.019,0.06708
"CSTF2T",-0.0275,10.3853,-0.2214,0.8248,0.898
"PRKG1",0.2867,9.0595,1.1977,0.231,0.3996
"DKK1",0.0632,8.1642,0.0957,0.9238,0.9581
"PCDH15",1.0391,6.795,1.927,0.05397,0.1437
"ZWINT",-0.0611,9.5807,-0.1913,0.8483,0.9137
"IPMK",0.3235,9.3255,1.5888,0.1121,0.2429
"CISD1",0.1483,9.6058,0.6401,0.5221,0.6795
"UBE2D1",0.1524,9.7898,0.668,0.5042,0.6646
"TFAM",0.1001,10.5165,0.6039,0.5459,0.6979
"BICC1",0.6802,9.2089,1.7947,0.07271,0.1774
"PHYHIPL",1.1455,7.7932,2.4846,0.01297,0.05043
"FAM13C",0.7026,8.2499,2.4416,0.01462,0.05513
"SLC16A9",0.7862,8.1501,1.1994,0.2304,0.3989
"CCDC6",0.3348,11.6095,1.9311,0.05347,0.1427
"ANK3",0.2661,10.6727,0.8362,0.403,0.5749
"CDK1",-0.3574,9.8294,-1.0888,0.2763,0.45
"RHOBTB1",0.6793,9.474,3.9919,6.554e-05,0.0008209
"TMEM26",0.0742,7.3851,0.2088,0.8346,0.9047
"C10orf107",2.4559,7.1176,3.8242,0.0001312,0.001455
"ARID5B",-0.942,11.2483,-5.8126,6.15e-09,3.286e-07
"RTKN2",0.487,10.3104,1.2973,0.1945,0.3569
"ZNF365",-0.2624,7.7054,-0.6385,0.5231,0.6803
"ADO",-0.287,9.9069,-2.287,0.0222,0.07525
"EGR2",-1.0166,9.5329,-2.6755,0.007461,0.03307
"NRBF2",-0.0847,9.7818,-0.5232,0.6008,0.7412
"JMJD1C",0.4509,11.1309,2.7461,0.006031,0.02818
"REEP3",0.7059,11.3121,3.1249,0.001779,0.01117
"DNAJC12",3.3648,7.6368,6.6096,3.855e-11,4.107e-09
"SIRT1",0.5748,9.9154,3.2188,0.001287,0.008755
"HERC4",0.3426,10.3491,2.0125,0.04417,0.1249
"PBLD",1.1584,8.2368,6.3761,1.816e-10,1.606e-08
"HNRNPH3",-0.2102,11.8641,-1.3331,0.1825,0.3414
"RUFY2",0.0503,9.7678,0.4528,0.6507,0.7791
"DNA2",0.1415,8.2161,0.5075,0.6118,0.7496
"SLC25A16",0.7936,9.6431,4.1739,2.995e-05,0.0004335
"TET1",-0.596,7.4793,-1.7386,0.0821,0.1937
"CCAR1",-0.1004,11.0872,-0.7799,0.4354,0.6052
"STOX1",-0.2692,7.8807,-0.4971,0.6192,0.755
"DDX50",0.0076,10.3141,0.0481,0.9616,0.9792
"DDX21",-0.1531,11.9589,-0.7992,0.4242,0.5951
"KIF1BP",0.0629,9.9042,0.451,0.652,0.7801
"SRGN",1.1267,12.2127,2.5353,0.01123,0.04506
"VPS26A",0.0983,11.3316,0.555,0.5789,0.7246
"SUPV3L1",-0.2331,9.6707,-1.6593,0.09705,0.2196
"HKDC1",0.9007,8.262,1.1892,0.2344,0.4031
"HK1",-0.5665,12.5199,-2.5846,0.009748,0.04044
"TACR2",-0.4732,6.6753,-1.403,0.1606,0.312
"TSPAN15",0.7413,10.8337,2.6198,0.008797,0.03732
"C10orf35",0.3805,8.5651,1.5068,0.1319,0.272
"COL13A1",0.3647,8.0851,1.2283,0.2193,0.386
"H2AFY2",-0.9063,9.3078,-2.397,0.01653,0.06039
"AIFM2",0.4453,9.8121,1.4363,0.1509,0.2981
"TYSND1",-0.2328,9.8213,-1.0854,0.2777,0.4515
"SAR1A",0.0616,11.9749,0.4196,0.6748,0.7958
"PPA1",0.4394,11.7573,1.7121,0.08688,0.2026
"NPFFR1",1.2451,6.8913,2.282,0.02249,0.07604
"LRRC20",0.656,9.248,2.7279,0.006374,0.02931
"EIF4EBP2",0.1529,12.4622,0.9298,0.3525,0.5272
"NODAL",0.8697,6.2159,1.913,0.05575,0.1469
"PALD1",0.3353,9.2365,1.1866,0.2354,0.4045
"PRF1",-0.5827,9.2963,-1.4807,0.1387,0.2811
"ADAMTS14",-0.7595,7.6576,-1.7535,0.07952,0.1894
"SGPL1",-0.2916,11.6656,-1.6757,0.09381,0.2144
"PCBD1",0.5595,10.9105,2.1867,0.02876,0.09111
"UNC5B",-1.0287,10.7972,-3.5418,0.0003974,0.003514
"SLC29A3",0.2555,9.0524,1.1486,0.2507,0.4216
"C10orf105",-1.1555,6.7567,-2.3155,0.02058,0.07124
"VSIR",-0.7128,11.105,-2.6301,0.008537,0.03656
"CDH23",-2.401,8.4812,-4.7826,1.731e-06,4.091e-05
"PSAP",-0.0826,16.0298,-0.4626,0.6436,0.7735
"CHST3",-2.015,9.747,-5.8744,4.245e-09,2.352e-07
"SPOCK2",-1.8927,11.9142,-3.8436,0.0001213,0.001357
"ASCC1",-0.1474,10.0466,-0.997,0.3188,0.4946
"ANAPC16",0.252,11.8169,1.2616,0.2071,0.3722
"DDIT4",-1.0509,12.5527,-2.1817,0.02913,0.09203
"DNAJB12",6e-04,10.8614,0.0049,0.9961,0.9978
"MICU1",0.4171,11.0309,2.8634,0.004191,0.02131
"MCU",0.494,10.4199,1.8784,0.06033,0.1553
"OIT3",0.8504,6.4435,1.9057,0.05668,0.1485
"PLA2G12B",3.3349,6.5458,4.2206,2.437e-05,0.0003662
"P4HA1",0.0551,11.6644,0.2226,0.8238,0.8972
"NUDT13",0.8717,7.3977,3.5584,0.0003731,0.003348
"ECD",0.1015,10.0683,0.7785,0.4363,0.6058
"FAM149B1",0.0618,10.427,0.3845,0.7006,0.8141
"DNAJC9",-0.2015,9.9344,-1.0666,0.2861,0.4596
"MRPS16",0.21,11.2551,1.2272,0.2197,0.3865
"CFAP70",1.3662,7.6706,2.8599,0.004238,0.02149
"ANXA7",0.0805,12.2591,0.5172,0.605,0.7442
"MSS51",-0.0634,6.8358,-0.2044,0.8381,0.9072
"PPP3CB",0.1735,10.7542,0.9657,0.3342,0.5088
"USP54",0.4592,10.8405,2.2079,0.02725,0.08753
"MYOZ1",1.5772,7.1299,3.5794,0.0003443,0.00315
"SYNPO2L",0.5185,6.6655,1.1503,0.25,0.4211
"AGAP5",0.065,7.7607,0.276,0.7825,0.871
"SEC24C",0.2084,12.2015,1.503,0.1328,0.2731
"FUT11",0.1237,9.6556,0.6997,0.4841,0.6473
"CHCHD1",0.6562,9.7821,2.6068,0.00914,0.03852
"ZSWIM8",0.0043,11.2934,0.0264,0.9789,0.9888
"RP11-574K11.31",-0.0767,10.7345,-0.6196,0.5355,0.6899
"NDST2",-0.1,9.8926,-0.7549,0.4503,0.6183
"CAMK2G",0.2487,10.6151,1.5269,0.1268,0.2653
"PLAU",-1.6788,11.4131,-4.0232,5.741e-05,0.0007334
"C10orf55",-1.6338,8.8055,-3.9195,8.873e-05,0.001054
"VCL",-0.5998,12.5675,-3.2592,0.001117,0.007825
"AP3M1",0.0151,11.0382,0.106,0.9156,0.9536
"ADK",0.5123,10.4759,2.0627,0.03914,0.1144
"KAT6B",-0.1245,10.416,-0.5526,0.5805,0.726
"SAMD8",-0.4136,10.2893,-2.6832,0.007293,0.03253
"VDAC2",-0.0578,10.6815,-0.2366,0.813,0.891
"COMTD1",0.4931,8.5247,1.3877,0.1652,0.3183
"ZNF503",0.2281,10.0063,0.9275,0.3537,0.5282
"C10orf11",1.5463,8.3702,5.8548,4.775e-09,2.585e-07
"KCNMA1",-0.513,9.0812,-1.1749,0.2401,0.4096
"DLG5",-0.782,11.2149,-3.3257,0.0008819,0.006558
"POLR3A",0.1398,9.9216,0.8543,0.393,0.5659
"RPS24",0.3952,14.0638,1.8991,0.05755,0.1503
"ZMIZ1",-0.307,12.0515,-1.2911,0.1967,0.359
"PPIF",-0.7706,10.9436,-2.7727,0.005559,0.02635
"ZCCHC24",0.2712,10.0923,1.089,0.2761,0.4498
"EIF5AL1",-0.2645,11.1121,-1.2035,0.2288,0.3972
"SFTPA2",1.6992,14.9181,2.2329,0.02555,0.08342
"SFTPA1",2.3616,14.5645,3.2697,0.001076,0.007594
"NUTM2B",0.8671,7.259,3.6517,0.0002606,0.002509
"NUTM2E",0.9295,6.9773,3.9366,8.265e-05,0.0009947
"SFTPD",1.7093,11.5954,2.8658,0.00416,0.02119
"TMEM254",0.3196,10.0749,1.5717,0.116,0.249
"PLAC9",1.1036,8.1333,3.7236,0.0001964,0.002008
"ANXA11",0.6284,13.0332,3.2652,0.001094,0.007692
"MAT1A",0.5635,7.0161,0.9452,0.3446,0.5193
"DYDC2",2.3199,6.9634,3.3251,0.000884,0.006565
"FAM213A",-0.8592,11.1944,-3.5083,0.000451,0.003874
"TSPAN14",-0.756,12.3191,-4.0974,4.178e-05,0.0005651
"SH2D4B",0.2942,6.3585,0.6881,0.4914,0.6537
"NRG3",0.1596,6.5342,0.2874,0.7738,0.8654
"GHITM",0.5402,12.5253,2.9497,0.003181,0.01749
"CDHR1",-3.3906,7.2345,-5.6546,1.562e-08,7.173e-07
"CCSER2",0.0273,10.7815,0.2169,0.8283,0.9007
"GRID1",0.0892,7.2789,0.3061,0.7595,0.8559
"WAPL",0.2548,11.1364,1.9863,0.04699,0.1304
"LDB3",1.6928,7.1164,4.4636,8.059e-06,0.0001508
"BMPR1A",0.1871,10.0804,1.138,0.2551,0.4261
"SNCG",-1.4098,8.482,-2.3719,0.0177,0.06361
"MMRN2",-0.9024,10.1442,-2.5875,0.009667,0.04018
"ADIRF",-0.4328,10.3538,-0.9661,0.334,0.5086
"GLUD1",0.0372,11.9966,0.198,0.843,0.9101
"FAM35A",0.3587,10.1001,2.2747,0.02292,0.07703
"NUTM2A",0.8649,7.4934,3.9165,8.985e-05,0.001063
"NUTM2D",0.7161,7.661,3.1081,0.001883,0.0117
"MINPP1",0.4,9.6833,2.291,0.02196,0.07465
"PAPSS2",0.4853,11.4779,1.4358,0.1511,0.2982
"ATAD1",0.4174,10.6958,2.0317,0.04218,0.1206
"KLLN",0.0244,6.8237,0.0798,0.9364,0.9647
"PTEN",0.3604,11.3371,1.5707,0.1163,0.2494
"RNLS",0.2913,8.1937,0.9624,0.3359,0.5106
"LIPM",-0.3817,6.4716,-0.7761,0.4377,0.6071
"ANKRD22",-0.3166,8.4901,-0.729,0.466,0.6312
"STAMBPL1",0.0042,8.2039,0.0135,0.9893,0.9943
"ACTA2",0.2694,12.7446,0.9963,0.3191,0.495
"FAS",-0.3999,9.7952,-0.9853,0.3245,0.5004
"CH25H",0.1356,8.4263,0.2978,0.7659,0.86
"IFIT2",-0.7854,9.8984,-2.2712,0.02313,0.07751
"IFIT3",-0.6118,10.7738,-1.5388,0.1239,0.2609
"IFIT1",0.1414,10.2597,0.3141,0.7535,0.8517
"LIPA",0.314,12.1546,1.1566,0.2475,0.4179
"IFIT5",0.3529,9.965,1.2437,0.2136,0.3796
"SLC16A12",2.4025,7.1347,4.0736,4.63e-05,0.0006141
"PANK1",0.1405,8.3073,0.574,0.5659,0.7142
"KIF20B",0.0409,9.024,0.1767,0.8597,0.9203
"HTR7",-2.6783,6.8091,-5.2328,1.669e-07,5.644e-06
"RPP30",0.2631,9.4511,1.7072,0.08779,0.204
"ANKRD1",1.5759,8.3522,2.5972,0.009398,0.03935
"PCGF5",1.2722,11.2005,5.1011,3.377e-07,1.038e-05
"HECTD2",0.5083,8.723,2.3655,0.01801,0.06441
"PPP1R3C",0.1852,8.5927,0.486,0.627,0.7611
"TNKS2",0.2102,11.3898,1.5434,0.1227,0.2593
"FGFBP3",0.3256,6.9616,1.0245,0.3056,0.4804
"BTAF1",0.1228,10.3395,0.6226,0.5335,0.6884
"CPEB3",0.8035,8.429,3.2647,0.001096,0.0077
"MARCH5",0.1809,10.6017,1.1358,0.256,0.427
"IDE",0.3415,10.6868,2.3029,0.02129,0.07307
"KIF11",-0.3197,9.4954,-1.0452,0.2959,0.4699
"HHEX",0.3638,8.5263,1.2141,0.2247,0.392
"EXOC6",0.8688,9.6627,5.2249,1.743e-07,5.816e-06
"CYP26A1",-5.1063,6.4435,-7.2011,5.974e-13,1.141e-10
"MYOF",0.5785,12.693,2.2865,0.02223,0.07532
"CEP55",-0.4683,9.1149,-1.4323,0.1521,0.2996
"RBP4",3.2296,8.0733,5.2556,1.476e-07,5.056e-06
"FFAR4",1.2703,7.4925,2.8321,0.004625,0.02288
"FRA10AC1",0.2286,9.3624,1.1761,0.2395,0.4093
"SLC35G1",-1.3176,8.3805,-3.133,0.00173,0.01092
"PLCE1",0.2588,9.5835,0.7031,0.482,0.6453
"NOC3L",-0.019,9.4654,-0.1376,0.8905,0.9388
"TBC1D12",0.5972,8.8617,3.4813,0.0004991,0.004195
"HELLS",-0.6075,8.9667,-1.853,0.06388,0.1616
"CYP2C18",0.4639,7.8392,0.8012,0.423,0.5938
"RP11-400G3.5",0.386,7.3458,0.6624,0.5077,0.6676
"CYP2C19",0.4341,6.1719,0.6901,0.4901,0.6528
"CYP2C9",-0.1018,6.3251,-0.1587,0.8739,0.929
"CYP2C8",0.9623,6.3934,1.8279,0.06756,0.1684
"PDLIM1",-0.7399,12.5124,-3.0107,0.002606,0.01508
"SORBS1",1.0342,9.7943,3.9948,6.474e-05,0.0008145
"ALDH18A1",0.3413,11.2434,1.8892,0.05886,0.1529
"TCTN3",0.4103,10.709,2.9816,0.002868,0.01622
"ENTPD1",0.0185,10.3813,0.0838,0.9332,0.9633
"RP11-248J23.7",-0.1366,7.34,-0.5408,0.5886,0.7322
"CC2D2B",0.543,6.5514,1.7569,0.07894,0.1885
"CCNJ",0.377,8.6672,2.2563,0.02405,0.07977
"ZNF518A",0.623,9.9111,3.8528,0.0001168,0.00132
"BLNK",-0.1726,8.649,-0.5225,0.6014,0.7415
"TLL2",-1.2931,6.7298,-2.2885,0.02211,0.07502
"TM9SF3",0.5538,12.9432,2.9989,0.002709,0.01553
"PIK3AP1",0.06,10.1267,0.1915,0.8481,0.9136
"LCOR",0.2689,10.5462,1.2118,0.2256,0.3932
"SLIT1",0.4603,6.8149,0.9752,0.3295,0.5049
"ARHGAP19-SLIT1",-0.0451,7.6074,-0.1903,0.8491,0.9139
"ARHGAP19",-0.2182,9.4299,-1.0609,0.2887,0.4626
"FRAT1",1.0044,8.1028,4.8133,1.484e-06,3.596e-05
"FRAT2",0.4796,9.2315,2.1142,0.0345,0.1043
"RRP12",0.2089,10.4173,1.0679,0.2856,0.4592
"PGAM1",-0.4015,11.2811,-1.9805,0.04764,0.1316
"EXOSC1",0.3246,9.5033,1.9331,0.05323,0.1423
"ZDHHC16",0.7309,10.4243,4.2326,2.31e-05,0.0003494
"MMS19",0.2892,11.0459,1.9511,0.05105,0.1382
"UBTD1",0.5036,9.8561,2.1217,0.03387,0.1029
"ANKRD2",-1.6941,6.306,-3.8709,0.0001084,0.001241
"HOGA1",-0.5651,6.7714,-1.1201,0.2627,0.4348
"MORN4",0.865,8.1239,3.4526,0.0005552,0.004545
"RP11-548K23.11",-0.2546,8.9581,-1.5048,0.1324,0.2726
"PI4K2A",-0.3804,10.6083,-2.238,0.02522,0.08275
"AVPI1",0.7079,9.9738,1.4397,0.15,0.2968
"MARVELD1",0.0428,11.1688,0.1792,0.8577,0.9191
"ZFYVE27",0.2962,9.8887,2.166,0.03031,0.09493
"SFRP5",-2.5562,7.1663,-3.775,0.00016,0.001693
"GOLGA7B",0.4536,8.5465,1.0397,0.2985,0.4728
"CRTAC1",-0.3095,9.7208,-0.6099,0.5419,0.6945
"R3HCC1L",0.1548,9.3505,0.9849,0.3247,0.5007
"LOXL4",-1.0889,9.273,-2.216,0.02669,0.08607
"PYROXD2",0.8004,8.2499,2.4067,0.0161,0.05919
"HPS1",0.0399,10.9941,0.2332,0.8156,0.8926
"HPSE2",0.0572,6.8369,0.0982,0.9217,0.9573
"CNNM1",-1.3488,7.0708,-2.1815,0.02915,0.09205
"GOT1",0.6151,10.6037,2.5191,0.01177,0.0466
"SLC25A28",-0.4387,9.8536,-2.2667,0.02341,0.07814
"ENTPD7",-0.0701,9.1354,-0.2977,0.766,0.86
"COX15",0.468,10.4264,3.0963,0.00196,0.0121
"CUTC",0.4382,9.0959,2.2463,0.02469,0.08148
"ABCC2",1.2637,7.7466,1.4863,0.1372,0.279
"DNMBP",0.5042,10.2385,2.276,0.02285,0.07687
"ERLIN1",0.1266,10.9067,0.6691,0.5034,0.6641
"CHUK",0.5898,10.1136,3.5304,0.0004149,0.003637
"CWF19L1",0.1597,9.7295,0.8423,0.3996,0.5723
"BLOC1S2",0.11,10.4152,0.5387,0.5901,0.7331
"PKD2L1",1.0486,6.653,2.3988,0.01645,0.06014
"SCD",-0.9038,13.9385,-2.8627,0.0042,0.02134
"SEC31B",0.3386,7.9214,1.0421,0.2974,0.4716
"RP11-411B6.6",0.7367,10.7545,3.8075,0.0001404,0.001528
"NDUFB8",0.6941,11.0374,3.5276,0.0004194,0.003665
"HIF1AN",0.1541,11.0758,0.9943,0.3201,0.4958
"SLF2",0.2635,10.1431,1.5816,0.1137,0.2453
"SEMA4G",1.7915,9.0804,5.0081,5.497e-07,1.57e-05
"MRPL43",0.8315,10.769,3.8248,0.0001309,0.001452
"TWNK",0.0922,9.1355,0.4547,0.6493,0.7782
"LZTS2",0.0448,11.026,0.266,0.7903,0.8759
"PDZD7",0.4658,7.5416,2.2191,0.02648,0.08568
"SFXN3",0.6838,10.6746,3.2364,0.001211,0.008359
"KAZALD1",1.1405,8.0364,3.2171,0.001295,0.008783
"BTRC",0.0214,9.8274,0.1371,0.891,0.9389
"POLL",0.4303,9.7762,3.1984,0.001382,0.009254
"DPCD",0.7992,9.2224,3.1919,0.001414,0.009431
"FBXW4",0.1198,10.8614,0.7308,0.4649,0.6303
"NPM3",0.1414,9.3192,0.6139,0.5393,0.6926
"MGEA5",0.0131,12.0371,0.0851,0.9322,0.963
"KCNIP2",0.5513,6.8997,1.563,0.1181,0.2521
"C10orf76",0.2355,10.2193,1.9714,0.04868,0.1335
"HPS6",0.415,9.6088,2.6595,0.007826,0.03424
"LDB1",-0.3056,10.9334,-1.8038,0.07127,0.175
"PPRC1",-0.1625,10.8314,-0.8033,0.4218,0.5925
"NOLC1",-0.1049,11.8096,-0.6259,0.5314,0.6867
"ELOVL3",1.9278,6.7654,3.205,0.001351,0.009084
"GBF1",0.0246,11.8451,0.1657,0.8684,0.9254
"NFKB2",-0.521,11.0057,-1.5765,0.1149,0.247
"PSD",0.7976,8.119,2.6511,0.008024,0.03486
"FBXL15",0.8252,8.8575,4.1547,3.257e-05,0.000463
"CUEDC2",0.2909,10.2884,2.0075,0.0447,0.1258
"C10orf95",1.8315,7.7862,5.7637,8.23e-09,4.17e-07
"MFSD13A",0.6974,8.9882,3.1059,0.001897,0.01176
"ACTR1A",0.0497,11.9808,0.3354,0.7373,0.8402
"SUFU",-0.4631,9.8629,-2.7471,0.006013,0.02813
"TRIM8",0.1823,12.0747,0.7553,0.45,0.6181
"ARL3",0.3148,9.9391,1.2755,0.2021,0.366
"SFXN2",0.1482,8.9808,0.572,0.5673,0.7154
"WBP1L",0.1685,11.341,1.0745,0.2826,0.4565
"CYP17A1",-0.2834,6.6249,-0.7302,0.4653,0.6307
"BORCS7",0.8547,9.7809,4.8034,1.56e-06,3.741e-05
"BORCS7-ASMT",0.6241,8.9153,2.7789,0.005455,0.02596
"AS3MT",0.4523,8.3505,1.4028,0.1607,0.312
"CNNM2",0.384,11.2806,2.4567,0.01402,0.05342
"NT5C2",0.5278,11.5916,2.9226,0.003471,0.01865
"RPEL1",0.0476,7.3904,0.2284,0.8193,0.8951
"INA",0.2191,7.007,0.2709,0.7865,0.8735
"PCGF6",-0.1199,8.2517,-0.6109,0.5412,0.6943
"TAF5",-0.1677,8.192,-0.9926,0.3209,0.4967
"USMG5",0.7655,10.4597,2.8659,0.004159,0.02119
"PDCD11",-0.0608,10.7546,-0.3713,0.7104,0.8206
"CALHM2",0.128,9.4331,0.5287,0.597,0.7379
"NEURL1",2.2278,7.0698,3.4642,0.0005318,0.004421
"SH3PXD2A",-0.8204,11.9985,-3.6605,0.0002517,0.002439
"STN1",0.9239,9.7786,4.5275,5.969e-06,0.0001174
"SLK",0.2396,11.8249,1.1775,0.239,0.4084
"COL17A1",-3.9628,9.6331,-5.5131,3.525e-08,1.468e-06
"SFR1",0.0818,8.3879,0.3613,0.7179,0.8262
"CFAP43",2.2424,7.7484,3.4983,0.0004682,0.004004
"GSTO1",0.1882,11.6548,0.6556,0.5121,0.671
"GSTO2",0.9117,8.8828,2.0633,0.03908,0.1144
"ITPRIP",-0.7634,10.8914,-2.4419,0.01461,0.05512
"CFAP58",1.4867,6.897,2.9074,0.003645,0.01932
"SORCS1",0.5662,6.3395,0.7406,0.4589,0.6254
"XPNPEP1",-0.4309,10.908,-3.2725,0.001066,0.007541
"ADD3",-0.6601,11.6837,-2.5673,0.01025,0.04207
"MXI1",-0.3791,10.6652,-2.1649,0.0304,0.0951
"SMNDC1",-0.125,10.3553,-0.73,0.4654,0.6308
"DUSP5",-0.4604,10.386,-0.9689,0.3326,0.5075
"SMC3",-0.1444,11.1144,-0.8193,0.4126,0.5837
"RBM20",0.489,6.8601,0.9785,0.3278,0.5033
"PDCD4",-0.2194,11.3462,-1.0958,0.2732,0.4468
"BBIP1",0.3405,9.8468,2.0712,0.03834,0.1128
"SHOC2",0.3447,10.8095,2.1212,0.03391,0.1029
"ADRA2A",1.8336,7.933,3.3953,0.0006856,0.005372
"GPAM",0.328,9.399,1.2491,0.2116,0.3772
"ACSL5",1.76,10.9793,3.961,7.464e-05,0.0009168
"ZDHHC6",0.543,10.4747,3.1462,0.001654,0.01059
"VTI1A",-0.0051,9.6025,-0.0451,0.964,0.9808
"TCF7L2",0.0492,10.419,0.2593,0.7954,0.8787
"HABP2",3.0798,7.7597,4.3802,1.186e-05,0.0002036
"NRAP",2.2942,6.6553,3.252,0.001146,0.008002
"CASP7",-0.1923,10.6376,-0.9068,0.3645,0.539
"PLEKHS1",-0.2604,8.1435,-0.3188,0.7499,0.8488
"DCLRE1A",0.2256,9.3256,1.1487,0.2507,0.4216
"NHLRC2",0.2568,10.4939,1.495,0.1349,0.2761
"ADRB1",-0.1009,8.0194,-0.173,0.8626,0.9222
"CCDC186",0.4472,10.5175,2.2686,0.02329,0.0778
"VWA2",0.7087,8.6354,1.5207,0.1283,0.267
"AFAP1L2",-2.2923,9.385,-6.2118,5.238e-10,3.904e-08
"ABLIM1",0.1423,12.5702,0.5303,0.5959,0.737
"FAM160B1",0.3391,10.1193,2.3167,0.02052,0.07109
"TRUB1",0.1345,9.8656,0.648,0.517,0.675
"ATRNL1",-0.8177,6.9017,-1.2375,0.2159,0.3819
"GFRA1",-0.8295,8.172,-1.2131,0.2251,0.3926
"HSPA12A",-0.2986,8.2435,-0.8395,0.4012,0.5735
"ENO4",0.9773,6.8817,3.0028,0.002675,0.01539
"SHTN1",1.0944,11.0552,4.9456,7.59e-07,2.058e-05
"SLC18A2",0.6347,9.3477,2.8336,0.004603,0.02283
"PDZD8",0.4611,11.0678,2.0788,0.03764,0.1111
"RAB11FIP2",0.7153,9.6023,3.878,0.0001053,0.001215
"FAM204A",0.6285,10.2473,2.896,0.003779,0.01983
"CACUL1",-0.1933,11.1331,-1.0962,0.273,0.4467
"NANOS1",0.771,7.0239,2.3489,0.01883,0.06664
"EIF3A",-0.0401,13.0854,-0.2721,0.7856,0.873
"FAM45A",0.3485,9.1549,1.9177,0.05514,0.1459
"SFXN4",0.5278,9.3318,2.1857,0.02884,0.0913
"PRDX3",0.6894,11.9321,3.1901,0.001422,0.009462
"GRK5",0.2385,10.2017,0.7332,0.4634,0.6292
"RGS10",0.2042,9.5198,0.6239,0.5327,0.6877
"TIAL1",0.0398,11.2437,0.2597,0.7951,0.8784
"BAG3",-0.3376,11.3659,-1.1206,0.2624,0.4346
"INPP5F",-0.6303,9.5702,-3.0529,0.002266,0.01356
"MCMBP",-0.1682,11.3718,-0.9596,0.3372,0.5118
"SEC23IP",0.2928,10.9555,2.0108,0.04435,0.1252
"PLPP4",-0.7429,6.8946,-1.4679,0.1421,0.2859
"WDR11",0.1143,11.0175,0.8338,0.4044,0.576
"FGFR2",-1.8385,10.7851,-4.3242,1.531e-05,0.0002516
"ATE1",0.2854,10.2288,2.0499,0.04037,0.117
"NSMCE4A",0.1936,9.8795,1.0218,0.3069,0.4815
"TACC2",0.6459,11.8244,1.8447,0.06508,0.1638
"BTBD16",1.4202,6.2508,2.6673,0.007646,0.03369
"PLEKHA1",-0.117,11.3988,-0.5968,0.5506,0.7019
"HTRA1",-0.293,11.2983,-1.1402,0.2542,0.4253
"DMBT1",1.1662,10.8595,1.7027,0.08862,0.2055
"CUZD1",0.2952,7.1415,0.8872,0.375,0.5497
"FAM24B",0.3934,7.086,1.1296,0.2586,0.43
"C10orf88",0.3124,8.6395,1.6892,0.09118,0.2098
"PSTK",0.2027,7.6176,1.0312,0.3025,0.4772
"IKZF5",0.3717,9.6535,1.8625,0.06254,0.1593
"ACADSB",0.8137,10.2442,3.0442,0.002333,0.01386
"BUB3",-0.1657,11.3506,-1.0094,0.3128,0.4878
"CPXM2",-1.4793,9.7923,-3.1836,0.001455,0.009597
"CHST15",-0.1079,10.9556,-0.3864,0.6992,0.8133
"OAT",0.0987,11.4377,0.4069,0.6841,0.802
"NKX1-2",-0.3336,6.3207,-0.3423,0.7321,0.8364
"LHPP",0.0203,9.6032,0.0815,0.935,0.964
"FAM53B",-0.9187,10.7617,-3.5145,0.0004405,0.003807
"RP11-12J10.3",-0.304,9.1692,-1.7032,0.08854,0.2053
"METTL10",0.0514,9.1147,0.2716,0.7859,0.8731
"FAM175B",0.0977,9.6882,0.6988,0.4847,0.6478
"ZRANB1",-0.0916,10.7027,-0.6554,0.5122,0.6711
"CTBP2",0.383,11.6979,2.4188,0.01557,0.05767
"EDRF1",0.1784,9.2633,1.0498,0.2938,0.4678
"UROS",0.5507,10.1176,2.9533,0.003144,0.01734
"BCCIP",0.1589,10.788,0.9303,0.3522,0.527
"DHX32",0.5645,10.5436,2.9903,0.002787,0.01588
"FANK1",1.0782,7.8275,2.629,0.008564,0.03664
"ADAM12",-0.6711,9.1921,-1.7543,0.07937,0.1892
"FAM196A",1.5223,6.8049,2.2904,0.022,0.0747
"DOCK1",0.2322,11.2764,1.4052,0.16,0.3112
"PTPRE",0.4567,10.5199,1.5234,0.1277,0.2661
"MKI67",-0.604,10.7335,-1.6632,0.09628,0.2183
"MGMT",0.573,9.7049,2.066,0.03883,0.1138
"EBF3",-2.5158,6.6128,-4.128,3.66e-05,0.000506
"LINC00959",0.2875,7.1785,0.7925,0.4281,0.5986
"GLRX3",-0.02,10.6894,-0.0881,0.9298,0.9615
"PPP2R2D",0.1614,10.0873,1.1879,0.2349,0.4039
"BNIP3",0.5783,10.7688,1.9791,0.0478,0.1319
"JAKMIP3",-0.1445,7.2056,-0.2373,0.8125,0.8908
"DPYSL4",-0.3031,7.4123,-0.5592,0.576,0.7224
"STK32C",0.9031,8.6796,3.3083,0.0009385,0.00689
"LRRC27",0.8886,8.4469,4.5522,5.308e-06,0.0001059
"PWWP2B",0.375,9.6861,1.6407,0.1008,0.2261
"INPP5A",-0.2742,10.0938,-1.6018,0.1092,0.2387
"NKX6-2",-0.252,7.7843,-1.2177,0.2233,0.3904
"CFAP46",2.4378,6.9931,3.5178,0.0004351,0.003762
"ADGRA1",0.7405,6.2199,0.933,0.3508,0.5256
"KNDC1",2.4803,8.1801,5.0886,3.607e-07,1.091e-05
"VENTX",0.621,6.7857,1.5576,0.1193,0.2541
"ADAM8",0.1131,9.7979,0.2968,0.7666,0.8606
"TUBGCP2",0.0515,11.338,0.413,0.6796,0.7988
"ZNF511",0.1016,9.6314,0.5254,0.5993,0.74
"ZNF511-PRAP1",0.0614,9.0021,0.2949,0.7681,0.8616
"FUOM",0.297,8.4927,0.8938,0.3714,0.5461
"ECHS1",0.1286,11.6685,0.6814,0.4956,0.6574
"PAOX",-0.6714,8.1097,-3.1878,0.001434,0.0095
"RP11-108K14.8",-0.0533,9.6836,-0.3066,0.7591,0.8555
"MTG1",-0.0431,9.8787,-0.2544,0.7992,0.8813
"SPRN",-0.0352,7.6221,-0.1741,0.8618,0.9217
"SCART1",0.1283,7.022,0.3332,0.739,0.8416
"CYP2E1",-0.4301,6.953,-0.8493,0.3957,0.5688
"BET1L",0.0569,11.3861,0.3358,0.737,0.8399
"RIC8A",-0.073,11.7453,-0.6331,0.5267,0.6833
"SIRT3",0.1183,9.4778,0.7463,0.4555,0.6226
"PSMD13",-0.1536,11.805,-0.8697,0.3845,0.5582
"NLRP6",0.1534,6.3261,0.4037,0.6865,0.8033
"PGGHG",1.1282,10.3794,2.9809,0.002874,0.01624
"IFITM2",0.5105,12.564,1.682,0.09256,0.2122
"IFITM1",-0.0126,12.0546,-0.0328,0.9738,0.9857
"IFITM3",0.0651,13.6391,0.2005,0.8411,0.9091
"B4GALNT4",-0.6487,8.0604,-1.0474,0.2949,0.4688
"PKP3",-0.4674,11.0252,-1.682,0.09257,0.2122
"SIGIRR",0.5453,10.0469,2.8836,0.003931,0.02039
"ANO9",-0.1653,9.4501,-0.5812,0.5611,0.7103
"PTDSS2",0.0182,9.7115,0.0865,0.931,0.9624
"RNH1",-0.0316,12.4723,-0.1997,0.8417,0.9095
"HRAS",-1.0485,9.8904,-4.9168,8.795e-07,2.339e-05
"LRRC56",0.6046,7.8895,1.5088,0.1314,0.2713
"LMNTD2",0.5142,7.8656,1.811,0.07014,0.1732
"RASSF7",1.1839,10.4643,4.6009,4.207e-06,8.696e-05
"PHRF1",-0.2385,10.7575,-1.2023,0.2292,0.3977
"IRF7",0.5499,10.0523,1.9484,0.05137,0.1387
"CDHR5",4.1819,6.4242,6.0497,1.452e-09,9.461e-08
"DRD4",-1.2049,6.4069,-3.3616,0.0007748,0.005926
"TMEM80",0.1757,9.1193,1.0729,0.2833,0.4571
"DEAF1",0.06,9.7852,0.3559,0.7219,0.8291
"EPS8L2",0.5403,11.6029,2.0778,0.03772,0.1113
"TALDO1",0.1859,12.6871,0.5645,0.5724,0.7192
"PDDC1",-0.0219,10.3139,-0.1213,0.9035,0.9471
"SLC25A22",-0.6406,9.9455,-2.8767,0.004018,0.0207
"PANO1",-0.0308,6.3872,-0.1306,0.8961,0.9423
"PIDD1",-0.2444,9.0412,-1.1465,0.2516,0.4226
"RPLP2",0.2893,13.8995,1.2882,0.1977,0.3602
"PNPLA2",0.5362,11.1986,2.557,0.01056,0.04298
"CRACR2B",1.9522,9.0365,5.91,3.422e-09,1.954e-07
"CD151",0.7455,13.1624,3.3064,0.0009451,0.006926
"POLR2L",0.7236,11.7963,3.3601,0.0007792,0.005951
"TSPAN4",1.0616,10.6473,3.7809,0.0001562,0.001661
"CHID1",-0.0029,11.1851,-0.0167,0.9867,0.993
"AP2A2",0.3327,11.4721,2.01,0.04443,0.1253
"MUC6",1.093,6.5427,2.0942,0.03625,0.1081
"MUC5AC",3.7306,7.9979,2.6821,0.007316,0.03262
"MUC5B",3.27,10.4634,3.2266,0.001253,0.00858
"TOLLIP",-0.2851,11.0316,-1.6459,0.09978,0.224
"BRSK2",0.7086,6.5929,1.2835,0.1993,0.3624
"MOB2",-0.2109,9.7996,-1.1671,0.2432,0.413
"DUSP8",0.5979,8.9681,1.9116,0.05592,0.1472
"KRTAP5-1",1.4267,6.2525,3.2146,0.001306,0.008839
"KRTAP5-2",2.5873,6.3603,5.6818,1.333e-08,6.222e-07
"IFITM10",0.4526,8.6139,1.4469,0.1479,0.294
"RP11-295K3.1",0.3159,14.8176,1.192,0.2333,0.4016
"CTSD",0.2423,15.5613,0.9278,0.3535,0.5281
"SYT8",1.1802,7.8187,1.9112,0.05599,0.1473
"TNNI2",0.1899,7.1344,0.4473,0.6546,0.7818
"PRR33",-0.3332,8.3644,-1.1464,0.2516,0.4227
"LSP1",-0.3042,11.0639,-0.9729,0.3306,0.506
"TNNT3",-3.2873,6.7198,-4.2589,2.054e-05,0.0003182
"MRPL23",0.1797,8.829,0.9843,0.325,0.5008
"IGF2",0.1878,10.0933,0.4294,0.6676,0.7908
"INS-IGF2",0.4676,7.5113,0.9765,0.3288,0.5043
"ASCL2",-0.3655,7.2759,-0.6925,0.4886,0.6514
"C11orf21",0.6444,7.2679,1.3045,0.1921,0.3537
"TSPAN32",0.5575,7.136,1.2172,0.2235,0.3906
"CD81",-0.1565,14.1095,-0.7829,0.4337,0.6037
"TSSC4",-0.0375,9.9222,-0.2248,0.8221,0.8965
"KCNQ1",0.9918,10.0038,2.7747,0.005526,0.02622
"CDKN1C",-0.3098,9.3204,-0.9701,0.332,0.5071
"SLC22A18AS",1.826,7.1892,4.7966,1.614e-06,3.866e-05
"SLC22A18",0.7924,9.4874,2.8389,0.004527,0.02255
"PHLDA2",0.5787,8.6819,1.4559,0.1454,0.2906
"NAP1L4",-0.3738,11.936,-2.3124,0.02076,0.07168
"CARS",-0.2809,10.7531,-1.9911,0.04647,0.1294
"OSBPL5",0.3231,9.8483,1.3402,0.1802,0.3383
"ZNF195",0.1592,9.346,0.9368,0.3488,0.524
"ART5",-0.2024,6.4776,-0.41,0.6818,0.8006
"CHRNA10",-0.1981,6.5456,-0.645,0.519,0.6766
"NUP98",-0.2248,11.9341,-1.5321,0.1255,0.2634
"PGAP2",-0.4367,9.9443,-2.4601,0.01389,0.05307
"RHOG",-0.3466,10.8954,-1.9417,0.05218,0.1402
"STIM1",-0.5685,11.3655,-2.7641,0.005708,0.02694
"RRM1",-0.5724,11.1515,-2.6913,0.007118,0.03199
"TRIM21",0.185,9.9215,0.8421,0.3998,0.5724
"TRIM68",0.2695,9.3038,1.1846,0.2362,0.4053
"OR51E1",0.4991,6.285,0.8841,0.3767,0.5514
"HBB",1.6507,10.8306,2.9356,0.003329,0.01811
"HBD",1.0394,6.6352,1.9312,0.05346,0.1427
"UBQLNL",0.6283,6.3383,1.8796,0.06016,0.155
"TRIM6",0.8172,7.9964,2.5788,0.009913,0.04099
"TRIM34",0.5038,8.8154,2.1701,0.03,0.09409
"TRIM6-TRIM34",0.5717,8.9489,2.4592,0.01392,0.05314
"HBG2",1.8122,6.2578,3.0765,0.002095,0.01275
"TRIM22",0.1423,11.2832,0.4322,0.6656,0.7892
"TRIM5",0.0789,9.962,0.4497,0.6529,0.7806
"FAM160A2",0.0776,10.2198,0.4713,0.6374,0.7689
"CNGA4",1.2937,6.5612,1.7908,0.07332,0.1785
"PRKCDBP",0.0033,9.2509,0.0116,0.9908,0.995
"SMPD1",0.267,10.3658,1.5262,0.127,0.2654
"APBB1",0.8319,9.7188,2.9176,0.003528,0.01888
"HPX",0.1767,6.4629,0.506,0.6128,0.7501
"TRIM3",0.5288,8.901,2.8761,0.004026,0.02073
"ARFIP2",0.1693,10.6811,0.9183,0.3585,0.5331
"TIMM10B",0.3422,10.3283,1.984,0.04726,0.1309
"CTD-2010I16.2",0.4079,8.1805,2.0686,0.03858,0.1134
"DNHD1",-0.1254,8.6033,-0.4397,0.6601,0.7853
"RRP8",0.367,9.3617,2.569,0.0102,0.04191
"ILK",0.3552,11.8071,2.1082,0.03502,0.1053
"TAF10",0.2471,12.222,1.6355,0.102,0.2279
"TPP1",0.0935,12.8265,0.5587,0.5764,0.7226
"DCHS1",0.2912,10.1606,1.1294,0.2587,0.43
"MRPL17",0.2121,10.4901,1.0279,0.304,0.4787
"ZNF215",0.4042,7.3264,1.1872,0.2352,0.4042
"ZNF214",1.4855,7.0678,4.1021,4.094e-05,0.0005555
"SYT9",-1.1147,6.2433,-1.975,0.04827,0.1327
"OLFML1",-0.0388,8.9976,-0.144,0.8855,0.9361
"PPFIBP2",-0.6754,9.9969,-2.2904,0.022,0.0747
"CYB5R2",-1.7853,8.9212,-5.284,1.264e-07,4.428e-06
"OVCH2",-1.1794,6.4052,-2.1356,0.03272,0.1004
"EIF3F",-0.1304,11.5882,-0.7736,0.4392,0.6084
"TUB",-0.7794,8.5356,-1.9734,0.04845,0.133
"RIC3",-0.0944,7.5609,-0.1965,0.8442,0.911
"STK33",1.1477,8.1488,2.7459,0.006034,0.02818
"TRIM66",-0.271,8.8323,-0.9734,0.3304,0.5057
"RPL27A",0.502,13.7132,1.7839,0.07444,0.1805
"ST5",-0.522,11.3459,-2.3355,0.01952,0.06836
"AKIP1",-0.0981,9.2269,-0.6128,0.54,0.693
"C11orf16",1.8248,6.8547,2.412,0.01587,0.05854
"TMEM9B",0.2948,11.1513,1.8162,0.06934,0.1717
"NRIP3",0.1955,7.8529,0.5067,0.6124,0.7498
"SCUBE2",0.4082,8.6718,0.7145,0.4749,0.639
"DENND5A",-0.2199,11.3653,-1.4124,0.1578,0.3083
"TMEM41B",0.1963,10.9189,1.0397,0.2985,0.4728
"IPO7",0.1641,12.3585,1.0781,0.281,0.4548
"ZNF143",0.2268,9.4222,1.6018,0.1092,0.2387
"WEE1",-0.2178,10.4061,-0.832,0.4054,0.577
"SWAP70",0.0982,11.4911,0.5065,0.6125,0.7498
"SBF2",-0.2722,10.3465,-1.2515,0.2108,0.3764
"ADM",-0.7982,10.3056,-1.6372,0.1016,0.2273
"AMPD3",-0.0461,9.4332,-0.1949,0.8454,0.9117
"MTRNR2L8",-0.5609,7.4308,-1.5815,0.1138,0.2453
"RNF141",0.24,11.0947,1.2432,0.2138,0.3797
"LYVE1",0.7859,8.9705,2.3422,0.01917,0.06754
"MRVI1",0.1538,9.358,0.6787,0.4973,0.6587
"CTR9",0.0425,11.0323,0.2438,0.8074,0.8878
"EIF4G2",-0.071,15.1037,-0.5832,0.5598,0.709
"ZBED5",0.0715,10.4462,0.3778,0.7056,0.8173
"CSNK2A3",-0.4086,9.9125,-2.26,0.02382,0.07916
"GALNT18",-0.3976,10.4729,-1.2936,0.1958,0.358
"USP47",0.1306,11.4176,0.7635,0.4452,0.6135
"DKK3",-0.8915,11.8123,-3.7553,0.0001731,0.001805
"MICAL2",0.7215,11.6524,2.2828,0.02244,0.07592
"MICALCL",0.6141,7.9848,1.437,0.1507,0.2979
"PARVA",-0.097,11.3593,-0.5002,0.6169,0.7533
"TEAD1",0.139,11.5044,0.6334,0.5265,0.6832
"RASSF10",0.1562,7.7091,0.3882,0.6979,0.8125
"ARNTL",-0.3172,9.2374,-1.2818,0.1999,0.3632
"BTBD10",-0.3818,10.223,-2.1331,0.03292,0.1008
"FAR1",-0.4752,11.1485,-2.6887,0.007172,0.03216
"SPON1",0.1573,10.5307,0.4387,0.6609,0.7859
"RRAS2",-1.19,10.0441,-3.2173,0.001294,0.008783
"COPB1",0.308,12.5605,2.0773,0.03778,0.1114
"RP11-140L24.4",-0.6656,11.7584,-2.3685,0.01786,0.06409
"PSMA1",-0.6974,12.0599,-2.5002,0.01241,0.04857
"PDE3B",-0.9469,9.3651,-2.9274,0.003418,0.01847
"CYP2R1",-0.5926,8.8682,-1.9939,0.04616,0.1287
"INSC",0.2402,6.378,0.4877,0.6258,0.7604
"SOX6",-1.6277,8.1418,-2.9752,0.002928,0.01646
"C11orf58",-0.1486,12.2312,-0.6836,0.4943,0.6565
"PLEKHA7",0.2737,10.1662,0.9694,0.3324,0.5074
"RPS13",0.1355,12.9998,0.5901,0.5551,0.7053
"PIK3C2A",-0.1127,11.1532,-0.4842,0.6283,0.762
"NUCB2",0.2378,11.2739,1.0617,0.2884,0.4622
"NCR3LG1",0.7546,7.3402,1.5298,0.1261,0.2643
"KCNJ11",1.6738,7.5339,3.3048,0.0009506,0.006954
"ABCC8",0.429,6.5026,0.5916,0.5541,0.7046
"USH1C",1.7644,7.0719,2.3203,0.02033,0.07055
"SERGEF",0.0533,9.2043,0.2441,0.8072,0.8876
"TPH1",-0.6699,6.4676,-1.8066,0.07082,0.1743
"SAAL1",-0.4962,8.7272,-2.4124,0.01585,0.05849
"SAA4",-0.7777,6.333,-1.1529,0.249,0.4199
"SAA2-SAA4",-0.9267,7.6539,-1.5167,0.1293,0.2686
"SAA2",-0.9471,7.9033,-1.5658,0.1174,0.2511
"SAA1",-1.3598,8.2201,-2.1774,0.02945,0.09273
"HPS5",-0.3429,10.5649,-1.6584,0.09724,0.22
"GTF2H1",-0.5489,10.4729,-3.1667,0.001542,0.01003
"LDHA",0.0594,14.2932,0.2031,0.8391,0.9077
"LDHC",0.3547,6.34,0.4165,0.677,0.7972
"TSG101",0.0773,11.2342,0.4365,0.6625,0.7869
"UEVLD",0.1561,10.0046,0.8276,0.4079,0.5794
"SPTY2D1-AS1",-0.0268,8.1414,-0.1313,0.8955,0.942
"SPTY2D1",-0.0274,10.6051,-0.1329,0.8943,0.9413
"TMEM86A",0.1494,8.4932,0.7245,0.4688,0.6337
"IGSF22",0.4378,6.8856,1.683,0.09238,0.2121
"PTPN5",-0.6071,6.538,-1.1191,0.2631,0.4352
"ZDHHC13",-0.3429,9.8095,-1.3175,0.1877,0.3481
"E2F8",0.0059,7.975,0.0157,0.9875,0.9934
"NAV2",0.1925,11.4329,0.5961,0.5511,0.7022
"HTATIP2",0.4115,11.0444,1.6241,0.1044,0.2316
"PRMT3",-0.4463,9.3552,-2.0105,0.04437,0.1253
"NELL1",2.0079,7.4644,2.2464,0.02468,0.08146
"ANO5",2.3779,7.7512,5.248,1.537e-07,5.236e-06
"FANCF",-0.2118,9.4099,-0.975,0.3295,0.5049
"GAS2",0.9663,7.2339,3.2598,0.001115,0.007814
"SVIP",1.1699,9.89,5.5732,2.501e-08,1.094e-06
"LUZP2",-0.7487,6.7585,-1.0633,0.2876,0.4614
"MUC15",1.3949,9.0381,2.7643,0.005705,0.02694
"ANO3",0.7794,7.3219,1.6105,0.1073,0.2359
"SLC5A12",-2.1746,6.8893,-3.477,0.0005071,0.004249
"FIBIN",-0.3413,8.8733,-0.8571,0.3914,0.5648
"BBOX1",-0.9587,6.7161,-1.6746,0.094,0.2146
"CCDC34",-0.3633,8.8299,-1.1848,0.2361,0.4052
"LGR4",0.4686,10.4869,1.7707,0.07662,0.1844
"LIN7C",0.0375,10.4738,0.183,0.8548,0.9174
"BDNF",-0.1959,7.8906,-0.3866,0.699,0.8133
"KIF18A",-0.6782,8.3783,-2.656,0.007908,0.03446
"METTL15",0.4942,9.0847,2.8218,0.004776,0.02347
"KCNA4",0.4745,6.617,0.6087,0.5427,0.6951
"ARL14EP",0.0946,9.6688,0.4535,0.6502,0.7789
"MPPED2",-3.2349,7.0897,-5.9014,3.605e-09,2.045e-07
"DCDC1",0.5581,6.7761,0.8993,0.3685,0.5432
"DNAJC24",-0.0791,8.4249,-0.5853,0.5584,0.7078
"IMMP1L",0.0769,8.0976,0.4115,0.6807,0.7997
"ELP4",-0.5879,9.3168,-3.5717,0.0003547,0.003218
"PAX6",-2.1649,7.6408,-5.3304,9.8e-08,3.548e-06
"RCN1",-0.4477,11.7562,-2.121,0.03392,0.1029
"WT1",-1.2463,6.8104,-1.7486,0.08037,0.1909
"EIF3M",-0.3259,11.9165,-2.198,0.02795,0.08923
"CCDC73",-0.3305,9.142,-1.8201,0.06875,0.1706
"PRRG4",-1.2235,10.64,-4.0683,4.737e-05,0.0006263
"QSER1",-0.7403,10.5732,-4.4288,9.477e-06,0.000172
"DEPDC7",-0.5477,7.1196,-1.5409,0.1234,0.2603
"TCP11L1",-0.0694,9.1271,-0.4561,0.6483,0.7774
"CSTF3",-0.0418,9.9964,-0.3131,0.7542,0.8522
"HIPK3",0.2773,11.9298,1.5137,0.1301,0.2697
"KIAA1549L",-4.3657,7.6079,-8.0383,9.106e-16,3.248e-13
"C11orf91",-1.0577,6.2592,-2.1815,0.02914,0.09205
"CD59",-0.1494,13.5878,-0.5371,0.5912,0.7336
"FBXO3",0.1116,10.5402,0.6823,0.495,0.6571
"LMO2",-0.3907,9.3644,-1.1327,0.2573,0.4285
"CAPRIN1",-0.3002,13.1014,-2.6622,0.007763,0.03402
"NAT10",-0.6152,11.0142,-3.9942,6.49e-05,0.0008159
"ABTB2",-1.4766,8.7643,-4.5175,6.256e-06,0.0001219
"CAT",0.4335,11.9997,1.9789,0.04782,0.1319
"ELF5",0.6709,8.48,1.064,0.2873,0.4612
"EHF",-0.1463,11.0687,-0.4159,0.6775,0.7976
"APIP",-0.0143,9.3866,-0.0851,0.9322,0.963
"PDHX",-0.0882,10.2462,-0.5073,0.6119,0.7496
"CD44",-1.7472,13.969,-6.6401,3.134e-11,3.405e-09
"SLC1A2",-1.0373,7.2554,-2.8656,0.004162,0.02119
"PAMR1",-0.7561,8.5124,-1.8885,0.05896,0.153
"FJX1",-1.7418,8.1123,-5.2614,1.429e-07,4.939e-06
"TRIM44",-0.0705,11.8315,-0.4392,0.6605,0.7856
"LDLRAD3",-1.3439,8.913,-4.6577,3.198e-06,6.893e-05
"COMMD9",0.0786,10.2977,0.4626,0.6437,0.7735
"PRR5L",-0.8403,9.5297,-2.458,0.01397,0.05327
"TRAF6",-0.286,9.0802,-1.7075,0.08773,0.204
"RAG1",-1.0455,7.7034,-2.8114,0.004933,0.02406
"RAG2",-0.0637,6.5744,-0.2183,0.8272,0.8998
"C11orf74",0.5043,8.4736,1.9878,0.04683,0.1301
"LRRC4C",-0.4688,6.78,-1.4117,0.158,0.3085
"API5",-0.2948,11.6923,-2.4551,0.01408,0.05358
"TTC17",0.1475,11.3425,0.9632,0.3354,0.5102
"HSD17B12",0.255,11.766,1.2533,0.2101,0.3755
"ALKBH3",-0.2176,9.3425,-1.2596,0.2078,0.373
"C11orf96",0.0449,9.9349,0.1075,0.9144,0.9528
"ACCS",0.6631,8.7567,2.4063,0.01612,0.05921
"EXT2",-0.525,11.6379,-3.3115,0.0009279,0.006818
"CD82",-1.297,11.5204,-4.0359,5.439e-05,0.0007051
"TSPAN18",-1.8246,10.1025,-4.5071,6.571e-06,0.0001267
"TP53I11",0.2996,11.9208,1.2356,0.2166,0.3826
"PRDM11",-1.1974,9.2626,-4.5389,5.654e-06,0.000112
"SYT13",2.7069,7.2644,3.5284,0.0004181,0.003657
"CHST1",-0.8641,7.9299,-2.3252,0.02006,0.06977
"SLC35C1",0.2082,10.4682,0.6297,0.5289,0.6848
"CRY2",0.5157,10.721,2.2229,0.02622,0.08506
"MAPK8IP1",0.292,8.6439,0.6912,0.4894,0.6522
"PEX16",-0.1342,9.6495,-1.1307,0.2582,0.4295
"LARGE2",-1.1267,9.4266,-2.9742,0.002937,0.0165
"PHF21A",-0.5419,10.5624,-3.4227,0.00062,0.004945
"CREB3L1",0.7228,10.6153,1.5852,0.1129,0.244
"DGKZ",-0.8498,10.3507,-3.8103,0.0001388,0.00152
"MDK",-0.0392,11.6788,-0.1082,0.9139,0.9526
"CHRM4",-1.4866,6.4307,-2.3514,0.0187,0.06631
"AMBRA1",-0.1544,10.4378,-1.1622,0.2452,0.4151
"HARBI1",-0.0977,8.4687,-0.7125,0.4762,0.6399
"ATG13",-0.4023,11.489,-3.1407,0.001685,0.01074
"ARHGAP1",-0.2107,12.1363,-1.3985,0.162,0.3136
"ZNF408",-0.2493,8.9898,-1.648,0.09935,0.2233
"CKAP5",-0.4642,11.8204,-2.3679,0.01789,0.06417
"LRP4",0.165,9.8854,0.3149,0.7529,0.8511
"C11orf49",0.4581,10.2794,2.4794,0.01316,0.05099
"ARFGAP2",-0.1039,11.618,-0.8949,0.3708,0.5454
"PACSIN3",-0.602,10.0791,-2.3893,0.01688,0.06141
"DDB2",-0.6378,9.9496,-3.1137,0.001847,0.01151
"ACP2",-0.1003,10.9302,-0.7928,0.4279,0.5985
"NR1H3",0.3266,9.9601,1.3786,0.168,0.3222
"MADD",0.0591,10.9197,0.3372,0.736,0.8391
"SPI1",-0.1926,10.4101,-0.5775,0.5636,0.7126
"SLC39A13",0.0098,10.6802,0.0577,0.954,0.9742
"PSMC3",-0.2353,11.8044,-2.0308,0.04227,0.1208
"CELF1",-0.249,11.858,-1.4017,0.161,0.3125
"PTPMT1",0.2529,10.8814,1.4998,0.1337,0.2743
"KBTBD4",0.2465,10.1303,1.6355,0.102,0.2279
"NDUFS3",0.2152,11.3398,1.1583,0.2467,0.4169
"MTCH2",-0.1944,11.2642,-1.469,0.1418,0.2854
"AGBL2",0.3019,7.2223,0.6117,0.5407,0.6937
"FNBP4",-0.4501,10.8758,-2.7339,0.00626,0.0289
"NUP160",-0.0127,11.1433,-0.0744,0.9407,0.9672
"PTPRJ",1.006,10.7636,3.9377,8.227e-05,0.0009908
"FOLH1",-2.4358,7.8731,-5.9692,2.384e-09,1.42e-07
"LRRC55",-3.9529,6.8917,-6.329,2.467e-10,2.092e-08
"APLNR",-0.382,9.1285,-1.009,0.313,0.4879
"TNKS1BP1",-0.3182,12.6457,-1.2932,0.1959,0.3581
"SSRP1",-0.4252,12.4843,-2.8599,0.004237,0.02149
"PRG2",1.1179,6.5375,3.4906,0.0004819,0.004091
"RP11-872D17.8",1.1221,10.4258,3.7638,0.0001673,0.001759
"SLC43A3",1.142,11.1267,3.8513,0.0001175,0.001326
"RTN4RL2",3.3618,7.826,8.0756,6.712e-16,2.594e-13
"SLC43A1",1.0499,8.6465,3.8781,0.0001053,0.001215
"TIMM10",0.2154,9.3697,0.9542,0.34,0.5146
"SMTNL1",-0.289,6.2965,-0.6374,0.5239,0.6807
"UBE2L6",-0.0981,11.6463,-0.3751,0.7076,0.8186
"SERPING1",-0.0298,13.4865,-0.1033,0.9177,0.9548
"YPEL4",0.325,7.0793,0.9265,0.3542,0.5288
"CLP1",-0.0247,8.9191,-0.1595,0.8733,0.9285
"ZDHHC5",-0.314,12.1799,-2.1704,0.02998,0.09404
"MED19",0.1125,8.9329,0.6533,0.5136,0.6723
"TMX2",0.0544,11.3335,0.3123,0.7548,0.8524
"SELENOH",0.3798,10.9331,1.611,0.1072,0.2357
"TMX2-CTNND1",0.2588,8.9113,1.6254,0.1041,0.2313
"RP11-691N7.6",0.378,9.9813,1.6275,0.1036,0.2306
"CTNND1",-0.364,13.7791,-2.2018,0.02768,0.0886
"LPXN",-0.1297,9.7198,-0.4199,0.6746,0.7957
"ZFP91",-0.168,11.7453,-1.6157,0.1062,0.2343
"ZFP91-CNTF",-0.0972,9.6848,-0.6496,0.5159,0.6741
"CNTF",0.2746,6.4551,0.9076,0.3641,0.5386
"FAM111B",-0.5709,8.5573,-1.5498,0.1212,0.2571
"FAM111A",0.2127,10.522,1.168,0.2428,0.4126
"DTX4",0.7411,11.0615,3.0234,0.002499,0.01463
"MPEG1",0.0151,10.4707,0.0439,0.965,0.9811
"OSBP",0.1524,11.426,1.2113,0.2258,0.3933
"PATL1",-0.5342,10.9739,-2.8809,0.003965,0.02049
"STX3",0.6079,10.7564,3.451,0.0005586,0.004569
"MRPL16",0.1554,10.0172,0.88,0.3789,0.5535
"TCN1",1.3263,7.0263,1.8561,0.06344,0.1608
"MS4A2",-0.0717,8.0513,-0.1667,0.8676,0.9253
"MS4A6A",0.7094,10.4661,1.9434,0.05197,0.1399
"MS4A4E",0.5607,6.2194,1.2349,0.2169,0.3828
"MS4A4A",0.5895,9.5478,1.8669,0.06192,0.1584
"MS4A7",0.7194,10.2924,2.2247,0.0261,0.08478
"MS4A14",0.643,7.7211,1.8097,0.07034,0.1735
"MS4A1",-0.1222,7.7244,-0.1957,0.8449,0.9112
"MS4A8",3.0288,7.5577,3.4458,0.0005695,0.004631
"MS4A15",2.5534,8.4847,4.173,3.006e-05,0.0004344
"CCDC86",-0.6632,9.7479,-4.0564,4.983e-05,0.0006537
"PTGDR2",-0.358,7.2248,-2.0512,0.04025,0.1167
"PRPF19",-0.5299,11.8665,-4.0269,5.651e-05,0.0007262
"TMEM109",-0.6102,12.1676,-3.3481,0.0008137,0.006175
"TMEM132A",-1.6334,10.5928,-4.628,3.692e-06,7.768e-05
"SLC15A3",-0.5184,10.7386,-1.6228,0.1046,0.232
"CD6",-0.4445,8.7975,-1.2252,0.2205,0.3875
"CD5",-0.4624,8.4009,-1.2669,0.2052,0.3698
"VPS37C",0.0764,10.3553,0.4705,0.638,0.7691
"VWCE",-0.346,6.6468,-0.856,0.392,0.5651
"DDB1",-0.0492,13.0838,-0.4473,0.6547,0.7818
"TKFC",-0.176,10.9539,-1.133,0.2572,0.4284
"CYB561A3",-0.4697,11.0015,-2.7211,0.006506,0.02978
"TMEM138",-0.4635,9.9966,-2.8741,0.004052,0.02084
"TMEM216",-0.1655,9.0038,-0.9534,0.3404,0.5151
"CPSF7",-0.2735,11.566,-2.1009,0.03565,0.1068
"SDHAF2",0.136,10.1994,0.8782,0.3798,0.5543
"RP11-286N22.8",0.1581,9.8679,1.0882,0.2765,0.4501
"PPP1R32",0.886,7.4662,1.756,0.07909,0.1887
"LRRC10B",2.0315,7.4152,3.0483,0.002302,0.01372
"SYT7",0.5238,9.2592,1.0568,0.2906,0.4649
"DAGLA",0.0187,8.6331,0.0597,0.9524,0.9731
"MYRF",1.9289,10.2514,4.0165,5.907e-05,0.0007517
"TMEM258",0.3496,11.0741,1.8243,0.0681,0.1694
"FEN1",-0.4557,9.981,-2.0957,0.03611,0.1077
"FADS1",-0.4591,11.2024,-1.7416,0.08158,0.193
"FADS2",-1.1573,11.6928,-3.2934,0.0009897,0.007133
"FADS3",-0.3535,9.7502,-1.101,0.2709,0.4442
"RAB3IL1",-0.3147,8.5043,-1.1855,0.2358,0.4048
"BEST1",0.1813,15.1159,0.8789,0.3795,0.554
"FTH1",0.2007,15.3529,0.9798,0.3272,0.5029
"INCENP",-0.2497,9.6802,-1.0295,0.3033,0.478
"SCGB2A1",4.0125,6.6452,5.5756,2.466e-08,1.081e-06
"ASRGL1",1.8235,9.2099,4.7265,2.284e-06,5.185e-05
"SCGB1A1",1.9368,10.2085,1.9676,0.04911,0.1343
"AHNAK",-0.4816,15.1305,-1.5923,0.1113,0.2417
"EEF1G",0.2189,13.8952,1.1473,0.2513,0.4223
"RP11-864I4.1",0.2188,13.9498,1.1803,0.2379,0.4072
"TUT1",0.1741,9.8326,1.3285,0.184,0.3433
"MTA2",-0.6238,11.6625,-4.9516,7.361e-07,2.006e-05
"EML3",-0.1197,10.5272,-0.7347,0.4625,0.6286
"ROM1",0.4948,7.5544,2.0469,0.04066,0.1176
"B3GAT3",-0.0736,10.1293,-0.3633,0.7164,0.825
"GANAB",-0.4877,13.9511,-3.2027,0.001361,0.009152
"INTS5",0.0584,10.2139,0.4883,0.6254,0.76
"RP11-831H9.11",0.4135,9.2649,2.3864,0.01702,0.06171
"C11orf98",0.3457,10.0527,1.6675,0.09542,0.217
"METTL12",0.2736,7.75,1.1845,0.2362,0.4053
"LBHD1",0.3149,10.3345,1.5817,0.1137,0.2453
"UQCC3",0.2552,9.336,1.0529,0.2924,0.4665
"UBXN1",-0.0011,11.3897,-0.0076,0.994,0.9966
"LRRN4CL",0.4321,7.0192,1.0377,0.2994,0.474
"GNG3",-0.0564,6.6784,-0.2897,0.772,0.8643
"BSCL2",0.2182,11.4438,1.3362,0.1815,0.34
"HNRNPUL2",-0.311,12.5042,-1.9845,0.04721,0.1308
"HNRNPUL2-BSCL2",-0.1052,12.6916,-0.8871,0.375,0.5497
"TTC9C",0.3708,9.2037,2.1266,0.03345,0.1021
"ZBTB3",0.3128,7.8658,1.3219,0.1862,0.3461
"POLR2G",0.1763,10.7016,0.8599,0.3899,0.5632
"TAF6L",-0.348,8.9809,-2.3402,0.01927,0.06779
"TMEM179B",0.2747,10.8743,1.2513,0.2108,0.3764
"TMEM223",0.4266,10.1835,1.9352,0.05297,0.1418
"NXF1",-0.2804,11.1772,-2.0969,0.036,0.1076
"STX5",0.0496,10.6762,0.3596,0.7191,0.8272
"WDR74",-0.2034,10.1109,-1.3664,0.1718,0.3271
"SLC3A2",-0.4251,12.5824,-1.4844,0.1377,0.2797
"CHRM1",0.0921,6.7139,0.135,0.8926,0.9402
"HRASLS5",2.1215,7.0764,3.978,6.949e-05,0.0008626
"LGALS12",1.1327,6.2841,1.9564,0.05042,0.1368
"RARRES3",1.152,10.4055,2.7098,0.006732,0.03058
"HRASLS2",0.2511,6.6003,0.4421,0.6585,0.7841
"PLA2G16",2.2945,10.1035,6.2276,4.738e-10,3.595e-08
"ATL3",0.5454,11.704,2.8676,0.004136,0.02111
"RTN3",0.1839,12.4838,0.9948,0.3199,0.4957
"C11orf95",-0.4194,9.4219,-2.2085,0.02721,0.08744
"C11orf84",-0.5244,9.6169,-2.7005,0.006923,0.03124
"MARK2",-0.0937,11.2963,-0.5018,0.6158,0.7527
"RCOR2",0.3001,7.4172,0.5687,0.5696,0.717
"NAA40",-0.1349,9.7738,-0.7918,0.4285,0.5989
"COX8A",0.2297,11.8171,1.0788,0.2807,0.4546
"AP000721.4",0.2627,10.4305,1.2431,0.2138,0.3798
"OTUB1",-0.1864,11.6286,-1.2998,0.1937,0.3559
"FLRT1",-0.9561,6.4759,-2.0343,0.04192,0.12
"MACROD1",0.1349,8.7745,0.5068,0.6123,0.7497
"STIP1",-0.4312,12.2976,-2.4918,0.01271,0.04959
"FERMT3",-0.4203,10.3396,-1.3239,0.1855,0.3453
"TRPT1",0.3212,9.4553,1.9934,0.04622,0.1289
"NUDT22",0.2909,10.0426,1.8206,0.06867,0.1705
"DNAJC4",0.1021,10.0139,0.7138,0.4753,0.6393
"VEGFB",0.1843,11.1532,1.1255,0.2604,0.4319
"FKBP2",0.2709,10.7154,1.0887,0.2763,0.45
"PPP1R14B",0.2558,10.3956,1.1381,0.2551,0.426
"PLCB3",-0.3226,10.5968,-1.8812,0.05995,0.1548
"BAD",-0.0621,10.4449,-0.3302,0.7412,0.8432
"GPR137",-0.154,10.5581,-1.0233,0.3062,0.4809
"ESRRA",0.1116,10.5934,0.4533,0.6503,0.7789
"TRMT112",0.0043,11.7078,0.0206,0.9835,0.9911
"PRDX5",0.614,12.7752,2.542,0.01102,0.04444
"CCDC88B",-0.38,9.4659,-1.1626,0.245,0.415
"RPS6KA4",-0.5895,10.5623,-3.2384,0.001202,0.008325
"NRXN2",-1.4064,7.2715,-2.7273,0.006385,0.02934
"RASGRP2",0.199,8.2167,0.5615,0.5745,0.7211
"PYGM",0.5117,6.9584,1.6065,0.1082,0.2372
"SF1",-0.2874,12.7393,-2.1215,0.03388,0.1029
"MAP4K2",-0.2753,10.1306,-1.1759,0.2396,0.4094
"MEN1",-0.3541,10.3734,-2.4665,0.01364,0.05232
"CDC42BPG",0.1828,10.3853,0.794,0.4272,0.5979
"EHD1",-0.3734,11.4049,-1.7114,0.08701,0.2028
"ATG2A",-0.1536,10.4753,-0.8816,0.378,0.5526
"PPP2R5B",-0.4142,9.6093,-2.4913,0.01273,0.04962
"BATF2",1.3262,8.6075,3.2628,0.001103,0.007745
"ARL2",0.0153,10.8538,0.081,0.9354,0.9642
"ARL2-SNX15",0.0646,10.6357,0.4314,0.6662,0.7895
"SNX15",0.0162,9.6232,0.0979,0.922,0.9573
"SAC3D1",-0.45,8.5062,-2.0498,0.04039,0.117
"NAALADL1",0.2436,7.7006,0.823,0.4105,0.5817
"CDCA5",-0.81,9.197,-2.5207,0.01171,0.04643
"ZFPL1",-0.1144,10.0045,-0.8916,0.3726,0.5472
"TMEM262",-0.1561,9.7651,-1.2166,0.2238,0.3908
"VPS51",-0.0684,11.4402,-0.4195,0.6748,0.7958
"TM7SF2",0.1458,9.8929,0.5396,0.5895,0.7327
"ZNHIT2",-0.0438,8.6677,-0.2028,0.8393,0.9078
"FAU",0.2045,12.6345,0.9372,0.3487,0.5238
"MRPL49",0.3363,11.1916,1.6439,0.1002,0.2248
"SYVN1",-0.0132,12.0008,-0.0805,0.9358,0.9644
"CAPN1",-0.4959,13.1606,-2.749,0.005977,0.02798
"POLA2",-0.6161,9.6051,-2.8745,0.004047,0.02081
"CDC42EP2",-0.2045,9.2157,-0.5702,0.5685,0.7165
"DPF2",-0.4044,10.7979,-2.3661,0.01798,0.06434
"TIGD3",0.5268,6.5373,1.2358,0.2165,0.3826
"SLC25A45",0.1804,8.5314,0.6834,0.4944,0.6566
"FRMD8",-0.9595,10.7005,-4.7008,2.592e-06,5.725e-05
"SCYL1",-0.2385,11.5575,-1.4593,0.1445,0.2892
"LTBP3",0.0736,12.1966,0.2625,0.7929,0.8774
"SSSCA1",-0.0798,10.7708,-0.4875,0.6259,0.7604
"FAM89B",-0.105,10.5825,-0.5625,0.5738,0.7205
"EHBP1L1",-0.3087,11.2803,-1.3503,0.1769,0.3338
"KCNK7",-0.9544,6.4585,-2.4249,0.01531,0.05708
"MAP3K11",-0.2764,11.5722,-1.808,0.07061,0.174
"PCNX3",-0.3646,11.4039,-2.055,0.03988,0.116
"SIPA1",0.2199,10.6817,1.0239,0.3059,0.4806
"RELA",-0.2808,11.762,-1.9426,0.05207,0.1401
"KAT5",-0.1498,10.8082,-1.1423,0.2533,0.4243
"RNASEH2C",-0.129,10.6009,-0.7144,0.475,0.6391
"AP5B1",-0.6927,10.0643,-2.5032,0.01231,0.04827
"OVOL1",-1.6869,8.0593,-4.1791,2.926e-05,0.0004251
"SNX32",-0.133,11.4324,-0.9432,0.3456,0.5202
"CFL1",-0.2515,14.5996,-1.7509,0.07997,0.1903
"MUS81",0.0343,10.0426,0.2468,0.8051,0.886
"EFEMP2",-0.183,10.6668,-0.8145,0.4153,0.5863
"CTSW",0.4326,8.5438,1.1262,0.2601,0.4316
"FIBP",-0.2845,10.7675,-2.38,0.01731,0.06261
"CCDC85B",-0.5251,8.9012,-1.7099,0.08729,0.2033
"FOSL1",-1.1643,8.6964,-2.2051,0.02745,0.08805
"C11orf68",-0.2996,10.1136,-2.1543,0.03122,0.09697
"DRAP1",-0.223,10.8463,-1.2014,0.2296,0.3982
"SART1",-0.6025,11.2194,-3.0146,0.002573,0.01493
"EIF1AD",-0.2624,9.9587,-1.6699,0.09494,0.2161
"BANF1",-0.362,11.439,-1.7588,0.07862,0.1878
"CST6",1.6339,8.3027,3.4282,0.0006076,0.004861
"CATSPER1",1.8338,6.8586,4.7404,2.133e-06,4.89e-05
"SF3B2",-0.2104,12.9527,-1.4896,0.1363,0.2777
"PACS1",-0.3418,11.9234,-1.5118,0.1306,0.2703
"KLC2",-0.6139,10.1958,-2.3541,0.01857,0.06598
"RAB1B",-0.198,12.8009,-1.0969,0.2727,0.4463
"CNIH2",-0.1002,7.0851,-0.2033,0.8389,0.9076
"YIF1A",0.1867,10.9319,0.8647,0.3872,0.5605
"TMEM151A",0.851,6.4761,1.1347,0.2565,0.4275
"CD248",-0.5523,10.1274,-1.7359,0.08258,0.1946
"RIN1",-0.9738,8.5918,-2.7466,0.006021,0.02816
"BRMS1",-0.4668,10.5352,-2.8831,0.003938,0.02041
"B4GAT1",0.3404,9.7324,1.7457,0.08087,0.1916
"SLC29A2",-0.3215,9.495,-0.9876,0.3233,0.4991
"MRPL11",-0.1586,10.2533,-0.7094,0.4781,0.6417
"PELI3",-0.6626,8.9273,-2.6297,0.008546,0.03658
"DPP3",-0.335,11.034,-1.8354,0.06645,0.1663
"CTD-3074O7.11",-0.1012,10.3986,-0.6423,0.5207,0.6782
"BBS1",-0.0248,10.225,-0.1421,0.887,0.9369
"ZDHHC24",-0.1678,9.8389,-0.7721,0.4401,0.6092
"CTSF",0.2954,10.5365,1.0433,0.2968,0.4709
"CCDC87",-0.3847,6.5885,-0.8838,0.3768,0.5514
"CCS",-0.0136,9.8507,-0.0759,0.9395,0.9664
"RBM14",-0.2644,10.8035,-1.9285,0.0538,0.1434
"RBM14-RBM4",-0.2013,11.629,-1.6776,0.09342,0.2136
"RBM4",-0.1976,11.712,-1.6552,0.09789,0.221
"RBM4B",-0.1173,9.5561,-0.8721,0.3832,0.557
"SPTBN2",-0.1319,10.0655,-0.3862,0.6993,0.8134
"C11orf80",0.056,9.265,0.2372,0.8125,0.8908
"RCE1",-0.2794,9.5822,-1.5983,0.11,0.24
"LRFN4",-0.1523,9.0734,-0.4308,0.6666,0.7899
"PC",-0.2437,9.9964,-0.7579,0.4485,0.6168
"SYT12",0.8203,7.4178,1.2366,0.2162,0.3822
"RHOD",-0.1092,9.3,-0.2748,0.7835,0.8718
"KDM2A",-0.3868,12.2719,-2.5169,0.01184,0.04684
"GRK2",-0.329,11.9399,-1.9342,0.05309,0.142
"ANKRD13D",-0.4404,10.1773,-2.0603,0.03937,0.1148
"SSH3",0.2661,10.5641,0.9847,0.3248,0.5007
"POLD4",0.5981,11.1037,2.8894,0.00386,0.02013
"AP003419.11",0.5689,10.8014,2.6759,0.007452,0.03305
"CLCF1",1.3303,8.4894,2.96,0.003076,0.01704
"RAD9A",-0.2859,10.1918,-1.5908,0.1117,0.2422
"TBC1D10C",0.0214,8.7744,0.0551,0.9561,0.9757
"PPP1CA",-0.0591,12.5398,-0.3345,0.738,0.8408
"CARNS1",0.0452,7.2823,0.0952,0.9242,0.9582
"RPS6KB2",-0.0722,10.549,-0.4275,0.669,0.7916
"PTPRCAP",-0.1721,8.9055,-0.413,0.6796,0.7988
"CORO1B",0.0919,11.9763,0.5846,0.5588,0.7082
"CABP4",3.4068,7.051,8.5625,1.104e-17,5.562e-15
"TMEM134",-0.2576,9.9842,-1.2201,0.2224,0.3897
"AIP",0.3599,10.8674,1.881,0.05998,0.1548
"PITPNM1",0.4532,10.8129,1.8475,0.06468,0.1631
"CDK2AP2",0.2981,11.0252,1.4624,0.1436,0.288
"GSTP1",-0.0226,14.3848,-0.0857,0.9317,0.9628
"NDUFV1",-0.031,11.6986,-0.1742,0.8617,0.9217
"NUDT8",-0.6735,8.1359,-2.0536,0.04001,0.1163
"ACY3",1.2358,6.8027,2.5549,0.01062,0.04315
"ALDH3B2",-1.8916,8.5235,-3.8936,9.875e-05,0.001153
"UNC93B1",0.4535,11.1347,1.6165,0.106,0.234
"ALDH3B1",2.3048,11.1076,5.515,3.487e-08,1.464e-06
"NDUFS8",0.0947,10.9651,0.4944,0.621,0.7566
"TCIRG1",0.3084,11.5701,0.9705,0.3318,0.5069
"CHKA",0.4232,9.9185,2.003,0.04518,0.1268
"KMT5B",0.154,10.8838,1.0056,0.3146,0.4899
"C11orf24",-0.0344,10.3789,-0.1616,0.8717,0.9275
"LRP5",0.4024,12.0723,1.6207,0.1051,0.2327
"PPP6R3",0.1427,11.7715,1.2518,0.2106,0.3763
"GAL",-0.8555,6.8475,-1.1157,0.2646,0.4365
"TESMIN",0.1117,7.6301,0.2581,0.7963,0.8791
"CPT1A",-0.4103,11.4178,-1.8655,0.06211,0.1587
"MRPL21",-0.0449,9.8493,-0.2226,0.8238,0.8972
"IGHMBP2",-0.154,9.3305,-0.8439,0.3987,0.5715
"MRGPRF",0.1467,8.2856,0.394,0.6936,0.8092
"TPCN2",-0.163,9.3602,-1.0063,0.3143,0.4896
"MYEOV",2.0886,7.3207,3.1922,0.001412,0.009423
"CCND1",0.1832,13.0803,0.5485,0.5834,0.728
"ORAOV1",0.1372,10.837,0.5238,0.6004,0.741
"ANO1",-0.1706,10.1551,-0.4191,0.6751,0.796
"FADD",0.1042,9.8108,0.6271,0.5306,0.6862
"PPFIA1",0.1029,11.1232,0.6965,0.4861,0.6491
"CTTN",0.2298,12.8551,1.1628,0.2449,0.415
"SHANK2",0.8623,9.8494,2.2966,0.02164,0.07392
"DHCR7",-1.1168,11.4461,-4.0952,4.218e-05,0.000569
"NADSYN1",-0.2929,10.8805,-1.4888,0.1365,0.278
"FAM86C1",-0.1963,8.3243,-1.0523,0.2927,0.4668
"RP11-849H4.2",0.0933,6.9379,0.3585,0.7199,0.8276
"RNF121",-0.015,9.7885,-0.1233,0.9018,0.9463
"IL18BP",-0.1323,11.1688,-0.8175,0.4137,0.5849
"NUMA1",0.0784,13.4032,0.3556,0.7222,0.8291
"LAMTOR1",0.1294,11.6854,0.6502,0.5155,0.6738
"LRTOMT",0.1442,9.9986,0.7486,0.4541,0.6215
"ANAPC15",-0.1529,9.7643,-0.7806,0.4351,0.6049
"FOLR3",0.7419,6.6668,1.2059,0.2279,0.3962
"FOLR1",3.6901,10.5319,6.8078,9.912e-12,1.243e-09
"FOLR2",0.5443,9.1338,1.491,0.136,0.2773
"INPPL1",0.7665,11.8788,3.3157,0.0009141,0.006737
"CLPB",-0.3287,9.255,-1.698,0.0895,0.2068
"PDE2A",0.6894,8.4787,2.4213,0.01547,0.05743
"ARAP1",-0.0082,12.2717,-0.0454,0.9638,0.9807
"STARD10",0.7712,11.2802,2.8319,0.004627,0.02288
"ATG16L2",-0.0068,9.6989,-0.0278,0.9778,0.9881
"FCHSD2",-0.0812,10.7742,-0.4723,0.6367,0.7684
"P2RY2",-0.7051,8.2514,-2.1988,0.0279,0.08912
"P2RY6",0.3973,7.9675,0.9356,0.3495,0.5244
"ARHGEF17",0.5052,10.9575,2.5419,0.01102,0.04444
"RELT",-0.5102,9.1945,-2.3084,0.02098,0.07228
"FAM168A",-0.0717,11.1038,-0.3736,0.7087,0.8196
"PLEKHB1",1.3986,9.506,2.8941,0.003803,0.01991
"RAB6A",-0.3267,12.4131,-2.2235,0.02618,0.085
"MRPL48",-0.2076,9.6183,-1.037,0.2997,0.4743
"COA4",0.0905,10.3604,0.4073,0.6838,0.8017
"PAAF1",-0.1509,9.3843,-0.8934,0.3716,0.5463
"DNAJB13",2.1994,7.2707,3.7989,0.0001454,0.001568
"UCP2",0.9356,11.7913,2.5475,0.01085,0.04392
"UCP3",0.0329,6.874,0.1075,0.9144,0.9528
"C2CD3",0.0778,10.2374,0.3907,0.696,0.8111
"PPME1",-0.5401,11.0118,-2.7907,0.005259,0.02531
"P4HA3",0.0904,8.0411,0.3657,0.7146,0.8237
"PGM2L1",0.103,9.6203,0.277,0.7818,0.8706
"KCNE3",-0.1227,9.4862,-0.3638,0.716,0.8248
"LIPT2",-0.3034,7.0714,-1.1552,0.248,0.4186
"POLD3",-0.1066,9.8506,-0.7289,0.4661,0.6313
"CHRDL2",0.1184,6.9175,0.2411,0.8094,0.8889
"RNF169",-0.0649,10.3908,-0.4181,0.6759,0.7965
"XRRA1",0.1638,10.0261,1.1237,0.2612,0.4329
"SPCS2",0.071,10.4948,0.3923,0.6948,0.8102
"NEU3",0.0667,9.1422,0.3281,0.7428,0.8444
"SLCO2B1",0.2302,11.4526,0.6095,0.5422,0.6947
"TPBGL",-0.0376,6.74,-0.0872,0.9305,0.9619
"ARRB1",1.688,10.3636,6.1908,5.986e-10,4.383e-08
"RPS3",0.3802,14.5902,1.4306,0.1525,0.3004
"KLHL35",1.3328,7.3354,4.4275,9.534e-06,0.0001722
"GDPD5",0.4268,8.9741,1.3704,0.1706,0.3254
"SERPINH1",-0.5316,12.814,-2.2712,0.02314,0.07751
"MAP6",0.8619,8.3201,2.3129,0.02073,0.07161
"DGAT2",-0.6909,8.9482,-1.915,0.05549,0.1464
"UVRAG",-0.6155,10.1454,-3.5523,0.0003819,0.003413
"WNT11",0.0199,7.6591,0.0363,0.971,0.9841
"THAP12",-0.0454,10.7754,-0.2451,0.8064,0.887
"RP11-111M22.2",0.0126,7.1129,0.033,0.9737,0.9857
"EMSY",-0.2235,9.694,-1.3214,0.1864,0.3463
"LRRC32",0.1843,10.7796,0.7042,0.4813,0.6448
"TSKU",-0.482,11.0193,-1.3445,0.1788,0.3364
"ACER3",-0.6201,10.4046,-3.2403,0.001194,0.008277
"B3GNT6",5.1441,6.6364,6.1123,9.823e-10,6.637e-08
"CAPN5",1.6885,9.6303,3.544,0.0003941,0.003497
"MYO7A",0.3691,8.5461,1.2552,0.2094,0.3747
"PAK1",-0.687,11.3527,-2.3442,0.01907,0.06725
"AQP11",0.3647,6.9444,1.0822,0.2792,0.453
"CLNS1A",-0.2213,11.1847,-1.1986,0.2307,0.3993
"RSF1",0.0811,11.0403,0.4338,0.6644,0.7885
"AAMDC",0.356,8.9304,1.9398,0.05241,0.1406
"INTS4",0.0519,9.8278,0.3611,0.7181,0.8263
"KCTD14",1.4326,8.4709,3.8434,0.0001213,0.001357
"NDUFC2-KCTD14",0.2746,10.9476,1.5037,0.1327,0.2729
"NDUFC2",0.2377,11.3494,1.2962,0.1949,0.3571
"ALG8",0.2276,10.1202,1.0917,0.275,0.4484
"KCTD21",0.5344,9.1124,2.5969,0.009407,0.03937
"USP35",0.031,8.4589,0.1578,0.8746,0.9294
"GAB2",1.3267,10.5638,4.8514,1.226e-06,3.064e-05
"NARS2",0.4277,9.543,2.2254,0.02605,0.08467
"TENM4",-1.7485,9.0287,-5.0371,4.726e-07,1.376e-05
"FAM181B",-4.6564,6.494,-7.6854,1.525e-14,4.224e-12
"DDIAS",-1.1475,8.47,-3.8617,0.0001126,0.001283
"PRCP",-0.6012,11.7721,-2.6652,0.007694,0.03378
"RAB30",-0.9446,9.4182,-3.6731,0.0002396,0.00234
"PCF11",0.1817,10.6307,1.0755,0.2821,0.4561
"ANKRD42",0.3378,9.1199,1.8827,0.05974,0.1545
"CCDC90B",0.0863,10.0341,0.4304,0.6669,0.7901
"DLG2",-0.3685,7.7561,-1.277,0.2016,0.3655
"TMEM126B",0.9408,9.9001,3.4224,0.0006207,0.004945
"TMEM126A",0.3417,9.0796,1.4748,0.1403,0.2831
"CREBZF",0.1428,10.8108,0.8977,0.3694,0.5441
"CCDC89",0.463,6.7334,1.051,0.2933,0.4674
"SYTL2",1.5532,9.7315,4.9023,9.471e-07,2.493e-05
"PICALM",0.0058,12.6511,0.0324,0.9742,0.9858
"EED",-0.0505,9.4728,-0.2899,0.7719,0.8643
"HIKESHI",-0.0609,9.4326,-0.3453,0.7299,0.8348
"CCDC81",1.456,6.8594,2.9014,0.003715,0.0196
"ME3",1.4171,8.325,4.7079,2.503e-06,5.569e-05
"PRSS23",0.0989,11.9732,0.358,0.7203,0.8279
"FZD4",0.8495,10.5891,2.3474,0.01891,0.06684
"TMEM135",0.8429,9.6451,3.8067,0.0001408,0.001531
"RAB38",-0.8944,8.8288,-2.1352,0.03274,0.1004
"CTSC",-0.3317,13.2221,-1.347,0.178,0.3353
"GRM5",0.5583,6.2947,0.7813,0.4347,0.6046
"NOX4",-0.1309,7.7756,-0.3483,0.7276,0.8332
"NAALAD2",1.3064,7.0683,3.3799,0.000725,0.005623
"CHORDC1",-0.2879,9.6697,-1.3817,0.1671,0.3209
"FAT3",-0.0865,7.529,-0.1677,0.8668,0.9248
"SLC36A4",1.4563,9.2287,4.8162,1.463e-06,3.56e-05
"DEUP1",1.135,6.5651,1.5801,0.1141,0.2457
"SMCO4",0.6846,9.5537,3.1252,0.001777,0.01117
"CEP295",-0.0029,9.3653,-0.0132,0.9895,0.9943
"C11orf54",1.2991,10.1362,5.826,5.676e-09,3.057e-07
"TAF1D",0.0521,10.774,0.2503,0.8024,0.8839
"RP11-606E8.2",0.4109,10.303,2.8209,0.004789,0.02353
"MED17",0.0548,10.0366,0.4335,0.6647,0.7886
"VSTM5",-1.2334,6.6325,-2.8072,0.004998,0.02429
"HEPHL1",-5.2846,6.6382,-8.2229,1.987e-16,8.053e-14
"PANX1",-0.6513,9.7755,-3.5401,4e-04,0.003534
"MRE11",-0.1348,9.864,-0.9304,0.3522,0.5269
"ANKRD49",0.2972,9.0288,1.4921,0.1357,0.2769
"C11orf97",2.813,6.2393,2.8517,0.004349,0.02192
"FUT4",-0.6137,9.0306,-1.893,0.05836,0.152
"PIWIL4",-0.7474,8.0201,-2.3355,0.01952,0.06836
"AMOTL1",-0.9201,11.4394,-3.0882,0.002014,0.01237
"CWC15",0.0328,10.5146,0.1867,0.8519,0.9159
"KDM4D",-0.6711,6.9893,-2.9014,0.003715,0.0196
"SRSF8",0.1769,10.7702,1.2557,0.2092,0.3745
"ENDOD1",-0.3836,11.0077,-1.2967,0.1947,0.357
"SESN3",-1.8962,11.5062,-5.3062,1.119e-07,3.966e-06
"FAM76B",-0.0881,9.1977,-0.5506,0.5819,0.727
"CEP57",-0.0014,10.4675,-0.0092,0.9927,0.9959
"MTMR2",-0.2635,10.6687,-1.5211,0.1282,0.2669
"MAML2",-0.2979,10.1857,-1.1313,0.2579,0.4292
"CCDC82",0.0031,9.782,0.0216,0.9828,0.9907
"JRKL",-0.2338,9.2496,-1.4501,0.147,0.2928
"CNTN5",-0.9426,6.8018,-1.7287,0.08386,0.1969
"ARHGAP42",0.9049,9.1285,2.9419,0.003262,0.01783
"TMEM133",0.8216,8.1984,2.6458,0.008149,0.03528
"PGR",0.5747,7.5874,1.5325,0.1254,0.2633
"TRPC6",1.773,9.0702,4.7258,2.292e-06,5.189e-05
"CEP126",1.4345,8.436,4.2938,1.756e-05,0.0002794
"C11orf70",0.9379,7.624,2.0202,0.04336,0.1231
"YAP1",-0.0037,12.3122,-0.0189,0.985,0.9918
"BIRC3",0.7558,11.0657,1.5013,0.1333,0.2737
"BIRC2",-0.0524,11.035,-0.2826,0.7775,0.8676
"TMEM123",-0.4327,13.5602,-2.2376,0.02525,0.08276
"MMP7",0.1388,9.9186,0.2332,0.8156,0.8926
"MMP10",-3.9878,8.4149,-4.8899,1.009e-06,2.62e-05
"MMP1",0.5057,9.5689,0.6333,0.5265,0.6832
"MMP3",-2.7478,6.8849,-3.8447,0.0001207,0.001352
"MMP12",-1.5866,9.2356,-2.5559,0.01059,0.04309
"MMP13",0.1091,8.1391,0.1288,0.8975,0.9433
"DCUN1D5",-0.571,9.7335,-2.9688,0.00299,0.0167
"DYNC2H1",0.5352,9.2103,1.365,0.1723,0.3278
"PDGFD",0.5742,8.7399,1.2868,0.1982,0.3608
"CASP4",0.4774,11.2199,1.5955,0.1106,0.2406
"CASP5",-0.7974,6.5677,-1.9163,0.05532,0.1461
"CASP1",-0.3623,10.1731,-1.096,0.2731,0.4467
"CARD16",0.0116,9.1506,0.0412,0.9671,0.9818
"MSANTD4",0.4274,9.4954,2.0511,0.04026,0.1167
"KBTBD3",1.1243,8.2079,4.388,1.144e-05,0.0001985
"AASDHPPT",-0.0081,10.4635,-0.0628,0.9499,0.9723
"GUCY1A2",1.0605,9.303,3.2138,0.00131,0.008853
"CWF19L2",0.0714,9.409,0.461,0.6448,0.7744
"ALKBH8",0.0907,8.6167,0.5846,0.5588,0.7082
"ELMOD1",1.8277,6.3609,3.1391,0.001695,0.01076
"SLN",0.3594,6.2006,0.5482,0.5835,0.7281
"SLC35F2",-0.0159,10.0592,-0.0517,0.9588,0.9774
"RAB39A",-0.2104,6.6453,-0.4443,0.6569,0.7835
"CUL5",0.1543,10.5517,1.1589,0.2465,0.4167
"ACAT1",0.2674,10.5541,1.5024,0.133,0.2733
"NPAT",-0.2714,9.7548,-1.8134,0.06977,0.1725
"ATM",0.2125,10.7177,0.9511,0.3415,0.5161
"C11orf65",-0.0812,6.7886,-0.3858,0.6997,0.8135
"KDELC2",-0.5295,10.7775,-2.5798,0.009887,0.04089
"EXPH5",0.7047,9.717,1.831,0.0671,0.1676
"DDX10",-0.4438,9.8648,-2.0356,0.04179,0.1197
"ZC3H12C",0.1049,9.6052,0.408,0.6833,0.8016
"RDX",0.5628,12.0889,1.9638,0.04955,0.1352
"FDX1",0.3672,10.0534,1.3398,0.1803,0.3385
"ARHGAP20",1.6525,8.162,3.7636,0.0001675,0.001759
"C11orf53",-0.0348,6.3656,-0.0398,0.9682,0.9825
"COLCA2",-0.0819,8.036,-0.1659,0.8682,0.9254
"POU2AF1",-1.3227,9.1042,-2.8361,0.004567,0.02269
"C11orf88",1.5631,7.2355,2.178,0.0294,0.09262
"LAYN",-1.1678,9.1219,-2.8935,0.00381,0.01994
"SIK2",0.1992,11.1154,1.0533,0.2922,0.4664
"PPP2R1B",0.417,10.3431,1.7704,0.07666,0.1845
"ALG9",-0.0027,9.6889,-0.0221,0.9824,0.9907
"RP11-108O10.8",0.074,9.4317,0.589,0.5558,0.7058
"FDXACB1",-0.1166,7.7752,-0.4998,0.6173,0.7535
"C11orf1",0.3588,8.8575,1.2302,0.2186,0.385
"HSPB2",0.1651,7.808,0.6315,0.5277,0.6842
"CRYAB",-2.4778,9.8612,-6.2417,4.328e-10,3.33e-08
"HSPB2-C11orf52",1.3546,9.1116,5.1978,2.017e-07,6.625e-06
"C11orf52",1.6389,8.6984,5.1895,2.108e-07,6.843e-06
"DIXDC1",0.7247,9.4355,3.1967,0.00139,0.009298
"DLAT",0.5566,10.737,3.346,0.00082,0.006207
"PIH1D2",1.2945,7.5633,4.3384,1.435e-05,0.0002392
"C11orf57",0.2993,10.1724,1.8332,0.06678,0.1669
"TIMM8B",0.5195,9.8773,1.7511,0.07993,0.1902
"SDHD",0.0928,11.2693,0.4201,0.6744,0.7956
"IL18",0.4074,9.5127,1.1038,0.2697,0.4426
"BCO2",0.0834,7.2424,0.1798,0.8573,0.9188
"PTS",0.0427,9.1501,0.1781,0.8586,0.9197
"NCAM1",0.4846,7.8497,0.999,0.3178,0.4934
"TTC12",0.2988,8.8944,1.3305,0.1833,0.3423
"ANKK1",-1.0071,6.6662,-1.908,0.05639,0.148
"DRD2",0.4513,6.3439,0.6418,0.521,0.6784
"TMPRSS5",-0.4372,6.2474,-0.9592,0.3374,0.5119
"ZW10",-0.3006,9.5773,-1.8417,0.06551,0.1645
"USP28",-0.641,10.0621,-3.4211,0.0006236,0.004961
"HTR3A",1.1847,6.7588,1.5989,0.1098,0.2398
"ZBTB16",1.679,7.6247,2.638,0.00834,0.0359
"NNMT",1.4727,11.5547,3.4553,0.0005497,0.004521
"C11orf71",0.5489,8.8218,2.2507,0.02441,0.08066
"RBM7",0.4495,10.2596,2.4193,0.01555,0.05763
"RP11-212D19.4",0.3709,8.9811,1.9953,0.04601,0.1285
"REXO2",0.2839,10.5926,1.4004,0.1614,0.313
"CADM1",0.8193,11.6006,2.3315,0.01973,0.06892
"BUD13",-0.1271,9.6322,-0.9658,0.3341,0.5087
"ZPR1",0.147,10.5023,0.9115,0.362,0.5366
"APOA1",0.9472,6.2902,1.9672,0.04916,0.1344
"SIK3",0.0014,10.4945,0.0079,0.9937,0.9965
"PAFAH1B2",-0.0689,11.9251,-0.454,0.6498,0.7786
"SIDT2",-0.3038,11.1202,-1.5043,0.1325,0.2727
"TAGLN",0.2954,12.927,1.0275,0.3042,0.4789
"PCSK7",0.1332,12.2129,0.652,0.5144,0.6728
"RNF214",0.0212,9.8219,0.211,0.8328,0.904
"BACE1",-0.2713,10.7381,-1.56,0.1188,0.2532
"CEP164",-0.1579,9.8658,-0.8427,0.3994,0.5722
"DSCAML1",0.3012,7.0789,0.476,0.6341,0.7664
"FXYD2",0.2012,7.014,0.4074,0.6837,0.8017
"FXYD6-FXYD2",-0.6284,8.7617,-1.7606,0.0783,0.1874
"FXYD6",-0.8177,10.7348,-2.2782,0.02271,0.07654
"TMPRSS13",0.2005,9.7932,0.5892,0.5557,0.7058
"IL10RA",-0.1522,10.3164,-0.411,0.6811,0.8
"TMPRSS4-AS1",-0.3304,6.2152,-0.7297,0.4656,0.6309
"TMPRSS4",-1.8258,10.35,-3.3319,0.0008626,0.006434
"SCN4B",-0.074,8.638,-0.1872,0.8515,0.9157
"SCN2B",-0.0308,6.9908,-0.0698,0.9444,0.9692
"JAML",0.4337,9.5991,1.0919,0.2749,0.4484
"MPZL3",0.6566,9.887,2.6455,0.008158,0.0353
"MPZL2",-0.4801,12.0363,-1.4297,0.1528,0.3009
"CD3E",-0.6499,9.2569,-1.5983,0.11,0.24
"CD3D",0.2674,8.174,0.5554,0.5786,0.7244
"CD3G",-0.3156,7.9187,-0.7242,0.469,0.6338
"UBE4A",0.1442,11.2396,0.959,0.3376,0.512
"ATP5L",0.4442,11.8767,1.7182,0.08576,0.2005
"KMT2A",-0.1383,11.3762,-0.7772,0.437,0.6065
"TMEM25",0.0434,9.3597,0.1666,0.8677,0.9253
"IFT46",0.0059,9.7019,0.026,0.9793,0.989
"ARCN1",0.0658,12.6694,0.4167,0.6769,0.7972
"PHLDB1",0.1097,11.1108,0.4463,0.6554,0.7824
"TREH",0.0968,9.1597,0.4149,0.6782,0.798
"DDX6",-0.1932,12.3848,-1.3201,0.1868,0.3469
"CXCR5",-0.2559,10.5648,-0.958,0.3381,0.5125
"BCL9L",-0.1287,11.8773,-0.4781,0.6326,0.7652
"UPK2",0.7714,6.8149,1.5885,0.1122,0.243
"CCDC84",-0.1949,9.1532,-0.8237,0.4101,0.5815
"RPS25",0.2283,12.6742,0.949,0.3426,0.5172
"TRAPPC4",0.0904,10.6654,0.4479,0.6542,0.7815
"SLC37A4",0.036,10.0498,0.2152,0.8296,0.9017
"HYOU1",-0.8284,12.9214,-3.5896,0.0003311,0.003052
"VPS11",0.1807,10.7806,1.2895,0.1972,0.3596
"HMBS",-0.0946,9.6226,-0.3916,0.6954,0.8106
"H2AFX",-0.8748,10.1887,-3.6902,0.0002241,0.002221
"DPAGT1",-0.1862,10.562,-0.7919,0.4284,0.5988
"C2CD2L",0.3487,9.5505,2.1277,0.03336,0.1018
"HINFP",-0.0977,9.3772,-0.6312,0.5279,0.6843
"NLRX1",-0.281,9.8301,-1.5341,0.125,0.2627
"CCDC153",1.0693,7.2505,2.5917,0.009549,0.03983
"CBL",-0.5287,10.5832,-2.8832,0.003937,0.02041
"MCAM",-0.5314,11.5266,-1.8469,0.06476,0.1632
"RNF26",-0.5315,10.8245,-2.7456,0.006039,0.02819
"C1QTNF5",0.2385,9.5205,0.9868,0.3237,0.4996
"MFRP",0.2368,9.511,0.9792,0.3275,0.5031
"USP2",0.3492,7.8304,0.8206,0.4119,0.583
"THY1",-0.6142,11.3016,-1.7788,0.07527,0.182
"NECTIN1",-3.6475,11.2741,-9.8018,1.106e-22,1.839e-19
"TRIM29",-2.1156,11.0019,-3.2893,0.001004,0.007208
"OAF",-1.1595,9.5256,-3.809,0.0001395,0.00152
"POU2F3",-0.0746,7.9201,-0.2089,0.8345,0.9047
"TMEM136",0.4058,8.3559,1.9093,0.05622,0.1477
"ARHGEF12",0.1337,12.8256,0.6851,0.4933,0.6556
"GRIK4",-0.0012,6.9282,-0.003,0.9976,0.9987
"TBCEL",-0.0817,9.8209,-0.4591,0.6462,0.7756
"TECTA",-0.409,6.7951,-1.303,0.1926,0.3544
"SC5D",-0.2758,10.8564,-0.9809,0.3267,0.5025
"SORL1",-0.4918,11.9248,-1.2384,0.2156,0.3815
"UBASH3B",-0.5249,9.5211,-1.6242,0.1043,0.2316
"CRTAM",-0.1549,7.192,-0.3793,0.7045,0.8168
"C11orf63",0.6144,8.1044,2.1826,0.02906,0.09186
"HSPA8",0.0672,14.9618,0.3807,0.7034,0.8162
"CLMP",-0.3085,9.2881,-0.6078,0.5433,0.6955
"GRAMD1B",1.9337,8.6097,3.3666,0.000761,0.005842
"SCN3B",0.6776,7.0635,1.2777,0.2013,0.3651
"ZNF202",-0.2822,8.9046,-2.1105,0.03481,0.1049
"VWA5A",1.128,10.3822,4.8561,1.197e-06,3.019e-05
"TBRG1",0.2342,10.3996,1.7146,0.08641,0.2017
"SIAE",0.747,10.9398,3.1873,0.001436,0.009509
"SPA17",0.9862,8.762,3.4222,0.0006212,0.004947
"NRGN",1.0744,9.2783,2.4055,0.01615,0.05929
"VSIG2",2.1952,8.9845,4.3788,1.193e-05,0.0002044
"ESAM",0.5684,10.5307,2.1224,0.0338,0.1029
"MSANTD2",0.0411,8.5788,0.2226,0.8239,0.8972
"ROBO3",-0.3932,8.2482,-0.9992,0.3177,0.4933
"ROBO4",0.6089,9.9926,1.9582,0.05021,0.1364
"CCDC15",-0.0105,7.4708,-0.0399,0.9681,0.9825
"SLC37A2",-1.2213,9.2571,-3.768,0.0001645,0.001736
"TMEM218",0.4841,9.2731,2.6978,0.006979,0.03144
"PKNOX2",0.3145,7.9973,0.9613,0.3364,0.5111
"FEZ1",-1.462,9.2508,-5.5553,2.772e-08,1.203e-06
"EI24",-0.2454,12.0737,-1.7833,0.07453,0.1807
"STT3A",-0.1474,12.3932,-0.8391,0.4014,0.5736
"CHEK1",-0.5241,8.9937,-1.8331,0.06679,0.167
"HYLS1",-0.1076,8.0898,-0.4088,0.6827,0.8011
"PUS3",0.169,8.8156,0.9723,0.3309,0.5063
"DDX25",-1.2272,6.4974,-1.5903,0.1118,0.2424
"CDON",-1.6949,9.2437,-3.8687,0.0001094,0.001252
"RPUSD4",0.0117,9.6312,0.0833,0.9336,0.9634
"FAM118B",0.3507,9.7864,1.5642,0.1178,0.2517
"SRPRA",0.0078,12.752,0.043,0.9657,0.9813
"FOXRED1",-0.177,9.6819,-1.1421,0.2534,0.4244
"TIRAP",0.6153,8.5764,3.0078,0.002632,0.0152
"DCPS",0.0563,9.377,0.276,0.7826,0.871
"ST3GAL4",0.7586,10.3324,2.0636,0.03905,0.1143
"KIRREL3",-1.2312,6.5655,-2.2363,0.02533,0.08287
"ETS1",-0.4109,11.8681,-1.4935,0.1353,0.2765
"FLI1",-0.2357,9.8406,-0.8061,0.4202,0.591
"KCNJ1",0.0738,6.3665,0.1048,0.9165,0.954
"C11orf45",-0.7844,7.6884,-2.5529,0.01068,0.04334
"KCNJ5",-1.4615,8.7555,-2.9858,0.002828,0.01605
"TP53AIP1",-3.7874,6.7953,-4.8802,1.06e-06,2.731e-05
"ARHGAP32",0.0161,10.7419,0.0613,0.9511,0.9726
"BARX2",0.4326,7.6734,0.6913,0.4894,0.6522
"TMEM45B",2.173,9.5141,6.2781,3.427e-10,2.792e-08
"NFRKB",-0.1381,10.2959,-0.8691,0.3848,0.5585
"PRDM10",-0.2339,8.9411,-1.9919,0.04639,0.1292
"APLP2",0.4584,15.0047,1.8397,0.06581,0.165
"ST14",-0.3322,12.7552,-1.2843,0.199,0.3621
"ZBTB44",-0.0332,11.0257,-0.1668,0.8675,0.9253
"ADAMTS8",1.5839,8.3313,3.1166,0.001829,0.01144
"ADAMTS15",0.3395,8.419,0.7543,0.4507,0.6185
"SNX19",-0.034,11.4551,-0.1873,0.8514,0.9157
"NTM",-0.8176,9.4344,-1.489,0.1365,0.278
"IGSF9B",-0.0273,7.1513,-0.0444,0.9646,0.981
"JAM3",-0.5497,10.0025,-1.7142,0.0865,0.2019
"NCAPD3",-0.1685,10.4955,-0.7483,0.4543,0.6216
"VPS26B",0.0757,10.9407,0.5317,0.595,0.7362
"THYN1",0.6655,10.0023,3.2123,0.001317,0.008895
"ACAD8",0.4356,9.9472,1.3147,0.1886,0.3493
"GLB1L3",3.7492,6.7713,4.89,1.009e-06,2.62e-05
"GLB1L2",1.1645,9.091,2.4289,0.01514,0.05659
"B3GAT1",1.9746,6.8893,3.9676,7.261e-05,0.0008946
"IQSEC3",-0.5274,7.6893,-1.018,0.3087,0.4835
"SLC6A12",0.0116,7.4012,0.0343,0.9727,0.9853
"SLC6A13",-1.0454,6.5026,-1.9978,0.04574,0.128
"KDM5A",-0.3422,11.4404,-1.9952,0.04602,0.1285
"CCDC77",-0.5161,8.7084,-2.7129,0.00667,0.03035
"B4GALNT3",-0.3823,10.3492,-0.9224,0.3563,0.5308
"NINJ2",1.8185,9.034,4.8131,1.486e-06,3.596e-05
"WNK1",0.1445,13.2588,0.695,0.4871,0.6499
"RAD52",-0.4402,8.4712,-2.6524,0.007991,0.03475
"ERC1",-0.3914,11.1077,-2.0623,0.03918,0.1144
"FBXL14",-0.0754,8.951,-0.3567,0.7213,0.8286
"WNT5B",-0.9552,8.6235,-2.1532,0.0313,0.09718
"ADIPOR2",-0.7928,11.9288,-3.7003,0.0002153,0.002156
"CACNA2D4",0.3353,7.462,1.3796,0.1677,0.3219
"DCP1B",-0.036,8.9296,-0.1475,0.8828,0.9345
"CACNA1C",0.2771,8.773,1.0817,0.2794,0.4531
"FKBP4",-0.5546,11.7927,-1.8449,0.06506,0.1637
"NRIP2",-1.022,7.5781,-3.3459,0.0008203,0.006207
"RP4-816N1.8",-0.1308,6.2431,-0.3264,0.7442,0.8454
"ITFG2",-0.8704,10.4739,-4.6778,2.9e-06,6.333e-05
"FOXM1",-1.1721,10.1321,-3.0576,0.002231,0.01339
"RHNO1",-0.5136,10.145,-2.7668,0.00566,0.02677
"TULP3",-0.5894,10.1258,-3.5193,0.0004327,0.003745
"TEAD4",-0.4661,9.205,-1.5559,0.1197,0.2546
"TSPAN9",-1.017,11.2528,-4.5737,4.793e-06,9.731e-05
"PRMT8",1.6764,6.581,2.235,0.02542,0.08307
"CRACR2A",-0.1457,7.9109,-0.4452,0.6562,0.7831
"PARP11",-1.2293,8.9393,-5.5023,3.749e-08,1.546e-06
"CCND2",-1.6509,11.0607,-3.9076,9.32e-05,0.001099
"TIGAR",-0.2354,9.146,-1.2351,0.2168,0.3828
"C12orf4",-0.3044,9.5521,-1.6783,0.09329,0.2134
"RAD51AP1",-0.929,8.6259,-2.7087,0.006755,0.03064
"DYRK4",0.0772,9.1743,0.3859,0.6995,0.8134
"AKAP3",-0.1427,6.8388,-0.381,0.7032,0.8161
"RP11-500M8.7",-0.1833,9.8451,-0.8126,0.4165,0.5875
"NDUFA9",-0.2662,11.0529,-1.1615,0.2454,0.4154
"RP11-234B24.6",-0.318,10.0004,-1.3563,0.175,0.3313
"KCNA6",-1.3949,6.232,-2.3415,0.01921,0.06762
"GALNT8",-0.6711,6.7244,-1.111,0.2666,0.4388
"KCNA5",0.4341,6.691,0.9093,0.3632,0.5379
"NTF3",-1.3995,6.9663,-2.7601,0.005779,0.02721
"ANO2",-0.5626,6.9119,-1.4885,0.1366,0.2781
"VWF",0.2206,12.9794,0.6894,0.4906,0.6531
"CD9",-2.0896,14.0652,-7.5077,6.017e-14,1.493e-11
"PLEKHG6",-1.2375,8.7477,-3.2377,0.001205,0.008342
"TNFRSF1A",-0.0817,12.4562,-0.3015,0.763,0.8584
"SCNN1A",0.8914,12.3434,2.0433,0.04102,0.1182
"LTBR",-0.6568,12.3852,-2.2758,0.02286,0.07688
"CD27",-0.656,8.7265,-1.7939,0.07283,0.1776
"TAPBPL",-0.5377,10.4417,-1.8682,0.06174,0.158
"VAMP1",-0.8026,8.4399,-3.2384,0.001202,0.008325
"MRPL51",-0.3624,11.3618,-1.8626,0.06251,0.1593
"NCAPD2",-1.0477,11.7429,-4.0413,5.316e-05,0.0006925
"GAPDH",-0.8155,15.8418,-2.8512,0.004356,0.02195
"IFFO1",-0.0771,8.7048,-0.2658,0.7904,0.876
"NOP2",-0.708,10.5754,-2.7821,0.005401,0.02578
"CHD4",-0.3216,13.1067,-1.8824,0.05978,0.1545
"LPAR5",-1.2661,8.2311,-3.7211,0.0001984,0.002021
"ACRBP",-0.1094,7.3136,-0.4011,0.6883,0.8047
"ING4",-0.1167,9.9887,-0.4423,0.6583,0.784
"ZNF384",-0.6498,10.9852,-3.1577,0.00159,0.01025
"PIANP",-1.2015,6.7123,-2.2165,0.02666,0.08603
"COPS7A",-0.5706,11.5172,-2.834,0.004597,0.02282
"MLF2",-0.6704,12.6167,-3.0217,0.002514,0.0147
"PTMS",-0.9255,12.6812,-4.2335,2.301e-05,0.0003486
"LAG3",-0.9093,8.0556,-2.0549,0.03989,0.116
"CD4",-0.0907,11.639,-0.2881,0.7733,0.865
"GPR162",0.9632,7.9946,2.2372,0.02527,0.0828
"P3H3",-0.8488,9.469,-2.7273,0.006385,0.02934
"GNB3",-0.9356,6.9573,-2.7204,0.006519,0.02982
"CDCA3",-1.1091,8.5763,-3.1726,0.001511,0.009865
"USP5",-0.5881,11.7801,-3.3585,0.0007838,0.005973
"TPI1",-0.4375,13.6722,-1.8792,0.06021,0.1551
"SPSB2",0.6745,9.2066,2.9696,0.002982,0.01667
"LRRC23",0.6411,9.3094,1.9122,0.05585,0.1471
"ENO2",-0.3926,11.0808,-1.1754,0.2398,0.4095
"ATN1",-0.8563,12.7733,-3.4139,0.0006405,0.005072
"C12orf57",0.292,11.2505,1.0297,0.3031,0.4779
"PTPN6",-0.1769,11.4195,-1.057,0.2905,0.4648
"PHB2",-0.2583,12.5213,-1.042,0.2974,0.4717
"EMG1",-0.6173,11.871,-3.2292,0.001241,0.008539
"LPCAT3",-0.9398,11.6374,-4.9186,8.717e-07,2.325e-05
"C1S",-0.7135,13.5501,-1.9605,0.04994,0.1359
"C1R",-1.0115,13.4932,-3.0392,0.002372,0.01398
"C1RL",-0.3896,12.3015,-1.3734,0.1696,0.3245
"RBP5",-0.3236,7.7401,-0.7674,0.4428,0.6116
"CLSTN3",-0.4235,11.1631,-1.7563,0.07904,0.1886
"PEX5",-0.4883,10.785,-3.1893,0.001426,0.009476
"CD163L1",0.4256,8.3543,1.2514,0.2108,0.3764
"CD163",0.3848,11.3639,1.0836,0.2785,0.4523
"SLC2A14",0.0768,7.8607,0.2086,0.8348,0.9048
"SLC2A3",0.0604,11.4635,0.1646,0.8692,0.926
"FOXJ2",-0.4673,10.4924,-2.7475,0.006005,0.02811
"C3AR1",0.1781,9.5503,0.52,0.6031,0.7427
"NECAP1",0.2133,10.6046,1.1988,0.2306,0.3993
"CLEC4A",0.4554,8.7867,1.8747,0.06083,0.1562
"RP11-266K4.16",0.2847,6.6472,0.7034,0.4818,0.6452
"FAM90A1",-0.5785,6.8923,-1.1413,0.2537,0.4248
"CLEC6A",-0.1715,6.4473,-0.2842,0.7763,0.8668
"CLEC4D",-0.2257,6.436,-0.4268,0.6695,0.7919
"CLEC4E",-0.0925,7.9256,-0.2021,0.8399,0.9081
"AICDA",-0.5468,6.2145,-0.846,0.3975,0.5704
"MFAP5",0.1702,8.1263,0.2962,0.7671,0.8609
"RIMKLB",1.1569,10.2763,2.9395,0.003287,0.01793
"A2ML1",-7.4969,7.7179,-12.9172,3.601e-38,2.992e-34
"PHC1",-0.3648,10.136,-2.763,0.005727,0.02702
"M6PR",-0.4283,11.9189,-2.8103,0.00495,0.02411
"KLRG1",0.4277,7.0458,1.237,0.2161,0.3821
"A2M",0.9925,15.0399,3.0601,0.002213,0.0133
"PZP",2.0151,7.7671,4.8496,1.237e-06,3.079e-05
"RP11-726G1.1",-1.8223,6.6276,-3.078,0.002084,0.01271
"KLRB1",0.6869,7.7153,1.4693,0.1418,0.2853
"CLEC2D",-0.1086,9.734,-0.537,0.5913,0.7336
"CLECL1",0.5888,6.4548,1.1194,0.263,0.435
"CD69",0.9137,8.7897,2.1084,0.035,0.1053
"KLRF1",1.9203,6.8113,4.2147,2.501e-05,0.0003755
"CLEC2B",-0.5075,9.1943,-1.1301,0.2584,0.4298
"CLEC12A",0.211,8.0174,0.4741,0.6355,0.7677
"CLEC1B",2.4348,6.2492,3.7401,0.0001839,0.001897
"CLEC12B",1.0033,6.1743,1.427,0.1536,0.302
"CLEC9A",0.568,6.4284,0.9177,0.3588,0.5335
"CLEC1A",-2.5317,8.0159,-5.0762,3.851e-07,1.155e-05
"CLEC7A",-1.0395,9.7138,-2.4492,0.01432,0.05424
"OLR1",-0.9249,10.2869,-1.7747,0.07594,0.1833
"TMEM52B",-0.6507,7.0296,-1.619,0.1054,0.2332
"GABARAPL1",0.3523,11.7076,1.0854,0.2777,0.4515
"KLRD1",0.2019,7.9412,0.5402,0.589,0.7324
"KLRK1",-0.1713,8.1878,-0.4782,0.6325,0.7652
"KLRC4",0.8747,6.3891,1.891,0.05863,0.1524
"KLRC4-KLRK1",-0.1189,8.1852,-0.3289,0.7422,0.844
"KLRC3",1.0102,6.4115,1.7826,0.07464,0.1809
"RP11-277P12.6",0.8956,6.5329,1.6266,0.1038,0.2309
"KLRC2",0.2755,6.5993,0.5362,0.5918,0.7341
"KLRC1",0.4362,6.7734,0.8281,0.4076,0.5792
"EIF2S3L",0.1841,9.9131,0.7889,0.4302,0.6005
"MAGOHB",-0.4138,9.1324,-1.9633,0.04961,0.1352
"STYK1",-0.1472,8.3422,-0.462,0.6441,0.7738
"YBX3",-1.1147,12.6634,-4.3477,1.376e-05,0.0002308
"TAS2R20",-0.3957,6.3964,-1.1461,0.2518,0.4227
"PRH1",-0.3967,7.6617,-1.9507,0.0511,0.1382
"TAS2R14",-0.461,7.8617,-2.5376,0.01116,0.04485
"PRH1-PRR4",-0.997,8.1667,-3.9668,7.283e-05,0.0008966
"PRR4",-1.0879,8.1766,-4.2876,1.806e-05,0.0002856
"SMIM10L1",-0.6767,9.9305,-4.0749,4.602e-05,0.0006119
"PRB3",-0.3126,6.4208,-0.6308,0.5282,0.6845
"ETV6",-0.9328,11.0242,-4.1885,2.808e-05,0.000412
"BCL2L14",-0.5878,7.23,-1.1983,0.2308,0.3993
"LRP6",-0.3532,10.8844,-1.4181,0.1562,0.3059
"MANSC1",-1e-04,10.3585,-3e-04,0.9998,0.9999
"BORCS5",0.0755,8.8348,0.3364,0.7366,0.8396
"DUSP16",0.2826,11.2996,1.0506,0.2935,0.4676
"CREBL2",0.4977,11.2779,2.9718,0.002961,0.0166
"GPR19",-0.7294,6.6584,-1.6664,0.09563,0.2172
"CDKN1B",0.1424,11.2673,0.9863,0.324,0.4998
"APOLD1",-0.3037,11.6001,-1.7006,0.08901,0.206
"DDX47",-0.4417,11.0113,-2.673,0.007517,0.03325
"GPRC5A",1.2732,13.7631,2.5035,0.0123,0.04824
"GPRC5D",-1.8772,7.0787,-4.2963,1.737e-05,0.0002781
"HEBP1",-0.2315,10.5425,-1.0746,0.2826,0.4565
"FAM234B",-1.0607,9.1307,-3.4481,0.0005645,0.004597
"EMP1",-1.1528,12.4453,-3.8489,0.0001187,0.001334
"ATF7IP",-0.3353,11.571,-1.8632,0.06244,0.1592
"PLBD1",-0.0257,11.1445,-0.0661,0.9473,0.971
"GUCY2C",1.1482,6.8936,2.9827,0.002857,0.01618
"HIST4H4",0.0066,6.9622,0.0182,0.9855,0.992
"H2AFJ",0.3514,10.3922,1.1583,0.2468,0.4169
"WBP11",-0.4019,11.7319,-1.9088,0.05629,0.1478
"SMCO3",0.643,6.6565,1.5187,0.1288,0.2677
"ART4",0.438,7.2736,0.7879,0.4308,0.601
"MGP",1.2615,12.4674,3.3328,0.0008597,0.006417
"C12orf60",1.1256,9.9315,3.2435,0.001181,0.008208
"ERP27",1.6991,8.4034,3.2371,0.001208,0.008355
"ARHGDIB",0.6993,12.4643,2.2748,0.02292,0.07703
"RERG",0.5031,8.9325,1.3541,0.1757,0.332
"PTPRO",-0.169,8.5219,-0.4684,0.6395,0.7704
"EPS8",0.92,11.5819,2.9511,0.003166,0.01742
"STRAP",-0.2586,12.0257,-1.0502,0.2936,0.4676
"DERA",0.4695,10.6631,1.8762,0.06063,0.1558
"MGST1",1.6635,12.2413,3.5998,0.0003184,0.002965
"LMO3",3.7611,10.0848,6.7223,1.789e-11,2.115e-09
"RERGL",0.8986,6.4311,1.2655,0.2057,0.3705
"PIK3C2G",-0.4537,6.647,-0.6994,0.4843,0.6475
"PLEKHA5",-0.3272,10.6277,-1.6132,0.1067,0.2351
"AEBP2",-0.5575,10.5612,-3.3833,0.0007163,0.005563
"PDE3A",0.9973,8.9363,1.8037,0.07127,0.175
"SLCO1C1",0.0472,6.23,0.1106,0.9119,0.9518
"SLCO1B3",0.9744,6.7318,0.9531,0.3405,0.5153
"RP11-545J16.1",1.1011,6.6044,1.0503,0.2936,0.4676
"SLCO1A2",-1.9056,7.8679,-2.8852,0.003912,0.02033
"PYROXD1",0.0791,10.4582,0.4157,0.6776,0.7976
"RECQL",-0.1835,10.9375,-1.1013,0.2708,0.444
"GOLT1B",0.2446,10.9191,0.9366,0.3489,0.524
"SPX",1.4057,7.1113,1.7794,0.07517,0.1818
"LDHB",0.2437,13.6326,1.0827,0.2789,0.4528
"KCNJ8",0.659,9.1294,2.6844,0.007266,0.03243
"ABCC9",0.7283,9.1937,2.9281,0.00341,0.01844
"CMAS",-0.3226,10.4679,-1.4179,0.1562,0.3059
"ST8SIA1",-0.934,7.948,-2.1004,0.0357,0.107
"C2CD5",-0.1362,10.4322,-0.9793,0.3274,0.5031
"ETNK1",0.5277,11.2732,2.8857,0.003905,0.02032
"SOX5",-1.1234,7.7119,-3.1428,0.001673,0.01069
"BCAT1",-1.0723,10.6418,-3.0987,0.001943,0.01202
"LRMP",-0.8597,8.5429,-2.0818,0.03737,0.1105
"CASC1",1.2696,7.0679,2.1944,0.02821,0.08994
"ETFRF1",0.4942,9.527,2.6228,0.00872,0.03709
"KRAS",-0.2112,11.1648,-1.0112,0.3119,0.4868
"RASSF8",0.3543,9.916,1.0302,0.3029,0.4778
"BHLHE41",-1.055,9.6314,-3.0753,0.002103,0.01279
"SSPN",-0.4453,9.4496,-1.3822,0.1669,0.3207
"ITPR2",0.7956,10.2124,2.4633,0.01377,0.0527
"INTS13",-0.4597,9.7193,-2.2009,0.02774,0.08868
"FGFR1OP2",-0.1851,10.3776,-1.1841,0.2364,0.4054
"TM7SF3",-0.3625,11.6827,-1.6505,0.09884,0.2225
"MED21",-0.5211,10.2019,-2.7515,0.005933,0.02782
"STK38L",-1.2251,10.7595,-4.6728,2.972e-06,6.456e-05
"ARNTL2",-1.4717,9.9118,-3.992,6.551e-05,0.0008209
"SMCO2",-1.4553,6.2582,-3.1631,0.001561,0.01012
"PPFIBP1",-0.7444,11.3019,-3.2223,0.001272,0.008667
"REP15",0.2049,6.736,0.5166,0.6055,0.7444
"MRPS35",0.3035,10.9127,1.2793,0.2008,0.3643
"KLHL42",-0.7433,10.2773,-4.038,5.391e-05,0.0006994
"PTHLH",-3.4303,8.5409,-5.7845,7.272e-09,3.789e-07
"CCDC91",-0.2827,9.9853,-1.8407,0.06567,0.1648
"FAR2",0.5533,9.4132,2.6548,0.007937,0.03455
"ERGIC2",0.1121,10.8802,0.5888,0.556,0.7059
"OVCH1",0.5305,6.6654,0.8658,0.3866,0.56
"TMTC1",-1.1348,10.0211,-2.5272,0.0115,0.04578
"IPO8",-0.1794,11.105,-1.1322,0.2576,0.4287
"CAPRIN2",-0.8524,9.3942,-3.848,0.0001191,0.001336
"TSPAN11",-0.681,8.6789,-1.5452,0.1223,0.2586
"DDX11",-0.7307,9.6562,-1.9441,0.05189,0.1397
"OVOS2",-2.3769,6.7214,-4.7196,2.364e-06,5.319e-05
"FAM60A",-0.2467,11.3045,-1.2965,0.1948,0.357
"DENND5B",0.4362,8.8446,1.6541,0.0981,0.2213
"ETFBKMT",0.37,8.5003,2.3017,0.02135,0.07321
"AMN1",0.1217,8.6348,0.589,0.5558,0.7058
"H3F3C",-0.435,9.9918,-2.161,0.0307,0.09578
"KIAA1551",-0.3892,10.7277,-2.1759,0.02957,0.09302
"BICD1",-0.668,9.2057,-2.9714,0.002964,0.0166
"FGD4",1.1134,9.9223,4.3001,1.707e-05,0.0002749
"DNM1L",-0.512,11.2211,-3.4047,0.0006624,0.005212
"YARS2",-0.2802,9.2995,-1.4906,0.1361,0.2775
"PKP2",-0.6956,9.1403,-1.2979,0.1943,0.3568
"ALG10",-0.5589,8.0603,-2.948,0.003198,0.01756
"ALG10B",-0.0731,9.0207,-0.3772,0.706,0.8176
"CPNE8",0.0122,9.5323,0.0453,0.9639,0.9807
"KIF21A",-0.1366,10.2328,-0.4153,0.6779,0.7978
"ABCD2",0.2711,6.9548,0.572,0.5673,0.7154
"SLC2A13",0.7969,9.1482,2.7848,0.005357,0.02564
"LRRK2",1.2299,10.9332,2.4456,0.01446,0.05466
"CNTN1",-1.0069,9.154,-1.9857,0.04706,0.1305
"PDZRN4",-2.3505,6.681,-3.7374,0.0001859,0.001915
"GXYLT1",0.1787,9.7819,0.9186,0.3583,0.533
"YAF2",0.0993,9.1548,0.6203,0.5351,0.6897
"ZCRB1",-0.2106,10.3902,-1.3893,0.1647,0.3177
"PPHLN1",-0.0774,10.7212,-0.7179,0.4728,0.6371
"PRICKLE1",-0.1733,8.9203,-0.5874,0.5569,0.7067
"ADAMTS20",-2.0948,6.4841,-2.3016,0.02136,0.07321
"PUS7L",0.1693,9.586,1.1368,0.2556,0.4267
"IRAK4",-0.2046,9.7379,-1.1937,0.2326,0.401
"TWF1",-0.1075,11.0949,-0.6077,0.5434,0.6955
"TMEM117",-1.4765,8.1498,-5.3897,7.056e-08,2.641e-06
"NELL2",-2.1437,8.8791,-4.1737,2.997e-05,0.0004335
"ANO6",0.3141,11.8381,1.9874,0.04688,0.1302
"ARID2",-0.287,10.2864,-1.9827,0.0474,0.1312
"SCAF11",-0.0218,11.9757,-0.1975,0.8435,0.9106
"SLC38A1",-0.361,11.9021,-1.3862,0.1657,0.3189
"SLC38A2",-0.1578,12.9796,-0.7357,0.4619,0.6282
"SLC38A4",-0.8397,6.8753,-1.7673,0.07718,0.1853
"AMIGO2",1.7641,10.4633,5.4164,6.081e-08,2.313e-06
"PCED1B",0.8303,9.039,2.8375,0.004547,0.02263
"RPAP3",-0.0656,10.0471,-0.509,0.6107,0.7489
"ENDOU",-1.6207,6.3204,-3.6602,0.000252,0.002441
"RAPGEF3",0.8373,9.0616,2.5818,0.009828,0.04071
"SLC48A1",-0.1904,10.3948,-1.0094,0.3128,0.4878
"HDAC7",0.0017,11.7011,0.0087,0.993,0.996
"VDR",0.202,10.2728,0.6748,0.4998,0.6606
"TMEM106C",0.5247,11.0836,2.1399,0.03236,0.09959
"COL2A1",-1.9339,6.4678,-2.7498,0.005964,0.02794
"SENP1",-0.3176,9.7871,-2.1131,0.03459,0.1045
"PFKM",0.1593,10.7693,0.7357,0.4619,0.6282
"ASB8",0.3254,10.0752,2.6873,0.007203,0.03224
"CCDC184",-0.4877,7.0461,-1.0283,0.3038,0.4785
"ZNF641",-0.06,9.9223,-0.3753,0.7075,0.8186
"ANP32D",0.0264,6.7329,0.1182,0.9059,0.9484
"C12orf54",-4.5611,6.5503,-8.3061,9.892e-17,4.326e-14
"KANSL2",-0.0067,10.0282,-0.0433,0.9654,0.9813
"CCNT1",-0.0923,10.5098,-0.665,0.5061,0.6664
"ADCY6",1.0796,10.6368,5.4443,5.201e-08,2.015e-06
"CACNB3",0.9291,9.585,3.7548,0.0001734,0.001806
"DDX23",0.2647,12.0071,2.0755,0.03794,0.1118
"RND1",1.2997,8.9931,2.42,0.01552,0.05754
"FKBP11",0.2277,10.0569,0.6799,0.4965,0.6581
"CCDC65",0.7232,7.4603,1.5516,0.1207,0.2564
"AC073610.5",0.1443,9.6121,0.7849,0.4325,0.6026
"RP11-302B13.5",0.0073,10.6675,0.0501,0.96,0.9782
"ARF3",-0.0926,13.141,-0.6247,0.5322,0.6875
"WNT10B",-1.9899,6.7535,-4.4526,8.482e-06,0.0001573
"DDN",-0.6904,6.4371,-1.2658,0.2056,0.3704
"PRKAG1",-0.013,10.8908,-0.0877,0.9301,0.9616
"KMT2D",0.1593,11.9367,0.6798,0.4966,0.6582
"RHEBL1",0.003,7.0517,0.0081,0.9936,0.9964
"LMBR1L",0.2922,9.7481,1.7568,0.07894,0.1885
"TUBA1B",-0.2747,14.7123,-1.4506,0.1469,0.2926
"TUBA1A",0.2003,13.2589,1.0116,0.3117,0.4866
"TUBA1C",-0.5198,13.9249,-2.8974,0.003763,0.01977
"PRPH",1.1672,6.5401,1.916,0.05536,0.1461
"TROAP",-0.5847,8.6764,-1.5123,0.1305,0.2701
"DNAJC22",2.2189,7.447,4.0101,6.069e-05,0.0007688
"SPATS2",-0.3694,10.0631,-1.8809,0.05999,0.1548
"KCNH3",-0.4356,7.1006,-0.682,0.4952,0.6572
"MCRS1",0.0057,10.8515,0.0451,0.964,0.9808
"FAM186B",-0.1076,6.6205,-0.3405,0.7335,0.8372
"PRPF40B",-0.0833,10.025,-0.4645,0.6423,0.7725
"FMNL3",-0.3819,11.1179,-2.3397,0.0193,0.06786
"TMBIM6",0.3933,15.0832,2.3083,0.02098,0.07229
"NCKAP5L",-0.2799,10.0743,-1.6565,0.09763,0.2206
"BCDIN3D",0.2486,8.5062,1.5888,0.1121,0.2429
"FAIM2",1.5267,7.1015,3.1407,0.001685,0.01074
"AQP5",2.6895,8.1594,4.1471,3.367e-05,0.0004738
"RACGAP1",-0.1491,10.1675,-0.597,0.5505,0.7018
"ASIC1",-0.6093,7.6341,-1.422,0.155,0.3042
"SMARCD1",-0.629,11.0659,-4.2332,2.304e-05,0.0003488
"GPD1",1.2165,8.4188,2.6216,0.008751,0.03716
"COX14",0.7326,10.2086,3.5023,0.0004612,0.003957
"CERS5",-0.1002,10.4052,-0.7897,0.4297,0.6
"LIMA1",-0.9255,11.8452,-3.614,0.0003015,0.002843
"FAM186A",0.3459,6.2218,0.9605,0.3368,0.5113
"LARP4",0.1172,11.0717,0.7211,0.4708,0.6355
"DIP2B",-0.6939,11.2534,-3.3937,0.0006895,0.005398
"ATF1",0.3421,9.9909,1.8529,0.0639,0.1616
"METTL7A",0.0629,11.4648,0.1898,0.8495,0.9142
"SLC11A2",0.3819,11.2626,1.9557,0.0505,0.137
"LETMD1",0.3349,10.5878,1.5855,0.1129,0.244
"CSRNP2",0.1339,10.2564,0.9917,0.3213,0.4971
"TFCP2",-0.344,10.6061,-2.551,0.01074,0.04356
"POU6F1",0.094,8.4563,0.4365,0.6625,0.7869
"SMAGP",-0.1154,9.5276,-0.3804,0.7037,0.8164
"DAZAP2",0.1464,13.4431,0.8692,0.3847,0.5584
"BIN2",-0.0635,8.9938,-0.1871,0.8516,0.9157
"GALNT6",-0.2617,10.0627,-0.6743,0.5001,0.6608
"SLC4A8",0.618,8.0118,1.1972,0.2312,0.3998
"SCN8A",-0.3417,7.5548,-0.6883,0.4912,0.6537
"FIGNL2",0.6745,6.8072,1.6996,0.0892,0.2063
"ACVRL1",0.1647,10.6003,0.6482,0.5168,0.6749
"ACVR1B",-0.1477,10.7833,-0.6241,0.5326,0.6877
"GRASP",0.2824,8.9122,0.8516,0.3944,0.5673
"NR4A1",0.9818,12.3074,1.8792,0.06021,0.1551
"ATG101",-0.0477,10.5893,-0.2997,0.7644,0.859
"KRT80",0.4739,9.8822,1.0478,0.2947,0.4686
"KRT7",1.718,12.8623,2.7435,0.006078,0.0283
"KRT81",0.9804,6.9625,1.8466,0.0648,0.1633
"KRT86",0.6505,7.0615,1.5432,0.1228,0.2593
"KRT75",-4.4993,6.4296,-5.5264,3.268e-08,1.382e-06
"KRT6B",-3.6215,8.7428,-4.4484,8.65e-06,0.0001597
"KRT6C",-3.3201,8.6093,-3.6816,0.0002318,0.002287
"KRT6A",-2.5451,10.8756,-2.9183,0.003519,0.01886
"KRT5",-5.583,11.3481,-6.4856,8.838e-11,8.442e-09
"KRT1",-3.1529,6.8216,-5.3259,1.005e-07,3.622e-06
"KRT3",-1.2814,6.181,-2.057,0.03968,0.1155
"KRT4",-1.0801,9.1043,-1.6975,0.0896,0.207
"KRT79",-3.5389,6.5608,-5.9844,2.172e-09,1.313e-07
"KRT78",-2.5489,6.5338,-3.9644,7.358e-05,0.0009052
"KRT8",0.695,14.1845,2.0423,0.04112,0.1184
"KRT18",0.9021,13.4205,2.4856,0.01293,0.05031
"EIF4B",0.1895,13.312,0.989,0.3226,0.4984
"TNS2",0.5403,11.2038,2.3176,0.02047,0.07097
"SPRYD3",0.1075,11.1464,0.5589,0.5762,0.7224
"IGFBP6",0.1825,8.7343,0.432,0.6657,0.7893
"CSAD",-0.3138,8.8693,-1.1645,0.2442,0.4142
"ZNF740",-0.2322,10.7094,-1.7812,0.07487,0.1815
"ITGB7",-0.2537,9.2255,-0.7366,0.4614,0.6277
"RARG",-1.4148,10.5344,-5.4748,4.38e-08,1.763e-06
"MFSD5",-0.0728,10.2751,-0.4325,0.6654,0.7891
"ESPL1",-0.1809,8.7443,-0.4638,0.6428,0.7729
"PFDN5",0.4718,12.781,2.2718,0.0231,0.07745
"C12orf10",0.1312,10.1215,0.7801,0.4353,0.6052
"AAAS",0.0255,10.286,0.1335,0.8938,0.9411
"SP1",-0.1789,12.0089,-1.3134,0.189,0.3499
"PRR13",0.6259,11.7812,3.0155,0.002565,0.01491
"PCBP2",0.0163,13.9018,0.0856,0.9318,0.9628
"MAP3K12",0.073,10.906,0.3702,0.7112,0.8214
"TARBP2",0.1846,9.859,0.9895,0.3224,0.4982
"NPFF",-0.3558,6.6285,-1.275,0.2023,0.366
"RP11-793H13.10",0.2255,8.843,1.5367,0.1244,0.2617
"ATF7",0.051,11.2256,0.3519,0.7249,0.8314
"ATP5G2",0.4022,12.5669,1.6755,0.09384,0.2144
"CALCOCO1",0.4523,11.4773,2.8399,0.004513,0.02252
"HOXC13",-0.1138,6.6681,-0.133,0.8942,0.9413
"HOXC11",1.6484,6.4406,1.7256,0.08441,0.1979
"HOXC10",1.3704,6.7498,1.2973,0.1945,0.3569
"HOXC9",0.257,6.7301,0.3868,0.6989,0.8132
"HOXC8",-1.8084,6.7377,-3.2995,0.0009686,0.007033
"HOXC6",-0.4574,7.387,-0.8965,0.37,0.5449
"RP11-834C11.12",1.017,6.4042,1.6022,0.1091,0.2386
"HOXC5",0.643,6.4919,1.1174,0.2638,0.4357
"HOXC4",-0.1906,7.1194,-0.3848,0.7004,0.814
"SMUG1",0.3619,9.9628,2.0628,0.03913,0.1144
"CBX5",0.1464,11.9082,0.5373,0.5911,0.7335
"HNRNPA1",-0.1769,12.2195,-1.2608,0.2074,0.3725
"NFE2",2.1765,7.3927,4.3969,1.098e-05,0.0001925
"COPZ1",0.34,12.4696,1.8946,0.05814,0.1515
"GPR84",-0.4572,7.0492,-1.15,0.2501,0.4211
"ZNF385A",-1.2503,10.7533,-4.4227,9.749e-06,0.0001754
"ITGA5",-0.2275,12.074,-0.6456,0.5186,0.6764
"GTSF1",1.808,6.9217,2.2931,0.02184,0.07435
"NCKAP1L",0.0969,10.6608,0.2898,0.772,0.8643
"PDE1B",0.2509,8.0219,0.9324,0.3511,0.5259
"PPP1R1A",0.9953,6.9261,3.1455,0.001658,0.01061
"MUCL1",-0.9492,6.7155,-0.9357,0.3494,0.5244
"TESPA1",-0.288,7.5963,-0.7455,0.456,0.6229
"METTL7B",1.5731,7.8315,3.5778,0.0003465,0.003164
"ITGA7",0.4393,8.4926,1.6024,0.1091,0.2385
"BLOC1S1",0.6165,10.726,3.4725,0.0005157,0.004309
"RP11-644F5.10",0.6511,10.4053,3.9315,8.443e-05,0.001013
"RDH5",0.7851,7.4721,3.2243,0.001263,0.008626
"CD63",0.9315,14.3446,4.2786,1.881e-05,0.0002949
"GDF11",-0.3549,9.1796,-1.6045,0.1086,0.2378
"SARNP",0.1673,10.2341,0.8982,0.3691,0.5438
"ORMDL2",0.3599,10.9052,1.9313,0.05345,0.1427
"RP11-762I7.5",0.1634,11.0696,1.0593,0.2895,0.4637
"DNAJC14",-0.0435,11.0249,-0.3265,0.744,0.8454
"MMP19",-0.8092,10.1045,-2.5397,0.01109,0.04463
"PYM1",0.2068,10.0479,1.2475,0.2122,0.378
"DGKA",-1.1523,10.2662,-4.6082,4.062e-06,8.45e-05
"CDK2",-0.2653,10.2899,-1.4121,0.1579,0.3084
"PMEL",0.4834,7.788,2.5645,0.01033,0.0423
"RAB5B",-0.044,12.7458,-0.3088,0.7575,0.8541
"SUOX",0.4552,9.87,3.0276,0.002465,0.01446
"IKZF4",0.0281,8.9959,0.1359,0.8919,0.9396
"RPS26",-0.1398,7.5886,-0.6405,0.5218,0.6792
"ERBB3",1.6423,12.2583,5.8085,6.305e-09,3.359e-07
"RP11-603J24.9",-0.0106,9.4905,-0.0608,0.9516,0.9726
"PA2G4",-0.0956,11.7738,-0.5128,0.6081,0.7466
"RPL41",0.6085,11.5332,2.5753,0.01002,0.04131
"ZC3H10",0.1721,8.8198,1.237,0.2161,0.3821
"ESYT1",-0.1443,12.2329,-1.1296,0.2586,0.43
"MYL6B",0.7048,12.0962,3.5303,0.0004151,0.003637
"MYL6",0.7369,14.6515,3.4289,0.0006059,0.004851
"SMARCC2",0.2101,11.8006,1.1985,0.2307,0.3993
"RNF41",0.2855,10.8596,2.0646,0.03896,0.1141
"NABP2",0.1682,9.9924,0.8726,0.3829,0.5569
"ANKRD52",0.0401,10.9874,0.1755,0.8607,0.921
"COQ10A",0.5102,8.3053,2.6808,0.007345,0.03268
"CS",-0.0508,12.3902,-0.2343,0.8147,0.8921
"RP11-977G19.10",0.5035,10.9661,2.5874,0.00967,0.04018
"CNPY2",0.4979,11.1306,2.5469,0.01087,0.04398
"PAN2",-0.0469,10.1908,-0.2669,0.7896,0.8754
"IL23A",-0.3414,7.1514,-0.7635,0.4452,0.6135
"STAT2",-0.3065,12.0972,-1.8026,0.07146,0.1753
"TIMELESS",-0.2749,10.45,-1.0777,0.2812,0.455
"MIP",0.3617,6.825,1.5206,0.1284,0.267
"SPRYD4",0.1696,9.6576,0.8956,0.3705,0.5452
"GLS2",0.2466,8.1216,0.614,0.5392,0.6925
"RBMS2",0.5783,11.1677,2.708,0.006769,0.03069
"BAZ2A",0.1528,12.2304,0.8398,0.401,0.5734
"ATP5B",0.3484,14.1343,1.3327,0.1826,0.3415
"PTGES3",-0.0039,13.1008,-0.0202,0.9839,0.9912
"NACA",0.0677,13.7758,0.3341,0.7383,0.841
"PRIM1",0.2127,8.5972,0.8215,0.4114,0.5825
"HSD17B6",1.7325,9.4185,4.6834,2.822e-06,6.179e-05
"RDH16",-1.8277,6.7966,-4.0151,5.942e-05,0.0007538
"GPR182",0.3779,6.4874,0.8613,0.3891,0.5623
"ZBTB39",-0.3839,9.0116,-1.9098,0.05616,0.1476
"MYO1A",2.0389,6.6295,4.2585,2.058e-05,0.0003184
"NEMP1",-0.935,10.1987,-4.2868,1.813e-05,0.0002864
"NAB2",-0.4889,10.408,-1.9725,0.04855,0.1332
"STAT6",0.0924,12.8223,0.6319,0.5274,0.684
"LRP1",-0.0475,13.9459,-0.1972,0.8437,0.9108
"NXPH4",-0.7595,7.6811,-1.1836,0.2366,0.4057
"SHMT2",-0.2404,11.5198,-1.0439,0.2965,0.4706
"NDUFA4L2",-1.5721,10.2249,-3.2714,0.00107,0.007559
"STAC3",-0.1238,7.8812,-0.5202,0.603,0.7427
"RP11-123K3.4",-0.121,10.1762,-0.6163,0.5377,0.6914
"R3HDM2",-0.0982,11.1852,-0.544,0.5864,0.7305
"INHBE",-0.965,6.533,-2.048,0.04056,0.1173
"GLI1",-1.1441,7.3707,-2.7645,0.005702,0.02693
"ARHGAP9",-0.3097,8.8687,-0.9287,0.3531,0.5277
"MARS",-0.0431,11.856,-0.295,0.768,0.8616
"DDIT3",-0.1074,9.5472,-0.4787,0.6322,0.765
"MBD6",0.0231,11.2489,0.0987,0.9213,0.9572
"DCTN2",0.1467,11.8993,1.0215,0.307,0.4816
"KIF5A",0.4355,6.7682,0.6717,0.5018,0.6623
"PIP4K2C",0.2932,11.2196,1.635,0.102,0.228
"DTX3",-0.1164,9.7793,-0.4422,0.6583,0.784
"ARHGEF25",-0.1971,9.0319,-0.8105,0.4176,0.5886
"SLC26A10",-0.5705,7.5134,-1.2082,0.227,0.3949
"B4GALNT1",-0.2708,8.3342,-0.5698,0.5688,0.7166
"OS9",0.1037,13.63,0.7105,0.4774,0.641
"AGAP2",-0.0791,8.8506,-0.3112,0.7557,0.8529
"TSPAN31",0.1597,11.8134,1.0405,0.2981,0.4724
"CDK4",-0.3259,12.0137,-2.0673,0.03871,0.1136
"MARCH9",0.1724,9.5927,0.9114,0.3621,0.5366
"CYP27B1",-0.1851,7.8752,-0.6941,0.4876,0.6505
"METTL1",-0.0644,9.2924,-0.3629,0.7166,0.8252
"METTL21B",0.3696,8.8448,2.0986,0.03585,0.1073
"RP11-571M6.15",0.383,8.3031,2.3368,0.01945,0.0682
"TSFM",0.1683,9.9192,1.0295,0.3032,0.478
"AVIL",-0.2627,7.9468,-0.7293,0.4658,0.6312
"CTDSP2",-0.207,13.2017,-1.3769,0.1685,0.323
"ATP23",-0.5292,8.1856,-2.8469,0.004415,0.02214
"LRIG3",0.2658,10.474,0.6769,0.4985,0.6595
"SLC16A7",1.3363,9.2371,3.0751,0.002104,0.01279
"FAM19A2",0.8524,6.8136,2.8782,0.004,0.02063
"USP15",0.0507,10.7815,0.3493,0.7269,0.8324
"MON2",0.1764,10.5823,1.2177,0.2234,0.3904
"PPM1H",0.6276,9.6168,1.5439,0.1226,0.2591
"AVPR1A",0.8334,7.1507,2.0843,0.03713,0.1101
"DPY19L2",0.6069,6.9182,1.2982,0.1942,0.3567
"TMEM5",0.0597,9.2497,0.3795,0.7043,0.8168
"SRGAP1",-0.4118,9.6396,-1.52,0.1285,0.2672
"C12orf66",-0.2849,8.7075,-1.7298,0.08367,0.1966
"C12orf56",-1.9075,7.0158,-2.6796,0.007371,0.03276
"XPOT",-0.8244,11.583,-5.0039,5.617e-07,1.593e-05
"TBK1",-0.1232,10.0758,-0.7467,0.4553,0.6225
"RASSF3",0.5379,10.8687,2.4258,0.01527,0.05696
"GNS",0.3261,13.0216,2.1447,0.03198,0.0987
"TBC1D30",0.9193,8.9759,2.9422,0.003259,0.01782
"WIF1",-1.4173,9.4706,-1.6529,0.09835,0.2218
"LEMD3",-0.2289,10.3061,-1.3359,0.1816,0.34
"MSRB3",-0.0314,10.2443,-0.1139,0.9093,0.9504
"HMGA2",-1.7017,7.6496,-2.1958,0.0281,0.08969
"LLPH",-0.3168,9.6863,-2.0831,0.03724,0.1103
"RP11-745O10.4",0.838,10.9385,4.4311,9.377e-06,0.0001707
"TMBIM4",1.0658,11.3377,5.0025,5.661e-07,1.603e-05
"IRAK3",0.7042,9.9441,2.0262,0.04275,0.1217
"HELB",-0.3448,8.6067,-1.5472,0.1218,0.2579
"GRIP1",-0.159,7.7033,-0.4059,0.6848,0.8025
"CAND1",-0.4157,12.1205,-3.0189,0.002537,0.0148
"DYRK2",-0.3421,10.2954,-2.2414,0.025,0.08219
"IFNG",-0.9166,6.4616,-1.5244,0.1274,0.2657
"MDM1",-0.0761,8.8293,-0.3931,0.6942,0.8097
"RAP1B",-0.4033,11.141,-2.1888,0.02861,0.09079
"NUP107",-0.4128,10.4546,-2.5758,0.01,0.04128
"SLC35E3",-0.1732,9.5839,-0.8528,0.3938,0.5667
"MDM2",0.4592,11.9326,1.6328,0.1025,0.2289
"CPM",1.1465,11.9382,2.654,0.007954,0.03461
"CPSF6",-0.1437,11.3202,-1.0741,0.2828,0.4567
"LYZ",1.0314,13.7215,2.2197,0.02644,0.08556
"YEATS4",-0.2477,9.2938,-1.1716,0.2413,0.4111
"FRS2",-0.4563,10.1455,-2.7886,0.005293,0.02543
"CCT2",-0.2928,12.107,-1.5053,0.1323,0.2724
"RAB3IP",0.1688,10.2475,0.7309,0.4648,0.6303
"AC025263.3",-0.0462,7.5043,-0.1847,0.8535,0.9169
"MYRFL",0.4501,6.2465,0.9225,0.3562,0.5308
"CNOT2",-0.2803,11.1176,-1.9907,0.04651,0.1294
"KCNMB4",0.6955,8.7881,1.5206,0.1284,0.267
"PTPRB",0.5639,10.7253,2.0152,0.04388,0.1242
"PTPRR",0.3594,7.058,0.8109,0.4174,0.5884
"TSPAN8",2.7411,9.5546,4.3986,1.09e-05,0.0001917
"LGR5",-2.107,7.9203,-2.761,0.005763,0.02715
"ZFC3H1",-0.0171,10.2702,-0.1021,0.9187,0.9554
"THAP2",0.0903,8.5856,0.4616,0.6444,0.774
"RP11-293I14.2",-0.4786,8.6854,-2.6757,0.007458,0.03306
"TMEM19",-0.5655,10.6134,-3.183,0.001457,0.009608
"RAB21",-0.5697,11.4496,-3.1139,0.001846,0.01151
"TBC1D15",-0.0546,10.785,-0.356,0.7218,0.8291
"TRHDE",1.0978,7.1371,1.8598,0.06291,0.1599
"ATXN7L3B",-0.0507,12.1325,-0.2888,0.7727,0.8647
"CAPS2",0.7931,7.7712,2.5422,0.01102,0.04443
"GLIPR1L2",-0.3812,6.6029,-1.0081,0.3134,0.4885
"GLIPR1",-0.3561,10.7165,-1.9255,0.05417,0.144
"KRR1",-0.452,11.0462,-2.8797,0.003981,0.02055
"PHLDA1",-1.1359,11.5851,-2.9808,0.002875,0.01624
"NAP1L1",-0.307,13.2443,-1.8037,0.07128,0.175
"BBS10",-0.0072,9.3451,-0.0355,0.9717,0.9847
"OSBPL8",-0.21,11.3585,-1.0461,0.2955,0.4695
"ZDHHC17",0.0274,9.9603,0.1594,0.8734,0.9285
"CSRP2",-2.0929,9.1759,-7.5031,6.231e-14,1.518e-11
"E2F7",-1.3561,7.8934,-3.0013,0.002688,0.01544
"NAV3",0.6849,7.7223,2.0525,0.04012,0.1165
"SYT1",-0.3236,8.0845,-0.6542,0.513,0.6719
"PAWR",-0.13,11.0575,-0.7032,0.4819,0.6453
"PPP1R12A",-0.1045,11.2679,-0.8077,0.4193,0.5903
"OTOGL",1.4603,6.33,2.5962,0.009427,0.03942
"PTPRQ",-1.9348,7.2638,-3.802,0.0001435,0.001552
"LIN7A",0.3779,8.2213,1.1982,0.2309,0.3994
"ACSS3",0.7279,8.8654,3.0575,0.002232,0.01339
"PPFIA2",1.1492,6.9042,3.016,0.002561,0.0149
"CCDC59",-0.1853,9.7192,-0.998,0.3183,0.4941
"METTL25",0.0587,8.1666,0.3227,0.747,0.8471
"TMTC2",-0.7296,10.2437,-2.814,0.004893,0.02392
"SLC6A15",-1.914,6.9445,-1.9137,0.05566,0.1467
"TSPAN19",2.3037,6.597,2.5848,0.009745,0.04044
"LRRIQ1",1.6068,7.3663,2.6353,0.008406,0.03613
"RASSF9",-0.1505,9.4765,-0.2965,0.7668,0.8607
"NTS",0.7426,8.4613,0.7004,0.4837,0.6469
"MGAT4C",-1.3935,6.4173,-1.9798,0.04772,0.1318
"C12orf29",-0.0125,9.4601,-0.061,0.9514,0.9726
"CEP290",-0.115,9.5759,-0.7121,0.4764,0.64
"TMTC3",-1.1628,10.5606,-6.641,3.117e-11,3.405e-09
"KITLG",-0.3668,11.439,-1.1752,0.2399,0.4095
"DUSP6",1.4364,12.0005,3.7163,0.0002022,0.002051
"GALNT4",1.0673,9.8361,3.3299,0.0008687,0.006474
"POC1B",0.5494,9.5966,2.8688,0.004121,0.02107
"POC1B-GALNT4",1.0474,9.8506,3.3371,0.0008466,0.006353
"ATP2B1",-0.7876,11.2486,-2.467,0.01362,0.05228
"EPYC",-1.4551,6.1472,-2.1469,0.0318,0.0983
"LUM",0.3681,13.8055,1.0998,0.2714,0.4449
"DCN",0.354,13.8479,0.9686,0.3327,0.5076
"BTG1",-0.301,12.7714,-1.4295,0.1529,0.3009
"C12orf74",1.5568,6.4074,2.2746,0.02293,0.07704
"PLEKHG7",1.3235,7.2144,2.0504,0.04032,0.1169
"EEA1",-0.1515,10.3627,-0.7779,0.4366,0.6062
"NUDT4",-0.5308,11.251,-2.2803,0.02259,0.07622
"UBE2N",-0.2214,11.5763,-1.2944,0.1955,0.3576
"MRPL42",-0.1906,10.7565,-1.3546,0.1755,0.3318
"SOCS2",-1.2395,9.6028,-3.431,0.0006013,0.004819
"CRADD",0.2523,8.5347,1.2382,0.2156,0.3816
"PLXNC1",0.4068,10.1052,1.3512,0.1766,0.3333
"CEP83",-0.0934,8.8002,-0.501,0.6164,0.7531
"TMCC3",-0.3659,9.5735,-1.3148,0.1886,0.3493
"NDUFA12",0.1588,10.1985,0.8159,0.4146,0.5856
"NR2C1",0.0364,9.4455,0.2638,0.7919,0.8768
"FGD6",-0.1504,10.6279,-0.5845,0.5589,0.7082
"VEZT",0.2672,11.3557,1.7678,0.0771,0.1852
"METAP2",-0.2075,11.5928,-1.542,0.1231,0.2598
"USP44",1.7715,7.8415,4.0481,5.163e-05,0.0006751
"NTN4",0.81,10.7911,2.3253,0.02006,0.06977
"SNRPF",-0.3909,9.9553,-1.9539,0.05071,0.1374
"AMDHD1",1.8529,6.7277,3.7702,0.0001631,0.001723
"HAL",2.709,7.3973,4.0609,4.888e-05,0.0006432
"LTA4H",0.8682,12.524,4.1248,3.711e-05,0.0005113
"ELK3",0.1362,11.2288,0.6969,0.4859,0.6489
"CDK17",-0.0825,10.2679,-0.5308,0.5956,0.7368
"CFAP54",1.0325,7.3415,1.8028,0.07142,0.1753
"NEDD1",-1.4054,9.9541,-4.8127,1.489e-06,3.596e-05
"TMPO",-0.046,11.8043,-0.2153,0.8295,0.9017
"SLC25A3",0.0487,13.2551,0.293,0.7695,0.8627
"IKBIP",-0.084,9.453,-0.414,0.6789,0.7983
"APAF1",0.733,9.7193,4.0256,5.684e-05,0.0007295
"ANKS1B",0.7743,8.134,4.1455,3.391e-05,0.0004755
"UHRF1BP1L",0.2096,9.5935,1.3495,0.1772,0.3341
"ACTR6",0.091,9.7241,0.5325,0.5944,0.736
"DEPDC4",0.0526,6.5859,0.2241,0.8227,0.8969
"SCYL2",-0.0511,11.1367,-0.4167,0.6769,0.7972
"NR1H4",6.4744,6.2321,6.9175,4.596e-12,6.261e-10
"GAS2L3",0.4925,8.4055,1.5918,0.1114,0.2419
"ANO4",-0.1153,6.5935,-0.2097,0.8339,0.9043
"SLC5A8",1.057,7.2855,1.4902,0.1362,0.2776
"UTP20",0.1815,10.1888,1.0561,0.2909,0.4652
"ARL1",0.4697,11.6238,2.6588,0.007841,0.03427
"MYBPC1",-2.2862,6.5558,-3.247,0.001166,0.008122
"SYCP3",0.5472,7.8816,2.0638,0.03903,0.1143
"CHPT1",0.5151,10.5657,1.9236,0.05441,0.1445
"GNPTAB",-0.157,11.5973,-0.7967,0.4256,0.5964
"DRAM1",1.049,11.6561,2.6549,0.007933,0.03455
"WASHC3",-0.0779,9.2907,-0.5404,0.5889,0.7323
"NUP37",-0.237,9.5078,-1.3837,0.1664,0.32
"PARPBP",-0.6246,8.2084,-2.2437,0.02485,0.08185
"PMCH",-0.7402,7.0408,-2.8324,0.004619,0.02288
"IGF1",0.3196,8.7355,0.8538,0.3932,0.5661
"PAH",4.1865,6.6051,5.9592,2.534e-09,1.493e-07
"ASCL1",2.8692,6.4774,3.4591,0.000542,0.004482
"STAB2",0.0212,7.1188,0.0498,0.9603,0.9783
"NT5DC3",-0.3588,9.0433,-1.587,0.1125,0.2435
"HSP90B1",-0.4487,14.6993,-2.6848,0.007257,0.0324
"C12orf73",0.2875,8.3126,1.7177,0.08585,0.2006
"TDG",-0.0652,9.9426,-0.3691,0.712,0.8217
"GLT8D2",-0.0302,8.532,-0.0954,0.924,0.9581
"HCFC2",0.5179,9.1883,2.647,0.00812,0.03518
"NFYB",-0.0806,10.1564,-0.5899,0.5552,0.7053
"EID3",-0.3006,7.311,-0.6823,0.4951,0.6571
"TXNRD1",1.1438,12.9401,2.3643,0.01806,0.06456
"CHST11",-0.053,10.698,-0.1365,0.8915,0.9393
"SLC41A2",1.7986,9.3539,7.1201,1.078e-12,1.829e-10
"C12orf45",0.0285,8.8789,0.1615,0.8717,0.9275
"ALDH1L2",-0.6027,8.7787,-2.0445,0.0409,0.118
"WASHC4",0.4571,10.8448,2.9132,0.003577,0.01909
"APPL2",-0.039,10.4062,-0.2118,0.8323,0.9036
"C12orf75",-0.2223,9.0916,-0.5247,0.5998,0.7405
"NUAK1",-1.0583,10.3266,-3.7307,0.000191,0.001963
"CKAP4",-1.1301,12.1377,-4.3939,1.113e-05,0.0001943
"TCP11L2",0.6647,8.792,2.8245,0.004735,0.02331
"POLR3B",-0.2538,9.1462,-1.6123,0.1069,0.2354
"RIC8B",0.3823,9.1094,2.1709,0.02994,0.09395
"TMEM263",0.5057,10.8687,3.1268,0.001767,0.01112
"MTERF2",0.3634,8.6862,2.4826,0.01304,0.05064
"CRY1",0.102,9.8331,0.5016,0.616,0.7528
"BTBD11",-1.8133,8.019,-3.5727,0.0003533,0.003214
"PWP1",-0.2012,10.6484,-1.3816,0.1671,0.3209
"PRDM4",-0.1139,10.2601,-0.8032,0.4218,0.5925
"WSCD2",-1.8478,6.9064,-2.9017,0.003712,0.0196
"CMKLR1",0.0921,9.5016,0.274,0.784,0.8722
"FICD",0.4854,8.6511,2.5352,0.01124,0.04506
"SART3",-0.2523,10.9198,-1.7642,0.0777,0.1862
"ISCU",0.5353,11.2961,2.9171,0.003534,0.01891
"TMEM119",-0.117,9.9594,-0.3271,0.7436,0.8451
"SELPLG",-0.0811,10.4479,-0.24,0.8103,0.8898
"CORO1C",-0.5862,12.5423,-3.2971,0.0009768,0.007077
"SSH1",-0.4433,11.2053,-2.3011,0.02139,0.07329
"USP30",0.1986,9.2379,1.3453,0.1785,0.3361
"ALKBH2",-0.065,8.6989,-0.3282,0.7428,0.8444
"UNG",-0.4709,10.4093,-2.0386,0.04149,0.1192
"ACACB",0.7924,9.3021,2.6852,0.007248,0.03238
"MYO1H",-0.5393,6.2837,-1.4842,0.1378,0.2798
"KCTD10",0.0558,11.414,0.4261,0.6701,0.7924
"UBE3B",0.1084,10.91,0.7022,0.4826,0.6459
"MMAB",-0.3612,10.0229,-2.1219,0.03384,0.1029
"MVK",-0.5371,9.7844,-2.9831,0.002853,0.01616
"FAM222A",-0.8724,7.8445,-2.0582,0.03957,0.1153
"TRPV4",-0.9772,9.0299,-2.1589,0.03086,0.09613
"GLTP",-1.1837,11.3939,-5.6109,2.013e-08,9.017e-07
"TCHP",-0.1398,10.548,-0.9783,0.3279,0.5034
"GIT2",-0.022,10.7257,-0.1798,0.8573,0.9188
"ANKRD13A",0.3938,11.0795,2.6525,0.00799,0.03475
"C12orf76",0.6259,9.2778,3.975,7.039e-05,0.0008718
"IFT81",0.7189,9.2482,3.1347,0.00172,0.01088
"ATP2A2",-0.2407,13.6158,-0.9949,0.3198,0.4956
"ANAPC7",-0.3423,10.8123,-2.4306,0.01507,0.05642
"ARPC3",0.4243,12.0407,2.1319,0.03302,0.101
"GPN3",0.3459,9.6645,2.0453,0.04083,0.1178
"FAM216A",0.3328,7.6387,1.1717,0.2413,0.4111
"VPS29",0.5293,10.9523,2.5844,0.009754,0.04046
"RAD9B",-0.0566,6.6845,-0.2026,0.8394,0.9079
"PPTC7",0.3735,10.9645,1.7395,0.08195,0.1936
"TCTN1",0.4315,10.0554,2.0665,0.03878,0.1137
"HVCN1",-0.5264,8.8553,-2.0272,0.04265,0.1215
"PPP1CC",-0.1442,12.1296,-0.9697,0.3322,0.5072
"FAM109A",0.6004,9.2044,2.8775,0.004008,0.02066
"SH2B3",-0.5023,10.4927,-1.9779,0.04794,0.1321
"ATXN2",0.3109,10.5265,1.7496,0.08018,0.1906
"BRAP",-0.0669,9.8896,-0.5234,0.6007,0.7411
"ACAD10",0.1393,9.7955,0.8231,0.4105,0.5817
"RP11-162P23.2",0.6387,11.2169,1.8539,0.06376,0.1614
"ALDH2",0.62,12.9425,1.845,0.06504,0.1637
"MAPKAPK5",0.0972,10.2879,0.7134,0.4756,0.6395
"TMEM116",0.0586,9.0875,0.225,0.822,0.8965
"ERP29",0.1444,12.3372,0.881,0.3783,0.5529
"NAA25",-0.1654,9.875,-1.0786,0.2808,0.4547
"TRAFD1",-0.1667,10.8901,-0.9946,0.3199,0.4957
"HECTD4",0.2842,10.8772,1.5204,0.1284,0.2671
"RPL6",-0.0102,12.7818,-0.0516,0.9589,0.9774
"PTPN11",-0.0108,12.034,-0.0621,0.9505,0.9724
"RPH3A",-2.4891,6.2739,-3.6248,0.0002891,0.002741
"OAS1",0.7069,11.0091,1.7746,0.07596,0.1833
"OAS3",-0.3856,11.8203,-1.1979,0.231,0.3995
"OAS2",-0.786,11.4498,-2.1237,0.0337,0.1026
"DTX1",0.3592,7.6926,1.1455,0.252,0.423
"RASAL1",0.4612,7.9578,1.0231,0.3063,0.481
"CFAP73",-0.1503,9.1485,-0.4948,0.6207,0.7565
"DDX54",-0.3149,11.2191,-1.401,0.1612,0.3128
"RITA1",0.1119,9.5182,0.7166,0.4736,0.6381
"IQCD",2.4564,7.5692,5.2188,1.801e-07,5.985e-06
"TPCN1",0.929,10.8706,4.3307,1.486e-05,0.0002461
"SLC8B1",0.1732,10.4577,0.6665,0.5051,0.6655
"PLBD2",-0.641,11.771,-2.8203,0.004798,0.02357
"SDS",0.4205,8.3336,0.9963,0.3191,0.495
"SDSL",1.1824,8.4657,3.4531,0.0005542,0.00454
"LHX5",-1.8269,6.288,-2.442,0.01461,0.05512
"RBM19",-0.7344,10.1415,-3.5265,0.0004211,0.003678
"TBX5",0.4103,8.8245,1.2206,0.2222,0.3895
"TBX3",-1.08,9.7436,-3.954,7.684e-05,0.000937
"MED13L",-0.1282,11.766,-0.6137,0.5394,0.6926
"MAP1LC3B2",0.1156,8.8871,0.5877,0.5567,0.7066
"C12orf49",0.7555,11.6166,4.1979,2.694e-05,0.0003986
"RNFT2",0.6757,7.5908,1.7102,0.08723,0.2032
"HRK",0.0987,6.6824,0.155,0.8768,0.931
"FBXW8",-0.2011,9.4042,-1.0701,0.2846,0.4582
"TESC",3.5573,8.6459,5.7319,9.931e-09,4.826e-07
"FBXO21",0.1645,11.0149,1.0952,0.2734,0.447
"NOS1",-0.2062,7.8342,-0.3099,0.7566,0.8536
"KSR2",1.0563,7.2054,2.0621,0.0392,0.1145
"RFC5",-0.4081,9.6402,-2.2122,0.02695,0.08675
"WSB2",-0.0948,11.6078,-0.5376,0.5909,0.7335
"VSIG10",0.374,10.0068,1.2986,0.1941,0.3565
"PEBP1",-0.009,12.77,-0.0554,0.9558,0.9756
"TAOK3",0.2647,10.4988,1.3616,0.1733,0.3291
"SUDS3",-0.1005,10.8789,-0.6395,0.5225,0.6798
"HSPB8",-0.3081,10.1469,-0.8057,0.4204,0.5911
"CCDC60",-0.4093,6.7033,-0.5201,0.603,0.7427
"TMEM233",0.8612,6.7795,2.7355,0.006229,0.02879
"PRKAB1",0.704,10.848,3.7056,0.0002109,0.002117
"CIT",0.3546,10.2785,1.0504,0.2935,0.4676
"BICDL1",0.3363,9.2392,0.7965,0.4257,0.5964
"RAB35",-0.0661,10.8355,-0.4127,0.6798,0.799
"GCN1",-0.0266,12.1541,-0.1413,0.8876,0.9372
"RPLP0",-0.0037,14.39,-0.0152,0.9879,0.9937
"PXN",-0.2921,12.1488,-1.1981,0.2309,0.3994
"SIRT4",0.8023,6.8225,3.1133,0.00185,0.01152
"PLA2G1B",2.4878,7.4386,3.7235,0.0001965,0.002008
"MSI1",-2.4243,7.2551,-4.3971,1.097e-05,0.0001925
"COX6A1",0.5057,11.2539,2.3764,0.01748,0.06307
"TRIAP1",0.4149,9.7562,2.3598,0.01828,0.06518
"AL021546.6",0.5101,10.035,2.4666,0.01364,0.05232
"GATC",-0.11,11.5517,-0.8581,0.3908,0.5642
"SRSF9",-0.2079,12.0586,-1.6179,0.1057,0.2335
"DYNLL1",-0.2016,12.3225,-1.1537,0.2486,0.4195
"COQ5",0.2407,9.8315,1.49,0.1362,0.2776
"RNF10",-0.1056,12.3677,-0.805,0.4208,0.5916
"POP5",0.2074,9.4606,1.1945,0.2323,0.4006
"CABP1",-0.4802,6.3301,-0.9722,0.331,0.5063
"MLEC",0.1604,12.7672,0.8449,0.3982,0.5709
"UNC119B",-0.059,10.7124,-0.2899,0.7719,0.8643
"ACADS",0.9023,9.6804,3.1814,0.001466,0.009644
"SPPL3",-0.6585,11.1437,-4.4481,8.663e-06,0.0001598
"HNF1A",3.0453,7.1011,6.5543,5.59e-11,5.7e-09
"C12orf43",0.2885,9.3149,1.881,0.05997,0.1548
"OASL",-0.631,9.3178,-1.324,0.1855,0.3452
"P2RX7",0.2325,8.63,0.6774,0.4982,0.6594
"P2RX4",0.0529,10.3707,0.2182,0.8272,0.8998
"CAMKK2",-0.2622,11.0868,-1.8816,0.05988,0.1547
"ANAPC5",-0.1255,11.8339,-0.8205,0.4119,0.583
"RNF34",-0.1193,10.1578,-0.9317,0.3515,0.5263
"KDM2B",-0.659,10.3542,-4.2546,2.094e-05,0.000322
"ORAI1",-0.3061,10.0483,-1.4808,0.1386,0.2811
"MORN3",0.0308,7.4841,0.0584,0.9535,0.9739
"TMEM120B",1.5384,10.7741,4.5088,6.521e-06,0.0001259
"RHOF",1.9351,10.4336,4.9268,8.357e-07,2.24e-05
"SETD1B",-0.3067,10.5191,-1.6927,0.09051,0.2085
"HPD",-2.2556,6.8469,-3.3066,0.0009444,0.006923
"PSMD9",0.0493,10.4289,0.2848,0.7758,0.8665
"RP11-87C12.2",0.0622,10.0385,0.3516,0.7251,0.8315
"WDR66",-0.2391,8.887,-0.5042,0.6142,0.7514
"BCL7A",-0.4275,9.8846,-2.1517,0.03142,0.0974
"MLXIP",0.3267,11.7331,1.4628,0.1435,0.2878
"LRRC43",1.3574,6.9648,2.4479,0.01437,0.0544
"B3GNT4",-0.1385,10.036,-0.8737,0.3823,0.5564
"DIABLO",-0.052,10.6295,-0.3396,0.7341,0.8376
"RP11-512M8.5",0.0238,10.8722,0.1664,0.8678,0.9253
"VPS33A",0.3068,10.0403,2.0958,0.0361,0.1077
"CLIP1",0.3648,11.719,1.2621,0.2069,0.3719
"ZCCHC8",0.1779,9.8617,1.2546,0.2096,0.375
"RSRC2",0.0117,11.1037,0.103,0.9179,0.9549
"KNTC1",-0.449,9.5827,-1.6168,0.1059,0.2339
"HCAR2",-0.9307,9.3555,-2.0373,0.04162,0.1194
"HCAR3",-1.9706,8.6403,-4.5207,6.164e-06,0.0001204
"HCAR1",2.4239,7.2821,2.7808,0.005422,0.02586
"DENR",-0.2546,11.0981,-1.9941,0.04614,0.1287
"HIP1R",0.1636,10.488,0.6546,0.5127,0.6716
"VPS37B",0.0648,11.0597,0.3006,0.7637,0.8585
"OGFOD2",0.2192,9.2111,1.2504,0.2111,0.3767
"ABCB9",0.054,10.0898,0.3204,0.7487,0.848
"ARL6IP4",0.2086,11.619,1.0394,0.2986,0.4729
"PITPNM2",-0.0531,9.7271,-0.1658,0.8683,0.9254
"MPHOSPH9",-0.0844,9.1132,-0.3557,0.722,0.8291
"C12orf65",-0.1896,9.6694,-1.2679,0.2048,0.3694
"CDK2AP1",-0.3846,11.6687,-2.2812,0.02254,0.0761
"SBNO1",-0.137,10.8204,-0.8812,0.3782,0.5528
"KMT5A",-0.8655,10.1159,-4.7028,2.566e-06,5.679e-05
"RILPL2",0.0457,10.0194,0.2284,0.8194,0.8951
"SNRNP35",0.1384,9.6553,0.9356,0.3495,0.5244
"RILPL1",-0.5314,9.1467,-3.3548,0.0007941,0.006046
"TMED2",0.1456,13.3625,0.7573,0.4489,0.6169
"DDX55",-0.1908,9.567,-1.0539,0.2919,0.4661
"EIF2B1",0.1243,10.6926,0.8664,0.3863,0.5598
"GTF2H3",-0.3727,10.097,-2.4775,0.01323,0.0512
"TCTN2",0.3077,9.6213,1.2261,0.2202,0.3871
"ATP6V0A2",0.0257,9.7486,0.1897,0.8495,0.9142
"DNAH10OS",1.0692,7.4008,2.9861,0.002825,0.01604
"DNAH10",1.3541,7.894,2.6146,0.008934,0.03776
"CCDC92",0.0897,10.4835,0.5761,0.5645,0.7133
"ZNF664",0.1118,12.3055,0.7019,0.4827,0.646
"RP11-214K3.25",0.1527,7.7526,0.8058,0.4204,0.5911
"RFLNA",-0.5335,8.1909,-1.8888,0.05892,0.153
"NCOR2",0.141,12.9682,0.6275,0.5304,0.686
"SCARB1",0.0236,10.7537,0.0791,0.937,0.9649
"UBC",-0.2991,16.1279,-1.3636,0.1727,0.3282
"DHX37",-0.0899,9.8385,-0.4542,0.6497,0.7785
"BRI3BP",0.1711,10.3483,0.7617,0.4462,0.6146
"AACS",0.076,10.4801,0.4147,0.6784,0.7981
"TMEM132B",-0.1308,6.6089,-0.289,0.7726,0.8647
"TMEM132C",2.8998,6.6275,3.8348,0.0001257,0.001398
"SLC15A4",0.3124,9.9965,1.832,0.06696,0.1673
"GLT1D1",-0.4149,7.0501,-1.0705,0.2844,0.4581
"TMEM132D",5.5698,6.6593,6.5397,6.165e-11,6.21e-09
"FZD10",-0.4412,8.1776,-0.6306,0.5283,0.6846
"RIMBP2",1.0472,6.8469,1.2624,0.2068,0.3718
"STX2",0.3767,9.1762,1.5555,0.1198,0.2548
"RAN",-0.1252,12.626,-0.6202,0.5352,0.6897
"ADGRD1",2.1024,9.5192,4.5683,4.916e-06,9.916e-05
"SFSWAP",-0.1079,10.4131,-0.6303,0.5285,0.6847
"MMP17",0.8179,7.422,1.8118,0.07001,0.173
"ULK1",-0.234,11.015,-0.9142,0.3606,0.5353
"PUS1",-0.269,9.3355,-1.161,0.2456,0.4156
"EP400",-0.1676,11.2105,-0.8452,0.398,0.5708
"EP400NL",0.1329,8.7845,0.6901,0.4902,0.6528
"DDX51",-0.1072,9.5905,-0.5604,0.5752,0.7217
"NOC4L",-0.1672,9.3933,-0.852,0.3942,0.5671
"FBRSL1",-0.2062,10.563,-0.7976,0.4251,0.5958
"P2RX2",-1.0629,6.4555,-1.7975,0.07225,0.1768
"POLE",-0.5555,10.3604,-2.3393,0.01932,0.06789
"PXMP2",0.06,8.7028,0.2565,0.7976,0.8801
"RP13-672B3.2",0.0394,8.235,0.172,0.8634,0.9225
"PGAM5",-0.3856,10.5611,-1.8817,0.05987,0.1547
"ANKLE2",-0.2075,11.4787,-1.1593,0.2463,0.4165
"GOLGA3",0.3656,11.7231,1.9954,0.04599,0.1285
"CHFR",0.0304,10.0633,0.2048,0.8377,0.9072
"ZNF605",0.1109,9.0656,0.5161,0.6058,0.7446
"ZNF26",0.0394,9.1045,0.2276,0.82,0.8954
"ZNF84",-0.0875,9.8527,-0.4117,0.6806,0.7997
"ZNF140",0.2039,9.5402,1.4162,0.1567,0.3068
"ZNF891",0.2422,8.7422,1.4987,0.1339,0.2747
"ZNF10",0.0985,8.492,0.3959,0.6922,0.8079
"CTD-2140B24.4",0.3762,7.7722,1.9968,0.04584,0.1282
"ZNF268",0.2249,9.7414,1.1923,0.2332,0.4014
"MPHOSPH8",0.1989,10.7603,1.5137,0.1301,0.2697
"PSPC1",-0.0205,10.3341,-0.1478,0.8825,0.9344
"ZMYM5",-0.153,8.9624,-1.0023,0.3162,0.4919
"ZMYM2",-0.0878,11.2433,-0.443,0.6578,0.7839
"GJA3",-2.5117,6.6012,-3.3676,0.0007584,0.005828
"GJB2",-2.5264,9.6744,-5.6325,1.776e-08,8.043e-07
"GJB6",-4.8545,7.913,-7.5016,6.304e-14,1.518e-11
"CRYL1",1.2826,9.7037,5.1003,3.391e-07,1.04e-05
"IFT88",0.4282,8.9576,1.9855,0.04709,0.1306
"IL17D",-0.114,8.3202,-0.4057,0.6849,0.8026
"EEF1AKMT1",0.6064,7.9603,2.5917,0.00955,0.03983
"XPO4",0.0356,10.2675,0.1961,0.8446,0.9112
"LATS2",0.4271,10.2026,1.8017,0.07159,0.1756
"SAP18",0.2938,11.6596,1.8808,0.06,0.1548
"SKA3",-0.3427,7.9518,-0.9276,0.3536,0.5281
"MRPL57",0.4648,10.2188,2.422,0.01544,0.05734
"ZDHHC20",0.054,11.5875,0.3314,0.7403,0.8427
"MICU2",0.4411,10.2937,3.0625,0.002195,0.01322
"FGF9",2.4165,6.8972,3.7642,0.0001671,0.001757
"SGCG",-1.6432,6.9803,-2.8975,0.003762,0.01977
"SACS",-0.4034,9.2249,-1.3309,0.1832,0.3423
"TNFRSF19",0.3406,10.0824,0.6762,0.4989,0.6599
"MIPEP",0.4751,9.3189,2.4395,0.01471,0.05536
"PCOTH",0.3686,6.6895,0.9519,0.3411,0.5158
"C1QTNF9B",0.3732,6.6353,0.9607,0.3367,0.5112
"SPATA13",0.6752,10.5901,2.8917,0.003831,0.02002
"RP11-307N16.6",0.9708,8.649,3.1258,0.001773,0.01115
"PARP4",0.7835,11.6085,4.5738,4.789e-06,9.731e-05
"ATP12A",-0.7469,7.4064,-0.9093,0.3632,0.5379
"CENPJ",-0.3884,8.7183,-1.6378,0.1015,0.2271
"PABPC3",-0.2724,10.5712,-1.2188,0.2229,0.3901
"MTMR6",0.6971,10.4928,3.8424,0.0001218,0.001362
"NUP58",0.4529,11.106,2.5961,0.009429,0.03942
"ATP8A2",-0.2687,7.9491,-0.5562,0.5781,0.7239
"SHISA2",-0.9733,9.0001,-1.5183,0.1289,0.2678
"RNF6",-0.0092,10.4917,-0.0657,0.9476,0.9711
"CDK8",-0.0158,9.1561,-0.0701,0.9441,0.969
"WASF3",0.4463,8.8915,1.2764,0.2018,0.3656
"USP12",0.1254,10.497,0.8263,0.4086,0.5802
"RPL21",0.7111,8.6288,2.7386,0.00617,0.0286
"RASL11A",0.3721,8.3071,1.0883,0.2765,0.4501
"GTF3A",0.3194,11.4098,1.423,0.1547,0.3038
"MTIF3",0.3682,9.8485,2.7204,0.006521,0.02982
"LNX2",0.3564,10.3692,1.5619,0.1183,0.2524
"POLR1D",-0.2261,11.3806,-1.4566,0.1452,0.2902
"ATP5EP2",0.1991,8.8681,0.8932,0.3717,0.5464
"FLT3",-0.1346,6.8164,-0.3111,0.7557,0.8529
"PAN3",-0.0998,10.3808,-0.6182,0.5364,0.6904
"FLT1",0.073,10.829,0.3542,0.7232,0.83
"POMP",0.1834,11.2784,0.9817,0.3262,0.5022
"SLC46A3",1.5259,9.5052,6.3148,2.705e-10,2.259e-08
"MTUS2",-0.3284,6.49,-0.5034,0.6147,0.7519
"SLC7A1",-0.8209,10.9008,-2.652,0.008001,0.03478
"UBL3",1.0453,11.3098,5.6785,1.359e-08,6.31e-07
"KATNAL1",0.3375,9.0942,1.5131,0.1302,0.2699
"UBE2L5P",0.2207,7.0561,0.9746,0.3298,0.5051
"HMGB1",-0.1849,12.8111,-1.0877,0.2767,0.4503
"USPL1",0.0074,9.4742,0.0476,0.962,0.9794
"ALOX5AP",0.4418,10.377,1.1113,0.2665,0.4387
"MEDAG",0.2084,8.2898,0.4277,0.6689,0.7915
"HSPH1",-0.4456,11.9258,-1.9766,0.04809,0.1323
"B3GLCT",-0.287,9.1849,-1.4253,0.1541,0.3028
"FRY",1.3142,10.2957,4.3076,1.65e-05,0.0002681
"BRCA2",-0.3299,8.3434,-1.1959,0.2317,0.4001
"N4BP2L1",0.6732,9.1448,2.1072,0.0351,0.1055
"N4BP2L2",0.4419,11.1179,2.5177,0.01181,0.04675
"PDS5B",-0.0298,10.4148,-0.189,0.8501,0.9148
"KL",0.268,7.8415,0.6208,0.5347,0.6895
"STARD13",0.1897,9.4396,0.7495,0.4536,0.621
"RFC3",-0.0814,9.0715,-0.3219,0.7475,0.8474
"NBEA",0.8813,8.7998,2.1376,0.03255,0.1001
"DCLK1",0.5403,8.7663,1.2471,0.2124,0.3782
"SOHLH2",2.4602,6.4253,3.6955,0.0002195,0.002192
"CCDC169",0.62,6.5964,1.3251,0.1851,0.3448
"CCDC169-SOHLH2",2.8143,6.46,4.7311,2.233e-06,5.097e-05
"SPG20",0.5101,10.7748,2.8363,0.004563,0.02268
"CCNA1",-1.1684,7.2011,-1.6729,0.09434,0.2151
"SERTM1",-0.0315,7.4397,-0.0406,0.9676,0.9822
"RFXAP",-0.028,7.9243,-0.1327,0.8945,0.9414
"SMAD9",1.1213,8.5541,2.8166,0.004854,0.02376
"ALG5",0.8473,10.1226,3.8554,0.0001155,0.001308
"EXOSC8",0.2435,9.4808,1.3539,0.1758,0.3321
"SUPT20H",0.0833,10.4727,0.5534,0.58,0.7255
"CSNK1A1L",0.2105,6.4342,0.902,0.367,0.5417
"POSTN",-0.264,12.3749,-0.7123,0.4763,0.6399
"TRPC4",-0.2753,6.7335,-0.9609,0.3366,0.5111
"UFM1",0.5703,11.3772,3.2715,0.00107,0.007559
"FREM2",-0.3107,9.4494,-0.4835,0.6287,0.7623
"STOML3",1.9769,6.9045,2.5092,0.0121,0.04762
"PROSER1",-0.1847,10.7127,-0.79,0.4296,0.5999
"NHLRC3",0.6296,10.0672,3.4763,0.0005085,0.004255
"LHFP",0.0526,10.3648,0.247,0.8049,0.886
"COG6",0.728,9.9122,4.0287,5.608e-05,0.0007225
"FOXO1",-0.7355,10.3561,-3.8087,0.0001397,0.001521
"MRPS31",0.117,9.078,0.6936,0.4879,0.6508
"SLC25A15",0.8676,8.041,2.687,0.00721,0.03225
"ELF1",0.2713,11.4173,2.1678,0.03018,0.09452
"WBP4",-0.1104,9.2727,-0.6395,0.5225,0.6798
"KBTBD6",-0.4993,8.9898,-2.1801,0.02925,0.09233
"KBTBD7",0.0524,8.9401,0.2328,0.8159,0.8926
"MTRF1",0.4135,8.2032,2.0454,0.04081,0.1178
"NAA16",-0.1515,8.995,-0.8414,0.4001,0.5728
"RGCC",0.8664,10.8742,2.9273,0.003419,0.01847
"VWA8",0.1315,9.8315,0.7393,0.4597,0.626
"DGKH",-0.4858,9.7497,-2.0233,0.04304,0.1224
"AKAP11",0.3875,11.0373,2.4255,0.01529,0.057
"TNFSF11",-0.5054,6.6798,-1.021,0.3072,0.4818
"FAM216B",2.8176,7.6352,3.436,0.0005903,0.004749
"EPSTI1",-0.1541,9.8016,-0.364,0.7159,0.8248
"DNAJC15",1.0494,10.2509,3.326,0.0008809,0.006554
"ENOX1",-0.4295,7.1336,-1.1782,0.2387,0.4081
"CCDC122",0.0092,7.6235,0.0341,0.9728,0.9853
"LACC1",0.0418,8.9262,0.1832,0.8547,0.9174
"RP11-65B7.2",0.0311,7.1693,0.1234,0.9018,0.9463
"SERP2",-0.052,7.1144,-0.1459,0.884,0.9352
"TSC22D1",0.1146,12.9518,0.4812,0.6304,0.7637
"NUFIP1",-0.1416,8.3101,-0.6957,0.4866,0.6495
"GPALPP1",0.3155,9.546,1.9165,0.0553,0.1461
"GTF2F2",-0.2735,9.7798,-1.5694,0.1166,0.2498
"TPT1",0.936,16.3277,3.4559,0.0005485,0.004515
"SLC25A30",0.3961,9.3004,1.8648,0.06221,0.1589
"COG3",0.1933,10.0862,1.1745,0.2402,0.4097
"ERICH6B",0.1631,7.0111,0.8318,0.4055,0.577
"SPERT",-0.5636,6.268,-0.9446,0.3449,0.5196
"ZC3H13",-0.0503,11.2772,-0.2791,0.7801,0.8693
"CPB2",5.1814,7.9908,6.3625,1.985e-10,1.727e-08
"LCP1",-0.4498,12.8266,-1.2954,0.1952,0.3573
"LRRC63",1.0172,6.2171,2.0378,0.04157,0.1193
"RUBCNL",-0.7304,7.7975,-2.1842,0.02894,0.09158
"LRCH1",-0.1275,9.9882,-0.681,0.4959,0.6577
"ESD",0.1946,11.1813,1.4355,0.1511,0.2983
"HTR2A",0.173,6.4764,0.3664,0.7141,0.8234
"SUCLA2",0.2903,10.0921,1.6079,0.1079,0.2367
"NUDT15",-0.2533,9.717,-1.2914,0.1966,0.3589
"MED4",-0.0147,10.4728,-0.1014,0.9192,0.9558
"ITM2B",-0.1225,14.4342,-0.6772,0.4983,0.6594
"LPAR6",-1.034,9.5509,-3.193,0.001408,0.009408
"RB1",-0.4674,10.8807,-2.0345,0.0419,0.12
"RCBTB2",-0.2751,9.0762,-1.2858,0.1985,0.3614
"CYSLTR2",-0.198,7.3977,-0.583,0.5599,0.709
"FNDC3A",0.7341,11.3924,3.4829,0.0004961,0.004181
"CDADC1",-0.0268,8.3295,-0.1622,0.8712,0.9273
"CAB39L",0.505,9.2797,1.9006,0.05735,0.1499
"SETDB2",-0.032,9.2007,-0.1713,0.864,0.9228
"PHF11",0.1609,9.8665,0.8495,0.3956,0.5687
"RCBTB1",-0.3443,10.194,-1.4467,0.148,0.2941
"ARL11",0.846,8.0539,3.054,0.002258,0.01352
"EBPL",-0.2999,9.7919,-1.1941,0.2324,0.4009
"KPNA3",-0.0936,11.0012,-0.5919,0.5539,0.7044
"SPRYD7",0.2484,9.4037,1.1827,0.2369,0.406
"TRIM13",0.3572,10.1941,2.0819,0.03735,0.1105
"KCNRG",0.7293,7.7523,2.2927,0.02187,0.07441
"DLEU1",0.4991,8.3277,2.0234,0.04304,0.1223
"DLEU7",0.5492,6.9432,1.5125,0.1304,0.2701
"RNASEH2B",0.1194,9.8552,0.7393,0.4597,0.626
"FAM124A",-0.6043,7.5501,-1.8355,0.06643,0.1662
"SERPINE3",0.2476,7.0328,1.1611,0.2456,0.4156
"INTS6",0.0404,10.2229,0.2655,0.7906,0.8762
"WDFY2",-0.6681,9.7597,-3.6855,0.0002282,0.002256
"DHRS12",0.7099,8.6597,4.8986,9.652e-07,2.526e-05
"ATP7B",0.4075,8.6093,1.0643,0.2872,0.461
"ALG11",0.5149,9.3204,2.6943,0.007055,0.03173
"UTP14C",0.3573,10.4706,2.3279,0.01992,0.06943
"NEK5",1.9575,7.3666,4.091,4.295e-05,0.0005767
"NEK3",0.8794,8.3622,3.8612,0.0001128,0.001285
"THSD1",-0.3724,8.3719,-1.5225,0.1279,0.2664
"VPS36",0.2508,10.8175,1.7366,0.08245,0.1944
"CKAP2",-0.5685,9.9538,-2.4417,0.01462,0.05513
"HNRNPA1L2",-0.2748,10.696,-1.697,0.0897,0.2072
"SUGT1",0.2318,10.4152,1.455,0.1457,0.291
"OLFM4",-2.9795,6.6181,-4.1272,3.673e-05,0.000507
"PCDH17",0.117,9.8014,0.3928,0.6945,0.8099
"DIAPH3",-0.2336,8.5629,-0.7226,0.4699,0.6348
"TDRD3",0.2674,9.4443,1.5563,0.1196,0.2545
"PCDH20",2.5433,8.3257,4.0477,5.173e-05,0.0006759
"RP11-310K10.1",2.5458,8.3115,4.0561,4.991e-05,0.0006542
"PCDH9",0.8799,8.0388,1.5153,0.1297,0.2691
"DACH1",-0.3674,8.1617,-0.8388,0.4016,0.5739
"MZT1",0.1502,9.7497,0.568,0.5701,0.7175
"BORA",-0.3658,8.6614,-1.8186,0.06897,0.1711
"DIS3",-0.0737,10.8738,-0.5195,0.6034,0.743
"PIBF1",0.4286,9.5489,2.4147,0.01575,0.05817
"KLF5",-0.7222,12.1743,-2.2906,0.02198,0.07469
"KLF12",-0.3346,8.9706,-1.1621,0.2452,0.4151
"TBC1D4",-0.5877,10.3533,-2.274,0.02296,0.0771
"COMMD6",0.4003,10.7572,1.9474,0.05149,0.139
"UCHL3",-0.2527,9.4034,-1.3877,0.1652,0.3183
"LMO7",1.8001,12.9246,6.0757,1.234e-09,8.173e-08
"KCTD12",0.7271,12.0633,2.37,0.01779,0.06387
"CLN5",0.088,10.7931,0.3852,0.7001,0.8139
"FBXL3",0.2242,11.4148,1.0548,0.2915,0.4657
"RP11-226E21.4",-0.0889,9.2895,-0.5013,0.6161,0.7529
"MYCBP2",-0.2272,11.3161,-1.0811,0.2796,0.4533
"SCEL",1.3787,10.3071,2.506,0.01221,0.04797
"SLAIN1",2.1715,8.6063,6.1207,9.316e-10,6.372e-08
"EDNRB",0.6022,9.8858,1.825,0.06801,0.1692
"POU4F1",0.912,6.4338,1.1467,0.2515,0.4226
"RNF219",0.0083,9.3434,0.0476,0.962,0.9794
"RBM26",-0.0398,10.8673,-0.2672,0.7893,0.8752
"NDFIP2",0.1155,10.7622,0.4865,0.6266,0.7609
"SPRY2",-0.3785,10.1223,-1.2763,0.2018,0.3656
"SLITRK6",-0.7705,8.6171,-1.1365,0.2557,0.4267
"SLITRK5",0.6721,6.9345,0.9933,0.3206,0.4963
"GPC5",2.5206,6.8132,4.7425,2.111e-06,4.846e-05
"GPC6",0.7711,8.9104,1.9992,0.04558,0.1277
"TGDS",0.4878,8.9307,2.3154,0.02059,0.07126
"GPR180",0.1107,9.5858,0.4661,0.6411,0.7716
"SOX21",-1.4175,7.9389,-2.2327,0.02557,0.08345
"ABCC4",-0.0158,10.3109,-0.0434,0.9654,0.9813
"CLDN10",-0.4728,8.0583,-0.7987,0.4245,0.5953
"DZIP1",-1.0035,9.0737,-3.8037,0.0001425,0.001546
"DNAJC3",0.4458,11.8929,1.903,0.05704,0.1493
"UGGT2",0.4367,9.4111,2.1104,0.03482,0.1049
"HS6ST3",2.5539,6.2355,3.2522,0.001145,0.008
"OXGR1",-0.9383,6.5159,-1.4678,0.1422,0.2859
"MBNL2",0.1687,11.236,0.6199,0.5353,0.6899
"RAP2A",0.0129,10.7305,0.0618,0.9507,0.9725
"IPO5",0.0337,12.2403,0.1847,0.8535,0.9169
"FARP1",-0.0059,12.7877,-0.0285,0.9773,0.9878
"STK24",-0.2787,12.7076,-1.2801,0.2005,0.3639
"SLC15A1",0.4785,7.3054,0.7833,0.4335,0.6035
"DOCK9",0.2606,11.7111,0.9075,0.3642,0.5386
"GPR18",0.0312,6.6224,0.0709,0.9435,0.9686
"GPR183",0.4574,9.1271,1.1838,0.2365,0.4056
"UBAC2",0.1567,11.2394,0.8378,0.4022,0.5743
"TM9SF2",0.1611,13.0326,0.7201,0.4715,0.6361
"CLYBL",0.5923,8.0026,2.0718,0.03828,0.1127
"ZIC5",-1.8097,6.6522,-2.0674,0.0387,0.1136
"ZIC2",-1.819,7.1247,-2.2039,0.02753,0.08827
"PCCA",1.0307,9.4495,3.3041,0.0009529,0.006964
"GGACT",0.8386,8.3635,3.1977,0.001385,0.009271
"TMTC4",0.4991,9.5263,1.9473,0.05149,0.139
"NALCN",0.9006,7.5089,2.4305,0.01508,0.05642
"ITGBL1",0.7548,10.4458,2.0221,0.04316,0.1226
"FGF14",0.8692,9.9859,2.4356,0.01487,0.05585
"TPP2",0.0589,10.6071,0.3493,0.7268,0.8324
"TEX30",0.0567,8.2923,0.1927,0.8472,0.9131
"KDELC1",-0.2826,8.1005,-1.2747,0.2024,0.3661
"BIVM",0.2218,9.3995,1.0325,0.3018,0.4767
"ERCC5",0.4296,10.7973,2.5333,0.0113,0.04522
"BIVM-ERCC5",0.4004,10.9454,2.5015,0.01237,0.04845
"EFNB2",-0.6544,11.088,-2.3616,0.01819,0.06497
"ARGLU1",-0.0698,11.0145,-0.326,0.7444,0.8454
"FAM155A",1.6165,7.569,3.0297,0.002448,0.01438
"LIG4",0.4514,9.2054,2.5735,0.01007,0.0415
"ABHD13",0.4449,9.7831,2.5357,0.01122,0.04503
"TNFSF13B",0.5307,9.1269,1.3253,0.1851,0.3447
"MYO16",-0.117,6.7385,-0.2411,0.8095,0.8889
"IRS2",0.8431,10.7795,1.9454,0.05173,0.1394
"COL4A1",-0.4339,13.6743,-1.3838,0.1664,0.32
"COL4A2",-0.7605,13.9647,-2.3262,0.02001,0.06963
"RAB20",0.8621,9.8573,3.6104,0.0003058,0.002876
"NAXD",0.0522,10.4465,0.3426,0.7319,0.8364
"CARS2",-0.0725,10.3764,-0.468,0.6398,0.7705
"ING1",0.112,9.538,0.6091,0.5425,0.695
"ANKRD10",0.2758,10.9827,1.4141,0.1573,0.3076
"ARHGEF7",-0.0239,10.8949,-0.1432,0.8861,0.9366
"TUBGCP3",-0.1741,10.0673,-0.9858,0.3242,0.5001
"ATP11A",2.0084,12.3818,6.9748,3.063e-12,4.465e-10
"MCF2L",0.1407,9.9461,0.5072,0.612,0.7497
"F10",1.1187,7.5687,3.4978,0.0004691,0.004011
"PCID2",0.0168,10.3162,0.0883,0.9296,0.9614
"CUL4A",0.04,11.4838,0.227,0.8205,0.8957
"LAMP1",-0.3097,13.6683,-1.6388,0.1013,0.2268
"GRTP1",-0.018,8.7268,-0.0616,0.9509,0.9726
"ADPRHL1",2.4035,7.8759,5.3497,8.809e-08,3.225e-06
"DCUN1D2",-0.0807,8.7665,-0.4828,0.6292,0.7627
"TMCO3",0.6774,10.9506,3.6169,0.0002981,0.002814
"TFDP1",-0.3308,11.3578,-1.9456,0.0517,0.1394
"TMEM255B",0.5309,8.2995,1.9302,0.05358,0.1429
"GAS6",-0.4703,12.029,-1.5769,0.1148,0.2469
"ABC13-47488600E17.1",2.1227,7.4246,3.5885,0.0003326,0.003061
"RASA3",0.0181,9.6218,0.0693,0.9447,0.9693
"CDC16",0.095,10.8356,0.5608,0.5749,0.7215
"UPF3A",-0.0873,9.7922,-0.4887,0.6251,0.7599
"CHAMP1",-0.0421,9.7293,-0.2256,0.8215,0.8962
"TTC5",0.1485,9.4883,0.9037,0.3661,0.5406
"CCNB1IP1",-0.0166,10.0561,-0.0837,0.9333,0.9633
"PARP2",-0.1198,9.5089,-0.6144,0.5389,0.6924
"TEP1",0.4396,10.4582,1.8238,0.06818,0.1695
"KLHL33",1.7829,6.3742,4.0152,5.939e-05,0.0007538
"OSGEP",0.1993,9.827,1.1706,0.2418,0.4115
"APEX1",7e-04,11.9173,0.0043,0.9966,0.9981
"TMEM55B",0.035,10.1736,0.2325,0.8162,0.8927
"PNP",0.2936,10.7422,1.1131,0.2657,0.4378
"ANG",2.1062,9.2158,6.1739,6.664e-10,4.836e-08
"RP11-903H12.5",2.3136,10.3134,7.1555,8.334e-13,1.489e-10
"RNASE4",2.2941,10.285,7.1641,7.832e-13,1.43e-10
"RNASE6",0.3066,8.9404,0.8747,0.3817,0.556
"RNASE1",2.425,13.0668,5.4855,4.124e-08,1.685e-06
"RNASE2",0.0611,6.6331,0.1754,0.8608,0.921
"METTL17",-0.0653,9.9552,-0.3507,0.7258,0.8319
"NDRG2",0.0625,10.9856,0.199,0.8423,0.9098
"ARHGEF40",0.3072,10.3001,1.3015,0.1931,0.3551
"TMEM253",-0.2903,6.6138,-0.72,0.4715,0.6361
"ZNF219",-0.2488,9.958,-0.9659,0.3341,0.5087
"HNRNPC",-0.0044,13.3548,-0.0334,0.9733,0.9857
"RPGRIP1",1.931,6.7241,6.5748,4.872e-11,4.999e-09
"SUPT16H",-0.2058,11.9225,-1.1457,0.2519,0.4229
"CHD8",0.0348,11.5236,0.2064,0.8365,0.9061
"RAB2B",0.0465,9.8125,0.3616,0.7176,0.826
"TOX4",0.065,11.4314,0.4953,0.6204,0.7561
"METTL3",0.0444,10.2281,0.2606,0.7944,0.8782
"SALL2",-0.1707,9.0367,-0.4471,0.6548,0.7819
"DAD1",0.4187,11.8479,1.926,0.05411,0.1439
"ABHD4",0.2842,10.8101,0.9306,0.3521,0.5268
"OXA1L",0.1958,11.5946,1.0264,0.3047,0.4793
"SLC7A7",-0.0141,10.3649,-0.0388,0.9691,0.9828
"MRPL52",0.3844,9.9148,1.9488,0.05132,0.1387
"MMP14",-0.7826,13.0745,-2.8015,0.005086,0.02464
"LRP10",0.7888,13.1451,2.8534,0.004326,0.02183
"REM2",0.0413,6.4477,0.139,0.8895,0.9381
"RBM23",-0.0133,11.3479,-0.0937,0.9254,0.9588
"PRMT5",0.096,10.9514,0.5065,0.6125,0.7498
"HAUS4",0.8491,10.5906,3.7907,0.0001502,0.00161
"RP11-298I3.5",0.8305,9.8578,3.631,0.0002823,0.002683
"AJUBA",-0.88,10.3817,-3.315,0.0009164,0.006751
"C14orf93",0.4602,8.66,3.1351,0.001718,0.01087
"PSMB5",0.2197,11.6684,1.0832,0.2787,0.4525
"CDH24",0.2624,8.6496,0.7751,0.4383,0.6075
"ACIN1",-0.0052,12.182,-0.0319,0.9745,0.9861
"C14orf119",0.3919,10.8966,2.0816,0.03738,0.1105
"RP11-244E17.1",0.4048,6.2545,1.409,0.1588,0.3097
"SLC7A8",-2.4004,10.8335,-6.0003,1.969e-09,1.203e-07
"RNF212B",-0.5454,6.5168,-1.8305,0.06717,0.1676
"HOMEZ",-0.6149,9.5496,-3.4207,0.0006246,0.004967
"PPP1R3E",-0.1501,8.5132,-0.4945,0.621,0.7566
"BCL2L2",-0.0683,10.9947,-0.3626,0.7169,0.8253
"BCL2L2-PABPN1",-0.248,10.9302,-1.5374,0.1242,0.2615
"PABPN1",-0.2194,11.762,-1.3527,0.1761,0.3326
"SLC22A17",0.3949,9.1467,1.0336,0.3013,0.4762
"EFS",-1.7372,9.5568,-4.8881,1.018e-06,2.636e-05
"NGDN",0.1257,9.8735,0.7902,0.4294,0.5998
"ZFHX2",0.8708,7.667,2.1618,0.03064,0.09564
"THTPA",0.4271,9.6722,2.8493,0.004382,0.02203
"AP1G2",0.4262,10.9672,2.0283,0.04253,0.1213
"JPH4",-0.0186,7.1256,-0.0569,0.9546,0.9747
"DHRS2",-0.967,6.9143,-1.8824,0.05979,0.1545
"DHRS4",-0.1206,9.9664,-0.7221,0.4702,0.6351
"DHRS4L2",-0.2161,9.2197,-1.2219,0.2217,0.3889
"CARMIL3",0.5132,7.0694,1.0131,0.311,0.4859
"PCK2",-0.0452,10.4072,-0.2067,0.8363,0.9059
"NRL",0.5121,7.2694,2.5595,0.01048,0.04279
"DCAF11",0.2139,11.4361,1.4651,0.1429,0.2871
"RP11-468E2.6",0.139,8.7255,0.9337,0.3504,0.5252
"FITM1",-0.0021,6.3192,-0.0072,0.9942,0.9968
"PSME1",0.2519,12.4616,1.1754,0.2398,0.4095
"EMC9",0.0568,8.6195,0.2423,0.8085,0.8882
"PSME2",-0.0617,11.153,-0.2882,0.7732,0.8649
"RNF31",0.1194,10.6772,0.8035,0.4217,0.5925
"IRF9",0.1543,11.3604,0.6663,0.5052,0.6656
"RP11-468E2.4",0.1508,11.7625,0.7966,0.4257,0.5964
"REC8",0.2396,8.6864,0.6427,0.5204,0.6779
"IPO4",0.0668,10.5668,0.2778,0.7812,0.8701
"RP11-468E2.2",0.1166,11.1678,0.5271,0.5981,0.7389
"TM9SF1",0.3023,11.4297,1.5016,0.1332,0.2736
"TSSK4",0.4014,6.7373,1.3326,0.1827,0.3415
"RP11-468E2.1",0.3034,11.8654,1.7724,0.07633,0.184
"CHMP4A",0.2544,10.6279,1.6307,0.103,0.2297
"MDP1",0.7007,8.5433,2.6887,0.007174,0.03216
"NEDD8-MDP1",0.5911,10.8382,3.0017,0.002685,0.01544
"NEDD8",0.4834,11.529,2.4037,0.01623,0.05944
"GMPR2",0.5092,10.8608,3.2348,0.001217,0.008401
"TINF2",0.006,10.9065,0.034,0.9729,0.9853
"TGM1",-3.9921,8.1864,-7.5333,4.947e-14,1.285e-11
"RABGGTA",0.129,10.0755,0.7066,0.4798,0.6432
"DHRS1",0.1952,9.5846,0.8568,0.3916,0.5648
"NOP9",0.0356,10.9344,0.2035,0.8387,0.9076
"CIDEB",-0.2576,9.9627,-1.3372,0.1812,0.3397
"LTB4R2",-1.1045,8.1424,-3.9547,7.663e-05,0.0009351
"LTB4R",-2.0969,8.7479,-6.0786,1.212e-09,8.061e-08
"ADCY4",0.3467,8.6718,1.2048,0.2283,0.3966
"RP11-934B9.3",0.9298,7.5901,3.9559,7.626e-05,0.0009327
"RIPK3",1.0819,8.744,4.4358,9.171e-06,0.0001675
"NFATC4",0.5773,9.4922,1.6213,0.1049,0.2324
"NYNRIN",-0.0494,10.4122,-0.1322,0.8948,0.9416
"CBLN3",0.1533,8.0066,0.7344,0.4627,0.6287
"KHNYN",0.1889,11.8085,1.2937,0.1958,0.358
"SDR39U1",0.1286,10.7584,0.973,0.3306,0.506
"CMA1",0.8698,6.2713,1.4001,0.1615,0.3131
"CTSG",0.4181,6.993,0.6362,0.5247,0.6814
"GZMH",-0.3204,7.8118,-0.7056,0.4804,0.644
"GZMB",-0.9299,8.487,-2.113,0.0346,0.1045
"STXBP6",-1.0125,9.0745,-2.2516,0.02435,0.08052
"NOVA1",1.4291,7.3562,2.4546,0.0141,0.0536
"PRKD1",0.1102,8.9215,0.3653,0.7149,0.8239
"G2E3",-0.1267,9.487,-0.5432,0.587,0.7309
"SCFD1",0.1859,10.7155,1.0512,0.2932,0.4673
"COCH",-1.1232,8.3826,-2.2166,0.02665,0.08603
"STRN3",-0.0662,10.2905,-0.3239,0.746,0.8466
"AP4S1",0.0327,8.448,0.1585,0.8741,0.9291
"HECTD1",0.0756,12.2515,0.3589,0.7197,0.8276
"HEATR5A",0.658,10.5296,2.9165,0.00354,0.01892
"RP11-176H8.1",0.5968,9.2992,2.427,0.01522,0.05682
"DTD2",-0.1848,9.5113,-0.9212,0.3569,0.5315
"NUBPL",0.1013,8.8041,0.5235,0.6006,0.7411
"ARHGAP5",0.0186,11.562,0.0792,0.9369,0.9649
"AKAP6",0.7543,8.3987,1.7958,0.07253,0.1771
"NPAS3",-1.6238,6.7154,-3.1861,0.001442,0.009542
"SPTSSA",1.3948,11.6314,4.3948,1.109e-05,0.0001937
"EGLN3",0.1227,10.2162,0.282,0.778,0.8679
"EAPP",0.4693,10.2242,2.7818,0.005406,0.02579
"SNX6",0.1252,11.3703,0.6719,0.5016,0.6622
"CFL2",0.4292,9.9771,1.624,0.1044,0.2316
"BAZ1A",-0.1579,11.0877,-0.8755,0.3813,0.5557
"SRP54",0.2414,11.0647,1.5248,0.1273,0.2656
"FAM177A1",0.8276,11.0494,3.8487,0.0001188,0.001334
"PPP2R3C",0.4393,9.5789,2.3112,0.02082,0.07184
"KIAA0391",-0.0079,10.3187,-0.0484,0.9614,0.9792
"RP11-561B11.2",0.0897,11.7835,0.4682,0.6396,0.7705
"PSMA6",0.1501,11.5265,0.7192,0.472,0.6365
"NFKBIA",-0.0542,12.8681,-0.1845,0.8537,0.917
"RALGAPA1",0.4311,9.2366,1.8442,0.06516,0.1639
"BRMS1L",0.0889,8.8301,0.3771,0.7061,0.8176
"MBIP",1.7483,10.5453,5.8891,3.883e-09,2.18e-07
"SFTA3",3.9164,10.2108,6.2061,5.431e-10,4.012e-08
"NKX2-1",4.0158,10.1444,7.0712,1.536e-12,2.478e-10
"NKX2-8",-1.1451,6.689,-2.2657,0.02347,0.07829
"PAX9",-1.1079,8.3773,-2.0213,0.04325,0.1228
"SLC25A21",0.363,7.3028,1.1283,0.2592,0.4308
"MIPOL1",0.1255,8.7086,0.4369,0.6622,0.7869
"FOXA1",0.4791,10.4841,1.1985,0.2307,0.3993
"TTC6",0.9782,7.1486,2.058,0.03959,0.1153
"SSTR1",1.6407,8.0024,2.7647,0.005698,0.02692
"CLEC14A",0.4305,9.9665,1.521,0.1283,0.2669
"SEC23A",0.12,10.9311,0.6611,0.5086,0.6685
"GEMIN2",0.1064,8.4162,0.4078,0.6834,0.8016
"TRAPPC6B",0.0099,10.0297,0.0574,0.9542,0.9743
"PNN",-0.4083,11.4286,-2.1287,0.03328,0.1016
"MIA2",2.7706,6.8225,3.9032,9.495e-05,0.001114
"RP11-407N17.3",0.4139,10.3036,1.5261,0.127,0.2654
"CTAGE5",0.3585,10.3792,1.3463,0.1782,0.3356
"FBXO33",0.3788,9.333,1.928,0.05385,0.1435
"LRFN5",0.4311,6.5393,1.0338,0.3012,0.4761
"C14orf28",0.4463,7.6632,2.2796,0.02263,0.07633
"KLHL28",0.3847,9.3891,2.5583,0.01052,0.04286
"TOGARAM1",0.0737,9.4302,0.3716,0.7102,0.8205
"PRPF39",0.0418,10.2715,0.2668,0.7896,0.8754
"FKBP3",0.0949,10.5784,0.4991,0.6177,0.7537
"FANCM",-0.1831,8.1134,-0.8282,0.4076,0.5792
"MIS18BP1",-0.0384,9.8824,-0.219,0.8267,0.8995
"RPS29",0.589,12.5808,2.1785,0.02937,0.09255
"LRR1",-0.0997,8.6418,-0.5492,0.5829,0.7276
"RPL36AL",0.3085,12.0166,1.6402,0.101,0.2263
"MGAT2",-0.0727,10.5049,-0.4153,0.6779,0.7978
"DNAAF2",0.216,9.0627,1.082,0.2793,0.4531
"POLE2",-0.4555,7.7389,-1.7377,0.08226,0.194
"KLHDC1",0.9325,7.3329,3.4067,0.0006575,0.005181
"KLHDC2",0.5434,10.9541,3.4317,0.0005997,0.004809
"NEMF",0.1003,10.8437,0.6645,0.5064,0.6666
"ARF6",-0.3328,12.2426,-2.0519,0.04018,0.1166
"VCPKMT",-0.2937,8.1868,-2.0088,0.04456,0.1256
"SOS2",0.2525,10.5513,1.6216,0.1049,0.2324
"L2HGDH",-0.311,8.6485,-1.4375,0.1506,0.2977
"ATP5S",0.3667,9.8022,2.1692,0.03007,0.09426
"CDKL1",0.7378,8.0479,2.8779,0.004003,0.02064
"MAP4K5",-0.1695,10.564,-1.1149,0.2649,0.4369
"ATL1",1.1981,8.6445,4.3589,1.307e-05,0.0002208
"SAV1",0.0543,10.5338,0.3453,0.7299,0.8348
"NIN",-0.5564,10.7032,-3.4103,0.0006488,0.005123
"ABHD12B",-1.1313,6.516,-1.9941,0.04614,0.1287
"PYGL",-0.4029,10.886,-1.193,0.2329,0.4012
"TRIM9",-0.7355,6.9326,-1.4008,0.1613,0.3128
"TMX1",-0.1981,11.0109,-1.114,0.2653,0.4374
"FRMD6",-2.1064,10.3519,-8.8007,1.36e-18,8.691e-16
"GNG2",0.1549,9.4372,0.5173,0.6049,0.7442
"C14orf166",0.0097,11.5766,0.0699,0.9443,0.9691
"NID2",-0.0137,9.4528,-0.0435,0.9653,0.9813
"PTGDR",-0.1913,6.6637,-0.509,0.6107,0.7489
"PTGER2",0.9102,7.6976,2.3298,0.01982,0.06918
"TXNDC16",-0.0017,8.9196,-0.0058,0.9954,0.9973
"GPR137C",-0.0641,7.0566,-0.1534,0.8781,0.9316
"ERO1A",0.5979,12.3053,1.6257,0.104,0.2312
"PSMC6",0.0719,10.4955,0.3885,0.6977,0.8124
"STYX",0.1328,9.8814,0.808,0.4191,0.59
"GNPNAT1",0.3495,10.2898,1.2387,0.2154,0.3815
"FERMT2",0.6483,10.7443,2.8406,0.004502,0.02248
"DDHD1",-0.2258,9.698,-0.9844,0.3249,0.5008
"BMP4",1.0021,8.6129,2.5024,0.01234,0.04836
"CDKN3",-0.6262,8.1362,-1.6623,0.09646,0.2185
"CNIH1",0.2341,11.5534,0.9773,0.3284,0.5038
"GMFB",0.2321,11.2649,1.2213,0.222,0.3892
"CGRRF1",0.7828,8.7982,2.8981,0.003754,0.01976
"SAMD4A",-0.2695,9.8296,-0.7985,0.4246,0.5954
"GCH1",-0.955,9.5823,-2.6379,0.008341,0.0359
"WDHD1",-0.5266,9.0229,-2.1122,0.03467,0.1046
"SOCS4",0.2311,9.9501,1.3247,0.1853,0.3449
"MAPK1IP1L",0.066,11.5687,0.4166,0.677,0.7972
"LGALS3",1.0269,13.1898,3.6013,0.0003166,0.002953
"DLGAP5",-0.5672,8.7417,-1.5955,0.1106,0.2406
"FBXO34",0.119,10.6987,0.6328,0.5268,0.6835
"ATG14",-0.0863,9.8748,-0.4776,0.6329,0.7654
"KTN1",-0.605,12.8742,-2.9712,0.002967,0.0166
"PELI2",0.1457,9.6105,0.4287,0.6681,0.791
"TMEM260",-0.6534,9.6445,-3.5218,0.0004286,0.003726
"EXOC5",-0.0899,11.0846,-0.508,0.6114,0.7494
"AP5M1",0.0448,10.4279,0.2934,0.7692,0.8626
"NAA30",0.1811,9.9452,0.7627,0.4456,0.614
"ACTR10",0.4267,10.8224,2.3328,0.01966,0.06874
"PSMA3",-0.101,11.3485,-0.5177,0.6047,0.7441
"C14orf37",-0.2794,8.2832,-1.2559,0.2092,0.3745
"ARID4A",0.3603,9.8532,1.9203,0.05481,0.1453
"TOMM20L",0.3498,6.35,1.5061,0.1321,0.2722
"TIMM9",0.2142,9.4439,1.0239,0.3059,0.4806
"KIAA0586",0.2116,9.2543,1.2462,0.2127,0.3786
"DACT1",-0.3425,8.6976,-0.995,0.3197,0.4956
"DAAM1",0.0032,10.4955,0.0142,0.9887,0.9941
"GPR135",0.422,7.0412,1.2054,0.2281,0.3964
"L3HYPDH",0.1504,8.2452,0.5023,0.6155,0.7524
"JKAMP",0.461,10.5524,2.8684,0.004125,0.02108
"CCDC175",0.2698,7.0758,1.1197,0.2628,0.4349
"RTN1",0.6155,8.3601,1.5095,0.1312,0.271
"PCNX4",0.1921,10.7877,1.0716,0.2839,0.4577
"DHRS7",0.742,11.1183,2.9627,0.003049,0.01694
"PPM1A",0.1818,11.1955,1.2282,0.2194,0.386
"C14orf39",0.0691,7.8958,0.3741,0.7083,0.8193
"SIX1",0.5687,8.6372,0.9798,0.3272,0.5029
"SIX4",-0.2348,8.7992,-0.5755,0.565,0.7135
"MNAT1",-0.1305,9.3385,-0.6106,0.5415,0.6943
"TRMT5",0.0807,9.4442,0.4748,0.6349,0.7673
"SLC38A6",0.3266,8.8424,1.3552,0.1754,0.3315
"TMEM30B",-0.0721,11.1162,-0.2582,0.7962,0.8791
"PRKCH",-0.5006,10.8317,-2.2708,0.02316,0.07754
"RP11-47I22.4",-0.5234,8.3128,-2.2311,0.02567,0.08372
"HIF1A",-0.4035,12.6852,-1.8169,0.06923,0.1715
"SNAPC1",-0.6984,9.251,-2.9763,0.002918,0.01642
"SYT16",0.0119,6.3602,0.0219,0.9825,0.9907
"RHOJ",0.3559,9.0764,1.5782,0.1145,0.2464
"PPP2R5E",0.181,10.9901,1.0923,0.2747,0.4481
"WDR89",0.2628,9.0883,1.6792,0.09312,0.2131
"SGPP1",1.2146,9.8044,4.4104,1.032e-05,0.000184
"SYNE2",0.1398,12.3681,0.5907,0.5547,0.705
"ESR2",-0.0954,6.8658,-0.2933,0.7693,0.8627
"MTHFD1",-0.3379,11.0645,-1.8284,0.06748,0.1683
"AKAP5",0.946,8.0038,2.9736,0.002943,0.01653
"ZBTB25",-0.0775,9.4564,-0.5541,0.5795,0.7252
"ZBTB1",0.2695,10.3046,2.0687,0.03857,0.1134
"HSPA2",-0.0682,9.292,-0.1463,0.8837,0.9351
"PPP1R36",1.6535,6.724,4.138,3.503e-05,0.000488
"PLEKHG3",-1.2484,10.5353,-4.3158,1.59e-05,0.0002607
"SPTB",1.312,8.6684,2.8323,0.004621,0.02288
"GPX2",0.3193,9.681,0.4103,0.6816,0.8004
"CHURC1",0.1538,10.8933,0.8613,0.3891,0.5623
"RAB15",1.5176,10.0442,4.0081,6.12e-05,0.0007741
"CHURC1-FNTB",0.0793,10.0958,0.5523,0.5807,0.7262
"FNTB",-0.2939,9.8927,-1.9454,0.05173,0.1394
"MAX",-0.3709,11.0497,-3.0856,0.002031,0.01246
"FUT8",-0.285,10.3699,-0.8875,0.3748,0.5497
"GPHN",0.1108,9.2725,0.4583,0.6467,0.776
"FAM71D",-0.204,7.1736,-0.8604,0.3895,0.5628
"MPP5",0.6183,10.5728,3.3778,0.0007308,0.005662
"ATP6V1D",0.284,10.9034,1.5794,0.1143,0.246
"EIF2S1",-0.1124,11.2425,-0.7162,0.4739,0.6383
"PLEK2",-0.579,8.7956,-1.6587,0.09717,0.2199
"TMEM229B",-0.2572,8.084,-0.6762,0.4989,0.6599
"PLEKHH1",-0.8388,8.7957,-2.133,0.03293,0.1008
"PIGH",-6e-04,9.0771,-0.003,0.9976,0.9987
"ARG2",0.1109,10.1596,0.4226,0.6726,0.7943
"VTI1B",0.0873,11.503,0.5036,0.6146,0.7518
"RP11-1012A1.4",-0.1222,9.6339,-0.7282,0.4665,0.6317
"RDH11",-0.2988,11.4102,-1.6181,0.1056,0.2335
"RDH12",-0.3117,6.5716,-0.7871,0.4312,0.6015
"ZFYVE26",-0.0242,10.5554,-0.1314,0.8955,0.942
"RAD51B",-0.0926,7.9078,-0.4174,0.6764,0.797
"ZFP36L1",-0.1282,13.7394,-0.4445,0.6567,0.7834
"ACTN1",-0.4497,12.841,-1.7587,0.07863,0.1879
"DCAF5",-0.0076,11.1752,-0.0464,0.963,0.9801
"EXD2",0.1506,10.1451,0.815,0.4151,0.5861
"GALNT16",-0.0676,7.4371,-0.1564,0.8757,0.9301
"ERH",0.0654,11.4395,0.3409,0.7332,0.8372
"SLC39A9",0.1561,11.8234,1.0392,0.2987,0.4731
"PLEKHD1",-0.7567,6.5074,-1.3815,0.1671,0.3209
"SUSD6",-0.8268,11.8926,-3.7356,0.0001873,0.001926
"SRSF5",0.1092,12.3707,0.7707,0.4409,0.6099
"SMOC1",1.4213,8.1566,1.9092,0.05624,0.1477
"SLC8A3",-1.0331,6.6686,-1.7949,0.07268,0.1774
"COX16",0.2471,10.4644,1.2857,0.1986,0.3614
"SYNJ2BP",0.228,10.7913,1.5262,0.127,0.2654
"SYNJ2BP-COX16",0.1769,10.4172,0.9759,0.3291,0.5046
"ADAM21",-0.2935,6.2243,-0.5812,0.5611,0.7103
"MED6",-0.0597,9.6131,-0.3307,0.7409,0.843
"TTC9",0.7372,10.122,1.675,0.09393,0.2145
"MAP3K9",0.1423,9.7005,0.452,0.6512,0.7796
"PCNX1",-0.148,11.0056,-0.7066,0.4798,0.6432
"SIPA1L1",-0.1624,11.0934,-0.6587,0.5101,0.6694
"RGS6",-2.6497,7.0228,-4.3328,1.472e-05,0.000244
"DPF3",-0.1138,6.5654,-0.388,0.698,0.8125
"DCAF4",-0.3147,8.9229,-1.5225,0.1279,0.2664
"ZFYVE1",0.108,9.8823,0.6183,0.5363,0.6904
"RBM25",-0.1738,11.6211,-1.163,0.2448,0.4149
"PSEN1",0.3199,11.6572,1.814,0.06968,0.1723
"PAPLN",-1.103,9.7592,-2.9915,0.002776,0.01584
"NUMB",0.4175,11.6193,2.7911,0.005253,0.02529
"RIOX1",-0.2284,8.9792,-1.3891,0.1648,0.3178
"ACOT1",0.7105,9.0239,2.9316,0.003373,0.01829
"HEATR4",-0.2611,6.9207,-1.059,0.2896,0.4638
"ACOT2",0.5189,9.3348,2.2352,0.0254,0.08306
"ACOT4",1.2632,7.9099,4.7513,2.021e-06,4.653e-05
"DNAL1",0.6137,9.6342,2.702,0.006893,0.03114
"PNMA1",-0.0575,10.2409,-0.2388,0.8112,0.8899
"ELMSAN1",-0.2399,10.8716,-1.2421,0.2142,0.3801
"PTGR2",0.4338,9.0831,1.8073,0.07071,0.1742
"RP5-1021I20.4",0.1886,10.958,1.0219,0.3068,0.4815
"ZNF410",0.159,10.8542,0.8365,0.4028,0.5748
"FAM161B",0.3285,10.0066,1.9424,0.05209,0.1401
"COQ6",0.4999,9.5933,2.9974,0.002722,0.0156
"ENTPD5",0.3198,10.2858,1.7868,0.07397,0.1796
"BBOF1",0.73,8.875,2.6107,0.009036,0.0381
"ALDH6A1",0.6598,10.1824,3.2242,0.001263,0.008627
"LIN52",-0.0265,9.0178,-0.1487,0.8818,0.9342
"ABCD4",0.083,10.1738,0.5239,0.6004,0.741
"SYNDIG1L",1.0851,6.6765,2.1887,0.02862,0.0908
"NPC2",1.04,13.408,3.4767,0.0005077,0.004251
"ISCA2",0.5252,9.3244,2.442,0.01461,0.05512
"LTBP2",0.3056,12.8632,0.9069,0.3644,0.5389
"AREL1",-0.0268,10.7418,-0.1416,0.8874,0.9371
"FCF1",-0.0311,10.4551,-0.2249,0.8221,0.8965
"YLPM1",-0.1859,11.4385,-1.0243,0.3057,0.4805
"PROX2",-0.8336,6.6105,-2.7247,0.006437,0.0295
"DLST",0.0339,11.6043,0.2112,0.8327,0.904
"RPS6KL1",0.0473,7.4713,0.1118,0.911,0.9512
"PGF",-1.7664,8.7677,-5.1852,2.158e-07,6.978e-06
"EIF2B2",-0.119,9.9143,-0.7702,0.4412,0.6102
"MLH3",0.072,9.4584,0.4511,0.6519,0.7801
"ACYP1",0.3167,7.9609,1.1211,0.2623,0.4344
"ZC2HC1C",1.0946,7.804,3.5926,0.0003274,0.003032
"NEK9",-0.0413,11.4852,-0.2612,0.7939,0.878
"TMED10",-0.178,13.5788,-0.9171,0.3591,0.5338
"FOS",0.5782,13.2459,1.1137,0.2654,0.4376
"JDP2",-0.2184,10.0636,-0.793,0.4278,0.5984
"BATF",1.3666,8.1654,3.0967,0.001957,0.01209
"C14orf1",-0.3751,10.9295,-1.6721,0.09451,0.2154
"FLVCR2",0.3532,9.2842,1.1725,0.241,0.4108
"TTLL5",-0.3091,10.0754,-1.7331,0.08307,0.1956
"TGFB3",-0.9271,9.811,-3.3454,0.0008215,0.006209
"IFT43",0.0225,9.3569,0.1009,0.9196,0.9561
"GPATCH2L",-0.0154,10.2752,-0.0902,0.9282,0.9604
"VASH1",-0.0234,10.3991,-0.098,0.9219,0.9573
"ANGEL1",-0.0638,10.062,-0.3307,0.7408,0.843
"IRF2BPL",-0.3142,11.054,-1.5562,0.1197,0.2545
"CIPC",0.0028,10.2577,0.0141,0.9888,0.9941
"RP11-463C8.4",0.4376,6.864,1.5258,0.1271,0.2654
"TMEM63C",0.6993,8.4523,1.9783,0.04789,0.132
"POMT2",-0.1888,9.6329,-0.9112,0.3622,0.5367
"GSTZ1",-0.1751,9.124,-0.7899,0.4296,0.5999
"TMED8",0.0533,10.1494,0.3005,0.7638,0.8586
"SAMD15",0.1886,7.0632,0.405,0.6855,0.8028
"NOXRED1",0.1078,6.4026,0.273,0.7849,0.8726
"VIPAS39",-0.0613,9.7668,-0.4249,0.6709,0.793
"AHSA1",-0.4221,11.5676,-2.0779,0.03772,0.1113
"ISM2",-1.7254,6.3207,-2.1817,0.02913,0.09203
"SPTLC2",0.2321,11.418,1.181,0.2376,0.4069
"ALKBH1",0.0354,8.7973,0.2319,0.8166,0.893
"SLIRP",-0.107,9.9209,-0.5281,0.5975,0.7383
"SNW1",-0.2236,11.0924,-1.8504,0.06425,0.1622
"ADCK1",-0.3741,8.5314,-2.0732,0.03816,0.1123
"NRXN3",-0.9573,8.4764,-2.2708,0.02316,0.07754
"DIO2",-2.6024,8.6659,-4.7216,2.34e-06,5.284e-05
"CEP128",-0.6237,8.214,-3.0644,0.002181,0.01317
"TSHR",-0.8068,6.3254,-1.5466,0.122,0.258
"GTF2A1",-0.2317,10.8198,-1.4955,0.1348,0.2759
"STON2",-1.9766,9.2801,-6.7468,1.511e-11,1.82e-09
"SEL1L",0.0182,12.3361,0.0847,0.9325,0.9631
"FLRT2",-0.5239,9.0768,-1.2967,0.1947,0.357
"GALC",0.6766,10.5467,2.9807,0.002876,0.01624
"GPR65",0.6856,8.214,1.7589,0.07859,0.1878
"SPATA7",0.8247,8.4363,4.256,2.081e-05,0.0003211
"PTPN21",0.5563,9.8615,2.6548,0.007935,0.03455
"ZC3H14",-0.0813,11.0193,-0.5722,0.5672,0.7154
"EML5",0.0064,9.1789,0.0363,0.9711,0.9841
"TTC8",0.4046,9.2542,2.294,0.02179,0.07425
"FOXN3",-0.6327,11.5641,-2.9113,0.003599,0.01916
"EFCAB11",0.0972,8.1223,0.3784,0.7051,0.817
"TDP1",-0.2383,9.1999,-1.0374,0.2996,0.4741
"KCNK13",-0.8193,6.9406,-2.0626,0.03915,0.1144
"PSMC1",-0.1973,9.4476,-1.4805,0.1387,0.2811
"NRDE2",-0.1328,10.2128,-1.0624,0.2881,0.4619
"CALM1",-0.1705,13.708,-0.9869,0.3237,0.4996
"TTC7B",-0.9254,9.6066,-3.9054,9.408e-05,0.001107
"RPS6KA5",-0.7701,9.1246,-2.3065,0.02108,0.07256
"C14orf159",-0.4816,10.3552,-2.0789,0.03763,0.1111
"GPR68",0.0024,8.7152,0.0063,0.995,0.9971
"CCDC88C",-0.6186,10.973,-2.2825,0.02246,0.07596
"PPP4R3A",0.168,11.4698,0.9888,0.3228,0.4984
"CATSPERB",1.4362,7.5382,3.7249,0.0001954,0.002001
"TC2N",0.8927,11.3117,2.8973,0.003764,0.01977
"FBLN5",0.1122,10.7363,0.3392,0.7345,0.8378
"TRIP11",0.1562,10.6778,0.8751,0.3815,0.5558
"ATXN3",-0.1575,9.8571,-0.9788,0.3277,0.5032
"NDUFB1",0.5571,10.1348,2.3062,0.0211,0.07259
"CPSF2",-0.19,11.2581,-1.3633,0.1728,0.3283
"SLC24A4",-0.2054,6.9979,-0.4995,0.6174,0.7535
"RIN3",-0.2166,10.3664,-0.9106,0.3625,0.5371
"LGMN",0.3336,12.4705,1.788,0.07377,0.1793
"GOLGA5",0.2148,11.0355,1.4528,0.1463,0.2918
"CHGA",1.6168,6.5395,1.9154,0.05544,0.1463
"ITPK1",-0.0178,11.1589,-0.0743,0.9407,0.9672
"MOAP1",0.5425,10.195,2.9629,0.003047,0.01693
"TMEM251",0.1213,9.1807,0.5504,0.582,0.7271
"GON7",0.6861,8.9034,2.5802,0.009873,0.04085
"RP11-371E8.4",0.1027,8.7086,0.5336,0.5936,0.7356
"UBR7",-0.1207,10.5427,-0.6153,0.5384,0.6919
"BTBD7",-0.1505,10.5564,-0.8345,0.404,0.5758
"UNC79",-2.1743,6.6501,-4.9849,6.201e-07,1.729e-05
"PRIMA1",-3.4548,7.3869,-7.0771,1.472e-12,2.398e-10
"FAM181A",-0.413,6.5241,-0.6838,0.4941,0.6564
"ASB2",-0.9828,7.5762,-2.4395,0.01471,0.05536
"OTUB2",-0.0308,7.7948,-0.1127,0.9102,0.9509
"DDX24",-0.1523,12.3652,-0.9761,0.329,0.5045
"IFI27L1",0.1829,8.4408,0.8112,0.4172,0.5883
"IFI27",0.0634,12.795,0.147,0.8832,0.9347
"IFI27L2",-0.7915,9.6042,-3.1158,0.001835,0.01146
"PPP4R4",-2.7939,7.4291,-5.4826,4.191e-08,1.707e-06
"SERPINA1",1.4339,13.4774,2.9107,0.003606,0.01918
"SERPINA9",-1.9165,6.2673,-2.5081,0.01214,0.04774
"SERPINA5",1.7021,6.9006,2.9009,0.003721,0.01962
"SERPINA3",0.381,10.2624,0.7325,0.4639,0.6294
"RP11-986E7.7",0.3694,10.257,0.715,0.4746,0.6388
"DICER1",-0.2336,11.2509,-1.2309,0.2184,0.3848
"CLMN",1.1655,9.9999,3.765,0.0001666,0.001754
"SYNE3",-0.2022,8.9662,-0.5831,0.5598,0.709
"GLRX5",-0.071,10.3892,-0.3224,0.7472,0.8473
"TCL1A",-1.0882,6.6282,-1.7157,0.08621,0.2014
"C14orf132",-0.2172,9.9943,-0.7256,0.4681,0.6331
"BDKRB2",0.025,9.0277,0.0712,0.9432,0.9686
"RP11-404P21.8",-0.2885,7.1916,-0.5967,0.5507,0.7019
"BDKRB1",-1.1178,7.1475,-1.6527,0.0984,0.2218
"ATG2B",-0.0395,10.3495,-0.2213,0.8249,0.8981
"GSKIP",0.4725,9.9674,1.9444,0.05185,0.1397
"AK7",0.8064,8.0423,1.7925,0.07305,0.178
"PAPOLA",-0.4166,12.7101,-2.808,0.004984,0.02424
"VRK1",-0.7059,9.0989,-2.8329,0.004613,0.02286
"BCL11B",-1.879,8.5227,-4.4113,1.028e-05,0.0001835
"SETD3",-0.0784,11.2284,-0.5235,0.6006,0.7411
"CCNK",-0.6069,11.0812,-3.2642,0.001098,0.007711
"CCDC85C",-0.74,11.5416,-3.6522,0.00026,0.002506
"HHIPL1",-0.5425,7.7847,-1.6641,0.0961,0.2181
"CYP46A1",-0.0979,6.7624,-0.2906,0.7714,0.8641
"EML1",-0.7971,9.6283,-3.681,0.0002323,0.002289
"EVL",-0.6173,11.3659,-3.0791,0.002076,0.01268
"DEGS2",0.6354,9.3088,1.894,0.05822,0.1517
"YY1",-0.2615,12.0673,-1.8143,0.06963,0.1722
"SLC25A29",-0.0902,10.344,-0.372,0.7099,0.8204
"WARS",-0.896,13.1094,-2.8669,0.004146,0.02115
"WDR25",0.313,8.6892,1.7557,0.07913,0.1888
"BEGAIN",0.841,6.9674,2.1941,0.02823,0.08997
"DIO3",-0.8561,6.5171,-1.7644,0.07767,0.1861
"PPP2R5C",-0.0714,12.0538,-0.4717,0.6371,0.7687
"DYNC1H1",-0.3115,13.8033,-1.3997,0.1616,0.3132
"HSP90AA1",-0.3951,14.937,-1.8706,0.0614,0.1573
"WDR20",0.0595,9.5741,0.3799,0.704,0.8165
"MOK",0.1704,8.5449,0.5225,0.6013,0.7415
"ZNF839",-0.0762,9.1094,-0.4366,0.6624,0.7869
"CINP",-0.1384,10.0939,-0.9469,0.3437,0.5183
"TECPR2",-0.3312,10.047,-1.8217,0.06851,0.1702
"ANKRD9",-0.2709,9.5104,-0.8714,0.3835,0.5573
"RCOR1",-0.4356,10.9991,-1.8497,0.06435,0.1625
"TRAF3",-1.0042,10.3792,-4.8565,1.195e-06,3.017e-05
"AMN",-0.1216,10.2774,-0.4647,0.6421,0.7723
"CDC42BPB",-0.0961,12.426,-0.42,0.6745,0.7956
"EXOC3L4",-3.4762,7.135,-5.4284,5.687e-08,2.183e-06
"TNFAIP2",-1.384,11.992,-4.3804,1.184e-05,0.0002036
"EIF5",-0.3933,12.7477,-2.4822,0.01306,0.05067
"MARK3",-0.5741,11.2028,-4.0019,6.283e-05,0.0007929
"CKB",-0.6246,11.4235,-1.2976,0.1944,0.3569
"TRMT61A",-0.5094,9.4254,-2.3208,0.0203,0.07047
"BAG5",-0.5055,10.9827,-2.6668,0.007659,0.03372
"APOPT1",-0.1466,9.7433,-0.6833,0.4944,0.6566
"RP11-73M18.2",-0.3229,11.197,-1.8816,0.05988,0.1547
"KLC1",-0.4901,11.5655,-2.7009,0.006916,0.03122
"XRCC3",-0.9388,9.4617,-3.586,0.0003358,0.003086
"ZFYVE21",-0.3178,10.5167,-1.5284,0.1264,0.2648
"PPP1R13B",-0.5074,10.6491,-1.8296,0.06731,0.1679
"C14orf2",-0.0827,10.7048,-0.335,0.7377,0.8405
"TDRD9",-0.4523,6.8692,-0.9221,0.3565,0.5309
"ASPG",-1.1127,7.2185,-2.1329,0.03294,0.1008
"KIF26A",0.0075,8.1685,0.0149,0.9881,0.9937
"TMEM179",0.1077,6.4033,0.1033,0.9177,0.9548
"INF2",0.4654,11.933,1.5961,0.1105,0.2405
"ADSSL1",1.1305,8.8061,2.6801,0.007359,0.03273
"SIVA1",0.0283,10.7616,0.1177,0.9063,0.9484
"AKT1",-0.2244,12.6213,-1.0876,0.2768,0.4503
"ZBTB42",0.6189,9.5231,2.7735,0.005546,0.02631
"CEP170B",-0.332,11.2319,-1.1126,0.2659,0.4379
"PLD4",-0.1116,9.0238,-0.3139,0.7536,0.8517
"AHNAK2",-0.1418,11.2648,-0.297,0.7665,0.8605
"C14orf79",0.1206,9.2456,0.5331,0.5939,0.7356
"CDCA4",-0.7539,9.45,-2.8345,0.00459,0.02279
"GPR132",0.1833,8.1569,0.5466,0.5847,0.7291
"JAG2",-1.1215,10.5092,-2.975,0.00293,0.01647
"NUDT14",0.1298,9.6247,0.4909,0.6235,0.7585
"BTBD6",0.1286,10.8735,0.7011,0.4832,0.6465
"BRF1",-0.1055,10.1652,-0.4883,0.6253,0.76
"PACS2",0.089,11.0946,0.356,0.7219,0.8291
"TEX22",-0.2712,7.6355,-0.9799,0.3271,0.5029
"MTA1",-0.487,10.7399,-1.8582,0.06314,0.1603
"CRIP2",0.8976,11.3927,2.5581,0.01052,0.04287
"CRIP1",2.258,11.4805,5.5112,3.564e-08,1.481e-06
"AL928654.7",2.1942,11.4902,5.5104,3.581e-08,1.484e-06
"C14orf80",-0.3223,8.713,-1.0118,0.3116,0.4866
"TMEM121",0.2235,6.9208,0.5989,0.5492,0.7006
"NIPA1",-0.7762,10.2109,-3.9718,7.135e-05,0.0008803
"NIPA2",-0.2718,11.0348,-1.6997,0.08919,0.2063
"CYFIP1",-0.4672,12.601,-2.9939,0.002754,0.01573
"TUBGCP5",-0.5255,9.431,-2.612,0.009001,0.03797
"GOLGA8S",0.1703,6.4991,0.524,0.6003,0.7409
"MKRN3",-2.247,6.7904,-2.8691,0.004117,0.02106
"MAGEL2",0.0076,6.4293,0.0187,0.9851,0.9918
"NDN",-0.4551,9.5841,-1.4764,0.1398,0.2825
"SNURF",0.5873,10.7526,1.7595,0.07849,0.1876
"SNRPN",0.5637,11.3234,1.7046,0.08826,0.2049
"RP11-701H24.9",0.6098,10.2588,1.8073,0.07071,0.1742
"UBE3A",-0.3112,11.4653,-1.9945,0.0461,0.1287
"ATP10A",1.1923,9.4182,3.7053,0.0002111,0.002118
"GABRB3",0.844,8.0448,1.245,0.2131,0.3793
"GABRG3",-2.1461,6.4148,-2.2161,0.02668,0.08607
"OCA2",-2.094,7.0708,-3.3289,0.000872,0.006496
"HERC2",-0.3002,11.4105,-1.3283,0.1841,0.3433
"GOLGA8M",0.5159,6.3177,1.3331,0.1825,0.3414
"APBA2",0.044,8.6781,0.1161,0.9076,0.9492
"NSMCE3",-0.0812,9.5026,-0.4397,0.6602,0.7853
"FAM189A1",-0.1253,7.0006,-0.2095,0.8341,0.9044
"TJP1",0.1725,12.1585,1.0133,0.3109,0.4859
"GOLGA8T",0.6511,6.2254,1.5351,0.1248,0.2625
"CHRFAM7A",-1.5583,7.4195,-3.4557,0.0005489,0.004516
"GOLGA8R",0.526,6.8387,1.4934,0.1353,0.2765
"GOLGA8Q",0.4761,6.7737,1.2628,0.2067,0.3717
"GOLGA8H",0.945,6.2774,2.3569,0.01843,0.06554
"ARHGAP11B",-0.5777,8.2594,-1.8274,0.06764,0.1685
"FAN1",-0.2354,10.1065,-1.3841,0.1663,0.3198
"MTMR10",-0.3059,10.5741,-2.1112,0.03475,0.1048
"KLF13",-0.3948,12.143,-1.6382,0.1014,0.227
"OTUD7A",-0.4354,7.1932,-1.1268,0.2598,0.4313
"CHRNA7",-1.9111,7.1458,-4.0901,4.311e-05,0.0005774
"GOLGA8K",0.6412,6.3659,1.7242,0.08467,0.1983
"GOLGA8O",0.6296,6.5878,1.7691,0.07687,0.1848
"GOLGA8N",0.2741,7.4013,0.8234,0.4103,0.5816
"ARHGAP11A",-0.4027,9.278,-1.2413,0.2145,0.3804
"SCG5",1.7238,7.6249,3.028,0.002462,0.01445
"GREM1",-0.1898,9.3596,-0.3877,0.6982,0.8126
"FMN1",1.6089,9.4514,4.5373,5.699e-06,0.0001126
"RYR3",-2.746,7.3193,-5.1556,2.528e-07,8.033e-06
"AVEN",-0.1671,8.7368,-0.7647,0.4445,0.6128
"EMC7",0.4931,10.9532,2.3805,0.01729,0.06257
"PGBD4",-0.0192,7.5783,-0.0935,0.9255,0.9589
"KATNBL1",0.5869,9.6128,2.2695,0.02324,0.07772
"EMC4",0.2534,11.2508,1.3179,0.1875,0.348
"SLC12A6",-0.4627,10.8411,-2.3837,0.01714,0.06208
"NOP10",0.4072,10.9784,1.6042,0.1087,0.2379
"LPCAT4",0.1851,10.1198,0.5497,0.5825,0.7273
"GOLGA8A",-0.6845,10.3524,-1.6134,0.1067,0.235
"GOLGA8B",-0.5336,10.4209,-1.3045,0.1921,0.3537
"AQR",0.0637,10.9131,0.3787,0.7049,0.8169
"ZNF770",-0.3532,10.8586,-1.7895,0.07354,0.1789
"DPH6",0.1171,8.3904,0.4796,0.6315,0.7646
"C15orf41",-1.0007,8.4514,-4.9595,7.067e-07,1.941e-05
"MEIS2",0.0173,9.2932,0.0654,0.9478,0.9712
"SPRED1",0.6623,11.1804,2.6349,0.008417,0.03616
"FAM98B",-0.1957,10.268,-1.195,0.2321,0.4004
"RASGRP1",0.4569,8.8788,1.5915,0.1115,0.242
"THBS1",0.6525,13.2515,1.7248,0.08457,0.1981
"FSIP1",0.5993,6.6259,1.3748,0.1692,0.324
"GPR176",0.6024,8.8884,1.5229,0.1278,0.2664
"EIF2AK4",-0.0135,11.0352,-0.1093,0.913,0.9524
"SRP14",0.4174,12.4577,2.2867,0.02221,0.07529
"BMF",0.9889,9.9523,3.2295,0.00124,0.008535
"BUB1B",-0.3151,8.8336,-0.8747,0.3818,0.556
"BUB1B-PAK6",-0.2638,8.897,-1.2007,0.2299,0.3984
"PAK6",-0.2691,9.1936,-1.062,0.2883,0.4622
"PLCB2",0.5749,9.6895,1.8668,0.06192,0.1584
"INAFM2",-0.1144,9.5132,-0.5854,0.5583,0.7078
"C15orf52",0.53,9.1447,1.5217,0.1281,0.2667
"DISP2",0.3196,7.4021,0.5717,0.5675,0.7155
"KNSTRN",-0.2678,9.1556,-1.045,0.296,0.47
"IVD",0.1076,11.1337,0.4923,0.6225,0.7578
"BAHD1",-0.1505,10.4476,-0.8436,0.3989,0.5717
"CHST14",-0.9929,10.0211,-5.1956,2.041e-07,6.691e-06
"C15orf57",0.5708,9.4944,2.8105,0.004947,0.0241
"RPUSD2",0.0788,8.4882,0.4004,0.6889,0.8052
"KNL1",-0.2091,8.4701,-0.6196,0.5355,0.6899
"RAD51",-0.5925,8.1575,-2.0432,0.04103,0.1182
"RMDN3",0.3798,10.905,2.413,0.01582,0.0584
"GCHFR",1.3451,9.7272,5.0375,4.716e-07,1.375e-05
"C15orf62",0.1514,7.2223,0.5659,0.5715,0.7185
"DNAJC17",0.9111,10.1771,4.45,8.585e-06,0.0001589
"ZFYVE19",0.6594,9.9149,3.1102,0.00187,0.01163
"PPP1R14D",4.6548,6.5188,7.3666,1.751e-13,3.684e-11
"SPINT1",0.2304,12.9609,0.8167,0.4141,0.5853
"RHOV",0.7905,9.2351,1.1178,0.2637,0.4356
"VPS18",0.7291,10.5168,2.8132,0.004905,0.02396
"DLL4",0.7414,9.5252,2.5913,0.009561,0.03984
"CHAC1",-0.3213,7.9584,-0.7445,0.4566,0.6236
"INO80",-0.0507,10.5449,-0.3508,0.7257,0.8319
"CHP1",0.5592,12.423,2.0768,0.03782,0.1115
"OIP5",-0.4917,7.645,-1.3593,0.1741,0.33
"NUSAP1",-0.3852,9.7726,-1.1936,0.2326,0.401
"NDUFAF1",0.2798,9.0112,1.6201,0.1052,0.2328
"RTF1",-0.1237,11.1971,-0.8316,0.4056,0.5771
"ITPKA",2.0632,7.2345,3.7904,0.0001504,0.00161
"LTK",3.0098,7.9215,5.9565,2.578e-09,1.514e-07
"RPAP1",-0.3947,10.0652,-2.0797,0.03755,0.111
"TYRO3",-0.3103,9.2245,-1.1024,0.2703,0.4434
"MGA",0.2495,10.7092,1.2414,0.2144,0.3803
"MAPKBP1",-1.4842,9.9835,-6.3233,2.56e-10,2.153e-08
"JMJD7",-0.4026,9.073,-1.6994,0.08924,0.2063
"PLA2G4B",-0.9221,8.966,-3.072,0.002126,0.0129
"JMJD7-PLA2G4B",-0.6609,10.0792,-2.7061,0.006808,0.03083
"SPTBN5",0.4811,7.7113,1.0457,0.2957,0.4697
"EHD4",0.1202,11.4442,0.6023,0.5469,0.6987
"PLA2G4E",-2.0297,7.374,-3.0852,0.002034,0.01247
"PLA2G4D",-3.789,6.7154,-5.4412,5.293e-08,2.046e-06
"PLA2G4F",0.1299,9.4963,0.2805,0.7791,0.8686
"VPS39",-0.0273,11.4808,-0.1646,0.8692,0.926
"TMEM87A",0.441,12.0163,2.2116,0.02699,0.08685
"GANC",0.6329,10.0072,2.9836,0.002849,0.01615
"RP11-164J13.1",0.6993,8.7915,2.1644,0.03043,0.09517
"CAPN3",0.7312,8.5389,2.0743,0.03805,0.1121
"ZNF106",0.234,11.5818,0.9375,0.3485,0.5237
"SNAP23",0.3468,11.2811,2.189,0.02859,0.09079
"LRRC57",-0.1362,9.8521,-0.8319,0.4055,0.577
"HAUS2",-0.1424,9.9186,-0.801,0.4231,0.5938
"STARD9",0.5881,8.7449,2.0786,0.03765,0.1111
"CDAN1",-0.1156,9.1885,-0.6394,0.5226,0.6798
"TTBK2",-0.2999,9.4947,-1.2047,0.2283,0.3966
"UBR1",0.8654,10.3728,4.3989,1.088e-05,0.0001915
"TMEM62",1.2383,10.031,5.1036,3.332e-07,1.027e-05
"CCNDBP1",0.7186,10.7452,3.7062,0.0002104,0.002113
"EPB42",0.8265,7.1097,3.4965,0.0004714,0.004024
"LCMT2",0.0289,8.8745,0.1308,0.8959,0.9422
"ADAL",0.0214,8.3282,0.0972,0.9225,0.9575
"ZSCAN29",0.0582,9.6748,0.3261,0.7444,0.8454
"TUBGCP4",0.047,10.5512,0.2536,0.7998,0.8819
"TP53BP1",0.1661,11.2393,0.7353,0.4621,0.6284
"MAP1A",0.2823,9.4131,0.5406,0.5888,0.7323
"PPIP5K1",0.1715,9.2728,0.7517,0.4522,0.6196
"CKMT1B",0.2483,8.8049,0.3972,0.6912,0.8071
"STRC",0.3237,6.2158,0.6637,0.5069,0.6669
"CATSPER2",0.3559,7.5412,1.1961,0.2317,0.4001
"CKMT1A",0.1922,7.9229,0.3181,0.7504,0.8492
"PDIA3",-0.2243,13.7994,-1.1721,0.2412,0.4109
"ELL3",0.7009,8.407,2.7172,0.006584,0.03003
"RP11-296A16.1",0.6759,8.7809,3.1152,0.001838,0.01147
"SERINC4",0.6079,9.2029,3.3461,0.0008196,0.006207
"SERF2",0.5308,13.7543,2.2406,0.02505,0.08235
"HYPK",0.3756,10.3042,1.5907,0.1117,0.2422
"MFAP1",-0.0754,10.3319,-0.451,0.652,0.7801
"WDR76",0.1359,8.7533,0.425,0.6708,0.793
"FRMD5",1.3161,7.0067,2.6688,0.007612,0.03356
"CASC4",0.8788,12.0303,4.6489,3.337e-06,7.12e-05
"CTDSPL2",-0.1053,10.551,-0.5591,0.5761,0.7224
"EIF3J",-0.2199,11.1179,-1.3085,0.1907,0.3518
"SPG11",0.2885,11.2944,1.6284,0.1034,0.2304
"PATL2",-0.043,7.0633,-0.1181,0.906,0.9484
"B2M",0.2327,16.5632,0.6696,0.5031,0.6638
"TRIM69",-0.2926,10.6351,-1.2341,0.2172,0.3832
"SORD",-0.4992,10.0079,-1.8256,0.06792,0.1691
"DUOX2",-1.5327,8.584,-2.7889,0.005289,0.02543
"DUOXA2",-1.0405,8.1252,-2.5325,0.01132,0.04527
"DUOXA1",-0.68,9.6014,-1.7189,0.08563,0.2002
"DUOX1",-0.8297,10.9544,-2.0452,0.04084,0.1178
"SHF",1.4291,8.1451,3.9193,8.88e-05,0.001054
"GATM",0.086,9.0992,0.2264,0.8209,0.896
"SPATA5L1",-0.1433,8.5592,-0.7882,0.4306,0.601
"C15orf48",1.2516,9.3205,2.5153,0.01189,0.04702
"SLC30A4",-0.377,8.4892,-1.5764,0.1149,0.2471
"BLOC1S6",0.0069,10.9477,0.054,0.957,0.9763
"RP11-96O20.4",0.9011,10.6337,2.4778,0.01322,0.05119
"SQRDL",0.8693,11.5758,2.3434,0.01911,0.06737
"SEMA6D",-1.6224,8.9127,-3.7575,0.0001716,0.001795
"SLC24A5",1.1363,7.527,2.8007,0.005099,0.02467
"MYEF2",1.1498,9.1244,2.8281,0.004683,0.0231
"DUT",-0.0097,10.6402,-0.0542,0.9568,0.9762
"FBN1",-0.1107,11.7725,-0.3464,0.729,0.8342
"CEP152",-0.2738,8.3538,-1.041,0.2979,0.4721
"EID1",0.0988,12.2848,0.5563,0.578,0.7239
"SHC4",-0.8395,6.6681,-2.0395,0.0414,0.119
"SECISBP2L",0.7024,11.3726,3.4548,0.0005506,0.004526
"COPS2",-0.1832,11.2308,-1.0553,0.2913,0.4655
"GALK2",0.4716,9.6841,2.9721,0.002958,0.0166
"FGF7",0.3899,8.9936,1.0838,0.2784,0.4522
"FAM227B",0.3365,8.5995,2.16,0.03077,0.09594
"DTWD1",0.4158,9.2853,2.1789,0.02934,0.09249
"ATP8B4",0.53,7.8292,1.8186,0.06897,0.1711
"SLC27A2",0.6953,8.2771,1.6631,0.0963,0.2183
"HDC",-0.4197,7.4965,-1.0326,0.3018,0.4767
"GABPB1",-0.1988,10.2879,-1.7987,0.07207,0.1765
"USP8",0.0581,11.037,0.4747,0.635,0.7673
"USP50",0.1018,7.2971,0.6842,0.4939,0.6562
"TRPM7",-0.2965,10.7474,-1.5559,0.1197,0.2546
"SPPL2A",0.0956,11.3826,0.4994,0.6175,0.7535
"AP4E1",-0.1657,9.2783,-1.183,0.2368,0.406
"TNFAIP8L3",0.3606,8.0943,1.2085,0.2269,0.3949
"CYP19A1",-0.5532,6.4618,-1.4838,0.1379,0.28
"GLDN",1.0452,8.4023,2.1885,0.02863,0.09081
"DMXL2",0.5637,10.3046,2.3499,0.01878,0.06651
"SCG3",1.8957,6.6724,2.8182,0.004829,0.02369
"LYSMD2",0.5333,8.8846,1.8923,0.05845,0.1521
"TMOD2",0.368,9.1513,1.4715,0.1412,0.2843
"TMOD3",-0.0586,12.1269,-0.3057,0.7598,0.8561
"LEO1",-0.1312,9.6739,-0.9431,0.3456,0.5202
"MAPK6",-0.5172,11.0844,-2.6451,0.008167,0.03533
"BCL2L10",-0.1709,6.4497,-0.2609,0.7941,0.878
"GNB5",0.0765,9.7883,0.4051,0.6854,0.8028
"MYO5C",1.2404,10.7691,4.0908,4.299e-05,0.0005767
"MYO5A",-0.759,10.593,-3.3465,0.0008185,0.006203
"ARPP19",0.1277,12.5179,0.7291,0.4659,0.6312
"FAM214A",0.6989,10.4029,3.8619,0.0001125,0.001283
"WDR72",-0.6143,9.0135,-1.2129,0.2252,0.3927
"RSL24D1",0.4398,11.25,1.7723,0.07635,0.184
"RAB27A",1.2149,10.8579,5.0002,5.727e-07,1.618e-05
"PIGBOS1",0.492,8.4368,2.5901,0.009594,0.03991
"PIGB",0.5007,9.3999,3.0687,0.00215,0.01301
"CCPG1",0.6549,11.7247,3.3186,0.0009046,0.006676
"C15orf65",1.133,7.0475,4.0155,5.932e-05,0.0007538
"DYX1C1",1.1665,7.792,3.6495,0.0002627,0.002522
"PYGO1",-0.0692,8.5275,-0.1812,0.8562,0.9183
"PRTG",2.0452,7.7232,5.6055,2.077e-08,9.229e-07
"NEDD4",0.2802,9.4648,1.305,0.1919,0.3535
"RFX7",-0.5571,9.9541,-3.0793,0.002075,0.01268
"TEX9",1.3141,8.3683,3.1798,0.001474,0.009683
"MNS1",0.8963,8.0766,2.3668,0.01794,0.06427
"ZNF280D",0.3153,10.1378,2.251,0.02439,0.08063
"TCF12",-0.0441,11.318,-0.3095,0.757,0.8538
"CGNL1",1.43,10.4882,3.7146,0.0002035,0.00206
"MYZAP",0.6695,8.9743,1.5964,0.1104,0.2405
"GCOM1",0.5098,9.9935,2.3041,0.02122,0.0729
"POLR2M",0.3581,10.5335,2.0923,0.03642,0.1085
"AQP9",0.4924,8.9766,1.2201,0.2224,0.3897
"ALDH1A2",2.4867,8.5071,4.3772,1.202e-05,0.0002058
"LIPC",0.4582,6.5314,1.1517,0.2494,0.4204
"ADAM10",-0.3644,12.2105,-1.8644,0.06227,0.1589
"MINDY2",0.1886,10.3706,1.0167,0.3093,0.4841
"SLTM",-0.0841,11.546,-0.6034,0.5462,0.698
"RNF111",-0.0226,10.2556,-0.162,0.8713,0.9274
"CCNB2",-0.6949,9.0619,-2.087,0.03689,0.1096
"MYO1E",0.5606,11.0031,1.8665,0.06196,0.1584
"FAM81A",1.2936,7.4483,3.8735,0.0001073,0.001233
"GCNT3",2.9026,8.387,4.4896,7.135e-06,0.0001357
"GTF2A2",0.2599,10.355,1.1393,0.2546,0.4256
"BNIP2",-0.2525,11.3119,-1.7084,0.08756,0.2037
"ANXA2",-0.1761,14.4149,-0.6761,0.499,0.6599
"ICE2",-0.003,10.3481,-0.0186,0.9851,0.9918
"RORA",-0.3724,9.9408,-1.2107,0.226,0.3937
"VPS13C",0.3772,11.3376,2.1603,0.03075,0.0959
"C2CD4A",1.5058,7.7456,2.7181,0.006565,0.02996
"C2CD4B",1.0887,7.1796,2.1573,0.03099,0.09644
"TLN2",-0.7254,9.1522,-2.3609,0.01823,0.06506
"TPM1",-0.3232,12.3266,-1.2348,0.2169,0.3828
"LACTB",0.237,9.6365,1.1748,0.2401,0.4096
"RPS27L",0.8904,10.5947,3.8137,0.0001369,0.001502
"RAB8B",0.3586,10.4209,1.5381,0.124,0.2611
"APH1B",0.8481,9.3957,3.9236,8.724e-05,0.001039
"CA12",-0.6339,10.4722,-0.9705,0.3318,0.5069
"USP3",0.5534,10.5492,3.9556,7.633e-05,0.0009328
"FBXL22",0.5568,6.8694,2.3514,0.0187,0.06631
"HERC1",0.3534,11.0749,1.42,0.1556,0.305
"DAPK2",0.4267,9.414,1.5518,0.1207,0.2563
"FAM96A",0.722,10.2955,3.1393,0.001693,0.01076
"SNX1",0.0303,12.0656,0.2899,0.7719,0.8643
"SNX22",0.0149,12.9979,0.0679,0.9459,0.97
"PPIB",0.0492,13.6568,0.2237,0.823,0.897
"CSNK1G1",-0.5013,10.1101,-2.7373,0.006195,0.02868
"CTD-2116N17.1",-0.0377,8.8832,-0.1623,0.8711,0.9273
"PCLAF",0.0491,8.8413,0.1546,0.8771,0.9312
"TRIP4",0.3015,9.9333,2.1202,0.03399,0.1031
"ZNF609",-0.0131,11.1736,-0.0682,0.9456,0.9698
"OAZ2",0.1211,11.4657,0.9168,0.3592,0.5339
"RBPMS2",1.8678,7.6467,4.9629,6.945e-07,1.914e-05
"PIF1",-0.4744,7.6246,-1.4283,0.1532,0.3015
"PLEKHO2",-0.1457,10.9302,-0.6498,0.5158,0.6741
"AC069368.3",-0.0552,8.305,-0.2069,0.8361,0.9058
"ANKDD1A",-0.3235,8.2188,-1.4236,0.1546,0.3036
"SPG21",0.031,11.796,0.2784,0.7807,0.8698
"MTFMT",-0.0207,8.7442,-0.1275,0.8985,0.9442
"SLC51B",2.6978,7.064,5.78,7.472e-09,3.868e-07
"RASL12",0.4967,9.1473,1.6632,0.09627,0.2183
"UBAP1L",-0.1445,7.3111,-0.5129,0.608,0.7465
"PDCD7",-0.2449,9.5952,-2.2876,0.02216,0.07515
"CLPX",0.1115,10.6395,0.896,0.3703,0.5451
"CILP",-1.2563,8.2272,-2.3062,0.0211,0.07259
"PARP16",-0.0444,8.9419,-0.2892,0.7724,0.8646
"IGDCC4",-0.826,7.2728,-2.6009,0.009298,0.039
"DPP8",0.116,10.5921,0.8403,0.4007,0.5731
"HACD3",0.1495,11.9335,0.9357,0.3494,0.5244
"INTS14",-0.0546,10.5427,-0.3886,0.6975,0.8124
"SLC24A1",0.259,9.1157,1.4042,0.1603,0.3116
"DENND4A",-0.1572,10.1941,-0.8659,0.3866,0.5599
"RAB11A",0.0628,12.3884,0.386,0.6995,0.8134
"MEGF11",1.1491,7.0126,1.5422,0.123,0.2598
"DIS3L",-0.1588,10.046,-0.9898,0.3222,0.4981
"TIPIN",0.16,8.735,0.8489,0.3959,0.5689
"MAP2K1",-0.1547,11.2901,-0.8857,0.3758,0.5505
"SNAPC5",0.0926,10.0203,0.5866,0.5575,0.7072
"RPL4",0.0784,14.5161,0.3778,0.7056,0.8173
"ZWILCH",-0.4942,9.3264,-2.3129,0.02073,0.07161
"LCTL",-0.8135,7.3758,-3.2236,0.001266,0.008641
"SMAD6",0.8545,9.421,2.6404,0.008281,0.03571
"SMAD3",-0.5446,11.5751,-2.5628,0.01038,0.04247
"AAGAB",0.0255,10.7762,0.1518,0.8793,0.9326
"IQCH",0.246,7.4347,0.7243,0.4689,0.6338
"C15orf61",0.1617,8.1535,0.7201,0.4715,0.6361
"MAP2K5",-0.2775,9.2927,-2.0839,0.03717,0.1102
"SKOR1",-0.0321,6.4317,-0.0933,0.9256,0.959
"PIAS1",-0.0107,10.9412,-0.0797,0.9365,0.9647
"CALML4",0.2833,9.3824,1.3665,0.1718,0.327
"RP11-315D16.2",-0.3391,10.4344,-1.8594,0.06297,0.16
"CLN6",-0.6088,10.7299,-2.6417,0.008249,0.03559
"FEM1B",-0.1155,11.4297,-0.7864,0.4317,0.6017
"ITGA11",0.3418,9.5289,0.7855,0.4321,0.6022
"CORO2B",0.5525,7.884,1.8633,0.06242,0.1592
"ANP32A",0.0717,11.896,0.5735,0.5663,0.7146
"SPESP1",-1.0534,6.9146,-1.7236,0.08478,0.1985
"NOX5",0.1905,6.6157,0.3874,0.6985,0.8129
"GLCE",-0.1714,10.6046,-0.6876,0.4917,0.654
"PAQR5",0.5704,9.3411,1.115,0.2649,0.4369
"KIF23",-0.8044,9.1438,-2.6065,0.009146,0.03853
"RPLP1",0.0259,14.0567,0.1079,0.9141,0.9526
"TLE3",-0.4206,11.3846,-2.5019,0.01235,0.0484
"UACA",-0.0922,10.9083,-0.4836,0.6287,0.7623
"LARP6",-1.3968,8.7783,-5.1515,2.585e-07,8.182e-06
"THAP10",0.062,7.4271,0.2882,0.7732,0.8649
"LRRC49",-0.0684,8.1857,-0.226,0.8212,0.8961
"THSD4",-0.7936,10.0804,-2.5501,0.01077,0.04363
"MYO9A",0.6324,10.3845,2.5724,0.0101,0.04157
"SENP8",0.5385,7.565,2.1905,0.02849,0.09053
"GRAMD2",2.1508,9.0745,6.0039,1.927e-09,1.195e-07
"PKM",-0.1925,15.2917,-0.8754,0.3813,0.5557
"PARP6",-0.0076,10.5462,-0.0412,0.9671,0.9818
"RP11-106M3.5",0.1143,8.1002,0.5893,0.5557,0.7057
"CELF6",0.3807,7.163,0.9876,0.3233,0.4991
"RP11-106M3.2",0.2879,10.5759,1.377,0.1685,0.323
"HEXA",0.2748,12.0619,1.3088,0.1906,0.3517
"ARIH1",0.1028,11.5325,0.776,0.4377,0.6071
"BBS4",0.6811,9.4995,3.8859,0.0001019,0.001185
"ADPGK",-0.1641,11.2673,-0.9956,0.3194,0.4953
"NEO1",-0.8419,11.4562,-3.8051,0.0001418,0.00154
"HCN4",1.6052,6.5105,1.8664,0.06198,0.1584
"NPTN",-0.1346,12.1859,-0.6397,0.5223,0.6797
"CD276",-0.7993,11.762,-3.4542,0.000552,0.004531
"C15orf59",-1.3169,7.4583,-3.1884,0.001431,0.009492
"LOXL1",-1.12,9.5836,-3.579,0.0003449,0.003154
"STOML1",-0.2161,9.2147,-0.9439,0.3452,0.52
"PML",-0.7723,11.6519,-3.4963,0.0004718,0.004025
"ISLR2",-0.8038,7.1129,-1.6293,0.1033,0.2302
"ISLR",-0.4924,10.8179,-1.3959,0.1628,0.3149
"STRA6",-1.2408,7.9665,-1.9849,0.04716,0.1307
"CCDC33",0.9832,7.1644,1.3734,0.1696,0.3245
"CYP11A1",0.8919,6.9582,1.4472,0.1478,0.294
"SEMA7A",-1.523,8.9517,-4.1238,3.727e-05,0.0005127
"UBL7",-0.0607,10.3865,-0.4302,0.667,0.7902
"ARID3B",-0.6545,8.8705,-3.0125,0.002591,0.01502
"CLK3",0.0177,10.7643,0.1216,0.9032,0.947
"EDC3",-0.1108,10.2826,-0.7327,0.4637,0.6293
"CYP1A2",0.7795,6.1873,0.8768,0.3806,0.5549
"CSK",-0.7044,11.2739,-5.5252,3.292e-08,1.385e-06
"ULK3",0.2185,10.1661,1.3581,0.1744,0.3305
"SCAMP2",0.0582,12.0763,0.2971,0.7664,0.8604
"MPI",0.1174,11.1094,0.9675,0.3333,0.5081
"FAM219B",0.0941,10.579,0.6301,0.5286,0.6847
"COX5A",0.1414,11.1591,0.6004,0.5482,0.6998
"RPP25",-0.4108,9.3525,-1.4619,0.1438,0.2881
"SCAMP5",0.095,9.1331,0.2615,0.7937,0.8779
"PPCDC",0.344,8.6725,2.0024,0.04524,0.1269
"C15orf39",-0.2432,10.8344,-1.2197,0.2226,0.3898
"COMMD4",0.1804,10.5693,1.2594,0.2079,0.373
"NEIL1",0.4519,9.8608,2.2223,0.02626,0.08515
"MAN2C1",0.1635,11.0073,0.868,0.3854,0.5591
"SIN3A",-0.325,11.4511,-2.101,0.03564,0.1068
"PTPN9",-0.2562,10.7142,-1.9226,0.05453,0.1447
"SNUPN",0.2213,9.6481,1.2707,0.2038,0.3681
"IMP3",0.0371,10.6616,0.2013,0.8405,0.9087
"SNX33",0.2809,10.9649,1.4403,0.1498,0.2965
"CSPG4",-0.3784,9.9887,-1.075,0.2824,0.4563
"ODF3L1",-0.4659,6.7332,-1.1241,0.261,0.4327
"UBE2Q2",0.2495,10.5348,1.1618,0.2453,0.4152
"FBXO22",0.2511,9.9359,1.6814,0.09268,0.2123
"NRG4",0.3474,7.5224,0.7442,0.4567,0.6237
"TMEM266",-0.5018,7.0481,-1.677,0.09355,0.2139
"ETFA",0.1472,11.1977,0.7036,0.4817,0.6452
"ISL2",-1.5461,6.3737,-2.8569,0.004278,0.02165
"SCAPER",0.3681,9.3799,1.8434,0.06527,0.1641
"RCN2",-0.5487,11.3044,-2.6857,0.007237,0.03235
"PSTPIP1",-0.4491,8.2478,-1.4103,0.1585,0.3091
"TSPAN3",0.4256,13.1479,1.8616,0.06266,0.1595
"PEAK1",0.1676,11.0574,0.91,0.3628,0.5375
"HMG20A",-0.0259,10.4733,-0.2453,0.8062,0.8869
"LINGO1",0.8865,7.6352,1.6647,0.09597,0.2179
"TBC1D2B",-0.1049,11.132,-0.4916,0.623,0.7583
"SH2D7",0.2446,6.8692,0.66,0.5093,0.6688
"CIB2",0.2834,8.058,0.7368,0.4613,0.6276
"IDH3A",0.167,10.696,0.7697,0.4415,0.6104
"ACSBG1",0.1835,10.0267,0.8095,0.4182,0.5893
"DNAJA4",-0.0876,10.2353,-0.2393,0.8109,0.8899
"WDR61",0.3606,10.5612,1.9702,0.04882,0.1337
"CRABP1",0.7776,6.4435,0.9811,0.3265,0.5025
"IREB2",0.0696,11.031,0.5801,0.5618,0.711
"HYKK",0.1519,7.6129,0.741,0.4587,0.6253
"PSMA4",-0.1181,11.8855,-0.6464,0.518,0.6761
"CHRNA5",0.3015,7.5635,0.8075,0.4194,0.5903
"CHRNA3",-0.1179,6.7029,-0.2622,0.7932,0.8775
"CHRNB4",-1.2729,6.4618,-1.6819,0.09258,0.2122
"ADAMTS7",-0.3486,8.6332,-1.0046,0.3151,0.4905
"MORF4L1",0.3349,12.3399,1.9691,0.04894,0.1341
"CTSH",1.3661,13.3783,3.1407,0.001685,0.01074
"RASGRF1",1.5639,8.872,2.9232,0.003464,0.01862
"TMED3",0.5339,11.6993,2.4097,0.01597,0.05885
"KIAA1024",-0.1165,6.8772,-0.3535,0.7237,0.8303
"MTHFS",0.7158,9.4772,2.6641,0.00772,0.03385
"ST20",0.1513,7.72,0.5905,0.5549,0.7052
"ST20-MTHFS",0.6205,9.3779,2.3671,0.01793,0.06424
"BCL2A1",-0.8931,8.8687,-1.8888,0.05892,0.153
"ZFAND6",0.4874,11.2457,2.5651,0.01031,0.04225
"FAH",0.0921,9.789,0.3782,0.7053,0.8171
"LINC01314",0.485,7.2467,0.9933,0.3206,0.4963
"ARNT2",0.3187,10.1344,0.7431,0.4574,0.6242
"ABHD17C",0.1014,10.841,0.3217,0.7477,0.8474
"CEMIP",0.2965,10.2714,0.6209,0.5347,0.6895
"MESDC2",-0.1212,11.286,-0.7691,0.4418,0.6107
"MESDC1",-0.0928,10.0828,-0.3982,0.6905,0.8066
"CFAP161",0.9951,6.6297,1.8524,0.06397,0.1617
"IL16",-0.409,10.2601,-1.3715,0.1702,0.3253
"STARD5",-1.3,9.2713,-5.2364,1.637e-07,5.553e-06
"MEX3B",-0.0034,7.782,-0.0104,0.9917,0.9955
"EFL1",0.1151,9.7254,0.7174,0.4731,0.6375
"SAXO2",1.3971,7.5034,2.2067,0.02733,0.08772
"GOLGA6L10",-0.4183,7.2416,-1.1557,0.2478,0.4183
"GOLGA6L9",-0.618,8.3865,-1.7861,0.07408,0.1798
"RPS17",0.2936,13.8337,1.3295,0.1837,0.3428
"RP11-152F13.10",0.3799,12.1915,1.7244,0.08463,0.1982
"CPEB1",0.9672,7.15,2.0793,0.03759,0.111
"AP3B2",-0.8049,7.4992,-1.4125,0.1578,0.3083
"FSD2",-0.3065,7.1071,-1.0616,0.2884,0.4622
"WHAMM",-0.2535,9.3218,-1.6676,0.0954,0.217
"HOMER2",-0.8062,9.3791,-2.8352,0.00458,0.02275
"FAM103A1",0.1731,8.181,1.0116,0.3117,0.4866
"C15orf40",0.3139,9.3498,2.2782,0.02272,0.07654
"BTBD1",-0.0198,11.202,-0.1903,0.849,0.9139
"TM6SF1",0.2634,8.5707,1.1316,0.2578,0.429
"RP11-382A20.3",-0.8382,10.7702,-3.6169,0.0002981,0.002814
"BNC1",-5.5867,7.7888,-6.6589,2.76e-11,3.099e-09
"SH3GL3",-1.3626,7.1966,-2.2324,0.02559,0.08346
"ADAMTSL3",-0.7251,8.8375,-1.5213,0.1282,0.2669
"GOLGA6L4",0.0044,7.274,0.0133,0.9894,0.9943
"ZSCAN2",0.6729,8.5271,5.1066,3.28e-07,1.015e-05
"WDR73",0.1516,10.2588,1.1954,0.2319,0.4004
"NMB",1.1638,8.5896,2.9086,0.00363,0.01926
"SEC11A",0.1784,11.7495,0.8794,0.3792,0.5537
"ZNF592",-0.1947,10.893,-1.1693,0.2423,0.412
"ALPK3",3.1221,9.4789,7.7635,8.26e-15,2.367e-12
"PDE8A",0.2227,10.0318,1.031,0.3025,0.4773
"AKAP13",0.3668,12.6835,1.5127,0.1304,0.2701
"KLHL25",-0.2207,8.5848,-0.8948,0.3709,0.5454
"AGBL1",-0.6784,6.5757,-1.21,0.2263,0.394
"NTRK3",0.0729,7.2594,0.1453,0.8845,0.9355
"MRPL46",0.3331,9.2624,1.9961,0.04592,0.1283
"MRPS11",0.0181,9.8767,0.1051,0.9163,0.954
"DET1",0.2682,8.2164,1.5503,0.1211,0.2569
"AEN",0.422,9.8422,2.0399,0.04136,0.1189
"ISG20",0.2181,9.8509,0.7192,0.472,0.6365
"ACAN",0.4589,7.3126,0.9459,0.3442,0.5189
"HAPLN3",-1.6347,9.0818,-4.8542,1.209e-06,3.043e-05
"MFGE8",-0.4298,11.5209,-1.5406,0.1234,0.2604
"ABHD2",0.0037,13.254,0.0129,0.9897,0.9943
"FANCI",-0.7728,10.5375,-3.5349,0.0004079,0.003588
"POLG",-0.4062,11.0761,-3.1808,0.001468,0.009654
"RHCG",-3.3167,7.8081,-4.4792,7.493e-06,0.0001414
"TICRR",-1.4719,8.2074,-4.5241,6.064e-06,0.000119
"KIF7",-1.1855,8.1514,-3.7831,0.0001549,0.001651
"PLIN1",-0.2285,6.2309,-0.4517,0.6515,0.7799
"PEX11A",0.1341,8.5776,0.6174,0.537,0.6909
"WDR93",1.7703,6.6847,3.2575,0.001124,0.007862
"MESP1",1.6362,6.933,3.9848,6.755e-05,0.0008416
"MESP2",-0.2881,6.3747,-0.6049,0.5452,0.6973
"ANPEP",0.0095,10.0974,0.0257,0.9795,0.989
"AP3S2",-0.1195,10.9708,-0.6937,0.4879,0.6507
"C15orf38-AP3S2",-0.0722,10.6765,-0.4289,0.668,0.791
"ARPIN",0.2815,10.7701,1.1694,0.2422,0.412
"ZNF710",0.2663,10.3272,1.4576,0.145,0.2898
"IDH2",-0.0733,11.8719,-0.3865,0.6991,0.8133
"SEMA4B",-1.2573,12.205,-3.3403,0.0008369,0.006299
"CIB1",0.2771,11.914,0.8651,0.387,0.5604
"GDPGP1",0.3716,9.3391,1.4137,0.1574,0.3077
"TTLL13P",-0.015,6.4205,-0.0419,0.9666,0.9816
"RP11-697E2.6",-0.1574,11.8573,-0.9065,0.3647,0.5392
"NGRN",-0.2207,12.2697,-1.3131,0.1891,0.3499
"RP11-697E2.12",-0.1441,8.3525,-0.7841,0.433,0.603
"ZNF774",-0.1521,7.6383,-0.69,0.4902,0.6528
"IQGAP1",-0.063,13.6778,-0.3125,0.7547,0.8524
"CRTC3",-0.3736,10.8119,-2.5192,0.01176,0.04659
"BLM",-0.6303,8.3903,-2.5506,0.01075,0.04359
"FURIN",1.4852,12.8862,3.4131,0.0006422,0.00508
"FES",0.5923,9.5461,2.443,0.01457,0.05503
"MAN2A2",-0.2635,11.193,-1.1523,0.2492,0.4202
"HDDC3",0.3669,9.1545,1.9193,0.05495,0.1456
"UNC45A",-0.2145,11.5876,-1.4806,0.1387,0.2811
"RCCD1",-0.2596,8.8245,-1.2972,0.1945,0.3569
"PRC1",-0.6148,9.9965,-1.926,0.05411,0.1439
"VPS33B",0.021,9.2516,0.1522,0.879,0.9324
"SV2B",0.0385,7.5195,0.0671,0.9465,0.9703
"SLCO3A1",-1.3676,10.7595,-4.5112,6.447e-06,0.0001249
"ST8SIA2",-0.8744,6.17,-1.4875,0.1369,0.2785
"FAM174B",1.2733,10.152,4.7165,2.399e-06,5.369e-05
"RP11-437B10.1",0.3907,9.9677,2.2942,0.02178,0.07423
"CHD2",0.1659,11.8539,0.8834,0.377,0.5517
"RGMA",-2.6689,8.7916,-5.6575,1.536e-08,7.072e-07
"MCTP2",0.0436,9.8888,0.1724,0.8631,0.9223
"NR2F2",0.5137,10.9409,1.9602,0.04997,0.1359
"ARRDC4",-4e-04,9.9501,-0.0016,0.9987,0.9992
"IGF1R",-0.352,11.879,-1.2591,0.208,0.3731
"SYNM",-0.7193,9.8021,-2.8418,0.004486,0.02242
"TTC23",-0.4853,9.2309,-2.9245,0.00345,0.01859
"LRRC28",-0.2384,9.0492,-1.3389,0.1806,0.339
"MEF2A",-0.2676,11.2527,-1.7014,0.08886,0.2058
"LYSMD4",-0.3713,9.5786,-2.1843,0.02894,0.09158
"ADAMTS17",-2.3228,7.6337,-5.9379,2.887e-09,1.672e-07
"CERS3",-5.7732,6.9481,-7.4837,7.226e-14,1.668e-11
"LINS1",-0.1253,9.1427,-0.7108,0.4772,0.6408
"ASB7",-0.067,9.4832,-0.485,0.6276,0.7614
"ALDH1A3",-1.0552,9.9201,-2.6436,0.008202,0.03542
"LRRK1",-0.7226,9.9896,-3.1624,0.001565,0.01013
"CHSY1",-0.7397,10.9692,-4.0912,4.291e-05,0.0005767
"SELENOS",0.2543,11.1943,1.1448,0.2523,0.4233
"SNRPA1",-0.2365,9.4057,-1.3526,0.1762,0.3326
"PCSK6",0.3978,9.5545,1.1985,0.2307,0.3993
"TM2D3",0.0098,10.3683,0.0671,0.9465,0.9703
"TARSL2",0.1408,8.9137,0.6864,0.4924,0.6545
"POLR3K",0.3896,9.233,2.1199,0.03402,0.1031
"SNRNP25",0.1972,9.8265,1.0229,0.3064,0.4811
"RHBDF1",0.2762,10.0489,1.069,0.2851,0.4586
"MPG",0.7798,10.2876,3.7176,0.0002011,0.002043
"NPRL3",0.124,11.0288,0.8429,0.3993,0.5721
"HBA2",1.3952,10.4402,2.4602,0.01388,0.05306
"HBA1",1.5077,9.61,2.6697,0.007592,0.03348
"LUC7L",0.086,9.9647,0.4312,0.6663,0.7896
"FAM234A",-0.3941,11.643,-1.8149,0.06953,0.1721
"AC004754.3",-0.3144,10.6479,-1.4783,0.1393,0.2818
"RGS11",0.1514,7.4703,0.4028,0.6871,0.8037
"ARHGDIG",-0.1094,6.6196,-0.2681,0.7886,0.875
"PDIA2",-0.6728,6.4567,-1.028,0.3039,0.4786
"AXIN1",-0.0185,10.4277,-0.1049,0.9164,0.954
"MRPL28",0.085,10.5523,0.5302,0.596,0.7371
"TMEM8A",0.4643,11.5008,2.0139,0.04402,0.1245
"NME4",0.4872,11.0443,1.9181,0.0551,0.1459
"DECR2",0.6488,9.1137,3.2168,0.001296,0.008783
"RAB11FIP3",-0.1574,10.3689,-0.7365,0.4614,0.6278
"CAPN15",-0.0963,10.4314,-0.4434,0.6574,0.7838
"NHLRC4",1.2506,7.0786,2.634,0.008439,0.03625
"PIGQ",0.2237,10.621,1.2703,0.204,0.3681
"RAB40C",0.5183,10.4153,2.6026,0.009252,0.03885
"WFIKKN1",0.3498,6.8341,0.8462,0.3975,0.5704
"METTL26",0.4678,10.1968,2.3326,0.01967,0.06876
"MCRIP2",0.7902,9.3775,3.0421,0.002349,0.01391
"WDR90",0.0837,9.7687,0.2703,0.7869,0.8737
"RHOT2",0.0107,10.9439,0.058,0.9537,0.9741
"RHBDL1",1.2911,7.1637,4.4595,8.217e-06,0.0001536
"STUB1",0.0864,11.8917,0.619,0.5359,0.6901
"JMJD8",0.0614,11.8741,0.4333,0.6648,0.7886
"WDR24",0.1204,9.3669,0.838,0.402,0.5742
"FBXL16",0.9013,7.8917,2.045,0.04085,0.1178
"METRN",0.5226,9.0287,1.5574,0.1194,0.2542
"FAM173A",0.7035,8.3055,3.4371,0.0005879,0.004741
"CCDC78",1.0952,7.825,1.7046,0.08826,0.2049
"HAGHL",0.424,8.3463,1.6033,0.1089,0.2383
"NARFL",0.1691,9.7379,1.0443,0.2964,0.4704
"MSLN",3.0588,11.1822,4.1349,3.552e-05,0.000494
"MSLNL",3.3482,6.3963,4.1168,3.842e-05,0.0005264
"RPUSD1",-0.3145,9.4259,-1.7086,0.08752,0.2037
"CHTF18",-0.4878,8.9604,-1.7363,0.08252,0.1945
"LMF1",-0.0936,9.0282,-0.3405,0.7334,0.8372
"SOX8",-3.3804,6.795,-5.3138,1.074e-07,3.837e-06
"CACNA1H",2.5161,8.7805,5.8038,6.482e-09,3.431e-07
"TPSG1",1.4282,6.2764,3.0578,0.002229,0.01339
"TPSB2",-0.7068,10.6557,-1.7522,0.07973,0.1899
"TPSAB1",-0.585,10.5087,-1.4517,0.1466,0.2923
"TPSD1",-0.5328,7.4509,-0.9994,0.3176,0.4932
"UBE2I",-0.0807,11.7432,-0.6377,0.5237,0.6806
"BAIAP3",1.0255,9.2712,3.0197,0.00253,0.01477
"TSR3",0.0989,10.2863,0.6393,0.5226,0.6798
"GNPTG",0.4539,11.0218,2.7849,0.005355,0.02564
"UNKL",-0.0255,9.6131,-0.1086,0.9135,0.9524
"C16orf91",0.449,8.6473,2.3508,0.01873,0.06638
"CCDC154",0.5043,6.473,1.0786,0.2808,0.4547
"CLCN7",-0.0423,11.3792,-0.2561,0.7979,0.8803
"TELO2",-0.1968,10.0322,-1.0003,0.3171,0.4928
"TMEM204",0.2476,9.5896,0.9515,0.3414,0.5159
"IFT140",0.7074,10.1623,3.1819,0.001463,0.009631
"CRAMP1",-0.1875,10.2097,-0.9632,0.3354,0.5102
"LA16c-431H6.6",-0.0452,9.7002,-0.2819,0.778,0.8679
"HN1L",0.0476,12.1673,0.2348,0.8143,0.8919
"MAPK8IP3",-0.1073,10.371,-0.3763,0.7067,0.818
"NME3",0.527,9.7796,2.2339,0.02549,0.08327
"MRPS34",0.1454,10.6136,0.8741,0.382,0.5562
"EME2",0.2084,10.4583,1.2744,0.2025,0.3663
"NUBP2",0.2045,10.4834,1.2715,0.2036,0.3677
"SPSB3",0.2371,10.1796,1.561,0.1185,0.2527
"IGFALS",2.1788,6.9373,4.5765,4.729e-06,9.632e-05
"HAGH",0.7293,10.2667,4.7682,1.859e-06,4.326e-05
"FAHD1",0.015,9.6784,0.0759,0.9395,0.9664
"MEIOB",3.0389,6.4262,5.0781,3.813e-07,1.148e-05
"HS3ST6",1.156,6.6147,1.4743,0.1404,0.2834
"MSRB1",1.2847,10.3399,3.9277,8.577e-05,0.001026
"RPL3L",0.0245,6.107,0.0481,0.9617,0.9792
"NDUFB10",0.3595,10.7953,2.0693,0.03852,0.1132
"RPS2",0.0956,13.1396,0.4931,0.622,0.7573
"TBL3",0.0029,10.4989,0.019,0.9849,0.9918
"NOXO1",-0.3343,6.963,-0.8456,0.3978,0.5706
"GFER",0.4246,9.3057,3.214,0.001309,0.008852
"SYNGR3",0.4398,7.0704,0.9396,0.3474,0.5226
"ZNF598",-0.2967,10.3349,-1.4382,0.1504,0.2974
"NPW",0.1651,6.4397,0.237,0.8127,0.8909
"SLC9A3R2",1.1785,11.3053,4.1675,3.08e-05,0.0004432
"NTHL1",0.7756,9.0921,4.1789,2.93e-05,0.0004252
"TSC2",0.2906,11.3352,1.6813,0.0927,0.2124
"PKD1",-0.1481,11.1981,-0.6037,0.5461,0.6979
"RAB26",0.8813,7.0213,2.1795,0.02929,0.09239
"TRAF7",-0.2309,11.8308,-1.2719,0.2034,0.3676
"CASKIN1",-0.2208,9.5222,-0.992,0.3212,0.4969
"MLST8",-0.0341,10.2985,-0.2303,0.8179,0.8939
"BRICD5",-0.165,7.6619,-0.7171,0.4733,0.6376
"PGP",0.3098,9.2873,2.1078,0.03505,0.1054
"E4F1",-8e-04,9.7064,-0.0047,0.9962,0.9979
"DNASE1L2",-0.2691,6.3956,-0.6305,0.5284,0.6846
"ECI1",0.5587,10.2861,2.8251,0.004726,0.02327
"RNPS1",-0.2765,11.8183,-2.0312,0.04223,0.1207
"ABCA3",0.2649,12.3268,0.5156,0.6061,0.7449
"CCNF",-0.7515,9.1853,-2.736,0.00622,0.02877
"C16orf59",-0.4165,7.6798,-1.2756,0.2021,0.366
"TBC1D24",0.255,9.8391,1.4685,0.142,0.2856
"ATP6V0C",-0.148,12.2189,-0.731,0.4648,0.6303
"RP11-20I23.1",-0.1342,12.0329,-0.6836,0.4942,0.6565
"RP11-20I23.3",-0.1361,9.7971,-0.6891,0.4908,0.6533
"CEMP1",-0.0302,8.1178,-0.1201,0.9044,0.9477
"AMDHD2",0.0571,9.4047,0.2799,0.7796,0.8689
"PDPK1",0.316,10.8661,2.1386,0.03247,0.09986
"KCTD5",-0.2136,10.4456,-1.343,0.1793,0.3369
"PRSS27",-0.1069,7.2022,-0.2702,0.787,0.8738
"SRRM2",0.0483,14.0527,0.2107,0.8331,0.9041
"ELOB",0.4091,11.777,2.1712,0.02991,0.09388
"PRSS21",-0.9438,8.1789,-1.403,0.1606,0.312
"ZG16B",2.2126,7.2052,3.6659,0.0002465,0.002395
"PRSS22",0.0798,9.2971,0.1824,0.8552,0.9177
"FLYWCH2",0.119,9.466,0.7089,0.4784,0.6419
"FLYWCH1",-0.7137,10.2646,-3.4107,0.0006479,0.005118
"KREMEN2",-5.2306,7.4174,-8.0586,7.716e-16,2.85e-13
"PAQR4",-0.4002,9.8644,-1.5269,0.1268,0.2653
"PKMYT1",-0.8719,9.7791,-2.9577,0.0031,0.01715
"CLDN9",1.8683,7.0761,3.1769,0.001489,0.009745
"CLDN6",3.3742,6.4551,4.659,3.178e-06,6.869e-05
"TNFRSF12A",0.4725,10.4896,1.2267,0.2199,0.3867
"HCFC1R1",-0.0289,10.4171,-0.1444,0.8852,0.936
"THOC6",-0.1318,9.8884,-1.0179,0.3087,0.4835
"BICDL2",0.6608,9.2155,1.9495,0.05123,0.1386
"MMP25",-0.1278,7.7974,-0.3462,0.7292,0.8343
"IL32",-0.3171,11.7977,-0.7732,0.4394,0.6086
"ZNF205",0.1061,8.8915,0.6887,0.491,0.6536
"ZNF213",-0.1554,9.5123,-0.9001,0.3681,0.5427
"ZNF200",-0.1004,8.71,-0.6865,0.4924,0.6545
"MEFV",-0.5257,7.248,-1.4655,0.1428,0.2869
"ZNF263",0.0145,10.3834,0.1063,0.9153,0.9534
"TIGD7",0.0107,8.7463,0.0486,0.9613,0.9791
"ZNF75A",0.1027,9.3884,0.6237,0.5328,0.6878
"ZSCAN32",-0.0461,9.2438,-0.4055,0.6851,0.8026
"ZNF174",0.0059,8.7119,0.0486,0.9612,0.9791
"ZNF597",0.4145,8.1836,1.2003,0.23,0.3985
"LA16c-306E5.2",-0.0158,9.5446,-0.1498,0.8809,0.9335
"NAA60",-0.0163,11.0679,-0.1106,0.912,0.9518
"CLUAP1",0.2842,9.5968,1.3736,0.1696,0.3245
"NLRC3",-0.0362,8.3134,-0.1092,0.9131,0.9524
"SLX4",0.2325,8.9677,1.1529,0.249,0.4199
"DNASE1",0.1663,10.6299,0.9544,0.3399,0.5145
"TRAP1",0.1008,11.3103,0.5372,0.5911,0.7336
"CREBBP",-0.2992,11.9226,-1.6175,0.1058,0.2336
"ADCY9",0.1986,10.6746,0.7353,0.4622,0.6284
"SRL",-0.1015,6.8037,-0.2587,0.7958,0.8789
"TFAP4",-0.6083,8.985,-2.7132,0.006663,0.03033
"GLIS2",-0.2329,10.3033,-0.9168,0.3592,0.5339
"PAM16",0.5007,8.9639,2.1523,0.03138,0.09729
"VASN",-0.0401,9.7009,-0.1321,0.8949,0.9416
"CORO7-PAM16",0.3916,10.3467,2.0968,0.03601,0.1076
"CORO7",0.2888,10.3456,1.3054,0.1917,0.3533
"DNAJA3",0.1006,10.8012,0.7681,0.4424,0.6112
"NMRAL1",0.1558,10.225,1.0269,0.3045,0.4791
"HMOX2",-0.0621,10.5261,-0.4003,0.6889,0.8052
"CDIP1",-0.4125,9.948,-2.0013,0.04536,0.1272
"C16orf96",-0.619,6.1761,-1.2807,0.2003,0.3635
"UBALD1",0.0794,9.4929,0.3835,0.7013,0.8148
"MGRN1",0.7108,11.416,3.9864,6.707e-05,0.0008362
"NUDT16L1",0.5058,9.785,2.6727,0.007524,0.03326
"ANKS3",0.0417,8.8869,0.2389,0.8112,0.8899
"C16orf71",0.9317,7.331,1.7712,0.07653,0.1843
"ZNF500",-0.0203,9.0156,-0.1211,0.9036,0.9471
"SMIM22",2.5591,9.2126,5.7202,1.064e-08,5.125e-07
"ROGDI",-0.2881,9.9425,-1.6445,0.1001,0.2246
"GLYR1",-0.0476,11.7716,-0.3716,0.7102,0.8205
"UBN1",-0.3302,11.3476,-2.1325,0.03297,0.1009
"PPL",-0.5257,12.291,-1.6272,0.1037,0.2307
"SEC14L5",-1.0693,6.767,-2.4078,0.01605,0.05908
"NAGPA",-0.0989,9.1905,-0.6302,0.5286,0.6847
"C16orf89",3.7826,10.2729,5.8687,4.393e-09,2.425e-07
"ALG1",0.1789,10.124,1.3578,0.1745,0.3306
"EEF2KMT",0.0108,9.7091,0.0827,0.9341,0.9636
"METTL22",-0.2295,8.7651,-1.7564,0.07903,0.1886
"ABAT",0.4244,8.9714,1.3329,0.1826,0.3415
"TMEM186",0.1506,8.6918,1.2541,0.2098,0.3752
"PMM2",-0.0066,10.6361,-0.0418,0.9666,0.9816
"CARHSP1",0.3145,11.3007,1.6156,0.1062,0.2343
"USP7",-0.466,11.9327,-3.0428,0.002344,0.0139
"C16orf72",-0.0439,11.8922,-0.2392,0.8109,0.8899
"GRIN2A",-4.1447,6.9712,-5.3418,9.201e-08,3.339e-06
"ATF7IP2",-0.7187,8.3924,-2.3375,0.01942,0.06812
"EMP2",-0.3301,13.6039,-1.2969,0.1947,0.357
"NUBP1",0.0932,9.6351,0.609,0.5425,0.695
"TVP23A",0.4316,8.858,2.0265,0.04271,0.1217
"CIITA",-0.2158,10.9255,-0.7369,0.4612,0.6276
"DEXI",-0.3188,9.9029,-2.2016,0.0277,0.08864
"CLEC16A",-0.0531,10.515,-0.2942,0.7686,0.8621
"SOCS1",-2.1298,8.4763,-6.0006,1.966e-09,1.203e-07
"RMI2",-0.7234,8.7057,-2.3415,0.0192,0.06762
"CTD-3088G3.8",-0.8787,6.8762,-2.3076,0.02102,0.0724
"LITAF",-0.2682,12.9913,-1.3646,0.1724,0.3279
"SNN",-0.8254,10.5464,-3.9585,7.542e-05,0.000925
"TXNDC11",0.2368,11.5802,1.3188,0.1872,0.3476
"ZC3H7A",0.2189,10.7464,2.0837,0.03718,0.1102
"RSL1D1",0.0151,12.2356,0.113,0.91,0.9508
"GSPT1",-0.0624,12.3437,-0.4056,0.6851,0.8026
"TNFRSF17",-0.2135,7.1858,-0.376,0.707,0.8182
"NPIPB2",-0.2987,7.4916,-1.3884,0.165,0.3181
"SNX29",-0.1753,10.1797,-0.8034,0.4217,0.5925
"CPPED1",-0.1435,9.9897,-0.5203,0.6028,0.7427
"ERCC4",0.1115,8.9462,0.6537,0.5133,0.672
"MKL2",0.1148,10.9162,0.6734,0.5007,0.6614
"PARN",-0.0855,10.9126,-0.5388,0.59,0.7331
"BFAR",0.3155,11.3258,1.806,0.07092,0.1745
"PLA2G10",3.8299,7.6424,8.4083,4.159e-17,1.975e-14
"NPIPA3",-0.5765,6.6155,-2.3904,0.01683,0.06126
"NPIPA2",-0.4073,7.4983,-1.7664,0.07733,0.1855
"NOMO1",-0.3123,12.3806,-1.4797,0.139,0.2814
"NPIPA1",-0.4033,10.3964,-1.7683,0.07701,0.1851
"NTAN1",-0.2649,9.7069,-1.5272,0.1267,0.2653
"RRN3",-0.117,10.6241,-0.7525,0.4517,0.6192
"PDXDC1",0.6088,12.1477,4.0409,5.325e-05,0.000693
"NPIPA5",-0.3285,8.2453,-1.3881,0.1651,0.3182
"MPV17L",0.04,7.6762,0.0793,0.9368,0.9649
"RP11-1021N1.1",0.2095,6.8506,0.6215,0.5343,0.6891
"C16orf45",0.2857,8.7896,0.9508,0.3417,0.5163
"KIAA0430",0.1851,11.4497,1.3882,0.1651,0.3181
"NDE1",-0.7664,10.8021,-3.5998,0.0003184,0.002965
"MYH11",0.5437,12.1133,1.3556,0.1752,0.3314
"FOPNL",0.0084,10.4624,0.0434,0.9654,0.9813
"ABCC1",-1.1216,12.1763,-3.1819,0.001463,0.009631
"ABCC6",1.565,8.8882,4.814,1.48e-06,3.595e-05
"NOMO3",-0.2313,11.4477,-1.0045,0.3151,0.4905
"AC138969.4",-0.3671,10.2436,-1.4342,0.1515,0.2989
"NPIPA7",-0.4945,9.0012,-2.2371,0.02528,0.0828
"XYLT1",0.0469,9.2306,0.1507,0.8802,0.933
"NPIPA8",-0.555,6.27,-1.4556,0.1455,0.2907
"RP11-1212A22.4",-0.4756,8.1374,-1.8984,0.05764,0.1505
"NOMO2",-0.2391,12.3486,-1.0934,0.2742,0.4476
"RPS15A",0.4873,13.4471,1.8727,0.06112,0.1568
"RP11-1035H13.3",0.3813,12.9808,1.6671,0.0955,0.2171
"ARL6IP1",0.0837,12.8574,0.4803,0.631,0.7642
"SMG1",-0.2572,11.8152,-1.4252,0.1541,0.3028
"TMC7",0.3384,8.13,0.8932,0.3717,0.5464
"COQ7",0.0647,9.4581,0.4659,0.6413,0.7717
"ITPRIPL2",0.2239,11.477,1.1444,0.2524,0.4235
"CTD-2349B8.1",0.3405,7.8643,1.6073,0.108,0.2369
"SYT17",0.8609,9.3137,2.7254,0.006422,0.02944
"TMC5",2.6708,10.561,6.2992,2.991e-10,2.461e-08
"GDE1",0.4646,11.9094,2.4623,0.0138,0.05282
"CCP110",0.1823,9.9674,0.7423,0.4579,0.6245
"C16orf62",0.3381,10.8011,2.4499,0.01429,0.05414
"KNOP1",-0.0741,9.7504,-0.4736,0.6358,0.7677
"IQCK",-0.3167,9.3372,-1.1,0.2713,0.4448
"GPRC5B",-1.0849,10.0981,-2.6331,0.00846,0.03631
"ACSM5",1.2445,6.7895,2.5757,0.01,0.04128
"ACSM1",0.8427,6.7015,1.739,0.08203,0.1937
"THUMPD1",0.3051,10.8051,2.143,0.03211,0.09903
"ACSM3",1.1573,9.0417,4.0268,5.654e-05,0.0007262
"AC004381.6",0.3257,7.7681,1.1085,0.2676,0.4401
"ERI2",0.2229,9.3774,1.2309,0.2184,0.3848
"DCUN1D3",0.3056,9.4771,1.4646,0.143,0.2873
"LYRM1",0.4569,9.6685,2.0685,0.03859,0.1134
"DNAH3",1.2165,7.7535,1.9288,0.05376,0.1433
"TMEM159",0.213,10.6345,0.7712,0.4406,0.6097
"CRYM",1.5996,8.2521,2.8675,0.004137,0.02111
"NPIPB3",-0.2801,8.3659,-1.1728,0.2409,0.4106
"IGSF6",0.6521,9.3683,1.5492,0.1213,0.2572
"METTL9",0.1882,11.5944,0.9712,0.3314,0.5065
"OTOA",0.3095,6.5512,0.7645,0.4446,0.6128
"NPIPB4",-0.2505,8.56,-1.0235,0.3061,0.4808
"UQCRC2",0.337,12.1617,1.8257,0.0679,0.1691
"C16orf52",-0.0284,9.1291,-0.1841,0.854,0.9171
"VWA3A",2.8064,7.0573,4.1697,3.05e-05,0.00044
"EEF2K",-0.3293,10.8062,-1.8999,0.05745,0.1501
"POLR3E",-0.0908,10.233,-0.6207,0.5348,0.6895
"CDR2",0.0823,9.9699,0.4867,0.6265,0.7608
"NPIPB5",-0.2177,9.2144,-0.8884,0.3744,0.5492
"HS3ST2",0.4197,8.0642,0.8824,0.3776,0.5522
"USP31",-1.6566,10.0256,-6.954,3.552e-12,5.045e-10
"SCNN1G",-0.382,8.9928,-0.9684,0.3328,0.5076
"SCNN1B",0.0357,10.2187,0.08,0.9363,0.9647
"COG7",0.0058,10.0337,0.0397,0.9683,0.9825
"GGA2",-0.4776,12.1005,-2.7649,0.005694,0.02691
"EARS2",-0.4615,9.9466,-3.1121,0.001858,0.01156
"UBFD1",-0.2619,10.9923,-1.4639,0.1432,0.2874
"NDUFAB1",0.1566,10.4656,0.7941,0.4271,0.5978
"PALB2",-0.3009,9.1812,-2.1618,0.03063,0.09564
"DCTN5",-0.0198,11.4843,-0.1508,0.8801,0.933
"PLK1",-0.3267,9.3271,-0.9967,0.3189,0.4948
"ERN2",2.1483,7.6989,2.5486,0.01082,0.04381
"CHP2",-2.9157,6.5188,-3.3024,0.0009586,0.006985
"PRKCB",0.2891,9.1663,0.7583,0.4483,0.6165
"RBBP6",-0.047,10.8837,-0.2957,0.7675,0.8612
"TNRC6A",-0.0017,10.6967,-0.0095,0.9924,0.9958
"ARHGAP17",-0.1929,10.6625,-1.2114,0.2257,0.3933
"LCMT1",0.0926,9.8409,0.7584,0.4482,0.6165
"ZKSCAN2",0.2259,8.4553,1.0363,0.3001,0.4747
"KDM8",0.0977,7.7784,0.6028,0.5467,0.6985
"NSMCE1",0.0828,10.3824,0.5163,0.6056,0.7446
"IL4R",-0.1307,11.4311,-0.4628,0.6435,0.7734
"IL21R",-1.3081,8.3078,-3.0395,0.00237,0.01398
"GTF3C1",-0.2614,11.8195,-1.3052,0.1918,0.3534
"KIAA0556",0.3824,9.9494,1.5869,0.1125,0.2435
"XPO6",-0.299,11.586,-2.405,0.01617,0.05931
"SBK1",0.5589,8.8987,1.2577,0.2085,0.3736
"NPIPB6",0.6193,6.643,1.7516,0.07984,0.1901
"EIF3CL",0.0831,12.9245,0.5329,0.5941,0.7357
"NPIPB7",0.729,6.3701,1.9615,0.04982,0.1357
"RP11-435I10.4",0.4606,10.8009,2.8371,0.004552,0.02265
"CLN3",0.435,10.9042,2.8241,0.004742,0.02332
"APOBR",-0.219,9.3788,-0.6012,0.5477,0.6993
"IL27",-0.5234,6.2037,-1.1166,0.2642,0.4361
"NUPR1",-0.0048,11.2382,-0.0175,0.9861,0.9925
"SGF29",-0.0291,9.0042,-0.2117,0.8324,0.9037
"SULT1A2",2.4821,7.9971,7.1182,1.094e-12,1.836e-10
"SULT1A1",1.0925,10.1836,4.186,2.839e-05,0.0004153
"NPIPB8",0.4806,6.6809,1.4218,0.1551,0.3042
"EIF3C",0.0291,12.8213,0.1872,0.8515,0.9157
"NPIPB9",0.1947,6.497,0.5698,0.5688,0.7166
"ATXN2L",-0.4335,12.0883,-2.2295,0.02578,0.08394
"TUFM",0.1264,12.363,0.9427,0.3458,0.5204
"SH2B1",-0.0177,10.4581,-0.0964,0.9232,0.9577
"ATP2A1",-0.609,6.9899,-2.4157,0.01571,0.05805
"RABEP2",-0.0762,9.6603,-0.3916,0.6954,0.8106
"CD19",-0.5597,7.1592,-1.0545,0.2916,0.4658
"NFATC2IP",-0.1016,10.5759,-0.8873,0.3749,0.5497
"SPNS1",-0.1621,10.8031,-1.0113,0.3119,0.4868
"LAT",-0.2606,8.5226,-0.9693,0.3324,0.5074
"NPIPB11",-0.4739,8.1991,-1.7244,0.08464,0.1982
"RP11-345J4.5",-0.4811,8.634,-2.1261,0.0335,0.1022
"BOLA2",-0.4468,8.6608,-2.0676,0.03868,0.1135
"SLX1B",-0.1941,9.2196,-0.9358,0.3494,0.5244
"SULT1A4",0.5675,9.5788,2.0727,0.0382,0.1124
"RP11-345J4.3",1.2185,6.4317,2.6022,0.009262,0.03888
"NPIPB12",-0.351,8.9342,-1.3708,0.1705,0.3254
"SPN",0.2338,9.8029,0.6234,0.533,0.688
"AC009133.22",1.5773,7.8422,3.8505,0.0001179,0.001328
"QPRT",1.7335,9.4697,3.9531,7.713e-05,0.0009399
"C16orf54",0.1787,8.1124,0.4171,0.6766,0.7971
"KIF22",-0.1549,10.518,-0.7437,0.4571,0.6239
"MAZ",-0.1995,12.2765,-1.0699,0.2847,0.4582
"PRRT2",1.1565,7.4497,2.8128,0.004911,0.02397
"AC009133.23",-0.1141,9.8949,-0.9026,0.3667,0.5413
"PAGR1",-0.1461,10.0223,-1.152,0.2493,0.4203
"CTD-2574D22.6",0.2152,9.4461,1.8008,0.07173,0.1759
"MVP",0.8495,12.9474,3.5655,0.0003632,0.003279
"CDIPT",-0.0626,11.4851,-0.45,0.6527,0.7805
"SEZ6L2",0.0421,10.7902,0.1054,0.9161,0.9539
"ASPHD1",0.8242,7.6038,1.7983,0.07214,0.1766
"KCTD13",-0.1456,9.0362,-0.7712,0.4406,0.6097
"TMEM219",0.7597,11.4966,4.2898,1.789e-05,0.0002831
"TAOK2",0.16,11.1593,0.978,0.3281,0.5035
"HIRIP3",0.0616,9.719,0.3469,0.7287,0.834
"INO80E",0.1822,10.3949,1.5106,0.1309,0.2707
"DOC2A",0.275,8.4499,1.3445,0.1788,0.3364
"ALDOA",0.016,15.0929,0.0739,0.9411,0.9675
"PPP4C",-0.0113,11.5132,-0.0709,0.9435,0.9686
"TBX6",-0.3558,7.3431,-1.1891,0.2344,0.4031
"YPEL3",0.6375,10.5512,3.4859,0.0004905,0.004152
"GDPD3",0.6715,7.8443,1.4841,0.1378,0.2799
"MAPK3",0.4473,11.2286,2.6176,0.008856,0.03752
"CORO1A",-0.1823,10.8621,-0.5974,0.5502,0.7017
"BOLA2B",0.2443,10.3479,1.151,0.2497,0.4208
"SLX1A",0.1739,9.3962,0.7787,0.4361,0.6056
"SULT1A3",0.5357,8.9549,2.1329,0.03293,0.1008
"RP11-347C12.3",1.3602,7.1515,3.6515,0.0002607,0.002509
"NPIPB13",-0.2784,8.4606,-1.0627,0.2879,0.4617
"CD2BP2",0.0894,11.0989,0.7657,0.4438,0.6123
"TBC1D10B",-0.2609,11.0136,-1.8574,0.06326,0.1605
"SEPT1",-0.1898,8.4777,-0.5975,0.5502,0.7017
"ZNF48",0.1847,8.9185,0.9803,0.3269,0.5027
"DCTPP1",-0.0385,10.0874,-0.1755,0.8607,0.921
"ZNF771",0.0375,8.5042,0.1764,0.86,0.9205
"SEPHS2",0.2273,11.2877,1.3116,0.1896,0.3505
"ITGAL",-0.4471,10.2478,-1.1609,0.2457,0.4157
"ZNF768",-0.1193,10.3029,-0.7393,0.4598,0.626
"AC002310.11",-0.0628,8.4434,-0.3827,0.7019,0.8152
"ZNF747",-0.1476,9.2916,-1.0141,0.3105,0.4855
"AC002310.13",-0.1578,6.7479,-0.7248,0.4686,0.6336
"ZNF764",-0.2041,8.4791,-1.4699,0.1416,0.285
"ZNF688",0.1002,8.5834,0.4675,0.6401,0.7708
"ZNF785",-0.3022,8.6238,-1.7627,0.07795,0.1867
"ZNF689",-0.1977,8.7522,-1.1791,0.2384,0.4077
"PRR14",-0.3039,10.1201,-2.5586,0.01051,0.04284
"FBRS",-0.353,11.4405,-1.8054,0.07101,0.1746
"SRCAP",-0.1853,12.2753,-0.9804,0.3269,0.5027
"TMEM265",0.934,9.9248,2.7571,0.005831,0.02742
"RP11-2C24.9",0.021,12.5083,0.1352,0.8925,0.9401
"PHKG2",0.0331,10.0661,0.2549,0.7988,0.8809
"CCDC189",0.492,8.1189,1.8577,0.06321,0.1604
"RNF40",-0.0636,11.7412,-0.4018,0.6878,0.8043
"ZNF629",0.0065,10.2228,0.0288,0.977,0.9876
"BCL7C",0.1998,10.179,1.1558,0.2478,0.4183
"CTF1",-0.0015,8.3064,-0.0044,0.9965,0.998
"FBXL19",-0.1566,9.4836,-0.6816,0.4955,0.6574
"ORAI3",-0.3631,9.8006,-2.1223,0.03381,0.1029
"SETD1A",-0.39,10.4005,-2.0203,0.04335,0.123
"HSD3B7",0.7948,9.8497,3.6057,0.0003113,0.002915
"STX1B",-1.0479,6.7427,-2.4228,0.0154,0.05727
"STX4",-0.1466,10.4084,-1.072,0.2837,0.4575
"ZNF668",-0.242,8.9128,-1.5832,0.1134,0.2447
"ZNF646",0.1345,9.962,0.7123,0.4763,0.6399
"PRSS53",-0.5709,7.5431,-2.204,0.02753,0.08826
"RP11-196G11.1",0.2593,10.6332,1.5264,0.1269,0.2654
"VKORC1",0.3208,10.9979,1.884,0.05956,0.1543
"BCKDK",0.0067,10.6136,0.0625,0.9502,0.9723
"KAT8",0.2433,10.1892,2.1715,0.02989,0.09388
"PRSS8",0.484,12.1062,1.5875,0.1124,0.2433
"PRSS36",-0.3695,7.4363,-0.9173,0.359,0.5337
"FUS",-0.1303,12.9137,-0.7545,0.4505,0.6185
"PYCARD",-0.8114,9.8564,-2.6142,0.008943,0.03778
"ITGAM",0.0124,9.9521,0.0304,0.9757,0.9867
"ITGAX",-0.2854,10.3853,-0.8069,0.4197,0.5906
"ITGAD",0.8679,6.4532,1.7337,0.08297,0.1954
"ZNF843",0.0373,6.658,0.1615,0.8717,0.9275
"ARMC5",-0.3117,9.2258,-1.4214,0.1552,0.3044
"TGFB1I1",-0.1296,9.8128,-0.5155,0.6062,0.7449
"SLC5A2",0.2057,10.96,1.3034,0.1925,0.3543
"C16orf58",0.2269,11.6365,1.5223,0.1279,0.2665
"ZNF720",0.2118,9.166,1.16,0.2461,0.4161
"ZNF267",-0.3266,9.3383,-1.799,0.07201,0.1765
"TP53TG3D",-0.9473,6.4015,-1.2921,0.1963,0.3586
"RP11-812E19.9",-0.3001,6.287,-0.4974,0.6189,0.7548
"SHCBP1",-0.022,8.293,-0.0794,0.9367,0.9649
"VPS35",0.2376,12.0312,1.406,0.1597,0.311
"ORC6",-0.7401,7.9695,-2.4295,0.01512,0.05653
"MYLK3",1.7555,6.586,3.1809,0.001468,0.009654
"C16orf87",0.1418,8.5788,0.8236,0.4102,0.5815
"GPT2",0.1263,9.6602,0.3761,0.7068,0.8181
"DNAJA2",0.2684,11.2491,1.4787,0.1392,0.2817
"NETO2",-0.4746,9.4604,-1.6118,0.107,0.2355
"ITFG1",0.3818,11.2369,1.8982,0.05767,0.1505
"PHKB",0.5953,11.4282,2.6217,0.008748,0.03716
"ABCC11",0.717,7.2427,2.5004,0.01241,0.04856
"LONP2",0.3581,11.6596,1.9339,0.05313,0.142
"SIAH1",-0.017,10.0495,-0.0925,0.9263,0.9594
"N4BP1",-0.1499,11.3831,-0.8926,0.3721,0.5467
"ZNF423",-0.6219,8.1572,-2.2787,0.02269,0.07648
"CNEP1R1",0.2931,8.9071,1.6747,0.094,0.2146
"HEATR3",0.1978,9.5761,1.2314,0.2182,0.3847
"PAPD5",0.1942,9.455,0.9713,0.3314,0.5065
"ADCY7",0.3481,10.9292,1.48,0.1389,0.2813
"BRD7",0.0229,11.4436,0.1347,0.8928,0.9403
"NKD1",0.6616,9.2246,1.8571,0.0633,0.1605
"SNX20",-0.3319,8.7807,-0.9144,0.3605,0.5352
"NOD2",-0.1778,8.3373,-0.6383,0.5233,0.6803
"CYLD",0.3019,10.7889,1.2838,0.1992,0.3623
"SALL1",0.114,6.4615,0.1097,0.9126,0.9521
"TOX3",1.6969,8.0483,2.5734,0.01007,0.0415
"RP11-467J12.4",1.9874,7.9163,3.011,0.002604,0.01507
"CHD9",0.4597,10.7088,2.3272,0.01996,0.06952
"RBL2",0.2975,11.7039,1.9397,0.05242,0.1406
"AKTIP",0.5386,10.1998,3.0408,0.002359,0.01394
"RPGRIP1L",0.3401,8.5735,1.2421,0.2142,0.3801
"FTO",0.2315,10.7891,0.9773,0.3284,0.5038
"IRX3",0.4354,10.2599,1.3531,0.176,0.3325
"IRX5",0.582,8.3991,1.5351,0.1248,0.2625
"IRX6",-1.3502,7.7635,-2.1099,0.03486,0.1049
"MMP2",-0.7512,13.2514,-2.1415,0.03223,0.09929
"CAPNS2",-3.5496,6.8657,-4.3573,1.317e-05,0.0002222
"LPCAT2",-0.304,10.0739,-1.0902,0.2756,0.4493
"SLC6A2",-0.5413,6.385,-0.6558,0.512,0.671
"CES1",-0.1408,11.8354,-0.1909,0.8486,0.9137
"GNAO1",-0.1884,7.7133,-0.6376,0.5238,0.6807
"AMFR",0.0933,11.6961,0.4055,0.6851,0.8026
"NUDT21",-0.1222,11.5618,-0.6512,0.5149,0.6732
"OGFOD1",-0.1088,10.2902,-0.6294,0.5291,0.6849
"BBS2",0.3589,10.15,1.9806,0.04764,0.1316
"MT3",-0.4464,6.4548,-0.6135,0.5396,0.6926
"MT2A",-0.4567,11.7215,-1.2507,0.2111,0.3767
"MT1E",0.4472,9.6145,0.9202,0.3575,0.5322
"MT1M",2.1427,7.8055,3.485,0.0004921,0.004162
"MT1A",1.4383,6.9195,2.5714,0.01013,0.04165
"MT1F",0.7875,7.994,2.0628,0.03914,0.1144
"MT1G",-0.4902,7.3677,-1.0739,0.2829,0.4567
"MT1H",-0.2462,6.2364,-0.504,0.6143,0.7515
"MT1X",-0.4272,10.0411,-0.9013,0.3674,0.5421
"NUP93",-0.5732,10.6185,-3.1071,0.001889,0.01173
"HERPUD1",0.048,12.154,0.2033,0.8389,0.9076
"CETP",0.2005,7.0929,0.6199,0.5353,0.6899
"NLRC5",-0.1237,10.4093,-0.4629,0.6435,0.7734
"CPNE2",-0.3535,10.7746,-1.6572,0.09748,0.2204
"FAM192A",-0.0457,10.822,-0.278,0.781,0.87
"RSPRY1",0.4919,10.2627,3.1744,0.001502,0.009818
"ARL2BP",-0.0532,11.176,-0.2852,0.7755,0.8664
"PLLP",0.0284,11.6954,0.1303,0.8963,0.9424
"CCL22",0.1208,8.1848,0.3012,0.7633,0.8584
"CX3CL1",-1.2496,11.2154,-2.7387,0.006168,0.02859
"CCL17",1.4995,6.886,2.6655,0.007687,0.03377
"CIAPIN1",0.11,10.3749,0.5941,0.5524,0.7033
"COQ9",0.45,10.4881,2.0138,0.04403,0.1245
"POLR2C",0.5456,11.3911,2.6958,0.007023,0.0316
"DOK4",1.3137,10.5609,4.3455,1.39e-05,0.0002328
"CCDC102A",-0.405,8.4771,-1.7008,0.08899,0.206
"ADGRG5",-0.5526,7.4457,-1.3898,0.1646,0.3176
"ADGRG1",-0.6523,11.948,-1.9084,0.05634,0.1479
"ADGRG3",-0.3511,7.3111,-0.7418,0.4582,0.6248
"DRC7",1.9671,6.8394,2.7597,0.005785,0.02722
"KATNB1",-0.0025,9.6677,-0.0129,0.9897,0.9943
"KIFC3",0.7052,10.5886,2.3726,0.01767,0.06355
"CNGB1",0.4727,6.582,0.8285,0.4074,0.5791
"TEPP",0.9627,6.6917,1.5981,0.11,0.2401
"ZNF319",0.1556,9.2002,0.7761,0.4377,0.6071
"USB1",-0.3305,10.8677,-1.462,0.1437,0.2881
"MMP15",1.1574,10.5866,3.1095,0.001874,0.01165
"CFAP20",-0.1047,10.0114,-0.6256,0.5315,0.6868
"CSNK2A2",-0.2924,11.0483,-1.7784,0.07534,0.1821
"CCDC113",0.3492,8.8225,0.7478,0.4546,0.6218
"PRSS54",0.3093,7.1058,0.642,0.5209,0.6784
"GINS3",-0.7532,8.3999,-3.471,0.0005185,0.004328
"NDRG4",-1.9456,9.1779,-4.1297,3.632e-05,0.000503
"SETD6",-0.1561,10.508,-0.9082,0.3638,0.5383
"CNOT1",-0.2593,12.6769,-1.6236,0.1045,0.2317
"SLC38A7",-0.4222,9.7111,-1.9268,0.054,0.1438
"GOT2",-0.5361,11.4948,-2.4228,0.0154,0.05727
"CDH8",-1.1453,6.7614,-1.8315,0.06703,0.1675
"CDH11",0.1079,11.5218,0.3823,0.7022,0.8152
"CDH5",0.3545,10.997,1.2756,0.2021,0.366
"BEAN1",1.9482,7.2025,4.0127,6.002e-05,0.0007609
"RP11-403P17.5",0.7179,7.3295,3.5556,0.0003771,0.003377
"TK2",0.6177,10.1912,3.483,0.0004959,0.004181
"CKLF",1.4249,9.3962,5.6137,1.98e-08,8.919e-07
"CKLF-CMTM1",1.3933,9.1402,5.6346,1.754e-08,7.966e-07
"CMTM1",0.4318,6.7385,1.5843,0.1131,0.2443
"CMTM2",-0.1657,6.4312,-0.4222,0.6729,0.7945
"CMTM3",0.1585,10.3914,0.6037,0.5461,0.6979
"CMTM4",1.1505,11.0788,3.7584,0.000171,0.00179
"DYNC1LI2",0.4144,12.2168,2.3891,0.01689,0.06143
"NAE1",-0.0306,10.351,-0.187,0.8517,0.9157
"PDP2",0.0225,9.1829,0.1006,0.9198,0.9562
"CDH16",0.5898,6.2265,0.8543,0.393,0.5659
"RRAD",1.3549,8.9072,2.7427,0.006094,0.02835
"FAM96B",0.4714,10.6997,2.5869,0.009685,0.04022
"CES2",0.0643,10.7813,0.3049,0.7604,0.8566
"CES3",0.2205,7.6316,0.4079,0.6833,0.8016
"CES4A",0.9702,8.0473,2.7049,0.006832,0.03089
"CBFB",0.0285,10.9188,0.1708,0.8644,0.923
"C16orf70",-0.3207,9.8696,-2.5331,0.01131,0.04524
"B3GNT9",-0.068,9.7753,-0.3807,0.7034,0.8162
"TRADD",0.4022,9.7266,2.2004,0.02778,0.08877
"FBXL8",0.4375,8.0889,1.7236,0.08479,0.1985
"RP11-5A19.5",0.2586,7.7156,0.7924,0.4281,0.5986
"HSF4",0.337,8.7299,0.9486,0.3428,0.5174
"NOL3",0.6038,9.8783,2.8048,0.005035,0.02444
"KIAA0895L",0.3134,9.0351,1.2288,0.2192,0.3858
"EXOC3L1",0.4846,7.972,1.8226,0.06837,0.1699
"E2F4",-0.1893,11.0889,-1.5657,0.1174,0.2511
"ELMO3",0.6958,10.12,3.023,0.002503,0.01465
"LRRC29",0.1397,7.3893,0.6322,0.5272,0.6839
"TMEM208",0.3841,10.1831,1.7787,0.07529,0.1821
"FHOD1",1.0979,10.4331,5.0049,5.589e-07,1.588e-05
"SLC9A5",1.0745,8.0659,4.1589,3.198e-05,0.0004578
"PLEKHG4",0.008,9.3763,0.02,0.984,0.9913
"KCTD19",0.393,6.414,0.8221,0.411,0.5821
"LRRC36",1.9639,7.8174,4.4426,8.887e-06,0.0001636
"TPPP3",0.7652,10.56,1.5073,0.1317,0.2718
"ZDHHC1",0.2486,9.0832,1.0572,0.2904,0.4647
"HSD11B2",0.7385,8.1788,1.8558,0.06349,0.1608
"ATP6V0D1",0.2406,11.9705,1.6155,0.1062,0.2343
"AGRP",2.0685,6.532,3.9011,9.575e-05,0.001121
"FAM65A",-0.3799,11.3551,-1.8484,0.06454,0.1628
"CTCF",1e-04,11.1154,0.0012,0.9991,0.9994
"CARMIL2",1.2046,7.8514,2.9132,0.003578,0.01909
"ACD",-0.2565,9.2945,-1.5126,0.1304,0.2701
"PARD6A",1.4607,7.8628,4.7684,1.857e-06,4.326e-05
"ENKD1",1.0115,8.8957,4.1302,3.624e-05,0.0005024
"C16orf86",0.4352,7.1982,1.8471,0.06473,0.1632
"GFOD2",0.0893,9.7328,0.535,0.5926,0.7346
"RANBP10",-0.3721,10.0246,-2.3965,0.01655,0.06047
"TSNAXIP1",0.3564,7.8978,1.0967,0.2728,0.4464
"THAP11",-0.1509,10.1402,-1.1716,0.2414,0.4111
"CENPT",0.0433,10.0048,0.2592,0.7955,0.8787
"NUTF2",-0.0748,11.3031,-0.435,0.6635,0.7879
"EDC4",0.0027,11.0136,0.0147,0.9882,0.9938
"NRN1L",1.231,6.5094,3.417,0.0006332,0.00502
"PSKH1",0.162,10.425,0.8608,0.3894,0.5626
"CTRL",0.0302,7.8912,0.1835,0.8544,0.9173
"CTC-479C5.12",0.3277,10.3701,1.4158,0.1568,0.3069
"PSMB10",0.3956,10.8954,1.5843,0.1131,0.2443
"LCAT",-0.2622,8.2572,-0.9618,0.3361,0.5109
"SLC12A4",0.07,11.0508,0.3073,0.7586,0.8552
"DPEP2",0.8065,8.174,2.217,0.02663,0.08602
"DDX28",0.0426,9.0117,0.2381,0.8118,0.8904
"DUS2",-0.1096,9.0477,-0.8163,0.4143,0.5855
"NFATC3",0.2374,11.5565,1.0474,0.2949,0.4688
"ESRP2",0.5497,10.9104,2.4313,0.01504,0.05639
"PLA2G15",-0.0237,10.1244,-0.1289,0.8974,0.9432
"SLC7A6",-0.3343,10.7851,-1.6575,0.09741,0.2203
"SLC7A6OS",-0.2661,10.5453,-1.4725,0.1409,0.2841
"PRMT7",0.2199,9.8534,1.4029,0.1606,0.312
"SMPD3",2.3688,8.4149,4.4558,8.359e-06,0.0001557
"ZFP90",0.2005,9.696,0.7865,0.4315,0.6016
"CDH3",-1.8826,11.0009,-3.6815,0.0002319,0.002287
"CDH1",-0.3604,13.4013,-1.2301,0.2187,0.3851
"TANGO6",0.1327,9.1937,0.6151,0.5385,0.6921
"HAS3",-1.5183,11.2883,-3.8862,0.0001018,0.001185
"CHTF8",0.147,11.8209,1.368,0.1713,0.3263
"UTP4",-0.1588,10.3817,-1.1033,0.2699,0.4428
"SNTB2",-0.2303,10.5601,-1.1157,0.2645,0.4365
"RP11-343C2.11",0.0995,10.7009,0.6698,0.503,0.6636
"VPS4A",0.0967,11.7074,0.697,0.4858,0.6488
"PDF",0.3726,8.8101,2.1084,0.035,0.1053
"COG8",0.1983,10.4068,1.275,0.2023,0.366
"NIP7",0.0667,9.9593,0.4098,0.6819,0.8006
"RP11-343C2.7",0.823,7.5622,3.1559,0.0016,0.01031
"TMED6",2.5555,6.783,4.9704,6.682e-07,1.848e-05
"RP11-343C2.9",0.3361,8.0641,1.9028,0.05707,0.1493
"TERF2",0.0556,10.0537,0.4139,0.6789,0.7983
"CYB5B",0.1885,11.4648,1.1212,0.2622,0.4343
"NFAT5",-0.008,11.1987,-0.0311,0.9752,0.9864
"NQO1",1.2051,11.6334,2.3023,0.02132,0.07314
"NOB1",-0.2647,10.5515,-1.6636,0.09618,0.2183
"WWP2",0.5282,11.3411,2.3447,0.01904,0.06718
"CLEC18A",-0.4195,6.3538,-1.0097,0.3127,0.4878
"PDPR",-0.021,10.9946,-0.0925,0.9263,0.9594
"CLEC18C",-0.5442,6.3142,-1.225,0.2206,0.3875
"EXOSC6",-0.2026,9.9938,-1.0183,0.3085,0.4834
"AARS",-0.0144,12.3104,-0.0745,0.9406,0.9672
"DDX19B",0.3039,10.374,1.8423,0.06543,0.1644
"RP11-529K1.3",0.1103,10.6228,0.6954,0.4868,0.6497
"DDX19A",-0.0227,10.7207,-0.1388,0.8896,0.9381
"ST3GAL2",-0.1662,9.9312,-0.7283,0.4665,0.6317
"FUK",0.598,9.6353,3.234,0.001221,0.008421
"COG4",0.119,11.0712,0.7942,0.4271,0.5978
"SF3B3",-0.2384,12.4192,-1.2421,0.2142,0.3801
"IL34",-1.2061,8.0194,-3.3389,0.0008411,0.006317
"MTSS1L",-0.4886,10.966,-1.8617,0.06265,0.1595
"VAC14",-0.2758,10.8685,-2.1448,0.03197,0.09868
"HYDIN",2.0426,7.9416,3.0574,0.002233,0.01339
"CMTR2",0.5638,9.9422,2.6327,0.00847,0.03633
"CALB2",0.0959,7.612,0.1699,0.8651,0.9235
"ZNF23",0.3379,8.7454,1.7734,0.07616,0.1837
"AC010547.9",0.3647,8.7259,1.968,0.04906,0.1342
"CHST4",1.4096,6.6826,2.3675,0.01791,0.06421
"ZNF19",1.0066,7.6983,4.4012,1.076e-05,0.0001901
"TAT",1.8769,6.3976,4.024,5.722e-05,0.0007326
"MARVELD3",-0.3028,9.1915,-1.2369,0.2161,0.3821
"PHLPP2",0.006,9.0304,0.029,0.9769,0.9876
"AP1G1",0.1171,11.8572,0.7544,0.4506,0.6185
"ATXN1L",-0.1405,10.9232,-0.8789,0.3794,0.554
"ZNF821",0.1258,8.3114,0.6059,0.5446,0.6966
"IST1",0.0353,11.9335,0.3043,0.7609,0.8568
"PKD1L3",0.23,6.5174,0.8195,0.4125,0.5836
"DHODH",0.104,8.8174,0.6287,0.5296,0.6853
"HP",0.6517,9.7815,0.938,0.3482,0.5234
"HPR",0.1765,7.2283,0.2902,0.7717,0.8643
"TXNL4B",-0.3251,8.8796,-1.9168,0.05526,0.146
"DHX38",-0.044,11.0626,-0.2624,0.793,0.8774
"PMFBP1",-0.119,8.4537,-0.6814,0.4956,0.6574
"ZFHX3",-0.0176,10.6631,-0.0733,0.9416,0.9677
"PSMD7",-0.1851,11.5522,-1.3383,0.1808,0.3392
"NPIPB15",1.2259,7.1208,2.2074,0.02728,0.08763
"CLEC18B",-0.7089,6.3646,-1.7743,0.07601,0.1834
"GLG1",-0.251,12.9643,-1.2634,0.2065,0.3714
"RFWD3",-0.3064,10.4024,-1.6961,0.08986,0.2074
"MLKL",0.5408,9.4551,1.4715,0.1412,0.2843
"FA2H",1.2897,8.7534,2.4753,0.01331,0.05139
"WDR59",-0.3382,10.2769,-2.1567,0.03103,0.09655
"ZNRF1",-0.6614,10.1798,-3.6773,0.0002357,0.002312
"LDHD",0.9042,8.3801,2.4024,0.01629,0.05962
"ZFP1",0.0633,8.6276,0.2602,0.7947,0.8782
"BCAR1",0.0766,11.2886,0.2851,0.7756,0.8664
"CFDP1",-0.1978,10.5537,-0.9808,0.3267,0.5025
"RP11-77K12.1",-0.1309,8.5046,-0.6507,0.5152,0.6735
"TMEM170A",0.2265,9.76,1.2002,0.2301,0.3985
"CHST6",0.3739,8.046,0.6383,0.5233,0.6803
"RP11-77K12.7",0.7975,6.8118,1.629,0.1033,0.2302
"TMEM231",0.8098,9.0921,1.7931,0.07295,0.1778
"GABARAPL2",0.6162,11.3074,3.3421,0.0008315,0.006267
"ADAT1",0.4837,9.476,2.2689,0.02327,0.07776
"KARS",-0.035,12.1173,-0.2329,0.8158,0.8926
"TERF2IP",0.2833,11.1083,1.8205,0.06868,0.1705
"MON1B",0.3424,10.9432,1.9728,0.04852,0.1331
"SYCE1L",0.7213,7.2314,3.5398,0.0004004,0.003536
"ADAMTS18",-1.7736,6.7876,-2.3114,0.02081,0.07182
"NUDT7",0.4559,7.881,1.8195,0.06884,0.1708
"VAT1L",1.5496,6.8517,2.2957,0.0217,0.07404
"WWOX",-0.4903,8.7103,-2.0858,0.037,0.1099
"MAF",-0.8687,10.9623,-2.992,0.002771,0.01582
"DYNLRB2",1.7621,6.8321,2.6882,0.007184,0.03218
"CDYL2",0.3726,8.9657,1.2548,0.2096,0.3749
"CMC2",-0.1386,9.6339,-0.6417,0.5211,0.6784
"CENPN",-0.5895,8.9755,-2.5044,0.01227,0.04814
"ATMIN",-0.2313,11.047,-1.4949,0.1349,0.2761
"C16orf46",0.1696,7.3242,0.5993,0.549,0.7004
"RP11-303E16.10",-0.6021,6.9807,-2.4839,0.013,0.05049
"RP11-303E16.8",0.0743,7.5914,0.2761,0.7825,0.871
"GCSH",-0.3314,6.9379,-1.2052,0.2281,0.3965
"BCO1",2.7981,6.6434,6.0201,1.743e-09,1.11e-07
"GAN",-0.7761,9.2277,-2.5667,0.01027,0.0421
"CMIP",-0.3074,11.8283,-1.2821,0.1998,0.3632
"PLCG2",-0.1779,9.9966,-0.6679,0.5042,0.6646
"SDR42E1",-0.8571,8.9858,-2.6218,0.008748,0.03716
"HSD17B2",0.3991,7.5011,0.7089,0.4784,0.6419
"MPHOSPH6",-0.8526,9.3197,-3.8562,0.0001152,0.001306
"CDH13",-0.4615,9.7155,-1.1492,0.2505,0.4215
"HSBP1",0.3307,11.8808,1.4064,0.1596,0.3109
"MLYCD",0.1907,9.0541,1.1448,0.2523,0.4233
"RP11-505K9.4",0.2581,7.2703,1.4411,0.1495,0.2963
"OSGIN1",-0.2987,9.3093,-0.5208,0.6025,0.7424
"NECAB2",0.0713,6.4561,0.0915,0.9271,0.96
"MBTPS1",-0.0103,12.2934,-0.0607,0.9516,0.9726
"HSDL1",0.128,9.8807,0.5129,0.608,0.7465
"DNAAF1",0.63,8.6267,1.467,0.1424,0.2862
"TAF1C",-0.329,10.3877,-1.4052,0.16,0.3112
"ADAD2",-2.6876,6.6044,-3.6329,0.0002803,0.002668
"WFDC1",0.912,8.3813,2.9476,0.003203,0.01757
"ATP2C2",0.1904,10.1115,0.423,0.6723,0.7941
"TLDC1",-0.2784,9.5233,-1.2371,0.2161,0.3821
"COTL1",-0.0986,12.2514,-0.3919,0.6951,0.8104
"KLHL36",-0.0188,10.6034,-0.098,0.9219,0.9573
"USP10",-0.3508,11.119,-2.2648,0.02352,0.07842
"CRISPLD2",0.0118,10.8924,0.0362,0.9711,0.9841
"ZDHHC7",-0.2405,11.4122,-1.2272,0.2197,0.3865
"KIAA0513",-0.0666,9.8581,-0.239,0.8111,0.8899
"FAM92B",1.2182,7.352,1.6554,0.09784,0.2209
"GSE1",0.8556,11.5846,3.2724,0.001066,0.007541
"GINS2",-0.521,8.4469,-1.4576,0.1449,0.2898
"C16orf74",-1.082,7.7493,-2.2916,0.02193,0.07456
"EMC8",-0.306,9.7053,-1.7598,0.07844,0.1876
"COX4I1",0.1996,12.8018,0.8905,0.3732,0.5479
"IRF8",0.4484,9.741,1.1426,0.2532,0.4243
"FOXF1",-0.0732,9.0557,-0.237,0.8127,0.8909
"MTHFSD",-0.026,9.1109,-0.1444,0.8852,0.936
"FOXC2",-2.2824,7.0606,-4.1962,2.714e-05,0.000401
"FOXL1",-0.4363,7.3925,-1.3296,0.1837,0.3428
"C16orf95",-0.5095,7.2094,-2.3136,0.02069,0.0715
"RP11-178L8.4",-0.5352,7.5036,-3.1734,0.001507,0.009843
"FBXO31",-0.4239,9.9613,-3.1337,0.001726,0.01091
"MAP1LC3B",0.133,11.3641,0.7198,0.4717,0.6362
"ZCCHC14",0.0066,10.582,0.0325,0.974,0.9857
"JPH3",0.7741,6.7184,1.1576,0.247,0.4173
"KLHDC4",0.0864,9.6973,0.4441,0.657,0.7836
"SLC7A5",-0.3644,11.4734,-0.7533,0.4513,0.6188
"BANP",0.0151,8.9571,0.1144,0.9089,0.9501
"ZNF469",-0.643,8.31,-2.0242,0.04295,0.1222
"ZFPM1",-0.3901,7.7473,-1.4385,0.1503,0.2973
"ZC3H18",-0.189,10.6556,-1.0893,0.276,0.4497
"CYBA",0.6424,11.981,2.5007,0.0124,0.04853
"MVD",-0.6111,10.2746,-2.5935,0.009501,0.03969
"SNAI3",0.4126,7.1938,1.3152,0.1885,0.3493
"RNF166",-0.0659,9.3665,-0.3796,0.7043,0.8167
"CTU2",0.1366,8.9127,0.8248,0.4095,0.5811
"PIEZO1",-0.4422,12.2072,-1.4258,0.1539,0.3026
"CDT1",-0.3392,8.7917,-0.8891,0.374,0.5488
"APRT",0.0641,11.2902,0.324,0.7459,0.8466
"GALNS",-0.5193,10.0889,-1.9403,0.05235,0.1405
"TRAPPC2L",0.4259,9.9849,2.1523,0.03137,0.09729
"CBFA2T3",-0.1292,8.3319,-0.3168,0.7514,0.85
"ACSF3",0.0434,9.6789,0.284,0.7764,0.8669
"CDH15",1.9499,6.6373,3.8097,0.0001391,0.00152
"SLC22A31",3.103,9.4069,5.6396,1.704e-08,7.761e-07
"ZNF778",0.5216,8.6231,2.1538,0.03125,0.09706
"ANKRD11",-0.4882,11.9196,-2.3844,0.01711,0.06198
"SPG7",-0.108,10.9969,-0.6711,0.5021,0.6626
"RPL13",0.2877,14.0042,1.2828,0.1996,0.3629
"CPNE7",0.7846,7.2876,1.4367,0.1508,0.298
"DPEP1",0.281,7.1109,0.4425,0.6582,0.784
"CHMP1A",-0.2236,11.6487,-1.5331,0.1253,0.2631
"SPATA33",0.0246,8.275,0.0973,0.9225,0.9575
"CDK10",0.1489,10.2988,0.7545,0.4506,0.6185
"SPATA2L",0.4148,8.7364,2.0834,0.03722,0.1103
"VPS9D1",0.1708,9.4252,0.7147,0.4748,0.6389
"ZNF276",-0.1248,9.9875,-0.6449,0.519,0.6766
"FANCA",-0.3061,9.9368,-1.3097,0.1903,0.3513
"SPIRE2",0.9909,8.6941,2.2808,0.02256,0.07616
"TCF25",0.0557,11.7504,0.2862,0.7747,0.8659
"MC1R",0.4458,8.343,1.2201,0.2224,0.3897
"RP11-566K11.2",1.2292,9.7586,2.7253,0.006424,0.02945
"TUBB3",1.2921,9.6354,2.7311,0.006313,0.02911
"DEF8",0.0652,10.4581,0.3307,0.7408,0.843
"CENPBD1",-0.1999,9.0265,-0.8329,0.4049,0.5766
"DBNDD1",0.4649,9.0518,1.3118,0.1896,0.3505
"GAS8",0.2548,9.6453,1.0293,0.3034,0.4781
"DOC2B",-0.5823,9.4954,-1.4161,0.1567,0.3068
"RPH3AL",1.5489,9.2702,4.362,1.289e-05,0.000219
"C17orf97",0.5422,7.8906,1.4218,0.1551,0.3042
"RFLNB",0.0389,9.5792,0.1455,0.8843,0.9354
"VPS53",-0.11,10.657,-0.6489,0.5164,0.6745
"FAM57A",-1.0395,9.8309,-4.7082,2.499e-06,5.566e-05
"GEMIN4",-0.2904,10.1235,-1.6473,0.09949,0.2236
"GLOD4",0.0788,10.9011,0.5774,0.5637,0.7126
"MRM3",0.2483,8.7981,1.4972,0.1344,0.2752
"NXN",-0.9185,11.1906,-3.4258,0.0006129,0.004897
"TIMM22",-0.1013,9.555,-0.7076,0.4792,0.6428
"ABR",0.193,11.7057,0.7987,0.4244,0.5953
"YWHAE",-0.3163,13.7899,-1.804,0.07123,0.175
"CRK",-0.0109,11.4449,-0.0756,0.9397,0.9666
"MYO1C",0.1873,12.9568,0.9774,0.3284,0.5038
"INPP5K",-0.0837,10.5871,-0.5578,0.577,0.7231
"PITPNA",-0.2855,11.6164,-2.524,0.0116,0.0461
"SLC43A2",0.1416,10.7485,0.6804,0.4962,0.658
"SCARF1",0.5031,9.1536,1.7055,0.0881,0.2046
"RILP",1.1503,8.8655,4.2481,2.156e-05,0.0003296
"PRPF8",-0.056,13.3667,-0.3237,0.7462,0.8466
"TLCD2",0.3918,9.194,1.4717,0.1411,0.2843
"WDR81",-0.4025,10.6023,-1.6789,0.09317,0.2132
"SERPINF2",0.0817,8.9056,0.1936,0.8465,0.9126
"SERPINF1",-1.3148,11.7247,-3.3328,0.0008599,0.006417
"SMYD4",-0.344,9.0943,-1.7821,0.07474,0.1812
"RPA1",-0.7019,11.6131,-4.1813,2.899e-05,0.0004215
"RTN4RL1",-0.9075,7.9229,-1.8308,0.06712,0.1676
"OVCA2",-0.0109,10.2145,-0.0558,0.9555,0.9754
"DPH1",-0.1094,10.703,-0.6147,0.5387,0.6923
"HIC1",-0.4355,10.3001,-2.6709,0.007565,0.0334
"SMG6",-0.4891,10.7807,-2.7941,0.005204,0.02511
"SRR",-0.2287,9.8368,-1.5535,0.1203,0.2556
"TSR1",-0.2281,10.8737,-1.4717,0.1411,0.2843
"SGSM2",0.1913,10.5812,0.8065,0.4199,0.5909
"MNT",-0.061,10.0504,-0.3077,0.7583,0.8549
"METTL16",0.1424,10.2079,0.9072,0.3643,0.5388
"PAFAH1B1",-0.0064,12.1576,-0.0506,0.9596,0.9778
"CLUH",-0.2951,11.2641,-1.2446,0.2133,0.3793
"RAP1GAP2",1.1081,9.5722,3.6688,0.0002437,0.002371
"ASPA",1.4681,7.1218,3.4601,0.00054,0.004469
"TRPV3",-0.6921,7.0384,-1.6451,0.09994,0.2244
"TRPV1",0.5245,8.169,2.1887,0.02862,0.09079
"RP11-235E17.2",0.2944,9.1017,1.8245,0.06807,0.1693
"SHPK",0.22,9.2542,1.3444,0.1788,0.3364
"CTNS",0.0376,9.3239,0.2329,0.8158,0.8926
"TAX1BP3",0.2603,11.9057,1.2591,0.208,0.3731
"EMC6",0.2624,9.037,1.3553,0.1753,0.3315
"P2RX5-TAX1BP3",0.2331,11.9226,1.2177,0.2234,0.3904
"P2RX5",-0.3787,7.3846,-0.8963,0.3701,0.545
"GSG2",-0.6603,7.3707,-1.9526,0.05087,0.1378
"ITGAE",0.04,9.5617,0.1596,0.8732,0.9285
"NCBP3",0.0468,10.6167,0.3016,0.763,0.8584
"CAMKK1",0.2042,8.6707,0.8152,0.415,0.5861
"P2RX1",-1.0248,7.885,-2.4703,0.0135,0.05195
"ATP2A3",1.3483,10.8734,4.0207,5.803e-05,0.0007402
"ZZEF1",0.1722,10.8817,0.8779,0.38,0.5543
"CYB5D2",0.6696,9.1878,3.3131,0.0009228,0.006786
"ANKFY1",0.1827,11.3744,1.2008,0.2298,0.3984
"UBE2G1",-0.2873,10.8212,-2.1228,0.03377,0.1028
"SPNS3",1.0657,6.6758,2.9039,0.003686,0.01948
"SPNS2",1.9531,9.876,6.2758,3.479e-10,2.821e-08
"MYBBP1A",-0.1199,10.8111,-0.5954,0.5516,0.7026
"GGT6",0.0266,8.4812,0.0509,0.9594,0.9777
"SMTNL2",0.531,7.0468,1.1289,0.2589,0.4303
"ALOX15",-2.0423,8.2151,-2.2067,0.02734,0.08772
"PELP1",-0.1105,10.9864,-0.5999,0.5486,0.7001
"ARRB2",0.1325,10.8097,0.7598,0.4474,0.6156
"MED11",0.4178,9.0842,2.0824,0.03731,0.1104
"CXCL16",0.3323,11.9386,1.3062,0.1915,0.353
"ZMYND15",0.2308,8.0441,0.7897,0.4297,0.6
"VMO1",0.017,7.7272,0.0377,0.9699,0.9836
"GLTPD2",1.6996,6.5355,3.7663,0.0001657,0.001747
"PSMB6",-0.029,11.3642,-0.1732,0.8625,0.9222
"PLD2",-0.2443,10.1143,-1.481,0.1386,0.2811
"MINK1",-0.3033,11.9451,-1.5083,0.1315,0.2715
"C17orf107",0.105,7.6313,0.3512,0.7255,0.8318
"CHRNE",-0.3107,8.4619,-1.9313,0.05344,0.1427
"GP1BA",-0.2275,6.8786,-0.6299,0.5288,0.6848
"SLC25A11",0.0239,10.9276,0.1548,0.877,0.9312
"RNF167",0.0796,11.5463,0.6159,0.538,0.6916
"PFN1",-0.131,13.8199,-0.7504,0.453,0.6205
"ENO3",0.02,11.3107,0.1177,0.9063,0.9484
"SPAG7",0.2288,10.3826,1.2996,0.1937,0.356
"CAMTA2",0.308,10.6397,1.5003,0.1335,0.2741
"INCA1",0.4886,7.1509,2.665,0.007699,0.03379
"KIF1C",0.2397,12.3216,1.0944,0.2738,0.4472
"SLC52A1",0.0339,7.3785,0.0675,0.9462,0.9701
"ZFP3",0.1732,8.4354,0.5043,0.614,0.7513
"ZNF232",0.1974,8.3733,0.8276,0.4079,0.5794
"USP6",0.3239,7.1225,1.4876,0.1369,0.2785
"ZNF594",-0.7169,7.9138,-2.2045,0.02749,0.08817
"SCIMP",-0.0218,8.5539,-0.063,0.9498,0.9723
"RABEP1",-0.0491,10.7703,-0.3177,0.7507,0.8494
"NUP88",-0.045,10.3878,-0.2733,0.7846,0.8725
"RPAIN",0.2142,9.924,1.0065,0.3142,0.4896
"C1QBP",-0.1554,11.0201,-0.5967,0.5507,0.7019
"DHX33",-0.4783,9.7176,-2.4228,0.0154,0.05727
"DERL2",0.1839,10.261,1.2251,0.2205,0.3875
"MIS12",0.1038,9.4784,0.6074,0.5436,0.6957
"NLRP1",-1.1532,9.9693,-3.2121,0.001318,0.008898
"WSCD1",-0.6961,7.6965,-1.2303,0.2186,0.385
"FAM64A",-0.256,8.0802,-0.7528,0.4516,0.6192
"PITPNM3",-0.0705,9.3203,-0.1938,0.8463,0.9125
"CTC-281F24.5",0.3262,6.5096,0.7263,0.4676,0.6329
"KIAA0753",0.2232,9.3514,1.2752,0.2022,0.366
"TXNDC17",0.8691,10.4793,2.9691,0.002986,0.01668
"MED31",0.9121,8.6246,3.2892,0.001005,0.007208
"C17orf100",-0.4467,7.5207,-1.7364,0.0825,0.1945
"SLC13A5",-1.8843,6.6785,-2.4947,0.01261,0.04925
"XAF1",-0.8477,10.5672,-2.5279,0.01147,0.04571
"TEKT1",2.0235,7.396,2.3137,0.02068,0.0715
"ALOX12",-2.3025,7.1516,-5.8151,6.059e-09,3.248e-07
"RNASEK",0.0873,11.5647,0.4322,0.6656,0.7892
"RNASEK-C17orf49",-0.0602,12.1122,-0.3086,0.7576,0.8542
"C17orf49",-0.3208,10.685,-1.5867,0.1126,0.2435
"BCL6B",0.2651,9.1663,0.895,0.3708,0.5454
"SLC16A13",-0.0094,8.2216,-0.0313,0.9751,0.9864
"SLC16A11",0.1292,7.2903,0.3294,0.7419,0.8438
"CLEC10A",1.4515,8.2149,2.8769,0.004015,0.02069
"ASGR2",0.4449,6.6292,1.1364,0.2558,0.4267
"ASGR1",0.6722,7.3597,2.5551,0.01061,0.04313
"DLG4",-0.153,8.8825,-0.6657,0.5056,0.6659
"ACADVL",0.0324,12.6149,0.1841,0.8539,0.9171
"DVL2",-0.4576,10.2048,-2.5436,0.01097,0.04427
"PHF23",0.0454,10.0985,0.2981,0.7656,0.8598
"GABARAP",0.2688,12.812,1.6973,0.08963,0.207
"CTD-2545G14.7",0.2321,12.6988,1.4439,0.1488,0.2951
"CTDNEP1",-0.1015,11.3421,-0.5907,0.5547,0.705
"ELP5",0.1195,9.9247,0.6965,0.4861,0.6491
"RP1-4G17.5",0.7508,10.0859,3.4506,0.0005593,0.004572
"CLDN7",0.9994,11.7576,3.4845,0.0004931,0.004168
"SLC2A4",-0.7841,6.7123,-2.0582,0.03957,0.1153
"YBX2",1.0919,6.8921,1.7687,0.07695,0.185
"EIF5A",-0.2826,12.911,-1.2767,0.2017,0.3656
"GPS2",-0.1568,11.0715,-0.9552,0.3395,0.5141
"RP11-542C16.2",0.0216,10.5176,0.1531,0.8783,0.9318
"NEURL4",0.1431,9.7051,0.6976,0.4854,0.6485
"ACAP1",-0.3983,8.9347,-1.2299,0.2187,0.3851
"KCTD11",-0.7055,9.7593,-2.7795,0.005444,0.02593
"TNK1",-0.1721,8.8812,-0.8721,0.3832,0.557
"PLSCR3",-0.375,10.0859,-2.2698,0.02322,0.07767
"TMEM256-PLSCR3",-0.0449,10.5124,-0.2589,0.7957,0.8788
"TMEM256",0.6961,9.6227,2.6187,0.008828,0.03744
"NLGN2",-0.6742,9.5528,-2.5986,0.00936,0.03921
"TMEM102",-0.0086,8.5867,-0.0529,0.9578,0.9767
"FGF11",-0.6355,8.4158,-1.4071,0.1594,0.3105
"CHRNB1",0.7682,8.4609,2.7061,0.006808,0.03083
"ZBTB4",0.0448,11.8989,0.2857,0.7751,0.8663
"POLR2A",-0.3797,13.0676,-2.0052,0.04494,0.1264
"TNFSF12",0.6507,10.0226,2.5712,0.01013,0.04166
"TNFSF12-TNFSF13",0.8944,10.9663,3.6376,0.0002752,0.002627
"TNFSF13",0.9741,11.076,3.9842,6.771e-05,0.0008429
"SENP3",-0.0575,10.6236,-0.4628,0.6435,0.7734
"SENP3-EIF4A1",-0.2204,13.4606,-1.5147,0.1298,0.2693
"EIF4A1",-0.172,13.524,-1.2034,0.2288,0.3973
"CD68",0.1536,13.0497,0.4886,0.6251,0.7599
"SOX15",-2.354,7.6064,-4.8772,1.076e-06,2.76e-05
"MPDU1",0.5711,10.9582,2.8017,0.005084,0.02464
"FXR2",0.0867,10.5629,0.6584,0.5103,0.6694
"SAT2",0.3842,10.0177,1.9175,0.05518,0.1459
"ATP1B2",-0.2876,7.4214,-0.9009,0.3676,0.5423
"TP53",-0.8534,10.8563,-3.3634,0.0007698,0.005893
"WRAP53",-0.1177,9.005,-0.6367,0.5243,0.6812
"EFNB3",-0.3372,7.7966,-0.6665,0.5051,0.6655
"DNAH2",2.2886,8.3165,3.5019,0.000462,0.00396
"KDM6B",-0.007,10.9066,-0.0259,0.9793,0.989
"TMEM88",0.7133,7.322,2.6621,0.007765,0.03402
"CYB5D1",0.0317,9.4331,0.1255,0.9001,0.9452
"NAA38",0.6673,9.9784,2.7853,0.005347,0.02561
"CHD3",-0.2426,12.524,-1.1464,0.2516,0.4227
"AC025335.1",-0.6918,8.0915,-2.6749,0.007476,0.03312
"KCNAB3",-0.401,6.8494,-1.113,0.2657,0.4378
"RP11-1099M24.7",0.1465,8.4394,0.756,0.4496,0.6176
"TRAPPC1",0.1796,11.0876,0.9611,0.3365,0.5111
"CNTROB",-0.108,10.393,-0.5137,0.6074,0.7461
"GUCY2D",0.1212,6.6952,0.2511,0.8017,0.8835
"ALOX15B",1.5499,9.5446,2.898,0.003755,0.01976
"ALOX12B",-1.5904,6.5529,-2.9251,0.003443,0.01856
"ALOXE3",-1.3584,6.3242,-2.2911,0.02196,0.07465
"PER1",0.9702,11.5173,2.9209,0.003491,0.01873
"RP11-599B13.6",0.556,9.0259,3.0399,0.002367,0.01397
"VAMP2",0.5256,11.1981,2.9571,0.003105,0.01716
"TMEM107",0.622,8.662,3.1282,0.001759,0.01109
"BORCS6",-0.0484,8.6357,-0.2895,0.7722,0.8644
"AURKB",-0.8662,8.4948,-2.3464,0.01896,0.06697
"CTC1",0.3879,9.8615,1.9493,0.05126,0.1386
"PFAS",-0.1309,9.6433,-0.5381,0.5905,0.7334
"RANGRF",0.7617,9.2909,3.379,0.0007275,0.005639
"SLC25A35",0.6468,9.4859,2.8542,0.004314,0.02179
"ARHGEF15",0.3867,9.0455,1.3141,0.1888,0.3496
"KRBA2",0.707,7.3751,2.7889,0.005289,0.02543
"RP11-849F2.7",0.5271,12.304,2.122,0.03384,0.1029
"RPL26",0.4831,12.866,1.9568,0.05038,0.1367
"NDEL1",0.2626,10.6715,1.4784,0.1393,0.2818
"MYH10",0.7165,12.1012,3.1536,0.001613,0.01038
"MFSD6L",1.6937,7.0227,3.3862,0.0007085,0.005516
"PIK3R6",-0.1502,7.3867,-0.503,0.615,0.752
"PIK3R5",0.2224,9.1229,0.6782,0.4977,0.6589
"NTN1",-1.968,9.4065,-4.16,3.183e-05,0.0004568
"STX8",0.4467,9.5246,1.9667,0.04921,0.1345
"CFAP52",2.2873,7.0678,3.225,0.00126,0.008616
"USP43",0.8621,8.3907,2.299,0.0215,0.0736
"GLP2R",4.7967,6.4189,5.8061,6.395e-09,3.396e-07
"GAS7",0.0283,10.3088,0.0901,0.9282,0.9604
"MYH2",-0.8394,6.3171,-1.0317,0.3022,0.4771
"MYH3",-0.3948,7.0512,-1.2013,0.2296,0.3982
"SCO1",0.3021,9.966,2.2216,0.02631,0.08528
"ADPRM",0.2759,8.0885,1.4214,0.1552,0.3044
"TMEM220",1.0767,7.9731,3.4629,0.0005344,0.004441
"SHISA6",-1.2345,6.5753,-1.8632,0.06243,0.1592
"DNAH9",2.4949,7.6245,3.3196,0.0009015,0.006665
"ZNF18",-0.1632,8.4743,-1.2506,0.2111,0.3767
"MAP2K4",0.0955,10.1194,0.6059,0.5446,0.6966
"MYOCD",2.3009,7.3997,4.7614,1.923e-06,4.457e-05
"ARHGAP44",1.182,9.6302,3.6068,0.00031,0.002906
"ELAC2",0.1171,10.8803,0.8195,0.4125,0.5836
"HS3ST3A1",-1.9253,7.1369,-4.4112,1.028e-05,0.0001835
"COX10",0.1296,9.0951,0.9437,0.3453,0.5201
"HS3ST3B1",-0.6087,8.16,-2.1261,0.03349,0.1022
"PMP22",0.0831,11.4034,0.3011,0.7633,0.8584
"TEKT3",1.1127,6.4829,2.051,0.04027,0.1167
"CDRT4",-0.5123,8.8237,-1.8277,0.0676,0.1685
"TVP23C-CDRT4",-0.3326,9.3693,-1.4817,0.1384,0.2808
"TVP23C",-0.0248,9.2208,-0.1234,0.9018,0.9463
"CDRT1",-1.0437,6.5516,-2.5806,0.009864,0.04084
"RP11-385D13.1",-0.3343,9.7595,-1.0118,0.3117,0.4866
"TRIM16",-0.4538,10.724,-1.415,0.1571,0.3072
"ZNF286A",-0.3902,8.4967,-1.9711,0.04871,0.1335
"AC005324.8",-0.3213,7.5174,-1.5508,0.121,0.2567
"ADORA2B",0.1889,8.555,0.58,0.5619,0.7111
"ZSWIM7",0.6583,9.0153,3.6662,0.0002462,0.002393
"TTC19",0.5353,10.5475,3.5599,0.000371,0.003333
"NCOR1",0.1825,11.8326,1.1122,0.266,0.4381
"PIGL",0.4377,8.3565,2.4699,0.01352,0.05197
"CENPV",0.8009,8.4936,2.6255,0.008653,0.03691
"UBB",0.22,14.5183,1.2256,0.2203,0.3873
"TRPV2",0.0701,10.0545,0.2527,0.8005,0.8825
"LRRC75A",0.7498,11.948,2.5366,0.01119,0.04494
"ZNF287",0.4739,7.7594,1.8472,0.06472,0.1632
"ZNF624",0.3277,7.8418,1.7408,0.08172,0.1932
"CCDC144A",-0.0181,7.0821,-0.0347,0.9723,0.985
"RP11-219A15.1",-0.9456,8.1709,-1.8806,0.06003,0.1548
"TNFRSF13B",-0.2516,6.5465,-0.4408,0.6594,0.7849
"PLD6",-0.0913,8.1365,-0.4145,0.6785,0.7981
"MPRIP",0.6287,12.2139,2.8185,0.004825,0.02368
"RP11-45M22.4",0.2129,8.6885,1.146,0.2518,0.4227
"FLCN",0.2205,10.3393,1.2456,0.2129,0.379
"COPS3",0.1869,10.6521,1.0647,0.287,0.4607
"NT5M",-0.2259,7.2565,-0.7723,0.4399,0.6091
"MED9",0.2582,9.2844,1.4978,0.1342,0.2749
"RASD1",2.2637,10.0177,3.7926,0.0001491,0.001599
"PEMT",0.2578,9.2931,1.1938,0.2326,0.401
"RAI1",0.1882,10.845,0.8159,0.4146,0.5856
"SREBF1",-0.7263,11.9436,-3.0802,0.002068,0.01265
"TOM1L2",-0.0252,10.9186,-0.1087,0.9135,0.9524
"DRC3",1.2823,8.2618,3.0085,0.002626,0.01517
"ATPAF2",0.5408,9.113,3.8092,0.0001394,0.00152
"GID4",-0.3099,8.9867,-2.2014,0.0277,0.08865
"DRG2",0.0513,10.1295,0.4306,0.6668,0.79
"MYO15A",0.9969,7.0196,3.2268,0.001252,0.00858
"ALKBH5",0.0363,11.6543,0.3012,0.7633,0.8584
"LLGL1",-0.2068,10.1922,-1.2687,0.2046,0.369
"FLII",0.3912,12.4115,2.254,0.0242,0.08014
"MIEF2",0.8481,8.9782,5.5138,3.512e-08,1.467e-06
"TOP3A",0.0555,9.6542,0.3575,0.7207,0.8282
"SMCR8",0.2504,10.5572,1.6036,0.1088,0.2382
"SHMT1",0.1686,10.0381,0.8726,0.3829,0.5569
"EVPLL",0.9053,7.1899,2.1917,0.0284,0.09035
"LGALS9C",0.3037,6.7306,0.6562,0.5117,0.6708
"FAM106A",0.2126,6.2127,0.3585,0.7199,0.8276
"ZNF286B",-0.3018,7.5941,-1.3711,0.1703,0.3253
"TRIM16L",-0.2349,9.5978,-0.5267,0.5984,0.7391
"FBXW10",-0.7944,6.3918,-1.3924,0.1638,0.3165
"TVP23B",-0.0088,10.1863,-0.0422,0.9664,0.9816
"PRPSAP2",0.1896,9.9406,1.3119,0.1896,0.3505
"FAM83G",-0.3099,9.8976,-1.2726,0.2032,0.3673
"SLC5A10",0.0584,8.6254,0.293,0.7695,0.8627
"GRAP",0.4158,8.2785,1.566,0.1173,0.2511
"GRAPL",0.8439,6.7117,2.6439,0.008196,0.03541
"EPN2",0.1847,10.7691,1.141,0.2539,0.4249
"B9D1",0.5005,8.5257,1.8429,0.06534,0.1642
"MAPK7",0.135,9.7646,0.8894,0.3738,0.5487
"MFAP4",0.6158,11.7403,1.4758,0.14,0.2827
"RNF112",0.2417,6.6922,0.8461,0.3975,0.5704
"SLC47A1",0.4135,8.6525,0.8618,0.3888,0.5622
"ALDH3A2",0.1398,12.1829,0.5086,0.6111,0.7491
"SLC47A2",-2.1029,6.4681,-4.255,2.091e-05,0.000322
"ALDH3A1",-0.3738,9.9078,-0.4245,0.6712,0.7931
"ULK2",0.2035,9.812,1.1321,0.2576,0.4287
"AKAP10",0.4147,9.9283,4.4708,7.794e-06,0.0001464
"SPECC1",0.6432,9.8896,2.1825,0.02907,0.09188
"LGALS9B",0.1302,7.0901,0.326,0.7444,0.8454
"USP22",0.0736,12.643,0.3465,0.729,0.8342
"DHRS7B",0.4668,9.6208,2.1126,0.03463,0.1046
"TMEM11",-0.043,9.6061,-0.2426,0.8083,0.8882
"NATD1",-0.028,9.3444,-0.1259,0.8998,0.9449
"MAP2K3",0.1516,10.9699,0.6256,0.5316,0.6868
"KCNJ12",0.0091,7.3892,0.0167,0.9867,0.993
"C17orf51",-0.1027,8.5699,-0.4784,0.6324,0.7652
"WSB1",0.8139,12.2355,3.3732,0.0007429,0.005735
"KSR1",-0.4582,10.4049,-1.5802,0.1141,0.2457
"AC015688.3",-0.7068,9.4867,-2.7266,0.0064,0.02938
"LGALS9",-0.7469,11.4923,-2.5556,0.0106,0.04312
"NOS2",-2.3149,7.9252,-3.407,0.0006568,0.005178
"RP1-66C13.4",0.0787,7.0286,0.3202,0.7488,0.848
"LYRM9",0.0732,8.6354,0.3179,0.7506,0.8493
"NLK",-0.1357,9.8704,-0.6334,0.5265,0.6832
"TMEM97",0.1092,10.7785,0.3879,0.6981,0.8125
"IFT20",0.5181,9.8787,2.5701,0.01017,0.04178
"TNFAIP1",-0.3784,11.6208,-2.0552,0.03986,0.116
"POLDIP2",-0.2426,11.6823,-1.3326,0.1827,0.3415
"TMEM199",-0.1998,10.0591,-1.0849,0.278,0.4517
"CTB-96E2.2",2.4232,6.3748,3.6768,0.0002362,0.002314
"VTN",2.4614,7.0456,4.1101,3.956e-05,0.0005389
"SARM1",0.4258,10.4186,1.8036,0.0713,0.175
"SLC46A1",0.503,10.501,2.1552,0.03114,0.09681
"SLC13A2",0.7405,6.5294,0.9957,0.3194,0.4953
"FOXN1",-5.5436,7.1892,-10.64,1.942e-26,5.936e-23
"UNC119",-0.8024,9.9478,-4.6089,4.049e-06,8.433e-05
"PIGS",-0.3746,11.4093,-1.7255,0.08444,0.1979
"ALDOC",-0.7608,9.9944,-2.0483,0.04053,0.1173
"SPAG5",-0.4618,9.5655,-1.2959,0.195,0.3573
"RP11-192H23.4",-0.4235,8.1392,-1.3634,0.1728,0.3283
"SGK494",-0.0532,7.7605,-0.1643,0.8695,0.9262
"KIAA0100",0.05,12.6859,0.242,0.8087,0.8883
"SDF2",0.1187,10.5498,0.6438,0.5197,0.6773
"SUPT6H",-0.3234,12.2717,-1.6966,0.08977,0.2072
"PROCA1",0.1649,7.2941,0.4436,0.6573,0.7838
"RAB34",0.0923,11.2193,0.4331,0.665,0.7888
"RPL23A",0.3049,11.4706,1.3709,0.1704,0.3253
"TLCD1",0.1849,8.8566,0.5649,0.5721,0.7191
"NEK8",-0.0339,8.6385,-0.1839,0.8541,0.9171
"TRAF4",0.2105,11.3697,1.0791,0.2806,0.4545
"FAM222B",0.1049,10.4162,0.4222,0.6729,0.7945
"ERAL1",-0.3903,10.6893,-1.956,0.05047,0.1369
"FLOT2",-0.4581,12.4056,-2.3626,0.01815,0.06483
"DHRS13",-0.3984,9.3765,-1.7068,0.08786,0.2041
"PHF12",-0.1686,10.8797,-0.8954,0.3706,0.5452
"SEZ6",-0.6736,6.3381,-1.1748,0.2401,0.4096
"PIPOX",-2.0266,7.3427,-4.5736,4.795e-06,9.731e-05
"TIAF1",-0.0477,10.0384,-0.211,0.8329,0.904
"MYO18A",0.1697,11.5874,0.7024,0.4824,0.6458
"NUFIP2",-0.136,11.9361,-0.679,0.4971,0.6585
"TAOK1",0.1138,11.6173,0.7237,0.4693,0.6341
"ABHD15",0.0613,9.615,0.3159,0.7521,0.8504
"TP53I13",-0.096,9.9953,-0.4835,0.6287,0.7623
"GIT1",-0.3772,11.286,-1.7021,0.08874,0.2056
"ANKRD13B",-0.8049,8.1933,-1.8923,0.05845,0.1521
"CORO6",-1.4181,7.2271,-2.9247,0.003448,0.01858
"SSH2",0.1984,10.5161,1.0388,0.2989,0.4733
"EFCAB5",0.8889,6.4733,3.6957,0.0002192,0.002191
"NSRP1",0.0098,10.1557,0.065,0.9482,0.9714
"SLC6A4",1.2047,8.4368,1.4794,0.139,0.2815
"BLMH",-1.0212,10.3712,-4.9039,9.396e-07,2.479e-05
"CPD",0.7679,12.6533,2.9789,0.002893,0.01631
"GOSR1",0.195,10.8164,1.3439,0.179,0.3365
"CRLF3",0.0488,9.6952,0.2865,0.7745,0.8658
"ATAD5",-0.3296,8.2469,-1.2512,0.2108,0.3764
"TEFM",0.2794,8.4711,1.6822,0.09252,0.2122
"ADAP2",0.4205,9.0616,1.7477,0.08051,0.1911
"RNF135",0.2137,9.8399,1.0617,0.2884,0.4622
"OMG",2.1532,7.4732,4.2022,2.643e-05,0.0003936
"EVI2B",-0.068,10.0661,-0.1875,0.8513,0.9157
"CTD-2370N5.3",0.4114,9.1582,1.0607,0.2888,0.4627
"EVI2A",0.8746,9.2208,2.116,0.03435,0.104
"NF1",-0.023,11.5241,-0.1215,0.9033,0.947
"RAB11FIP4",0.8896,10.0786,4.1908,2.78e-05,0.0004085
"COPRS",-0.1908,9.8983,-0.8825,0.3775,0.5522
"UTP6",0.0174,10.521,0.1122,0.9107,0.9512
"SUZ12",-0.0475,10.8276,-0.2274,0.8201,0.8955
"LRRC37B",0.2804,8.5931,1.446,0.1482,0.2943
"RHOT1",0.3279,10.6174,2.5621,0.01041,0.04253
"RHBDL3",-3.4953,6.9256,-5.4582,4.81e-08,1.885e-06
"C17orf75",0.1634,9.3667,0.8813,0.3781,0.5527
"ZNF207",-0.0411,12.3704,-0.4818,0.63,0.7633
"PSMD11",-0.2482,11.9694,-1.1249,0.2606,0.4323
"CDK5R1",-0.5495,8.1123,-1.4425,0.1492,0.2957
"MYO1D",0.6787,12.0701,3.1171,0.001826,0.01143
"TMEM98",1.0916,10.8932,3.6039,0.0003135,0.002927
"CCL2",-0.6639,10.4221,-1.6285,0.1034,0.2304
"CCL7",0.2667,6.4943,0.4137,0.6791,0.7984
"CCL11",-0.813,7.0857,-1.6716,0.09461,0.2156
"CCL8",-0.2477,7.5097,-0.4968,0.6193,0.755
"CCL13",0.1212,8.0441,0.2315,0.8169,0.8931
"TMEM132E",1.1491,6.3573,2.3413,0.01922,0.06762
"ZNF830",-0.0196,9.1786,-0.1625,0.8709,0.9273
"CCT6B",0.1033,7.1943,0.3424,0.7321,0.8364
"LIG3",-0.2811,10.7301,-1.4923,0.1356,0.2768
"RFFL",-0.2934,10.7583,-1.5924,0.1113,0.2417
"RAD51L3-RFFL",-0.3361,9.0829,-1.6364,0.1017,0.2275
"RAD51D",-0.3056,9.4201,-1.6371,0.1016,0.2273
"FNDC8",-0.9756,6.6315,-3.0694,0.002145,0.01299
"NLE1",-0.3748,9.2968,-1.7137,0.08658,0.202
"UNC45B",1.3551,6.3897,2.9446,0.003234,0.01773
"SLFN5",-0.119,11.7411,-0.4277,0.6688,0.7915
"SLFN11",0.1884,10.7581,0.6195,0.5356,0.6899
"SLFN12",0.0664,8.2175,0.241,0.8095,0.8889
"SLFN13",1.0305,9.8827,3.1848,0.001449,0.009574
"SLFN12L",0.3548,7.0495,0.9124,0.3616,0.5362
"PEX12",-0.1246,8.5157,-0.6105,0.5415,0.6943
"AP2B1",0.0442,13.0138,0.2111,0.8328,0.904
"RASL10B",-0.1463,7.1275,-0.3801,0.7039,0.8165
"GAS2L2",1.9687,6.8786,2.6265,0.008627,0.03685
"MMP28",-0.1473,9.1397,-0.2889,0.7727,0.8647
"TAF15",-0.2108,11.9792,-0.9465,0.3439,0.5185
"CCL5",-1.6728,10.4632,-3.5655,0.0003631,0.003279
"RDM1",0.0067,6.4105,0.015,0.988,0.9937
"CCL14",0.3188,8.8573,0.6491,0.5163,0.6744
"CCL15-CCL14",0.3906,8.8976,0.8089,0.4186,0.5896
"CCL15",1.4929,6.6526,2.235,0.02542,0.08307
"CCL23",0.7914,6.9523,1.6743,0.09407,0.2147
"CCL18",0.2174,11.0401,0.4272,0.6693,0.7917
"CCL3",-0.3175,8.4867,-0.8321,0.4053,0.577
"CCL4",-0.5274,8.7678,-1.4226,0.1549,0.304
"TBC1D3B",0.6053,6.2535,1.5265,0.1269,0.2654
"CCL3L3",-0.3186,7.1824,-0.7612,0.4465,0.6149
"CCL4L2",-0.8256,7.8764,-2.1383,0.0325,0.09992
"TBC1D3I",0.4057,6.8462,1.3508,0.1768,0.3335
"TBC1D3H",0.2383,6.633,0.6923,0.4887,0.6515
"TBC1D3F",0.3866,6.4272,1.1713,0.2415,0.4112
"ZNHIT3",0.0133,10.0933,0.0817,0.9349,0.9639
"PIGW",-0.234,8.7614,-0.9812,0.3265,0.5025
"MYO19",-0.2674,10.5482,-1.241,0.2146,0.3804
"GGNBP2",0.1639,11.2043,1.4984,0.134,0.2747
"DHRS11",0.1935,8.4375,0.6961,0.4864,0.6494
"MRM1",0.0399,8.0949,0.1681,0.8665,0.9246
"AATF",-0.122,10.9331,-0.7342,0.4628,0.6288
"ACACA",-0.3186,11.6481,-1.423,0.1547,0.3038
"TADA2A",-0.2261,9.2278,-1.5037,0.1326,0.2729
"DUSP14",-0.8929,9.5216,-4.2074,2.583e-05,0.000386
"SYNRG",0.3864,10.9383,2.5455,0.01091,0.04413
"DDX52",0.2441,10.3089,1.3565,0.1749,0.3312
"HNF1B",2.4869,8.7683,3.8567,0.0001149,0.001304
"TBC1D3K",-0.0275,6.4639,-0.0777,0.9381,0.9655
"TBC1D3L",0.3449,7.0106,0.967,0.3335,0.5084
"TBC1D3C",0.0775,6.7212,0.2274,0.8201,0.8955
"TBC1D3",0.279,6.4273,0.7542,0.4507,0.6185
"MRPL45",0.2924,10.2672,1.598,0.1101,0.2401
"GPR179",0.5193,6.2395,1.2031,0.2289,0.3974
"SOCS7",0.1621,9.9958,0.6168,0.5373,0.6911
"ARHGAP23",-1.5514,11.0189,-5.7593,8.445e-09,4.266e-07
"SRCIN1",1.8515,7.9475,3.8026,0.0001432,0.00155
"EPOP",-1.0643,8.0573,-2.7064,0.006802,0.03082
"MLLT6",0.1803,12.2853,0.8161,0.4144,0.5856
"CISD3",0.2613,10.3851,1.4287,0.1531,0.3013
"PCGF2",0.227,10.6766,1.0879,0.2767,0.4502
"PSMB3",0.0484,11.6177,0.2629,0.7927,0.8773
"PIP4K2B",0.0092,11.3637,0.0645,0.9486,0.9716
"CWC25",-0.0178,9.6702,-0.1716,0.8637,0.9227
"RPL23",0.29,13.6751,1.4535,0.1461,0.2916
"LASP1",0.2726,13.1126,1.5172,0.1292,0.2683
"LINC00672",0.5519,6.8662,1.8797,0.06016,0.155
"PLXDC1",0.1039,8.8815,0.4679,0.6398,0.7705
"CACNB1",0.9049,8.6094,2.38,0.01731,0.06261
"RPL19",0.1775,14.1995,1.0012,0.3167,0.4924
"STAC2",-0.359,6.4109,-0.7427,0.4577,0.6244
"FBXL20",0.474,9.9712,2.2135,0.02686,0.08652
"MED1",0.0657,10.6421,0.3303,0.7411,0.8432
"CDK12",-0.0151,11.1217,-0.1001,0.9203,0.9565
"PPP1R1B",3.1257,8.9752,5.1527,2.567e-07,8.143e-06
"STARD3",0.0171,10.6703,0.1165,0.9073,0.949
"TCAP",-0.044,6.6042,-0.1323,0.8948,0.9416
"PNMT",2.8653,6.4163,3.7555,0.000173,0.001805
"PGAP3",0.7918,10.4685,3.5524,0.0003817,0.003413
"ERBB2",0.823,12.5546,2.9096,0.003619,0.01922
"MIEN1",0.2049,10.5156,1.0411,0.2978,0.4721
"GRB7",0.6873,10.1298,2.469,0.01355,0.05206
"IKZF3",-0.352,9.298,-0.8724,0.383,0.557
"GSDMB",0.7018,8.8373,2.1714,0.0299,0.09388
"ORMDL3",0.1028,11.4928,0.5974,0.5503,0.7017
"GSDMA",0.8418,6.6656,1.8175,0.06915,0.1714
"PSMD3",-0.251,12.1301,-1.6541,0.09811,0.2213
"CSF3",-1.5901,7.5399,-2.3753,0.01753,0.06317
"MED24",-0.0867,11.2752,-0.4931,0.6219,0.7573
"THRA",-0.013,10.6651,-0.0544,0.9566,0.9761
"NR1D1",-0.897,9.7231,-2.6202,0.008788,0.0373
"MSL1",0.0194,11.4716,0.1108,0.9118,0.9517
"CASC3",0.1118,11.7163,0.6639,0.5068,0.6669
"RAPGEFL1",-2.1444,9.3677,-4.8348,1.333e-06,3.291e-05
"WIPF2",0.1073,11.3428,0.6309,0.5281,0.6844
"CDC6",-0.672,9.1101,-2.1342,0.03283,0.1007
"RARA",0.4456,10.7882,2.2231,0.02621,0.08504
"GJD3",0.0065,7.0588,0.0213,0.983,0.9908
"TOP2A",-0.1498,10.97,-0.3903,0.6963,0.8113
"IGFBP4",0.0244,13.7367,0.0945,0.9247,0.9586
"TNS4",-0.9777,9.3756,-1.5414,0.1232,0.2601
"CCR7",-0.3331,7.8558,-0.8077,0.4193,0.5903
"SMARCE1",0.1108,11.8827,0.8105,0.4176,0.5886
"RP5-1028K7.3",0.0103,11.0727,0.0774,0.9383,0.9655
"KRT222",0.5871,6.2582,1.1653,0.2439,0.4138
"KRT27",-0.1608,6.1648,-0.2802,0.7793,0.8687
"KRT10",-0.8242,9.823,-2.8031,0.005061,0.02456
"TMEM99",0.2264,9.059,1.077,0.2815,0.4554
"KRT23",-3.4066,7.4361,-5.0329,4.831e-07,1.404e-05
"KRT40",-2.605,6.2879,-2.7163,0.006601,0.03009
"KRTAP4-1",0.1607,6.2076,0.2041,0.8383,0.9074
"KRT13",-8.0635,9.1821,-10.122,4.414e-24,1.009e-20
"KRT15",-4.5119,10.6768,-6.5994,4.129e-11,4.371e-09
"KRT19",-1.2375,14.1765,-4.06,4.907e-05,0.0006447
"KRT14",-5.3942,8.2265,-6.5959,4.228e-11,4.448e-09
"KRT16",-3.0218,9.4716,-3.6729,0.0002398,0.00234
"KRT17",-2.9541,11.7899,-4.1499,3.326e-05,0.0004701
"EIF1",-0.0459,14.0877,-0.2768,0.7819,0.8707
"HAP1",-1.7921,7.3351,-2.4807,0.01311,0.05083
"JUP",-1.1411,13.79,-4.24,2.235e-05,0.0003398
"P3H4",-0.6647,9.7573,-2.2849,0.02232,0.07557
"FKBP10",-0.207,11.2915,-0.5597,0.5757,0.7221
"NT5C3B",0.0366,10.0966,0.1818,0.8557,0.9179
"KLHL11",0.3951,7.4012,1.1516,0.2495,0.4205
"ACLY",-0.2772,12.4143,-1.6704,0.09484,0.216
"TTC25",1.3349,7.5973,2.5265,0.01152,0.04583
"CNP",-0.1224,11.8081,-0.923,0.356,0.5305
"DNAJC7",-0.2361,11.2374,-1.9634,0.0496,0.1352
"NKIRAS2",-0.2948,10.7784,-2.071,0.03836,0.1128
"CTD-2132N18.2",0.3463,7.3541,1.0573,0.2904,0.4647
"ZNF385C",0.0841,7.4574,0.2481,0.8041,0.8855
"DHX58",0.1147,9.6343,0.4827,0.6293,0.7627
"KAT2A",-0.2391,10.5435,-1.1008,0.271,0.4442
"CTD-2132N18.3",0.1616,11.6011,1.2479,0.2121,0.3778
"RAB5C",0.1782,12.3656,1.4204,0.1555,0.3048
"GHDC",0.6315,10.0982,2.744,0.00607,0.02828
"STAT5B",0.1819,11.1361,1.2311,0.2183,0.3848
"STAT5A",-0.1474,10.3011,-0.6185,0.5363,0.6904
"STAT3",-0.0036,13.4552,-0.021,0.9832,0.9909
"PTRF",-0.5256,13.0542,-2.0324,0.04211,0.1204
"ATP6V0A1",0.2962,11.095,1.421,0.1553,0.3046
"NAGLU",0.1091,10.474,0.5179,0.6046,0.744
"HSD17B1",-0.1672,9.2918,-1.0009,0.3169,0.4925
"COASY",-0.0703,11.2523,-0.3968,0.6915,0.8072
"MLX",0.2979,11.2213,2.0052,0.04494,0.1264
"PSMC3IP",-0.0526,9.4864,-0.3463,0.7291,0.8343
"FAM134C",-0.1737,11.5377,-1.6504,0.09887,0.2225
"TUBG1",-0.4108,10.3791,-1.9858,0.04706,0.1305
"TUBG2",-0.3496,9.4101,-1.9242,0.05433,0.1444
"PLEKHH3",-0.348,9.8147,-1.6883,0.09136,0.2101
"CCR10",1.0468,6.7612,2.5459,0.0109,0.0441
"CNTNAP1",-0.4235,8.6471,-1.6184,0.1056,0.2334
"EZH1",0.0958,10.3124,0.5275,0.5979,0.7386
"RAMP2",0.1707,9.4801,0.6733,0.5008,0.6614
"VPS25",0.0801,10.5969,0.5628,0.5736,0.7203
"WNK4",-1.6841,6.8384,-2.6745,0.007484,0.03314
"COA3",0.4075,10.5931,2.0679,0.03865,0.1135
"CNTD1",0.1811,10.1027,1.3586,0.1743,0.3303
"BECN1",0.2014,11.4596,1.5497,0.1212,0.2571
"PSME3",-0.4118,11.8888,-2.3045,0.02119,0.07283
"AOC2",-0.3948,6.9551,-1.0084,0.3133,0.4883
"AOC3",0.7648,11.3176,2.246,0.0247,0.0815
"AARSD1",-0.0059,9.6129,-0.0373,0.9702,0.9837
"PTGES3L",0.3116,6.5849,0.7538,0.451,0.6186
"PTGES3L-AARSD1",0.0112,9.523,0.0712,0.9433,0.9686
"RUNDC1",0.2764,9.8485,1.9082,0.05636,0.1479
"RPL27",0.6093,13.4517,2.3457,0.01899,0.06705
"IFI35",0.5006,10.4317,1.776,0.07573,0.1829
"VAT1",0.3587,12.5918,1.7257,0.0844,0.1979
"RND2",0.1186,7.6007,0.2391,0.811,0.8899
"BRCA1",-0.4438,9.1005,-1.57,0.1164,0.2497
"NBR1",0.3467,12.3362,2.6027,0.00925,0.03885
"TMEM106A",0.5263,8.5387,2.0029,0.04519,0.1268
"LINC00854",0.6574,7.0991,2.9054,0.003668,0.01941
"ARL4D",-1.4016,9.1847,-3.0776,0.002087,0.01272
"DHX8",-0.2056,11.1372,-1.4475,0.1478,0.294
"ETV4",-0.3115,9.2307,-0.6082,0.5431,0.6953
"MEOX1",-1.988,7.0884,-4.0809,4.486e-05,0.0005993
"DUSP3",0.2176,11.5665,1.399,0.1618,0.3135
"MPP3",-0.2002,8.4127,-0.5428,0.5872,0.7312
"CD300LG",-1.5927,7.1831,-1.8609,0.06276,0.1596
"MPP2",-0.4172,7.6797,-0.8503,0.3952,0.5682
"NAGS",0.7304,7.9882,2.2672,0.02338,0.07806
"TMEM101",0.4847,10.2317,2.8587,0.004254,0.02156
"LSM12",-0.1639,9.4707,-0.9664,0.3338,0.5086
"G6PC3",0.1806,10.6782,0.8988,0.3688,0.5435
"HDAC5",0.0965,10.9551,0.5334,0.5937,0.7356
"C17orf53",-0.7137,7.8835,-2.3341,0.01959,0.06856
"ASB16",0.435,7.2426,1.4338,0.1516,0.2989
"TMUB2",0.0715,10.4789,0.6146,0.5388,0.6923
"ATXN7L3",-0.1406,11.2586,-0.9805,0.3268,0.5026
"UBTF",-0.2889,11.9264,-2.3975,0.01651,0.06033
"RUNDC3A",0.145,6.8758,0.27,0.7871,0.8738
"SLC25A39",-0.1549,12.0426,-0.8232,0.4104,0.5817
"GRN",-0.1843,14.3937,-1.0014,0.3166,0.4923
"FAM171A2",0.3279,7.4717,0.7689,0.442,0.6108
"ITGA2B",0.4092,7.0371,0.9352,0.3497,0.5245
"GPATCH8",-0.2493,11.0422,-1.6957,0.08995,0.2075
"FZD2",-0.6579,8.4236,-2.6305,0.008525,0.03652
"CCDC43",0.2066,9.8736,1.4703,0.1415,0.2848
"MEIOC",0.7446,8.0828,3.214,0.001309,0.008852
"DBF4B",-0.1589,8.4008,-0.5332,0.5939,0.7356
"ADAM11",-0.6942,6.4604,-1.3219,0.1862,0.3461
"GJC1",-0.4885,8.5553,-1.5165,0.1294,0.2686
"HIGD1B",0.7798,7.7605,2.4958,0.01257,0.04911
"EFTUD2",-0.425,11.8814,-3.2779,0.001046,0.007429
"CCDC103",0.5681,8.1726,1.4791,0.1391,0.2816
"FAM187A",0.73,8.0114,1.7407,0.08174,0.1932
"GFAP",0.4997,7.5739,1.1923,0.2331,0.4014
"KIF18B",-0.7346,8.5458,-1.8106,0.07021,0.1733
"C1QL1",-2.8718,6.5761,-4.6448,3.405e-06,7.218e-05
"DCAKD",-0.8926,10.0894,-4.655,3.24e-06,6.957e-05
"NMT1",-0.3113,11.966,-2.9038,0.003686,0.01948
"PLCD3",-0.1562,9.6505,-0.4072,0.6839,0.8019
"ACBD4",1.0038,8.6972,4.9624,6.961e-07,1.915e-05
"HEXIM1",0.3484,10.839,2.0627,0.03914,0.1144
"HEXIM2",0.1431,8.1005,0.7316,0.4644,0.6301
"FMNL1",-0.0611,10.6829,-0.212,0.8321,0.9035
"SPATA32",0.7923,6.4447,2.8844,0.003922,0.02035
"MAP3K14",-0.615,9.7257,-2.4167,0.01566,0.05793
"ARHGAP27",0.1534,10.784,0.6442,0.5194,0.6771
"PLEKHM1",0.0806,10.4693,0.4065,0.6844,0.8021
"LINC02210-CRHR1",-0.2477,7.3206,-0.8287,0.4073,0.5789
"MAPT",-0.7275,7.6029,-1.6175,0.1058,0.2336
"KANSL1",-0.0885,11.0555,-0.5909,0.5546,0.705
"LRRC37A",0.1035,8.7091,0.3929,0.6944,0.8098
"ARL17B",0.207,7.9567,0.9838,0.3252,0.501
"LRRC37A2",0.076,8.6021,0.2711,0.7863,0.8733
"ARL17A",0.0998,8.5334,0.3792,0.7046,0.8168
"NSF",0.3545,11.0309,2.0229,0.04308,0.1224
"WNT3",0.7264,7.9296,2.6811,0.007338,0.03268
"GOSR2",-0.0792,10.9674,-0.8424,0.3996,0.5723
"RP11-156P1.2",0.034,9.3226,0.3167,0.7515,0.85
"CDC27",-0.1376,11.0371,-1.1623,0.2451,0.4151
"MYL4",0.3426,6.2492,1.0847,0.2781,0.4518
"ITGB3",0.4733,8.1202,1.8306,0.06715,0.1676
"RP11-290H9.2",0.4929,7.7583,2.0358,0.04177,0.1197
"EFCAB13",0.4778,7.295,1.3127,0.1893,0.3501
"NPEPPS",0.2423,11.9048,1.8584,0.06312,0.1603
"KPNB1",-0.2359,12.993,-1.5278,0.1266,0.265
"TBKBP1",0.7006,8.8962,3.337,0.0008467,0.006353
"TBX21",-0.3854,7.1756,-0.8618,0.3888,0.5622
"OSBPL7",0.9263,9.0494,3.5807,0.0003426,0.003139
"MRPL10",0.2187,10.4746,1.488,0.1367,0.2783
"LRRC46",1.0984,7.8814,1.7669,0.07724,0.1854
"SCRN2",0.4903,9.6833,2.3773,0.01744,0.06295
"SP6",-0.7454,8.0566,-1.6214,0.1049,0.2324
"SP2",-0.2998,10.1324,-1.641,0.1008,0.226
"PNPO",0.157,9.7794,0.8661,0.3864,0.5599
"PRR15L",2.7538,9.7302,6.7809,1.195e-11,1.46e-09
"CDK5RAP3",0.1731,11.2858,1.0436,0.2967,0.4708
"COPZ2",-1.2861,8.8696,-4.8528,1.217e-06,3.046e-05
"NFE2L1",-0.9907,13.4659,-5.2252,1.739e-07,5.816e-06
"CBX1",-0.2541,11.1355,-1.2233,0.2212,0.3883
"SNX11",0.0626,9.9435,0.3174,0.751,0.8496
"SKAP1",0.6028,8.3327,1.5824,0.1135,0.245
"HOXB2",0.0989,8.1288,0.2652,0.7909,0.8763
"HOXB4",0.5171,7.7306,1.4765,0.1398,0.2825
"HOXB5",0.5091,7.8038,1.5539,0.1202,0.2554
"HOXB3",-0.0253,8.9535,-0.0768,0.9388,0.9659
"HOXB6",0.7449,7.9275,2.2441,0.02482,0.08179
"HOXB8",0.0854,6.6862,0.1232,0.9019,0.9463
"HOXB9",-0.8432,6.9684,-1.0925,0.2746,0.4481
"HOXB7",-0.2392,8.3325,-0.6384,0.5232,0.6803
"HOXB13",-2.0448,6.9445,-1.9357,0.0529,0.1417
"TTLL6",1.2124,6.6268,1.9484,0.05137,0.1387
"CALCOCO2",0.3365,11.8397,2.4079,0.01604,0.05907
"ATP5G1",0.226,10.5612,0.9653,0.3344,0.5089
"UBE2Z",-0.3553,12.0549,-2.9597,0.003079,0.01705
"SNF8",0.1757,10.8214,1.2457,0.2129,0.3789
"IGF2BP1",0.509,7.2137,0.5465,0.5848,0.7291
"B4GALNT2",1.8052,7.0848,1.9961,0.04593,0.1283
"GNGT2",-0.1398,7.4654,-0.409,0.6825,0.8011
"ABI3",-0.2408,9.0993,-0.8405,0.4006,0.5731
"PHOSPHO1",1.0952,6.7418,2.2918,0.02192,0.07453
"ZNF652",0.1978,10.4369,1.1472,0.2513,0.4223
"PHB",0.1262,11.728,0.6872,0.4919,0.6541
"NGFR",-4.1894,8.3133,-7.9882,1.369e-15,4.644e-13
"NXPH3",0.1182,7.776,0.3247,0.7454,0.8463
"SPOP",0.1199,11.0518,0.8562,0.3919,0.565
"SLC35B1",0.0965,10.7766,0.7877,0.4309,0.6011
"FAM117A",-0.7771,9.6945,-2.6361,0.008386,0.03606
"KAT7",-0.2064,10.7771,-1.3028,0.1926,0.3545
"DLX4",-0.7027,7.2978,-2.118,0.03417,0.1035
"DLX3",-0.879,7.2508,-1.8435,0.06525,0.1641
"ITGA3",0.1402,13.1918,0.3934,0.694,0.8096
"PDK2",0.0607,10.1733,0.3696,0.7117,0.8217
"SAMD14",0.0349,9.4006,0.2098,0.8338,0.9043
"PPP1R9B",-0.3572,11.3425,-2.122,0.03384,0.1029
"SGCA",1.0695,7.9242,2.5371,0.01118,0.0449
"COL1A1",-0.3796,15.1774,-0.8479,0.3965,0.5694
"TMEM92",1.3156,8.4138,3.1357,0.001714,0.01086
"XYLT2",-0.7156,10.545,-4.2086,2.57e-05,0.0003844
"MRPL27",0.2712,10.1194,1.5106,0.1309,0.2707
"EME1",-0.2662,9.0588,-1.6688,0.09516,0.2165
"LRRC59",-0.032,12.3414,-0.1779,0.8588,0.9198
"CHAD",1.2474,6.9425,3.7592,0.0001704,0.001786
"ACSF2",1.5416,10.3184,5.611,2.011e-08,9.017e-07
"RSAD1",0.2961,9.954,2.0422,0.04113,0.1184
"MYCBPAP",1.0804,6.9187,1.92,0.05485,0.1454
"EPN3",0.0549,8.8167,0.14,0.8887,0.9376
"SPATA20",0.2462,10.6383,1.023,0.3063,0.481
"CACNA1G",0.4138,6.4457,0.8772,0.3804,0.5547
"ABCC3",2.2716,10.8892,5.323,1.021e-07,3.671e-06
"ANKRD40",-0.0487,11.1657,-0.3507,0.7258,0.8319
"LUC7L3",0.0692,11.5145,0.3321,0.7398,0.8423
"WFIKKN2",0.8068,6.1931,1.3168,0.1879,0.3485
"TOB1",0.9607,11.1577,3.0426,0.002345,0.01391
"SPAG9",0.0992,11.8762,0.5688,0.5695,0.717
"NME1",0.2112,10.9914,0.8798,0.379,0.5535
"NME1-NME2",-0.0212,13.1896,-0.0897,0.9285,0.9606
"NME2",-0.0684,13.0688,-0.2819,0.778,0.8679
"MBTD1",-0.1498,9.6756,-0.6734,0.5007,0.6614
"UTP18",-0.2427,10.183,-1.5863,0.1127,0.2436
"TOM1L1",0.6993,10.5433,3.8159,0.0001357,0.001493
"COX11",0.6074,10.6459,3.2677,0.001084,0.00763
"STXBP4",0.359,8.9343,1.7802,0.07505,0.1817
"HLF",0.1227,9.3367,0.2276,0.82,0.8954
"MMD",-0.154,9.6704,-0.6777,0.498,0.6592
"TMEM100",2.769,8.9054,5.4404,5.315e-08,2.05e-06
"PCTP",1.0628,9.6319,3.8634,0.0001118,0.001276
"ANKFN1",3.5176,6.8181,6.097,1.081e-09,7.243e-08
"NOG",0.3466,6.6567,0.7736,0.4392,0.6084
"C17orf67",0.0891,6.9476,0.452,0.6512,0.7796
"DGKE",-0.1045,8.6898,-0.4349,0.6636,0.7879
"TRIM25",-0.0601,10.9522,-0.2832,0.777,0.8672
"COIL",0.0266,9.7292,0.188,0.8509,0.9154
"SCPEP1",-1.2961,12.2613,-4.225,2.389e-05,0.0003598
"AKAP1",0.5038,11.2968,2.4652,0.01369,0.05247
"MSI2",-0.0492,11.1844,-0.1909,0.8486,0.9137
"MRPS23",0.7053,10.6027,3.2877,0.00101,0.007233
"CUEDC1",0.3392,10.6201,1.6476,0.09943,0.2235
"VEZF1",0.2959,11.1371,1.6397,0.1011,0.2265
"RP11-159D12.5",-0.1381,9.8842,-1.1493,0.2504,0.4215
"SRSF1",-0.1452,12.5587,-1.3813,0.1672,0.321
"DYNLL2",-0.0563,12.091,-0.2582,0.7962,0.8791
"MKS1",0.0388,9.1012,0.2044,0.838,0.9072
"LPO",-0.118,6.6966,-0.4042,0.686,0.8031
"MPO",0.6155,6.4226,1.3829,0.1667,0.3203
"TSPOAP1",0.407,8.9596,1.1518,0.2494,0.4204
"SUPT4H1",0.3005,10.9936,1.4462,0.1481,0.2942
"RNF43",-0.3754,10.2596,-1.2969,0.1947,0.357
"MTMR4",-0.143,10.69,-0.7818,0.4343,0.6042
"SEPT4",0.4022,8.9216,1.5306,0.1259,0.264
"TEX14",0.0895,6.7424,0.2678,0.7888,0.875
"RAD51C",-0.0582,8.9916,-0.2814,0.7784,0.8681
"PPM1E",0.2125,6.9629,0.4709,0.6377,0.7689
"TRIM37",-0.096,10.1645,-0.4667,0.6407,0.7713
"SKA2",-0.1571,10.0777,-0.7576,0.4487,0.6169
"PRR11",-0.5391,8.8676,-1.6844,0.0921,0.2115
"CTD-2510F5.6",0.0386,7.7967,0.2437,0.8075,0.8878
"SMG8",0.2864,9.6443,2.2201,0.02641,0.0855
"GDPD1",1.6982,7.7541,5.1615,2.45e-07,7.815e-06
"YPEL2",0.9708,9.9352,5.9394,2.861e-09,1.662e-07
"DHX40",0.2816,10.9764,1.2807,0.2003,0.3635
"CLTC",0.419,14.0358,3.4623,0.0005355,0.004448
"PTRH2",0.2939,10.1638,2.3454,0.01901,0.06709
"VMP1",0.5375,12.3918,2.4646,0.01372,0.05253
"TUBD1",-0.2865,8.6725,-1.3702,0.1706,0.3254
"RPS6KB1",-0.0193,10.3496,-0.129,0.8973,0.9432
"RNFT1",0.9373,9.29,3.6628,0.0002494,0.00242
"RP11-178C3.1",0.1001,7.2164,0.5941,0.5524,0.7033
"HEATR6",-0.0926,9.5729,-0.5188,0.6039,0.7434
"CA4",1.5914,7.8177,2.9583,0.003093,0.01712
"USP32",0.3604,10.5936,1.91,0.05613,0.1476
"APPBP2",0.2235,10.6791,1.2182,0.2232,0.3903
"PPM1D",0.3649,9.5053,1.5815,0.1138,0.2453
"BCAS3",-0.7278,10.1867,-3.2094,0.00133,0.008969
"TBX2",0.2123,10.137,0.7647,0.4445,0.6128
"TBX4",0.559,8.8647,1.2178,0.2233,0.3904
"NACA2",0.0658,9.3965,0.3109,0.7558,0.8529
"BRIP1",-0.4726,8.1201,-1.3966,0.1625,0.3145
"INTS2",-0.081,9.393,-0.4481,0.654,0.7814
"MED13",0.2096,11.607,0.9941,0.3202,0.4958
"RP11-51L5.7",0.623,6.2544,1.7633,0.07784,0.1865
"METTL2A",0.3097,9.5604,2.0017,0.04531,0.1271
"TLK2",-0.1382,9.927,-1.0516,0.293,0.4671
"MRC2",-0.4943,12.0959,-1.9339,0.05312,0.142
"MARCH10",1.7199,6.9132,2.722,0.00649,0.02971
"TANC2",0.6858,11.1921,2.5299,0.01141,0.04553
"CYB561",0.1656,11.8165,0.8028,0.4221,0.5928
"ACE",0.2506,11.1521,0.8415,0.4001,0.5728
"CTD-2501B8.1",0.2904,10.1206,0.9755,0.3293,0.5048
"KCNH6",1.6849,6.4134,2.2204,0.02639,0.08545
"DCAF7",-0.1705,12.2537,-0.9832,0.3255,0.5014
"TACO1",0.1135,9.4343,0.6192,0.5358,0.69
"MAP3K3",0.0971,10.5069,0.5481,0.5836,0.7281
"LIMD2",-0.2299,9.9317,-1.019,0.3082,0.4829
"STRADA",-0.1137,10.0682,-0.9628,0.3357,0.5104
"RP11-51F16.8",-0.0039,10.3786,-0.0398,0.9683,0.9825
"CCDC47",0.1488,12.2458,1.0746,0.2825,0.4565
"DDX42",0.0859,12.0415,0.579,0.5626,0.7117
"FTSJ3",-0.066,11.2021,-0.5579,0.5769,0.7231
"PSMC5",-0.2044,11.904,-1.5298,0.1261,0.2643
"SMARCD2",-0.4058,11.8228,-2.4073,0.01607,0.05914
"CD79B",-0.0897,7.8935,-0.182,0.8556,0.9179
"PRR29",0.5555,9.626,1.8832,0.05967,0.1544
"ICAM2",0.1496,9.8602,0.5068,0.6123,0.7497
"ERN1",0.491,10.6011,2.6146,0.008932,0.03776
"TEX2",-0.3033,10.8768,-1.7315,0.08335,0.196
"PECAM1",0.1782,12.9366,0.7326,0.4638,0.6294
"MILR1",0.7406,7.827,2.1742,0.02969,0.0933
"POLG2",0.1683,8.336,0.8313,0.4058,0.5772
"DDX5",0.1995,14.2564,1.5586,0.1191,0.2537
"CEP95",-0.1106,9.8005,-0.66,0.5093,0.6688
"SMURF2",0.3307,10.6171,1.4642,0.1431,0.2874
"LRRC37A3",0.1676,8.1361,0.6105,0.5415,0.6943
"GNA13",-0.3252,11.517,-1.912,0.05588,0.1471
"RGS9",-0.7409,8.3114,-2.0979,0.03592,0.1074
"AXIN2",0.6983,9.5569,2.4346,0.01491,0.05599
"CTD-2535L24.2",0.7929,8.2614,2.6652,0.007695,0.03378
"CEP112",1.129,8.8575,3.587,0.0003345,0.003076
"APOH",6.3533,7.1167,7.9576,1.754e-15,5.518e-13
"PRKCA",1.6611,9.928,4.6203,3.832e-06,8.02e-05
"CACNG4",0.5528,8.644,1.0039,0.3154,0.4908
"HELZ",-0.0399,10.9082,-0.2262,0.8211,0.8961
"PSMD12",-0.1906,10.9927,-1.3053,0.1918,0.3534
"PITPNC1",0.5358,9.9141,1.6703,0.09486,0.216
"NOL11",-0.1617,10.4341,-1.1156,0.2646,0.4365
"BPTF",0.0043,11.4019,0.0217,0.9826,0.9907
"C17orf58",0.5507,8.6312,2.4699,0.01351,0.05197
"KPNA2",-0.515,11.2933,-2.0612,0.03928,0.1146
"AMZ2",-0.0219,10.854,-0.1479,0.8824,0.9344
"SLC16A6",0.3991,7.8307,1.0816,0.2794,0.4531
"ARSG",-0.3734,9.2274,-2.0261,0.04275,0.1217
"WIPI1",-0.5572,10.1469,-2.4661,0.01366,0.05237
"PRKAR1A",0.5662,13.3634,4.23,2.337e-05,0.0003525
"FAM20A",0.3988,9.9114,1.1616,0.2454,0.4153
"ABCA8",1.4336,8.8906,3.167,0.00154,0.01003
"ABCA9",0.435,7.8457,1.1421,0.2534,0.4244
"ABCA6",0.8594,8.2246,2.2394,0.02513,0.08253
"ABCA10",0.5534,7.1182,1.3248,0.1852,0.3449
"ABCA5",-0.2866,9.4488,-1.02,0.3077,0.4824
"MAP2K6",0.0205,8.2389,0.0534,0.9574,0.9765
"KCNJ16",0.0737,7.0375,0.0959,0.9236,0.958
"KCNJ2",-1.2758,8.744,-2.8721,0.004077,0.02092
"SOX9",-0.4092,9.5314,-0.888,0.3746,0.5494
"SLC39A11",-0.1862,10.6459,-0.8584,0.3907,0.564
"SSTR2",-3.5703,7.3279,-6.825,8.79e-12,1.141e-09
"COG1",0.1139,10.8315,0.8356,0.4034,0.5753
"FAM104A",-0.1079,10.4493,-0.782,0.4342,0.6041
"C17orf80",-0.0521,9.7579,-0.2993,0.7647,0.8591
"CPSF4L",-0.2592,6.8728,-1.4208,0.1554,0.3046
"CDC42EP4",-1.6251,11.4887,-5.2254,1.738e-07,5.816e-06
"SDK2",-2.5323,8.8427,-5.3772,7.565e-08,2.813e-06
"RPL38",0.3388,13.0039,1.5281,0.1265,0.265
"TTYH2",-0.6154,8.602,-2.1849,0.0289,0.09148
"DNAI2",2.0908,6.9238,2.697,0.006997,0.03151
"KIF19",1.3186,7.2979,2.0141,0.044,0.1245
"GPRC5C",1.1524,10.8213,4.0466,5.196e-05,0.0006783
"CD300A",0.4262,9.0778,1.3131,0.1892,0.3499
"CD300LB",0.1991,6.897,0.5755,0.565,0.7135
"CD300C",0.3327,7.8539,0.9915,0.3214,0.4972
"CD300E",-0.7025,7.9588,-1.9088,0.05629,0.1478
"CD300LF",0.3456,8.5434,0.8647,0.3872,0.5605
"RAB37",1.1921,8.1662,3.2224,0.001271,0.008667
"SLC9A3R1",-1.9521,11.2712,-6.6436,3.061e-11,3.369e-09
"NAT9",0.1909,9.9032,1.1638,0.2445,0.4145
"TMEM104",-0.2795,10.0625,-1.7458,0.08085,0.1916
"GRIN2C",0.349,6.6918,0.7774,0.4369,0.6064
"FDXR",-0.4372,9.3955,-1.5472,0.1218,0.2579
"FADS6",-0.8036,6.3348,-0.8938,0.3714,0.5461
"USH1G",-2.8003,6.5493,-4.28,1.869e-05,0.0002939
"HID1",1.4813,10.5427,4.8772,1.076e-06,2.76e-05
"CDR2L",0.5778,9.9291,2.0101,0.04442,0.1253
"MRPL58",0.296,9.4084,1.4945,0.135,0.2761
"ATP5H",0.2546,11.5135,1.4032,0.1605,0.312
"KCTD2",0.2116,10.7434,1.4969,0.1344,0.2753
"SLC16A5",0.8511,9.6547,3.1688,0.001531,0.009977
"ARMC7",0.1555,9.5669,0.8094,0.4183,0.5893
"NT5C",-0.0835,9.5743,-0.4098,0.682,0.8006
"HN1",0.0097,11.7074,0.0449,0.9642,0.9808
"SUMO2",-0.0659,12.259,-0.4243,0.6714,0.7933
"NUP85",-0.132,10.3739,-0.7482,0.4543,0.6216
"GGA3",0.0666,10.6336,0.3824,0.7021,0.8152
"MRPS7",0.1713,10.9762,0.9644,0.3349,0.5094
"MIF4GD",0.2796,9.9772,1.5109,0.1308,0.2706
"SLC25A19",0.3257,9.1113,1.4794,0.139,0.2815
"GRB2",-0.1698,12.5998,-1.5294,0.1262,0.2644
"TMEM94",-0.3017,11.4548,-1.358,0.1745,0.3305
"CASKIN2",-0.1121,10.5774,-0.453,0.6506,0.7791
"TSEN54",0.233,9.9115,1.18,0.238,0.4073
"LLGL2",1.1844,11.5643,4.6028,4.169e-06,8.639e-05
"MYO15B",0.5865,9.7797,1.6831,0.09235,0.2121
"SMIM5",0.8284,7.6355,1.9908,0.04651,0.1294
"SMIM6",3.0553,7.1231,5.4478,5.1e-08,1.985e-06
"RECQL5",0.0278,9.9806,0.1339,0.8935,0.9408
"SAP30BP",-0.1693,10.8652,-1.2586,0.2082,0.3733
"ITGB4",-0.9464,12.653,-2.7887,0.005292,0.02543
"GALK1",0.5898,9.3934,2.9111,0.003601,0.01916
"H3F3B",-0.1984,14.2892,-1.1215,0.2621,0.4341
"UNK",-0.0119,10.2512,-0.0682,0.9457,0.9698
"UNC13D",0.7658,10.8054,2.1313,0.03306,0.1011
"WBP2",-0.0752,12.2569,-0.4564,0.6481,0.7773
"TRIM47",-0.5741,10.1661,-1.9456,0.05171,0.1394
"TRIM65",-0.345,9.9317,-1.8794,0.06018,0.155
"MRPL38",0.0837,10.6765,0.5119,0.6087,0.7471
"RP11-552F3.12",-0.0677,10.8347,-0.4165,0.677,0.7972
"FBF1",-0.7339,9.099,-2.7344,0.006249,0.02886
"ACOX1",0.2714,11.5137,1.7732,0.0762,0.1838
"TEN1",0.2738,9.4331,1.2682,0.2047,0.3693
"CDK3",-0.5611,8.1961,-2.0301,0.04235,0.1209
"TEN1-CDK3",0.0408,9.8524,0.204,0.8384,0.9074
"EVPL",0.0464,11.5576,0.1396,0.889,0.9379
"SRP68",-0.0357,11.8603,-0.2734,0.7846,0.8725
"ZACN",-0.1219,11.1645,-0.9031,0.3665,0.541
"EXOC7",-0.0374,12.1206,-0.303,0.7619,0.8576
"FOXJ1",2.813,8.9791,4.262,2.026e-05,0.0003144
"RNF157",1.4309,7.6488,3.3677,0.0007581,0.005828
"UBALD2",-0.1975,10.7033,-0.8779,0.38,0.5543
"QRICH2",-1.2767,7.4415,-3.3219,0.0008942,0.006625
"PRPSAP1",-0.2421,10.4562,-1.3036,0.1924,0.3541
"SPHK1",-1.0799,9.1634,-3.1917,0.001414,0.009432
"UBE2O",-0.3812,10.5304,-1.8586,0.06308,0.1603
"RHBDF2",-1.1464,10.4807,-4.9339,8.062e-07,2.17e-05
"CYGB",-0.2985,9.5421,-1.1933,0.2328,0.4012
"PRCD",-0.4029,7.8494,-1.5778,0.1146,0.2465
"RP11-666A8.13",-0.8262,11.4848,-4.6533,3.267e-06,6.996e-05
"ST6GALNAC2",-2.412,10.1249,-7.3783,1.603e-13,3.46e-11
"ST6GALNAC1",1.4663,9.6599,2.455,0.01409,0.05359
"MXRA7",-0.9026,11.8204,-3.7202,0.0001991,0.002028
"JMJD6",0.0356,9.8947,0.2153,0.8296,0.9017
"METTL23",0.1979,9.6384,1.3647,0.1723,0.3279
"SRSF2",-0.2736,12.423,-2.4327,0.01499,0.05622
"RP11-318A15.7",0.1499,8.4644,1.0427,0.2971,0.4713
"MFSD11",-0.2593,11.3677,-2.3382,0.01938,0.06803
"MGAT5B",0.0941,7.0061,0.1515,0.8796,0.9327
"SEC14L1",-0.2662,12.0787,-1.0576,0.2903,0.4646
"SEPT9",-0.1335,13.3584,-0.8164,0.4142,0.5854
"TNRC6C",0.0078,9.6627,0.0348,0.9723,0.985
"TMC6",0.2036,11.6448,0.9554,0.3394,0.514
"TMC8",-0.8714,9.668,-2.5803,0.00987,0.04085
"C17orf99",-3.7986,6.1347,-6.1127,9.796e-10,6.637e-08
"SYNGR2",-0.3396,13.2173,-1.2874,0.198,0.3605
"TK1",-0.6332,10.2902,-2.1083,0.03501,0.1053
"AFMID",0.2835,9.9184,1.2945,0.1955,0.3576
"BIRC5",-0.3914,9.6752,-1.0502,0.2936,0.4676
"SOCS3",0.1641,12.3095,0.4291,0.6679,0.7909
"PGS1",-0.3426,10.3131,-2.0085,0.04458,0.1256
"DNAH17",-2.1784,8.7107,-4.5698,4.881e-06,9.857e-05
"CYTH1",-0.3795,11.5584,-1.879,0.06025,0.1551
"USP36",-0.3122,10.8315,-1.9886,0.04674,0.1299
"CEP295NL",0.3463,9.2485,1.2594,0.2079,0.373
"TIMP2",0.1077,13.3455,0.3871,0.6987,0.8131
"LGALS3BP",0.0962,14.7499,0.4042,0.686,0.8031
"CANT1",0.4089,11.5018,2.1159,0.03436,0.104
"C1QTNF1",-1.9844,10.0037,-4.8484,1.245e-06,3.092e-05
"ENGASE",0.0707,9.6693,0.2633,0.7923,0.8772
"CBX2",-0.752,9.1164,-1.8052,0.07105,0.1746
"CBX8",0.2282,8.47,1.1925,0.2331,0.4014
"CBX4",0.2867,10.1557,1.3696,0.1708,0.3256
"TBC1D16",0.3665,10.7215,1.5392,0.1238,0.2608
"CCDC40",1.3815,8.0917,3.1281,0.001759,0.01109
"GAA",-0.1859,12.3697,-0.7332,0.4634,0.6292
"EIF4A3",-0.0768,11.5314,-0.4149,0.6782,0.798
"CARD14",0.9383,8.1556,2.0363,0.04172,0.1196
"SGSH",0.1389,10.4247,0.904,0.366,0.5406
"SLC26A11",0.2311,9.4325,1.1385,0.2549,0.4258
"RNF213",0.195,13.1435,0.8542,0.393,0.5659
"ENDOV",0.4225,9.1018,2.1947,0.02818,0.08988
"NPTX1",3.4109,7.8421,5.5488,2.877e-08,1.239e-06
"RPTOR",-0.0035,10.6119,-0.0181,0.9856,0.9921
"CHMP6",0.2385,9.7922,1.4487,0.1474,0.2934
"BAIAP2",-0.286,11.1681,-1.0849,0.278,0.4517
"AATK",0.735,8.8702,1.4922,0.1356,0.2768
"CEP131",0.0238,9.222,0.0843,0.9328,0.9633
"TEPSIN",-0.3749,9.3452,-1.7908,0.07333,0.1785
"NDUFAF8",-0.1578,8.9431,-0.8179,0.4134,0.5846
"SLC38A10",0.119,12.2642,0.621,0.5346,0.6895
"TMEM105",1.1318,6.8779,2.9125,0.003585,0.01911
"BAHCC1",0.3356,9.9153,1.2817,0.2,0.3632
"ACTG1",-0.3273,16.559,-1.8355,0.06643,0.1662
"FSCN2",1.1708,6.698,4.0786,4.531e-05,0.0006029
"FAAP100",-0.0235,10.2983,-0.1259,0.8999,0.9449
"NPLOC4",-0.1889,12.1706,-1.2979,0.1943,0.3568
"TSPAN10",-0.1007,7.2425,-0.3136,0.7539,0.8519
"PDE6G",0.114,6.8237,0.2987,0.7652,0.8596
"OXLD1",0.3477,9.2194,1.5087,0.1314,0.2713
"CCDC137",-0.5949,9.8323,-2.8483,0.004395,0.02207
"ARL16",-0.2798,9.5652,-1.5505,0.121,0.2568
"HGS",-0.2612,11.6978,-1.6063,0.1082,0.2372
"MRPL12",-0.1663,10.542,-0.6906,0.4898,0.6525
"RP13-1032I1.10",-0.1704,10.774,-0.7485,0.4542,0.6215
"SLC25A10",-0.2058,9.7134,-0.7962,0.4259,0.5965
"MCRIP1",0.243,10.8583,1.2416,0.2144,0.3803
"P4HB",-0.5064,15.043,-2.6233,0.008709,0.03708
"ARHGDIA",-0.4296,13.1798,-2.5291,0.01144,0.04561
"ALYREF",-0.5173,10.7519,-3.0691,0.002147,0.013
"ANAPC11",0.4312,10.9987,1.934,0.05311,0.142
"NPB",-1.4731,7.3089,-3.9244,8.693e-05,0.001036
"PCYT2",-0.2058,10.4213,-1.195,0.2321,0.4004
"SIRT7",-0.1477,9.8385,-0.7762,0.4377,0.6071
"MAFG",-0.286,10.6374,-0.9847,0.3247,0.5007
"PYCR1",0.0863,10.6803,0.2954,0.7677,0.8613
"NOTUM",-0.48,7.8966,-1.091,0.2753,0.4488
"ASPSCR1",0.1264,10.1335,0.6231,0.5332,0.6882
"CENPX",0.4904,9.9912,1.8366,0.06627,0.1659
"LRRC45",-0.2418,9.4566,-0.9904,0.322,0.4978
"RAC3",-0.0635,8.3026,-0.1735,0.8623,0.9221
"DCXR",0.0355,10.4663,0.1577,0.8747,0.9294
"RFNG",0.0344,10.2042,0.2152,0.8296,0.9017
"GPS1",-0.018,11.6466,-0.1273,0.8987,0.9443
"DUS1L",-0.1166,11.1905,-0.6819,0.4953,0.6572
"FASN",-0.4682,13.2776,-1.6127,0.1068,0.2352
"CCDC57",0.4451,9.9597,2.2454,0.02474,0.08158
"SLC16A3",0.2922,11.7573,0.8083,0.4189,0.5899
"CSNK1D",-0.004,12.5312,-0.0293,0.9766,0.9874
"CD7",-0.0594,8.5283,-0.1427,0.8865,0.9367
"SECTM1",0.6516,10.1612,1.7954,0.07259,0.1772
"OGFOD3",-0.0682,10.4014,-0.4247,0.671,0.793
"HEXDC",0.1098,9.381,0.4969,0.6193,0.755
"C17orf62",0.1546,11.3794,0.9698,0.3322,0.5072
"NARF",0.3852,10.7501,1.9071,0.0565,0.1481
"FOXK2",-0.6358,11.4025,-3.3916,0.000695,0.005433
"WDR45B",-0.2642,11.9106,-1.2705,0.2039,0.3681
"RAB40B",-0.1119,9.3145,-0.385,0.7002,0.814
"FN3KRP",-0.1297,10.4786,-0.7116,0.4767,0.6403
"FN3K",0.912,9.2916,3.2205,0.001279,0.008707
"ZNF750",-1.2703,8.9043,-2.6716,0.007549,0.03336
"TBCD",0.0268,11.4551,0.1447,0.885,0.9359
"B3GNTL1",0.1997,8.8758,1.21,0.2263,0.394
"METRNL",-0.5036,10.1259,-1.5577,0.1193,0.2541
"USP14",0.0043,11.278,0.0258,0.9794,0.989
"THOC1",-0.2068,9.483,-1.1859,0.2357,0.4047
"COLEC12",1.0312,10.3312,2.6528,0.007982,0.03473
"CLUL1",1.7197,7.1943,3.2004,0.001372,0.009207
"TYMS",-0.3244,9.8287,-1.2012,0.2297,0.3982
"ENOSF1",0.0987,10.6552,0.517,0.6052,0.7443
"YES1",-0.1462,11.1779,-0.8916,0.3726,0.5472
"ADCYAP1",0.2034,6.8101,0.3013,0.7632,0.8584
"METTL4",0.7356,8.8143,2.907,0.003649,0.01934
"NDC80",0.0757,8.3607,0.1916,0.848,0.9136
"SMCHD1",0.2734,10.9088,1.2666,0.2053,0.3699
"EMILIN2",-0.0467,10.196,-0.1924,0.8474,0.9132
"LPIN2",1.6424,11.2022,5.4648,4.634e-08,1.842e-06
"MYOM1",1.2847,7.2295,4.0315,5.542e-05,0.0007151
"MYL12A",0.7305,13.3348,3.936,8.284e-05,0.0009963
"MYL12B",0.2512,13.5201,1.725,0.08453,0.1981
"TGIF1",0.3917,11.3034,1.5222,0.128,0.2665
"DLGAP1",-0.176,7.4957,-0.266,0.7902,0.8759
"ZBTB14",0.213,9.3053,1.5708,0.1162,0.2494
"EPB41L3",0.4962,9.9696,1.7429,0.08136,0.1925
"TMEM200C",-1.5634,6.9616,-3.5566,0.0003756,0.003366
"L3MBTL4",0.0782,8.4891,0.1852,0.8531,0.9166
"ARHGAP28",-0.5588,8.6683,-1.5219,0.128,0.2666
"LAMA1",-3.3707,8.217,-6.5461,5.906e-11,5.985e-09
"PTPRM",1.0023,11.013,3.3364,0.0008487,0.006363
"RAB12",-0.2567,10.542,-1.2436,0.2136,0.3796
"MTCL1",-1.1777,8.539,-2.4143,0.01576,0.05822
"NDUFV2",0.5929,10.5441,2.9432,0.003249,0.01778
"ANKRD12",0.1658,10.5416,0.8403,0.4007,0.5731
"TWSG1",-0.5491,10.8732,-2.4238,0.01536,0.05719
"RALBP1",-0.3263,11.5666,-2.0791,0.03761,0.1111
"PPP4R1",0.1508,11.9514,0.818,0.4134,0.5845
"RAB31",0.3512,12.0977,1.5327,0.1254,0.2633
"VAPA",0.5063,12.3582,3.1894,0.001426,0.009476
"APCDD1",0.0805,9.6687,0.24,0.8104,0.8898
"NAPG",0.4032,10.0913,2.0303,0.04233,0.1209
"PIEZO2",0.3805,8.9174,1.1199,0.2627,0.4348
"CHMP1B",0.7335,11.7174,2.8916,0.003833,0.02003
"GNAL",-0.223,9.6509,-0.8266,0.4084,0.5799
"MPPE1",0.3817,10.1571,1.9515,0.051,0.138
"IMPA2",0.5276,10.7043,1.467,0.1424,0.2862
"TUBB6",-0.6221,11.6888,-3.9753,7.029e-05,0.0008718
"AFG3L2",-0.1874,11.2982,-1.1177,0.2637,0.4356
"PRELID3A",0.0675,7.118,0.2024,0.8396,0.9079
"SPIRE1",0.4762,10.486,1.7882,0.07374,0.1793
"CEP76",-0.0387,8.3298,-0.1536,0.8779,0.9316
"PSMG2",0.1578,10.5131,1.0093,0.3128,0.4878
"PTPN2",-0.1219,10.2756,-0.7694,0.4417,0.6106
"SEH1L",0.0266,10.4071,0.1108,0.9118,0.9517
"CEP192",0.1007,9.902,0.373,0.7091,0.8198
"LDLRAD4",0.7395,9.287,1.9236,0.0544,0.1445
"FAM210A",-0.0517,9.1296,-0.2866,0.7744,0.8658
"RNMT",-0.158,10.4918,-0.919,0.3581,0.5327
"ZNF519",-0.316,7.7565,-1.1179,0.2636,0.4356
"ROCK1",0.2914,11.4069,1.6644,0.09602,0.218
"GREB1L",1.4573,6.8983,2.5439,0.01096,0.04425
"ESCO1",0.0432,9.792,0.2555,0.7983,0.8807
"SNRPD1",0.0106,10.3091,0.0597,0.9524,0.9731
"ABHD3",0.2233,9.9905,0.8963,0.3701,0.545
"MIB1",0.0706,11.2078,0.3645,0.7155,0.8244
"GATA6",0.5643,9.2556,1.4469,0.1479,0.294
"CTAGE1",0.4724,6.873,1.5968,0.1103,0.2404
"RBBP8",-0.5057,10.6332,-1.9871,0.04691,0.1303
"CABLES1",1.3716,9.7927,4.4088,1.039e-05,0.0001848
"TMEM241",0.84,9.0177,4.5774,4.708e-06,9.601e-05
"RIOK3",0.1525,11.4826,1.0486,0.2944,0.4682
"C18orf8",-0.0745,10.0441,-0.4995,0.6174,0.7535
"NPC1",-0.3312,11.5192,-1.7489,0.0803,0.1909
"ANKRD29",-1.7319,9.4039,-3.6913,0.0002231,0.002218
"LAMA3",-1.1071,11.8036,-2.2586,0.02391,0.07939
"TTC39C",0.9087,9.5827,3.2083,0.001335,0.008998
"CABYR",1.0041,8.032,1.7944,0.07276,0.1775
"OSBPL1A",0.2917,10.4479,1.2406,0.2147,0.3805
"IMPACT",0.1341,10.5573,0.7042,0.4813,0.6448
"ZNF521",-0.4127,8.6724,-1.2425,0.2141,0.3801
"SS18",0.211,11.3858,1.3148,0.1886,0.3493
"TAF4B",-0.5118,8.4172,-1.5799,0.1141,0.2458
"KCTD1",-0.7359,9.2708,-2.0254,0.04283,0.1219
"AQP4",2.3178,10.9568,3.5465,0.0003904,0.003472
"CHST9",-0.417,7.8846,-0.4434,0.6574,0.7838
"CDH2",-1.0126,7.7448,-2.013,0.04412,0.1247
"DSC3",-6.5658,8.9793,-8.7031,3.23e-18,1.851e-15
"DSC2",-1.998,11.1139,-6.9865,2.819e-12,4.183e-10
"DSG1",-5.7548,6.5242,-6.5188,7.088e-11,7.012e-09
"DSG3",-6.9086,8.541,-9.2704,1.854e-20,1.504e-17
"DSG2",-0.4301,12.4923,-1.7323,0.08322,0.1959
"B4GALT6",-0.3055,8.0707,-0.8274,0.408,0.5795
"TRAPPC8",0.2996,10.6801,1.8762,0.06062,0.1558
"RNF125",0.5743,8.3933,1.9523,0.0509,0.1378
"RNF138",0.1014,9.8298,0.4229,0.6723,0.7941
"GAREM1",0.4916,9.7495,1.9172,0.05521,0.1459
"KLHL14",0.5612,6.5265,1.1279,0.2594,0.4309
"ASXL3",-0.1437,6.8709,-0.4013,0.6882,0.8047
"DTNA",-0.1466,8.5509,-0.3308,0.7408,0.843
"MAPRE2",0.9198,10.7196,3.6921,0.0002224,0.002215
"ZNF397",0.2363,9.8133,0.9955,0.3195,0.4954
"ZSCAN30",0.0845,9.1913,0.3825,0.7021,0.8152
"ZNF24",0.332,11.3818,1.7672,0.07719,0.1853
"ZNF396",1.0485,7.6184,3.8726,0.0001077,0.001235
"RP11-322E11.6",0.189,7.4918,0.9131,0.3612,0.536
"INO80C",-0.0624,9.131,-0.3115,0.7554,0.8528
"GALNT1",-0.3858,11.7872,-2.2759,0.02285,0.07687
"C18orf21",0.1833,8.8336,0.85,0.3953,0.5683
"RPRD1A",0.136,10.9796,0.6555,0.5121,0.671
"SLC39A6",-0.091,11.3563,-0.4426,0.6581,0.784
"ELP2",0.1549,11.0401,0.929,0.3529,0.5276
"MOCOS",0.3089,8.9031,0.8253,0.4092,0.5808
"FHOD3",-2.0949,8.4428,-4.987,6.133e-07,1.718e-05
"TPGS2",-0.441,11.3153,-2.2815,0.02252,0.07607
"KIAA1328",0.2778,8.4132,1.3588,0.1742,0.3303
"CELF4",0.4051,6.9116,0.8253,0.4092,0.5808
"PIK3C3",-0.0159,10.1657,-0.1054,0.916,0.9539
"SETBP1",-0.5587,9.3382,-1.6277,0.1036,0.2306
"SLC14A2",0.515,6.2469,0.8351,0.4037,0.5755
"SLC14A1",-1.5446,7.5459,-2.526,0.01154,0.0459
"SIGLEC15",-0.5079,6.5141,-1.3289,0.1839,0.3431
"EPG5",0.0672,10.3309,0.3218,0.7476,0.8474
"PSTPIP2",-0.9229,8.9069,-2.875,0.00404,0.02079
"ATP5A1",0.0468,13.3991,0.3049,0.7604,0.8566
"HAUS1",0.0799,9.0129,0.3372,0.736,0.8391
"C18orf25",-0.2041,10.1204,-1.3875,0.1653,0.3184
"RNF165",-3.2108,7.6752,-6.4016,1.538e-10,1.389e-08
"LOXHD1",1.4497,6.6109,2.813,0.004908,0.02397
"PIAS2",-0.0531,9.6612,-0.2469,0.805,0.886
"KATNAL2",0.2857,7.4162,0.7439,0.4569,0.6239
"HDHD2",0.0457,9.915,0.2792,0.7801,0.8693
"RP11-49K24.6",0.196,10.2856,1.4494,0.1472,0.293
"IER3IP1",0.2978,10.8168,1.8274,0.06763,0.1685
"SMAD2",0.0736,11.6952,0.4022,0.6875,0.8041
"ZBTB7C",-1.4773,9.1979,-2.6985,0.006966,0.03141
"CTIF",0.0164,10.199,0.0807,0.9357,0.9643
"SMAD7",-0.2013,10.1531,-0.7469,0.4551,0.6223
"DYM",-0.1719,10.4056,-1.3386,0.1807,0.3391
"C18orf32",0.9087,10.7723,4.6849,2.802e-06,6.151e-05
"RPL17-C18orf32",0.4045,12.2923,2.0365,0.0417,0.1196
"RPL17",0.1715,11.9037,0.8084,0.4189,0.5899
"LIPG",-1.5777,8.5387,-4.2463,2.173e-05,0.0003315
"ACAA2",1.1661,10.5528,4.8661,1.138e-06,2.892e-05
"RP11-886H22.1",0.5149,9.4938,3.1906,0.00142,0.009452
"MYO5B",0.0316,10.9906,0.1236,0.9017,0.9463
"CFAP53",-0.0985,7.4364,-0.1729,0.8627,0.9222
"MBD1",-0.2869,10.8991,-1.6966,0.08976,0.2072
"CXXC1",-0.0999,10.3973,-0.494,0.6213,0.7569
"SKA1",-0.7793,7.8356,-2.1742,0.02969,0.0933
"MAPK4",2.3936,7.9525,4.1754,2.975e-05,0.000431
"MRO",0.9188,6.552,2.5352,0.01124,0.04506
"ME2",-0.0395,10.4339,-0.2477,0.8044,0.8857
"ELAC1",0.0598,8.2454,0.3001,0.7641,0.8587
"RP11-729L2.2",0.0327,8.914,0.1741,0.8618,0.9217
"SMAD4",0.0889,11.2937,0.5837,0.5594,0.7088
"MEX3C",-0.3754,10.3746,-2.2373,0.02527,0.0828
"DCC",-2.2454,7.4923,-4.7729,1.816e-06,4.24e-05
"MBD2",-0.6137,11.4039,-3.803,0.0001429,0.00155
"POLI",0.2797,9.243,1.4939,0.1352,0.2764
"C18orf54",-0.3562,7.981,-1.387,0.1654,0.3185
"RAB27B",1.4232,10.1446,3.5297,0.0004161,0.003641
"CCDC68",2.2857,8.7235,5.6724,1.408e-08,6.518e-07
"TCF4",-0.7727,11.3453,-3.8891,0.0001006,0.001172
"TXNL1",-0.0968,10.9816,-0.5581,0.5767,0.7229
"WDR7",0.0677,9.7915,0.3602,0.7187,0.8269
"ONECUT2",2.0585,6.7977,3.7111,0.0002063,0.002079
"FECH",0.2739,10.0001,1.3386,0.1807,0.3391
"NARS",0.007,12.1049,0.0476,0.962,0.9794
"ATP8B1",-0.2698,11.011,-1.0868,0.2771,0.4508
"NEDD4L",0.11,11.864,0.4625,0.6438,0.7735
"ALPK2",-1.5411,7.0595,-3.1764,0.001491,0.009753
"MALT1",-1.0139,10.1947,-3.9042,9.454e-05,0.00111
"ZNF532",-0.4685,11.052,-2.4543,0.01412,0.0536
"SEC11C",1.2047,10.8171,4.2058,2.602e-05,0.0003878
"GRP",-0.4924,6.7026,-0.8855,0.3759,0.5505
"LMAN1",-0.2003,12.5099,-1.1184,0.2634,0.4354
"CCBE1",0.3044,8.3322,0.8346,0.404,0.5758
"PMAIP1",-0.9329,8.9592,-2.534,0.01128,0.04517
"RNF152",-1.1565,9.3105,-3.4541,0.0005521,0.004531
"PIGN",-0.1298,10.0449,-0.6794,0.4969,0.6583
"KIAA1468",-0.4975,10.0683,-2.5587,0.01051,0.04284
"TNFRSF11A",0.0767,8.3229,0.2304,0.8178,0.8939
"ZCCHC2",0.0239,9.7866,0.103,0.918,0.9549
"PHLPP1",-0.4039,9.7127,-1.2965,0.1948,0.357
"BCL2",-0.5546,9.4575,-1.191,0.2336,0.4021
"KDSR",-0.2499,11.0701,-1.3967,0.1625,0.3145
"VPS4B",-0.4023,11.1169,-2.3022,0.02132,0.07315
"SERPINB5",-2.1529,8.9335,-2.882,0.003951,0.02045
"SERPINB13",-5.4213,7.5458,-4.7363,2.176e-06,4.982e-05
"SERPINB4",-2.5605,7.3903,-2.6822,0.007315,0.03262
"SERPINB3",-2.0227,8.4618,-1.9913,0.04645,0.1293
"SERPINB11",-2.1626,7.8991,-2.0006,0.04544,0.1273
"SERPINB7",-3.2519,6.8895,-4.1595,3.19e-05,0.0004574
"SERPINB2",-5.6165,7.4376,-9.9565,2.361e-23,4.36e-20
"SERPINB10",-5.4524,6.9122,-9.2678,1.9e-20,1.504e-17
"HMSD",-0.5966,7.6365,-1.6364,0.1018,0.2275
"SERPINB8",-0.1439,9.4406,-0.5901,0.5551,0.7053
"CDH19",2.0727,6.6151,3.324,0.0008872,0.006586
"DSEL",1.216,8.9249,3.5087,0.0004503,0.003873
"TMX3",0.0031,10.7554,0.0193,0.9846,0.9917
"CCDC102B",0.2657,8.5816,1.1364,0.2558,0.4267
"DOK6",1.2322,7.8869,2.8853,0.00391,0.02033
"CD226",0.228,7.8362,0.7047,0.481,0.6444
"RTTN",-0.2049,8.8524,-1.1298,0.2585,0.4299
"SOCS6",0.7768,9.9379,3.7904,0.0001504,0.00161
"NETO1",-0.3492,6.3277,-0.4717,0.6371,0.7687
"FBXO15",1.0181,6.9674,1.9734,0.04846,0.133
"TIMM21",-0.1234,9.2008,-0.9291,0.3528,0.5276
"CYB5A",1.8553,11.9515,4.8796,1.063e-06,2.735e-05
"CNDP2",0.2749,12.5922,1.2446,0.2133,0.3793
"ZNF407",0.0924,9.2018,0.4165,0.677,0.7972
"ZADH2",0.2549,10.1598,1.7084,0.08756,0.2037
"TSHZ1",0.4755,9.9702,1.9881,0.0468,0.13
"ZNF516",-0.1671,9.8356,-0.6618,0.5081,0.6679
"ZNF236",0.0603,8.989,0.3275,0.7433,0.8449
"MBP",0.0418,10.8016,0.1806,0.8567,0.9186
"ATP9B",0.3812,9.7453,1.8308,0.06713,0.1676
"NFATC1",-0.6625,9.4517,-2.2361,0.02535,0.0829
"CTDP1",-0.0494,9.7971,-0.2564,0.7977,0.8801
"PQLC1",-0.1844,10.5221,-0.7242,0.469,0.6338
"HSBP1L1",0.9478,8.9248,3.4924,0.0004786,0.004067
"TXNL4A",-0.0344,10.3341,-0.2235,0.8231,0.897
"RBFA",0.1451,9.1311,0.838,0.402,0.5742
"RP11-795F19.5",0.1603,7.7568,0.9261,0.3544,0.5289
"ADNP2",-0.3458,10.1319,-2.2081,0.02724,0.08751
"PARD6G",-1.932,8.8366,-6.7211,1.804e-11,2.115e-09
"PLPP2",0.3201,10.368,0.7574,0.4488,0.6169
"MIER2",-0.2881,9.7189,-1.3747,0.1692,0.324
"C2CD4C",0.5944,6.7872,1.0672,0.2859,0.4594
"SHC2",0.6844,9.0958,1.8971,0.05782,0.1508
"MADCAM1",-0.1826,6.2273,-0.4516,0.6515,0.7799
"TPGS1",0.1392,7.6001,0.4838,0.6285,0.7623
"CDC34",0.1541,10.3125,0.8634,0.3879,0.5613
"GZMM",1.4517,7.4274,3.2021,0.001364,0.009164
"BSG",-0.1485,13.9843,-0.7981,0.4248,0.5955
"HCN2",0.4918,6.7356,1.0135,0.3108,0.4858
"POLRMT",-0.3944,9.8538,-1.8568,0.06334,0.1606
"RNF126",-0.7203,9.9555,-3.4567,0.0005469,0.004508
"FSTL3",0.9414,10.6175,2.4463,0.01443,0.0546
"PALM",0.1436,9.4155,0.451,0.652,0.7801
"MISP",1.9908,10.5033,4.2463,2.174e-05,0.0003315
"PTBP1",-0.438,13.0575,-3.4615,0.0005372,0.004456
"PLPPR3",1.5772,6.9124,2.53,0.01141,0.04553
"AZU1",1.3657,6.2764,2.9575,0.003102,0.01715
"CFD",1.2407,9.7649,2.9573,0.003103,0.01716
"MED16",-0.1279,10.7956,-0.7527,0.4516,0.6192
"R3HDM4",-0.0067,11.2524,-0.0375,0.9701,0.9837
"KISS1R",1.9408,6.2838,3.3397,0.0008388,0.006305
"ARID3A",0.433,9.1353,1.5658,0.1174,0.2511
"WDR18",-0.6257,9.9249,-3.0637,0.002186,0.01319
"GRIN3B",-0.6113,7.3693,-1.2626,0.2067,0.3718
"TMEM259",-0.4478,11.8235,-2.2464,0.02468,0.08146
"CNN2",-0.3104,13.0037,-1.6292,0.1033,0.2302
"ABCA7",0.2872,9.8889,1.1936,0.2326,0.401
"ARHGAP45",0.3421,10.59,1.2635,0.2064,0.3714
"POLR2E",-0.2334,11.9228,-1.7141,0.08652,0.2019
"GPX4",0.4869,12.6655,2.1985,0.02792,0.08917
"SBNO2",-0.1073,11.6896,-0.4349,0.6636,0.7879
"STK11",-0.5197,10.5849,-2.5137,0.01195,0.04719
"CBARP",-0.5573,7.1817,-1.6156,0.1062,0.2343
"ATP5D",-0.2904,10.3956,-1.2122,0.2254,0.3929
"MIDN",0.4094,11.8579,1.5404,0.1235,0.2604
"CIRBP",0.3429,12.5486,1.5405,0.1234,0.2604
"C19orf24",-0.2236,9.8394,-1.0956,0.2732,0.4468
"MUM1",-0.068,10.1405,-0.4174,0.6764,0.797
"NDUFS7",0.0012,10.3477,0.0066,0.9947,0.9969
"GAMT",0.2448,8.6175,0.7826,0.4339,0.6039
"DAZAP1",-0.4093,11.5654,-2.5625,0.01039,0.0425
"RPS15",-0.1366,12.0509,-0.6039,0.5459,0.6979
"APC2",0.1086,7.5523,0.4439,0.6571,0.7837
"C19orf25",-0.0723,9.4817,-0.463,0.6434,0.7734
"PCSK4",0.4668,7.315,1.1504,0.25,0.4211
"REEP6",1.4383,8.3682,3.1171,0.001826,0.01143
"ADAMTSL5",-0.0997,7.5578,-0.2311,0.8172,0.8934
"MEX3D",-0.3393,9.5099,-1.4506,0.1469,0.2926
"MBD3",-0.6756,11.2699,-3.9147,9.052e-05,0.00107
"AC005943.2",0.1446,10.9699,0.7198,0.4717,0.6362
"UQCR11",0.4689,11.1507,1.9479,0.05142,0.1389
"TCF3",-0.6394,11.183,-3.0148,0.002571,0.01493
"ATP8B3",0.8577,7.4378,1.8728,0.0611,0.1568
"REXO1",-0.4675,10.1412,-2.2235,0.02618,0.085
"KLF16",-0.5376,9.5376,-2.0343,0.04192,0.12
"ABHD17A",-0.2497,9.9638,-1.389,0.1648,0.3178
"ADAT3",-0.3637,7.5693,-1.5126,0.1304,0.2701
"SCAMP4",-0.164,11.3039,-0.9349,0.3499,0.5246
"CSNK1G2",-0.6867,10.9386,-3.9076,9.323e-05,0.001099
"BTBD2",-0.6013,11.5085,-3.2919,0.000995,0.007161
"MKNK2",-0.3816,12.6716,-1.5346,0.1249,0.2626
"MOB3A",-0.8132,10.8705,-4.7812,1.743e-06,4.109e-05
"IZUMO4",0.0707,7.1191,0.2104,0.8333,0.9041
"AP3D1",-0.3108,12.377,-1.6702,0.09488,0.216
"DOT1L",-0.526,10.4674,-2.1224,0.0338,0.1029
"PLEKHJ1",-0.1537,10.4881,-0.958,0.338,0.5125
"SF3A2",-0.7351,10.867,-3.8617,0.0001126,0.001283
"AMH",-0.076,6.4284,-0.127,0.8989,0.9444
"JSRP1",0.1663,11.8553,0.9052,0.3654,0.54
"OAZ1",0.0139,14.097,0.0807,0.9357,0.9643
"C19orf35",0.1393,6.6,0.3631,0.7165,0.8251
"LINGO3",-0.0558,6.2559,-0.123,0.9021,0.9464
"LSM7",-0.1114,9.9034,-0.5356,0.5922,0.7343
"LLfos-48D6.2",0.1492,11.9625,0.848,0.3964,0.5694
"SPPL2B",-0.1983,10.5401,-0.861,0.3892,0.5625
"TMPRSS9",0.5384,6.9935,1.7001,0.08912,0.2062
"TIMM13",-0.0785,10.436,-0.4044,0.6859,0.8031
"LMNB2",-1.2363,11.3321,-5.1345,2.829e-07,8.87e-06
"GADD45B",1.0774,11.1033,2.9954,0.002741,0.01567
"GNG7",0.5531,8.2976,1.6548,0.09796,0.2211
"DIRAS1",0.5136,7.2675,0.9044,0.3658,0.5404
"AC006538.4",-0.2248,8.3997,-1.2912,0.1966,0.359
"SLC39A3",-0.2418,9.5695,-1.3818,0.167,0.3209
"SGTA",-0.5922,11.1392,-4.7061,2.525e-06,5.61e-05
"THOP1",-0.7444,10.0198,-4.0796,4.512e-05,0.0006019
"ZNF554",-0.3528,7.9422,-1.7104,0.0872,0.2031
"ZNF555",0.2436,7.9677,1.1694,0.2423,0.412
"ZNF57",-0.3529,7.9292,-1.5383,0.124,0.2611
"ZNF77",-0.0255,7.8302,-0.0881,0.9298,0.9615
"TLE6",1.8508,7.5576,4.8334,1.342e-06,3.309e-05
"TLE2",1.1819,10.0453,3.8578,0.0001144,0.0013
"AES",-0.0612,13.4732,-0.3852,0.7001,0.8139
"GNA11",-0.229,11.3429,-1.2725,0.2032,0.3673
"GNA15",-0.5312,10.0994,-1.8052,0.07104,0.1746
"S1PR4",0.6121,8.1774,1.8971,0.05781,0.1508
"NCLN",-0.5623,11.4196,-2.7303,0.006328,0.02915
"CELF5",0.4287,6.2991,0.8107,0.4175,0.5886
"NFIC",-0.2473,12.0232,-1.0664,0.2863,0.4597
"SMIM24",1.9019,6.3421,3.0802,0.002069,0.01265
"DOHH",-0.6035,8.6754,-2.7777,0.005474,0.02601
"FZR1",-0.6605,10.6003,-4.2626,2.02e-05,0.0003141
"C19orf71",0.0996,7.036,0.3261,0.7443,0.8454
"MFSD12",0.2045,10.6707,0.7231,0.4696,0.6344
"HMG20B",-0.2242,10.8172,-1.5125,0.1304,0.2701
"GIPC3",0.6218,8.1665,2.0257,0.04279,0.1218
"TBXA2R",0.5313,7.4036,1.8409,0.06563,0.1647
"CACTIN",-0.6125,9.6426,-3.5824,0.0003405,0.003125
"PIP5K1C",-0.7717,10.9272,-3.7776,0.0001583,0.001676
"TJP3",1.6655,9.7344,4.0178,5.874e-05,0.0007481
"APBA3",-0.5111,9.0379,-2.8915,0.003834,0.02003
"MRPL54",0.5801,9.7001,2.2724,0.02306,0.07736
"MATK",0.1333,7.9211,0.3175,0.7509,0.8495
"ZFR2",0.0468,6.3391,0.0609,0.9514,0.9726
"DAPK3",-0.4185,10.4602,-2.2364,0.02532,0.08285
"EEF2",-0.2409,15.8562,-1.4645,0.1431,0.2873
"PIAS4",-0.4542,9.4844,-3.1884,0.00143,0.009492
"ZBTB7A",-0.4576,10.654,-2.4756,0.0133,0.05136
"MAP2K2",-0.4637,11.3584,-3.5592,0.0003719,0.003339
"SIRT6",-0.1957,9.1879,-1.0942,0.2738,0.4473
"ANKRD24",0.6611,6.8823,1.5079,0.1316,0.2716
"EBI3",-0.5074,7.1631,-1.3564,0.175,0.3313
"CCDC94",-0.6838,9.2712,-4.2942,1.753e-05,0.0002794
"TMIGD2",-0.1,6.4328,-0.2135,0.8309,0.9027
"FSD1",-0.8901,6.6454,-1.3576,0.1746,0.3306
"STAP2",-0.6742,10.0053,-3.2762,0.001052,0.007458
"MPND",-0.1771,9.4426,-0.8344,0.4041,0.5758
"SH3GL1",-0.7286,11.3646,-4.2487,2.15e-05,0.000329
"CHAF1A",-1.1976,9.4236,-4.7572,1.963e-06,4.525e-05
"UBXN6",-0.2816,11.6362,-1.729,0.08381,0.1968
"CTB-50L17.10",-0.4539,10.4807,-2.4416,0.01462,0.05513
"PLIN4",-0.0306,7.0263,-0.0772,0.9384,0.9656
"PLIN5",1.5956,7.3858,4.3112,1.624e-05,0.0002654
"CTB-50L17.14",1.3517,6.9473,3.2004,0.001372,0.009207
"LRG1",0.952,9.7748,1.9464,0.0516,0.1392
"SEMA6B",-0.037,8.6503,-0.1231,0.9021,0.9464
"TNFAIP8L1",-0.2562,9.806,-0.849,0.3959,0.5689
"MYDGF",0.4067,11.4187,1.7718,0.07643,0.1841
"DPP9",-0.2511,11.1997,-1.5398,0.1236,0.2607
"FEM1A",-0.5979,10.6062,-3.1779,0.001483,0.009729
"TICAM1",0.0083,9.9783,0.0322,0.9743,0.9859
"PLIN3",0.4553,11.2,2.0456,0.0408,0.1178
"ARRDC5",0.0305,6.1913,0.0776,0.9382,0.9655
"UHRF1",-0.5251,8.7678,-1.6128,0.1068,0.2352
"KDM4B",-0.411,10.4708,-2.1334,0.03289,0.1008
"PTPRS",-1.3664,10.8303,-4.201,2.657e-05,0.000395
"TINCR",-2.0997,8.3712,-4.5537,5.27e-06,0.0001053
"SAFB2",-0.0616,10.5663,-0.3376,0.7357,0.8389
"SAFB",-0.4014,11.7177,-2.393,0.01671,0.06089
"C19orf70",0.4616,9.9123,2.0793,0.03759,0.111
"HSD11B1L",0.3233,7.9785,1.3977,0.1622,0.314
"RPL36",0.2404,13.0346,0.9828,0.3257,0.5015
"LONP1",-0.17,11.3694,-0.9139,0.3608,0.5355
"CATSPERD",3.9575,6.3926,4.506,6.605e-06,0.0001268
"PRR22",-0.8574,6.9558,-2.3596,0.01829,0.06519
"CTB-54O9.9",-0.7517,7.0936,-3.6854,0.0002283,0.002256
"DUS3L",-0.8409,9.3876,-4.2223,2.418e-05,0.0003637
"NRTN",-0.6626,6.7016,-1.7716,0.07647,0.1842
"FUT6",0.0985,7.0896,0.154,0.8776,0.9314
"FUT3",0.3369,8.9577,0.6354,0.5251,0.6819
"FUT5",0.4738,7.0369,0.9185,0.3584,0.533
"AC024592.12",0.262,10.8664,1.0937,0.2741,0.4475
"NDUFA11",0.2161,11.2308,0.9047,0.3656,0.5403
"VMAC",-0.1594,7.9229,-0.7479,0.4545,0.6218
"AC104532.2",2.1375,8.4623,3.6051,0.0003121,0.002917
"CAPS",1.8615,10.1924,3.3025,0.0009581,0.006984
"RANBP3",-0.3808,10.9502,-2.5891,0.009622,0.04002
"RFX2",0.197,9.3357,0.6187,0.5361,0.6902
"MLLT1",-0.3774,11.3748,-2.0131,0.04411,0.1247
"CLPP",-0.1373,10.181,-0.8268,0.4084,0.5799
"ALKBH7",0.2344,9.801,1.1271,0.2597,0.4311
"PSPN",-0.1358,7.33,-0.8424,0.3995,0.5723
"GTF2F1",-0.278,11.3124,-1.855,0.0636,0.1611
"KHSRP",-0.6416,12.1872,-3.1203,0.001807,0.01133
"SLC25A23",0.7066,11.2566,3.5368,0.000405,0.003569
"CRB3",1.1082,9.5126,4.5206,6.165e-06,0.0001204
"DENND1C",0.5571,9.7359,2.6491,0.00807,0.03501
"TUBB4A",0.2277,7.9079,0.4563,0.6482,0.7773
"TNFSF9",0.3973,7.8047,1.0299,0.303,0.4779
"CD70",-0.9742,6.6625,-1.5173,0.1292,0.2683
"TNFSF14",0.9275,7.5537,2.0104,0.04439,0.1253
"C3",1.3551,14.4631,3.4281,0.0006078,0.004861
"GPR108",0.2674,11.0574,1.7605,0.07832,0.1874
"TRIP10",0.2411,10.8587,1.267,0.2052,0.3698
"SH2D3A",0.1953,9.8455,0.5939,0.5526,0.7033
"VAV1",0.4262,9.4993,1.6188,0.1055,0.2333
"ADGRE1",-1.4461,7.5645,-2.5884,0.009643,0.04009
"ZNF557",0.2081,8.4275,0.8291,0.4071,0.5787
"INSR",0.3412,11.0754,1.4804,0.1388,0.2811
"CTB-133G6.1",0.9133,6.5241,1.8885,0.05896,0.153
"ARHGEF18",0.2458,11.1323,1.202,0.2294,0.3979
"CTD-2207O23.3",0.2315,10.9923,1.1325,0.2574,0.4286
"PEX11G",0.1365,7.639,0.5415,0.5882,0.7319
"CTD-2207O23.12",0.0816,8.8119,0.4932,0.6219,0.7573
"ZNF358",-0.1303,10.4795,-0.8042,0.4213,0.5921
"MCOLN1",0.2482,10.0593,1.5548,0.12,0.255
"CTD-2207O23.10",0.261,8.6293,1.5972,0.1102,0.2403
"PNPLA6",0.137,11.5319,0.8135,0.4159,0.5869
"CAMSAP3",0.1731,9.8834,0.5731,0.5666,0.7148
"XAB2",-0.0024,10.8726,-0.0155,0.9877,0.9935
"PET100",0.8382,8.8128,3.1776,0.001485,0.009735
"PCP2",1.313,6.521,2.7793,0.005448,0.02593
"CTD-3214H19.4",0.3887,10.8391,2.5615,0.01042,0.04259
"STXBP2",0.2787,11.6733,1.663,0.09631,0.2183
"RETN",0.9236,7.2221,2.0273,0.04263,0.1215
"MCEMP1",2.0288,9.0181,4.3015,1.697e-05,0.0002735
"CTD-3214H19.16",0.2844,10.0029,1.3012,0.1932,0.3552
"TRAPPC5",0.2232,9.6479,1.0788,0.2807,0.4546
"FCER2",-0.4309,6.464,-0.7249,0.4685,0.6335
"CLEC4G",-0.0256,6.2941,-0.0529,0.9578,0.9767
"CD209",-0.5522,8.3003,-1.5779,0.1146,0.2465
"EVI5L",-0.1852,9.4028,-0.8672,0.3859,0.5595
"PRR36",2.2574,8.4215,4.0908,4.299e-05,0.0005767
"LRRC8E",-0.0591,8.8892,-0.2,0.8415,0.9094
"MAP2K7",-0.1348,10.3358,-0.7908,0.4291,0.5994
"SNAPC2",0.0298,9.2185,0.1657,0.8684,0.9254
"CTXN1",0.9868,7.8381,1.9832,0.04734,0.1311
"TIMM44",-0.3945,9.8683,-2.4039,0.01622,0.05943
"ELAVL1",-0.43,11.3761,-3.1942,0.001402,0.009374
"FBN3",0.727,7.6142,0.9931,0.3207,0.4964
"CERS4",0.2803,10.3495,0.8782,0.3799,0.5543
"CD320",0.2209,9.9291,0.916,0.3597,0.5343
"CTD-2550O8.5",0.4399,9.776,1.9375,0.05269,0.1412
"NDUFA7",0.4326,9.7972,1.919,0.05499,0.1456
"RPS28",0.3383,9.6407,1.0226,0.3065,0.4813
"KANK3",0.9239,8.5855,3.4645,0.0005312,0.004421
"ANGPTL4",1.9744,9.5713,3.5466,0.0003902,0.003472
"RAB11B",-0.0699,11.7601,-0.3793,0.7045,0.8168
"MARCH2",0.4442,10.1484,2.2694,0.02324,0.07772
"HNRNPM",-0.4359,12.74,-3.0506,0.002284,0.01365
"PRAM1",0.1321,8.155,0.3967,0.6916,0.8072
"ZNF414",-0.2365,8.4959,-1.2349,0.2169,0.3828
"MYO1F",-0.0434,10.0933,-0.1402,0.8885,0.9376
"ADAMTS10",1.0816,8.1733,3.336,0.0008499,0.006368
"ZNF558",-0.3442,9.3242,-2.0051,0.04496,0.1264
"MUC16",1.3884,9.1824,1.658,0.09731,0.2201
"ZNF317",-0.304,10.1394,-2.1122,0.03467,0.1046
"ZNF699",-0.1092,7.3962,-0.3885,0.6976,0.8124
"ZNF559",-0.063,8.9703,-0.268,0.7887,0.875
"ZNF559-ZNF177",6e-04,7.8043,0.0023,0.9982,0.9989
"ZNF177",-0.0727,7.3354,-0.2465,0.8053,0.8861
"ZNF266",0.1512,10.0395,0.7308,0.4649,0.6303
"ZNF426",-0.0933,9.379,-0.4337,0.6645,0.7886
"ZNF121",-0.2132,10.0728,-1.1346,0.2566,0.4275
"ZNF561",0.1079,10.0397,0.6467,0.5179,0.6759
"ZNF562",0.047,10.1399,0.2913,0.7708,0.8637
"ZNF846",0.285,8.0263,1.1024,0.2703,0.4434
"FBXL12",-0.1648,9.339,-1.2525,0.2104,0.376
"UBL5",0.6027,11.4361,2.5608,0.01044,0.04266
"PIN1",0.2695,10.1803,1.3292,0.1838,0.3429
"OLFM2",-0.5223,9.1299,-1.5893,0.112,0.2428
"COL5A3",-0.6949,9.4117,-1.7676,0.07713,0.1853
"C19orf66",0.0514,10.0156,0.3009,0.7635,0.8584
"ANGPTL6",0.0603,8.418,0.337,0.7361,0.8392
"PPAN",-0.4265,9.59,-1.9124,0.05582,0.147
"PPAN-P2RY11",-0.4098,9.6616,-1.9538,0.05072,0.1374
"P2RY11",-0.1422,9.1557,-0.8318,0.4055,0.577
"EIF3G",0.1108,11.7998,0.8569,0.3915,0.5648
"S1PR2",-0.0911,9.2453,-0.4092,0.6824,0.801
"DNMT1",-0.3259,11.4832,-1.2764,0.2018,0.3656
"MRPL4",-0.3533,10.4669,-1.7711,0.07654,0.1843
"ICAM1",0.6461,13.2218,1.4759,0.14,0.2826
"ICAM4",1.9271,8.2539,3.5905,0.00033,0.003046
"ICAM5",0.3847,8.1757,0.8412,0.4002,0.5728
"ZGLP1",-0.1436,6.9406,-0.4426,0.658,0.784
"CTD-2369P2.10",0.3368,8.7497,1.7007,0.089,0.206
"FDX2",0.3819,8.7166,1.9259,0.05412,0.1439
"CTD-2369P2.12",-0.3478,10.498,-1.6186,0.1055,0.2334
"RAVER1",-0.3773,11.1165,-1.7575,0.07884,0.1883
"ICAM3",-0.0542,9.7845,-0.182,0.8555,0.9179
"TYK2",-0.3383,11.2477,-1.4083,0.159,0.31
"CDC37",0.0507,12.1914,0.3117,0.7553,0.8527
"PDE4A",0.7753,10.2198,2.9363,0.003322,0.01808
"KEAP1",-0.6795,11.3503,-2.8792,0.003987,0.02057
"S1PR5",-4.1523,7.8179,-8.7355,2.426e-18,1.44e-15
"ATG4D",-0.5659,9.7943,-2.7378,0.006185,0.02865
"KRI1",-0.6591,10.4697,-3.1912,0.001417,0.009445
"CDKN2D",-0.1563,8.6535,-0.5208,0.6025,0.7424
"AP1M2",0.8857,10.8166,3.4502,0.0005602,0.004573
"SLC44A2",0.0083,12.9187,0.0425,0.9661,0.9815
"ILF3",-0.2518,13.0305,-1.4496,0.1472,0.293
"QTRT1",-0.2276,9.6395,-1.2015,0.2295,0.3981
"DNM2",0.1228,12.5775,0.815,0.4151,0.5861
"TMED1",0.3111,10.181,2.0397,0.04138,0.119
"C19orf38",0.0942,7.4083,0.2848,0.7758,0.8665
"CARM1",-0.4466,11.2315,-3.0034,0.00267,0.01537
"YIPF2",0.2258,11.2362,1.6025,0.109,0.2385
"TIMM29",-0.0573,8.9207,-0.423,0.6723,0.7941
"SMARCA4",-0.1219,12.2632,-0.4101,0.6818,0.8006
"LDLR",-0.5411,12.2124,-1.3994,0.1617,0.3133
"SPC24",-0.1046,8.8606,-0.3568,0.7212,0.8286
"KANK2",1.0081,11.6288,4.8329,1.345e-06,3.309e-05
"ANGPTL8",0.4873,7.1117,1.7942,0.07279,0.1775
"DOCK6",0.2638,10.8446,1.1347,0.2565,0.4275
"RAB3D",0.0934,11.0228,0.404,0.6862,0.8032
"TMEM205",0.5556,10.901,3.5142,0.0004411,0.00381
"CCDC159",0.6401,10.0863,4.3036,1.68e-05,0.0002722
"PLPPR2",0.2289,9.7742,1.2239,0.221,0.3881
"SWSAP1",0.4942,7.5597,2.6142,0.008944,0.03778
"EPOR",1.6948,8.4738,6.9868,2.812e-12,4.183e-10
"RGL3",2.8982,8.7378,9.4189,4.559e-21,4.21e-18
"CCDC151",0.244,7.8056,0.6974,0.4855,0.6486
"PRKCSH",-0.5487,13.1273,-3.368,0.0007571,0.005825
"CTC-398G3.6",0.2065,6.6581,0.9717,0.3312,0.5064
"ZNF653",0.1136,8.0112,0.6333,0.5265,0.6832
"ECSIT",-0.1822,10.0013,-0.9535,0.3403,0.5151
"CNN1",0.5562,9.1959,1.8681,0.06174,0.158
"ELOF1",-0.0216,10.3633,-0.1472,0.8829,0.9347
"ACP5",0.1957,11.9345,0.5947,0.5521,0.7029
"ZNF627",0.783,9.2303,2.9679,0.002999,0.01674
"ZNF823",0.3388,7.9289,1.6223,0.1047,0.2322
"ZNF441",0.9937,8.0467,3.456,0.0005483,0.004515
"ZNF491",1.0478,6.844,3.1774,0.001486,0.009739
"ZNF440",0.1616,9.1506,0.5028,0.6151,0.7521
"ZNF439",0.2333,8.0378,0.72,0.4715,0.6361
"ZNF69",1.6601,7.4681,5.3979,6.744e-08,2.53e-06
"ZNF700",0.1692,9.0084,0.9039,0.3661,0.5406
"CTD-2006C1.13",0.4153,7.7891,2.0097,0.04446,0.1253
"ZNF763",0.9971,7.2976,3.189,0.001428,0.009479
"ZNF433",0.1175,7.6687,0.5442,0.5863,0.7305
"CTD-2006C1.10",0.3819,6.3461,1.5183,0.1289,0.2678
"ZNF844",0.6361,8.5675,2.1988,0.02789,0.08912
"ZNF788",0.1194,7.6171,0.4321,0.6657,0.7892
"ZNF20",0.4346,8.1129,1.9209,0.05475,0.1452
"ZNF625",0.1415,7.2206,0.4192,0.6751,0.796
"ZNF625-ZNF20",0.4171,8.2343,1.8204,0.06871,0.1706
"ZNF136",-0.0064,8.7755,-0.0326,0.974,0.9857
"ZNF44",0.5953,8.7762,3.319,0.0009035,0.006676
"ZNF563",0.4256,7.2809,1.5986,0.1099,0.2399
"ZNF442",0.8822,7.0183,2.8878,0.003879,0.02022
"ZNF799",0.7695,7.9783,3.5313,0.0004135,0.003628
"CTD-3105H18.14",0.5186,6.5196,1.7548,0.0793,0.189
"CTD-3105H18.16",0.7378,6.7189,2.9698,0.00298,0.01666
"ZNF443",0.3115,7.7629,1.438,0.1504,0.2975
"CTD-3105H18.18",0.6731,6.302,1.8387,0.06595,0.1654
"ZNF709",0.5628,7.5888,1.7664,0.07732,0.1855
"CTD-2192J16.17",0.5721,7.598,1.8872,0.05913,0.1534
"ZNF564",0.4595,8.7309,2.2013,0.02771,0.08865
"CTD-2192J16.20",0.3301,9.138,1.6729,0.09436,0.2151
"ZNF791",-0.0272,9.8777,-0.1868,0.8518,0.9158
"ZNF490",0.1662,8.0239,0.7303,0.4652,0.6307
"CTD-2192J16.22",0.5303,12.371,2.8521,0.004343,0.02191
"MAN2B1",0.0867,12.3755,0.4635,0.643,0.7731
"CTD-2192J16.24",0.2586,10.2574,1.8043,0.07119,0.1749
"WDR83OS",0.1617,11.391,1.02,0.3077,0.4824
"WDR83",0.094,9.9298,0.6644,0.5064,0.6666
"DHPS",0.1635,10.5062,1.0799,0.2802,0.454
"FBXW9",-0.0511,8.6158,-0.2075,0.8356,0.9055
"TNPO2",-0.5238,11.2811,-2.7385,0.006172,0.0286
"C19orf43",-0.0744,11.29,-0.4856,0.6273,0.7613
"ASNA1",0.2485,10.9789,1.3118,0.1896,0.3505
"JUNB",0.3953,12.861,1.0656,0.2866,0.4602
"PRDX2",0.1455,12.0637,0.6134,0.5396,0.6926
"RNASEH2A",-0.4939,9.4993,-2.3047,0.02118,0.07283
"HOOK2",-0.033,10.825,-0.1388,0.8896,0.9381
"MAST1",1.1012,6.8659,2.0718,0.03829,0.1127
"DNASE2",-0.2359,11.4516,-1.4065,0.1596,0.3108
"GCDH",-0.0326,9.427,-0.1981,0.843,0.9101
"SYCE2",-0.0614,6.5619,-0.2342,0.8148,0.8921
"FARSA",-0.2255,10.7987,-1.4142,0.1573,0.3076
"CALR",-0.5093,14.9103,-3.9518,7.757e-05,0.0009418
"RAD23A",-0.3993,12.0334,-2.3874,0.01697,0.06161
"GADD45GIP1",-0.1444,11.2196,-0.7963,0.4259,0.5965
"NFIX",-0.5192,11.4817,-1.5657,0.1174,0.2511
"LYL1",0.2892,8.008,0.9888,0.3227,0.4984
"TRMT1",-0.3423,9.7339,-2.0098,0.04446,0.1253
"NACC1",-0.6463,11.2022,-2.8455,0.004434,0.0222
"STX10",0.1923,10.1523,1.2444,0.2134,0.3794
"IER2",0.2246,11.7946,0.6432,0.5201,0.6776
"CACNA1A",0.2968,6.8671,0.6688,0.5036,0.6642
"CCDC130",-0.1298,9.4651,-0.7913,0.4288,0.5991
"MRI1",-0.2367,9.4844,-1.09,0.2757,0.4493
"C19orf53",0.205,10.9761,0.9474,0.3434,0.518
"ZSWIM4",6e-04,9.523,0.0027,0.9979,0.9987
"C19orf57",0.1206,7.2535,0.3954,0.6925,0.8082
"CC2D1A",-0.1919,10.4706,-0.9615,0.3363,0.511
"PODNL1",0.6887,7.9866,1.5909,0.1116,0.2422
"DCAF15",-0.4251,9.8126,-2.6321,0.008486,0.03637
"RFX1",0.1077,9.5318,0.5733,0.5664,0.7147
"IL27RA",-0.7283,9.7427,-2.0049,0.04497,0.1264
"PALM3",2.378,7.8797,4.9312,8.171e-07,2.194e-05
"MISP3",1.6335,7.9878,5.2574,1.461e-07,5.016e-06
"SAMD1",-0.441,10.2645,-2.5674,0.01025,0.04207
"PRKACA",-0.3585,11.2526,-1.9774,0.04799,0.1321
"ASF1B",-0.6618,9.0354,-2.2129,0.0269,0.08663
"ADGRL1",-0.055,10.4485,-0.1685,0.8662,0.9243
"ADGRE5",1.0749,11.8486,3.0915,0.001991,0.01226
"DDX39A",-0.4795,10.7859,-2.5765,0.009981,0.04121
"PKN1",0.6176,11.8335,2.4211,0.01548,0.05744
"PTGER1",0.7028,6.4218,1.6094,0.1075,0.2363
"GIPC1",-0.0278,11.8141,-0.1197,0.9047,0.9479
"DNAJB1",-0.4305,12.4709,-1.3761,0.1688,0.3233
"TECR",-0.7212,11.0807,-3.6056,0.0003115,0.002915
"NDUFB7",0.3283,10.6807,1.4332,0.1518,0.2991
"CLEC17A",-0.7114,6.3888,-1.2861,0.1984,0.3612
"ADGRE3",0.4979,6.9193,1.0994,0.2716,0.4451
"ZNF333",0.2124,9.092,1.1503,0.25,0.4211
"ADGRE2",0.6463,9.3126,1.6119,0.107,0.2355
"OR7A5",0.0098,6.7028,0.043,0.9657,0.9813
"SYDE1",-0.0934,9.3033,-0.4077,0.6835,0.8016
"ILVBL",0.4449,10.8577,1.911,0.05601,0.1473
"NOTCH3",-0.1067,12.8154,-0.3053,0.7602,0.8564
"EPHX3",-1e-04,8.6703,-1e-04,0.9999,1
"BRD4",-0.3452,11.8702,-1.4927,0.1355,0.2767
"AKAP8",0.0152,10.2133,0.1028,0.9181,0.955
"AKAP8L",0.0456,10.4537,0.205,0.8376,0.907
"WIZ",-0.3775,10.7637,-1.7093,0.0874,0.2035
"RASAL3",-0.3405,8.8159,-1.0125,0.3113,0.4862
"CYP4F22",-1.6969,6.4236,-3.6088,0.0003076,0.002887
"CYP4F3",-0.398,8.2439,-0.4689,0.6392,0.7702
"CYP4F12",0.2888,7.283,0.4994,0.6175,0.7535
"CYP4F11",-1.1099,8.491,-1.3639,0.1726,0.3282
"TPM4",-0.3325,14.0489,-1.8824,0.05978,0.1545
"RAB8A",-0.3166,11.4558,-2.7622,0.00574,0.02707
"HSH2D",0.734,8.9964,2.3596,0.01829,0.06519
"FAM32A",0.0295,11.2252,0.216,0.829,0.9013
"AP1M1",-0.1279,10.8135,-0.8686,0.385,0.5587
"KLF2",1.0725,9.6199,3.308,0.0009397,0.006895
"EPS15L1",-0.2763,10.3363,-1.5794,0.1142,0.246
"C19orf44",-0.1577,9.9629,-0.8164,0.4142,0.5854
"CHERP",-0.2889,11.0165,-1.3479,0.1777,0.3349
"SLC35E1",0.0962,11.5671,0.5573,0.5773,0.7234
"CTD-3222D19.2",-0.0961,8.9315,-0.5112,0.6092,0.7476
"MED26",-0.2137,9.1292,-1.2392,0.2153,0.3813
"CTC-429P9.4",0.1732,9.8408,0.9825,0.3259,0.5017
"SMIM7",0.1322,11.0232,0.8008,0.4232,0.594
"TMEM38A",0.0283,8.4278,0.1121,0.9107,0.9512
"NWD1",2.9912,7.4726,4.3766,1.205e-05,0.0002059
"SIN3B",-0.0798,10.6992,-0.411,0.6811,0.8
"F2RL3",0.8021,8.1235,1.8971,0.05782,0.1508
"CPAMD8",2.0187,9.4986,4.5259,6.014e-06,0.0001181
"HAUS8",-0.0969,8.3671,-0.4052,0.6853,0.8028
"MYO9B",-0.2974,11.7679,-1.686,0.0918,0.211
"USE1",-0.0918,9.221,-0.6066,0.5441,0.6962
"OCEL1",0.7801,9.0748,3.7998,0.0001448,0.001564
"NR2F6",0.6598,10.4196,2.6111,0.009025,0.03806
"AC010646.3",0.8275,7.8201,3.226,0.001255,0.008588
"BABAM1",0.2672,10.9999,1.8245,0.06807,0.1693
"USHBP1",0.7691,7.6867,2.7202,0.006525,0.02983
"CTD-2278I10.6",0.3018,10.3103,2.0845,0.03711,0.1101
"ANKLE1",-0.3265,6.6437,-0.7477,0.4547,0.6219
"MRPL34",0.4338,10.2123,1.7298,0.08367,0.1966
"ABHD8",-0.2141,9.2698,-1.004,0.3154,0.4908
"DDA1",0.0221,10.5192,0.1416,0.8874,0.9371
"ANO8",0.9438,9.0499,3.0168,0.002554,0.01487
"GTPBP3",-0.1477,9.1621,-0.6348,0.5256,0.6823
"PLVAP",0.1301,10.9882,0.3828,0.7019,0.8152
"BST2",0.0472,11.5773,0.0978,0.9221,0.9573
"MVB12A",0.114,10.0177,0.759,0.4478,0.6161
"TMEM221",-0.5251,6.507,-1.3179,0.1875,0.348
"SLC27A1",0.2817,9.7956,1.1951,0.232,0.4004
"PGLS",0.0819,10.4966,0.5101,0.61,0.7482
"FAM129C",-0.1958,6.5842,-0.357,0.7211,0.8286
"COLGALT1",-0.8282,12.172,-4.1591,3.194e-05,0.0004577
"UNC13A",4.5737,6.9951,5.9667,2.421e-09,1.437e-07
"MAP1S",0.1366,10.5151,0.6783,0.4976,0.6589
"FCHO1",0.785,8.4048,2.553,0.01068,0.04334
"B3GNT3",1.722,8.8023,3.1626,0.001563,0.01013
"JAK3",-0.7437,9.3556,-2.3592,0.01832,0.06524
"RPL18A",0.461,11.2662,2.0612,0.03928,0.1146
"SLC5A5",0.8208,6.5503,1.1623,0.2451,0.4151
"CCDC124",-0.1636,10.5742,-0.7713,0.4406,0.6097
"KCNN1",-0.2108,6.4377,-0.3421,0.7323,0.8364
"ARRDC2",0.6958,10.5726,2.1888,0.02861,0.09079
"IL12RB1",-0.5835,8.087,-1.4969,0.1344,0.2753
"MAST3",0.4547,9.6085,2.0916,0.03647,0.1086
"PIK3R2",-0.6074,11.101,-2.9523,0.003154,0.01736
"IFI30",0.2217,13.2832,0.7492,0.4537,0.6212
"AC007192.4",0.0162,13.6805,0.071,0.9434,0.9686
"MPV17L2",-0.1059,8.9055,-0.5358,0.5921,0.7343
"RAB3A",0.8913,7.4943,2.7514,0.005934,0.02782
"PDE4C",2.4579,8.1171,6.1087,1.005e-09,6.759e-08
"KIAA1683",-0.0676,8.1599,-0.1576,0.8748,0.9295
"JUND",0.2025,12.0082,0.7851,0.4324,0.6025
"LSM4",-0.0511,11.3409,-0.2608,0.7943,0.878
"PGPEP1",1.2072,9.983,6.0404,1.537e-09,9.901e-08
"GDF15",1.4334,9.8062,2.8667,0.004148,0.02115
"LRRC25",-0.1456,8.6834,-0.4852,0.6275,0.7614
"SSBP4",0.449,9.7305,1.6275,0.1036,0.2306
"ISYNA1",-0.0724,10.3794,-0.2366,0.813,0.891
"ELL",-0.1012,9.7676,-0.5281,0.5974,0.7383
"FKBP8",0.1439,12.822,0.8327,0.405,0.5767
"KXD1",-0.0919,11.084,-0.6555,0.5121,0.671
"UBA52",0.1629,13.5745,0.9467,0.3438,0.5184
"C19orf60",-7e-04,9.362,-0.0029,0.9977,0.9987
"CRLF1",3.051,9.2787,5.1765,2.261e-07,7.296e-06
"TMEM59L",3.6899,7.3468,5.7566,8.581e-09,4.309e-07
"KLHL26",0.2496,9.0255,1.0224,0.3066,0.4813
"CRTC1",0.6191,9.3815,2.4596,0.01391,0.0531
"COMP",0.4499,8.7502,0.7729,0.4396,0.6087
"UPF1",-0.1016,12.166,-0.4501,0.6527,0.7804
"GDF1",-0.9708,6.4621,-1.6326,0.1025,0.2289
"CERS1",-1.0381,6.6416,-1.7865,0.07401,0.1797
"COPE",0.133,11.9158,0.7675,0.4428,0.6116
"DDX49",-0.2231,10.3847,-1.3065,0.1914,0.3529
"AC002985.3",0.0355,10.4737,0.1959,0.8447,0.9112
"HOMER3",-0.4873,9.5775,-1.5697,0.1165,0.2498
"SUGP2",-0.1142,10.9965,-0.4506,0.6523,0.7801
"ARMC6",0.0012,9.9997,0.0059,0.9953,0.9973
"SLC25A42",0.2368,8.7896,0.8194,0.4125,0.5836
"TMEM161A",-0.3182,9.9724,-1.3729,0.1698,0.3247
"MEF2B",-1.105,7.8025,-4.6744,2.948e-06,6.412e-05
"BORCS8-MEF2B",-0.168,8.8866,-0.9795,0.3273,0.503
"BORCS8",0.4366,9.4965,2.5915,0.009557,0.03984
"RFXANK",-0.0393,10.497,-0.2142,0.8304,0.9023
"NR2C2AP",-0.0118,9.7333,-0.0619,0.9506,0.9725
"HAPLN4",-0.6103,6.3059,-1.2982,0.1942,0.3567
"TM6SF2",-0.1041,6.4488,-0.2631,0.7925,0.8773
"SUGP1",-0.0537,9.7844,-0.3903,0.6963,0.8113
"MAU2",-0.0181,11.0167,-0.0996,0.9206,0.9567
"GATAD2A",-0.2966,11.4587,-1.6172,0.1058,0.2337
"TSSK6",0.1963,6.9194,0.8091,0.4185,0.5895
"NDUFA13",0.623,11.8182,2.875,0.004041,0.02079
"CTC-260F20.3",0.6219,11.6943,2.8696,0.004109,0.02103
"YJEFN3",-0.8975,7.3694,-2.2288,0.02583,0.08403
"CILP2",0.1906,7.9186,0.3935,0.6939,0.8096
"PBX4",-0.2233,7.174,-0.6571,0.5111,0.6702
"LPAR2",-0.2242,9.3038,-1.1131,0.2656,0.4378
"GMIP",0.4002,10.0262,2.1025,0.03551,0.1065
"ATP13A1",0.0247,11.3116,0.1187,0.9055,0.9482
"ZNF101",0.4113,8.7725,1.949,0.0513,0.1386
"ZNF14",0.4597,8.5107,1.7684,0.07699,0.1851
"ZNF506",0.7969,8.9701,2.6267,0.008621,0.03683
"ZNF253",0.5299,8.3934,1.8042,0.0712,0.1749
"ZNF93",0.2117,7.8292,0.5835,0.5596,0.7088
"ZNF682",1.1877,7.6402,2.4232,0.01539,0.05726
"ZNF90",0.3925,9.625,1.2987,0.1941,0.3565
"ZNF486",3.6122,8.1985,6.1586,7.341e-10,5.281e-08
"ZNF737",1.4054,7.9763,3.3703,0.0007509,0.005781
"ZNF626",1.9565,8.1483,3.9524,7.738e-05,0.0009404
"ZNF66",0.8557,6.8037,2.1523,0.03137,0.09729
"ZNF85",1.0933,7.6282,2.9335,0.003352,0.01821
"ZNF430",0.2639,8.7367,0.9893,0.3225,0.4983
"ZNF714",0.2286,8.2143,0.5717,0.5675,0.7155
"ZNF431",0.6178,9.5358,2.0372,0.04163,0.1194
"ZNF708",0.6206,8.2143,2.3058,0.02112,0.07264
"ZNF738",0.9375,8.0502,2.2021,0.02766,0.08858
"ZNF493",1.5321,8.43,4.4285,9.49e-06,0.000172
"CTD-2561J22.3",1.7858,6.3019,3.932,8.425e-05,0.001012
"ZNF429",1.1056,8.1352,3.4259,0.0006128,0.004897
"ZNF100",0.5276,8.3815,1.9843,0.04722,0.1308
"ZNF43",0.7289,8.6138,2.0273,0.04263,0.1215
"ZNF208",1.5963,6.4742,3.1791,0.001477,0.009695
"ZNF257",0.8612,6.7356,1.5021,0.1331,0.2734
"ZNF676",3.8632,6.2999,5.7424,9.336e-09,4.628e-07
"ZNF492",0.796,6.3427,1.1181,0.2635,0.4355
"ZNF730",0.6641,6.381,1.053,0.2924,0.4665
"ZNF724",-0.1397,6.8768,-0.4247,0.6711,0.793
"RP11-15H20.8",0.2607,7.1455,0.8581,0.3908,0.5642
"ZNF91",0.6145,9.3943,1.8491,0.06445,0.1626
"ZNF675",0.3735,8.4403,1.249,0.2117,0.3772
"ZNF681",1.0406,7.7423,2.6975,0.006986,0.03147
"ZNF726",1.2575,7.105,2.7786,0.005459,0.02597
"ZNF254",1.1062,9.2478,3.7972,0.0001463,0.001577
"UQCRFS1",0.1895,10.9765,1.0279,0.304,0.4787
"POP4",0.059,9.9617,0.4419,0.6586,0.7842
"PLEKHF1",-0.4559,8.6685,-1.2754,0.2022,0.366
"C19orf12",0.2038,9.6864,1.4946,0.135,0.2761
"CCNE1",-0.2825,8.0582,-0.7427,0.4577,0.6244
"URI1",-0.2707,11.2346,-2.5503,0.01076,0.04362
"TSHZ3",-0.7965,8.629,-2.5346,0.01126,0.04512
"ZNF507",0.0649,9.972,0.3974,0.6911,0.8071
"DPY19L3",0.3978,9.9368,2.7876,0.00531,0.02549
"PDCD5",-0.211,10.1737,-1.1932,0.2328,0.4012
"ANKRD27",-0.2182,10.5976,-1.3764,0.1687,0.3232
"RGS9BP",0.6897,6.53,1.6011,0.1094,0.239
"NUDT19",-0.0832,9.8258,-0.3933,0.6941,0.8096
"TDRD12",-0.4051,6.4732,-0.5994,0.5489,0.7004
"SLC7A9",1.2313,6.3346,2.2069,0.02732,0.08772
"CEP89",0.151,9.8773,0.8817,0.3779,0.5526
"FAAP24",-0.3306,7.8244,-1.478,0.1394,0.2819
"RHPN2",1.323,9.7218,3.4428,0.0005757,0.004667
"GPATCH1",0.15,8.8751,0.7223,0.4701,0.6349
"WDR88",0.5253,6.3926,1.4931,0.1354,0.2765
"LRP3",-0.2414,9.9116,-1.0606,0.2889,0.4628
"SLC7A10",1.407,6.4426,3.1621,0.001567,0.01014
"CEBPA",0.0732,10.3625,0.2429,0.8081,0.8881
"CEBPG",-0.4123,10.8124,-2.155,0.03116,0.09685
"PEPD",0.0196,11.1291,0.1233,0.9019,0.9463
"CHST8",0.3746,6.262,0.6032,0.5464,0.6982
"KCTD15",-1.1401,9.9718,-4.0253,5.691e-05,0.0007298
"LSM14A",-0.1755,12.129,-1.1957,0.2318,0.4003
"KIAA0355",0.2602,10.3647,1.5261,0.127,0.2654
"GPI",-0.1937,13.5306,-0.7422,0.458,0.6246
"RP11-618P17.4",-0.1707,10.5658,-0.6748,0.4998,0.6606
"PDCD2L",0.0525,8.3373,0.2628,0.7927,0.8773
"UBA2",-0.2289,11.8308,-1.3109,0.1899,0.3507
"WTIP",0.1646,8.952,0.5413,0.5883,0.7319
"SCGB2B2",0.387,6.4489,1.5892,0.112,0.2428
"ZNF302",0.4547,9.6504,2.544,0.01096,0.04425
"ZNF181",0.3913,8.6599,2.1297,0.0332,0.1015
"ZNF599",0.2606,8.0255,1.5807,0.114,0.2456
"ZNF30",0.4226,7.7355,1.95,0.05117,0.1384
"ZNF792",0.942,8.1951,4.555,5.238e-06,0.0001049
"GRAMD1A",0.9476,11.5829,4.5368,5.712e-06,0.0001126
"SCN1B",1.0343,8.2164,3.4797,0.000502,0.004215
"HPN",3.4326,9.2,7.2109,5.559e-13,1.1e-10
"FXYD3",-0.965,12.3693,-2.4096,0.01597,0.05885
"LGI4",0.1576,7.4135,0.5789,0.5627,0.7117
"FXYD1",1.2046,8.0516,3.3364,0.0008487,0.006363
"FXYD5",-0.0877,11.4691,-0.2554,0.7984,0.8807
"LSR",-0.1745,12.3656,-0.8521,0.3941,0.5671
"USF2",-0.2715,11.7019,-1.9425,0.05207,0.1401
"HAMP",0.9283,6.6854,1.4991,0.1338,0.2745
"CD22",-0.61,8.1884,-1.4255,0.154,0.3027
"FFAR2",-0.9537,6.9578,-2.055,0.03988,0.116
"DMKN",0.5085,10.1877,1.3694,0.1709,0.3256
"SBSN",-5.0933,6.7152,-6.6793,2.401e-11,2.752e-09
"GAPDHS",0.1215,6.7971,0.3292,0.742,0.8439
"TMEM147",0.3134,11.0561,1.5845,0.1131,0.2443
"HAUS5",-0.2255,9.3964,-1.0973,0.2725,0.4462
"RBM42",0.1572,11.1013,0.871,0.3838,0.5575
"ETV2",-0.0329,6.6959,-0.1212,0.9036,0.9471
"COX6B1",0.2068,12.0508,0.878,0.3799,0.5543
"ZBTB32",-0.844,6.6516,-2.3661,0.01798,0.06434
"KMT2B",-0.0074,11.0689,-0.0328,0.9739,0.9857
"IGFLR1",0.3525,9.0218,1.2928,0.1961,0.3584
"AD000671.6",0.2053,9.3528,0.928,0.3534,0.5281
"U2AF1L4",-0.1209,8.6974,-0.6681,0.5041,0.6646
"PSENEN",0.6054,10.8625,2.8959,0.003781,0.01983
"LIN37",0.1134,8.4953,0.7114,0.4768,0.6404
"AC002398.9",0.5752,10.1856,2.9894,0.002796,0.01591
"HSPB6",1.0315,9.0748,2.6964,0.00701,0.03155
"PROSER3",0.0875,9.0318,0.3218,0.7476,0.8474
"ARHGAP33",0.8895,8.2748,1.9344,0.05307,0.142
"KIRREL2",0.8955,6.4922,1.0268,0.3045,0.4791
"APLP1",0.2416,8.2391,0.5172,0.605,0.7442
"NFKBID",-0.3006,7.9959,-1.1607,0.2458,0.4158
"HCST",0.1971,8.6183,0.5319,0.5948,0.7362
"TYROBP",0.6852,11.1466,1.7901,0.07344,0.1787
"LRFN3",-0.1228,9.0833,-0.5425,0.5875,0.7314
"SDHAF1",0.4535,8.6366,2.5666,0.01027,0.0421
"SYNE4",2.0976,8.0681,6.3852,1.712e-10,1.538e-08
"ALKBH6",-0.1057,8.5727,-0.5065,0.6125,0.7498
"CLIP3",-0.6108,9.2633,-1.5257,0.1271,0.2654
"THAP8",0.0238,8.1741,0.1186,0.9056,0.9482
"WDR62",-0.1462,8.5698,-0.3716,0.7102,0.8205
"POLR2I",0.1597,9.8168,0.8664,0.3863,0.5598
"TBCB",-0.0287,10.9374,-0.1725,0.8631,0.9223
"CAPNS1",-0.1422,13.4986,-0.8407,0.4005,0.5731
"COX7A1",0.8125,8.1863,2.887,0.00389,0.02027
"ZNF146",-0.1692,11.5928,-0.9716,0.3313,0.5064
"ZNF565",0.1788,7.6014,1.1055,0.2689,0.4418
"ZFP14",0.1789,8.6181,0.9664,0.3339,0.5086
"ZFP82",0.0899,7.9367,0.3416,0.7327,0.8367
"ZNF566",0.309,8.3704,1.649,0.09915,0.2229
"ZNF260",0.1142,9.7824,0.6295,0.529,0.6849
"ZNF529",0.1696,8.9592,0.8873,0.3749,0.5497
"ZNF382",0.9901,7.2573,2.7265,0.0064,0.02938
"ZNF461",0.0282,8.0011,0.1118,0.9109,0.9512
"ZNF567",-0.2113,8.3437,-0.983,0.3256,0.5015
"ZNF850",-0.283,7.5386,-0.828,0.4077,0.5792
"ZNF790",0.0224,7.8559,0.0845,0.9327,0.9632
"ZNF345",-0.1792,7.8285,-0.6832,0.4945,0.6566
"ZNF829",-0.4044,7.6703,-1.4013,0.1611,0.3127
"ZNF568",-0.0639,8.276,-0.2424,0.8085,0.8882
"ZNF420",0.1287,8.5392,0.5319,0.5948,0.7362
"ZNF585A",-0.0905,8.8657,-0.4216,0.6733,0.7948
"CTC-454I21.3",0.0887,7.9638,0.3668,0.7138,0.8231
"ZNF585B",-0.0444,8.9828,-0.1776,0.859,0.9199
"ZNF383",-0.141,8.6538,-0.7091,0.4782,0.6418
"HKR1",-0.1253,9.9869,-0.5439,0.5865,0.7305
"ZNF527",0.1813,8.0368,0.846,0.3975,0.5704
"ZNF569",-0.0803,8.0314,-0.2687,0.7882,0.8746
"ZNF570",-0.0867,8.3425,-0.3202,0.7488,0.848
"ZNF793",-0.2427,8.1192,-0.5641,0.5727,0.7194
"ZNF571",0.1404,7.7993,0.505,0.6136,0.7509
"ZNF540",1.2652,7.1618,3.2151,0.001304,0.008827
"ZNF781",0.9367,6.7458,2.9194,0.003507,0.0188
"ZFP30",0.0641,8.6251,0.261,0.7941,0.878
"CTD-2528L19.4",0.0815,6.6579,0.2851,0.7756,0.8664
"ZNF607",0.0412,8.4389,0.161,0.8721,0.9278
"ZNF573",0.582,7.6169,3.0991,0.001941,0.012
"SIPA1L3",-0.1264,11.364,-0.4823,0.6296,0.763
"DPF1",-0.8167,6.5857,-1.5606,0.1186,0.2529
"PPP1R14A",0.7697,8.4848,2.7835,0.005377,0.02571
"SPINT2",-0.3451,13.9111,-1.4911,0.1359,0.2773
"CTB-102L5.4",0.0856,12.2002,0.3439,0.7309,0.8357
"C19orf33",1.2384,10.3126,2.1941,0.02823,0.08997
"YIF1B",-0.2769,10.2043,-1.682,0.09257,0.2122
"KCNK6",-0.0674,9.7711,-0.2414,0.8092,0.8888
"CATSPERG",0.972,7.3176,3.5923,0.0003278,0.003033
"PSMD8",-0.1639,12.1911,-0.9775,0.3283,0.5038
"GGN",-0.2453,6.4043,-0.7251,0.4684,0.6335
"SPRED3",-0.3896,7.1103,-0.8779,0.38,0.5543
"FAM98C",0.221,8.9346,1.032,0.3021,0.477
"RASGRP4",-0.009,7.7697,-0.0288,0.977,0.9876
"RYR1",-0.2957,9.1022,-0.6529,0.5138,0.6724
"MAP4K1",-0.2451,8.7154,-0.7526,0.4517,0.6192
"EIF3K",-0.0642,12.2096,-0.3527,0.7243,0.8309
"ACTN4",-0.4835,14.3634,-2.5249,0.01157,0.04602
"CAPN12",-0.3618,11.0155,-1.5957,0.1106,0.2406
"LGALS7",-2.4413,7.2144,-3.2801,0.001038,0.007387
"LGALS7B",-2.0485,7.225,-2.6256,0.00865,0.03691
"LGALS4",5.7632,7.4128,8.0327,9.537e-16,3.302e-13
"ECH1",0.1007,12.28,0.5214,0.6021,0.7421
"AC104534.3",-0.0859,12.3856,-0.7461,0.4556,0.6227
"HNRNPL",-0.1657,12.9697,-1.6038,0.1088,0.2381
"RINL",0.8368,8.7186,3.4563,0.0005476,0.004513
"SIRT2",-0.1643,10.8514,-0.7362,0.4616,0.628
"NFKBIB",-0.526,9.7972,-2.4571,0.01401,0.05336
"SARS2",-0.2427,9.5798,-1.0731,0.2832,0.457
"MRPS12",-0.1498,10.0884,-0.6578,0.5106,0.6697
"CTC-360G5.8",-0.3284,9.4989,-1.4616,0.1439,0.2883
"FBXO17",-1.2333,8.6194,-3.1263,0.00177,0.01114
"FBXO27",-2.0662,8.584,-5.0072,5.522e-07,1.574e-05
"ACP7",-4.8026,6.4572,-7.1619,7.956e-13,1.437e-10
"PAK4",-0.3981,11.3547,-1.7876,0.07384,0.1794
"NCCRP1",0.7306,7.8959,1.0295,0.3033,0.478
"LRFN1",-1.093,7.6608,-3.6187,0.0002961,0.002801
"GMFG",0.6378,9.6465,1.7554,0.07918,0.1888
"SAMD4B",-0.4413,11.8965,-1.995,0.04605,0.1286
"PAF1",-0.1424,11.1612,-0.7003,0.4837,0.6469
"MED29",0.0011,11.1297,0.0069,0.9945,0.9968
"ZFP36",0.1834,13.1817,0.3536,0.7236,0.8303
"PLEKHG2",0.4292,10.4403,1.2553,0.2094,0.3747
"RPS16",0.4697,14.0663,1.6666,0.09559,0.2172
"SUPT5H",-0.1165,12.3817,-0.6482,0.5168,0.6749
"TIMM50",-0.0136,10.8013,-0.0719,0.9427,0.9684
"DLL3",0.4068,6.3955,0.6532,0.5136,0.6723
"EID2B",0.7346,7.1441,2.1186,0.03412,0.1034
"EID2",-0.3333,8.9538,-1.6179,0.1057,0.2335
"CLC",-0.2524,6.2081,-0.3511,0.7255,0.8318
"DYRK1B",-0.452,9.7751,-1.8465,0.06483,0.1633
"FBL",-0.8217,11.8236,-4.1168,3.841e-05,0.0005264
"FCGBP",1.5668,9.8859,2.3589,0.01833,0.06527
"PSMC4",-0.7218,11.5521,-3.3404,0.0008367,0.006299
"ZNF546",0.0489,7.7809,0.197,0.8438,0.9108
"ZNF780B",-0.2912,8.9814,-1.1865,0.2354,0.4045
"ZNF780A",0.1109,9.0865,0.5611,0.5748,0.7213
"MAP3K10",-0.5675,8.9622,-2.3386,0.01936,0.06799
"CNTD2",1.5304,6.5484,2.5867,0.00969,0.04023
"AKT2",-0.5465,11.8034,-3.1527,0.001618,0.0104
"C19orf47",-0.5044,9.3398,-3.0048,0.002657,0.01531
"PLD3",-0.6776,13.6507,-2.8139,0.004895,0.02392
"PRX",0.8229,9.3248,2.2642,0.02356,0.07849
"SERTAD1",0.3676,9.8905,1.1925,0.2331,0.4014
"SERTAD3",-0.1402,10.2508,-0.5516,0.5812,0.7265
"BLVRB",0.5832,11.3239,1.7874,0.07387,0.1795
"SPTBN4",1.8596,7.0527,3.4962,0.000472,0.004025
"SHKBP1",-0.4882,11.3431,-2.6684,0.007621,0.03359
"LTBP4",-0.37,12.2726,-1.2181,0.2232,0.3903
"NUMBL",-0.556,9.6818,-2.2372,0.02527,0.0828
"COQ8B",-0.05,10.3918,-0.276,0.7826,0.871
"ITPKC",-0.3823,11.1697,-1.1695,0.2422,0.412
"C19orf54",-0.6024,9.685,-3.2331,0.001224,0.008439
"SNRPA",-0.4939,10.7794,-3.7409,0.0001834,0.001893
"MIA",-1.1623,6.4299,-1.9463,0.05162,0.1392
"MIA-RAB4B",-0.5719,8.9721,-2.1689,0.03009,0.0943
"RAB4B",-0.2766,10.086,-1.3718,0.1701,0.3252
"RAB4B-EGLN2",-0.1806,11.6619,-0.9844,0.3249,0.5008
"EGLN2",-0.1778,11.5976,-0.9048,0.3656,0.5402
"CYP2A6",-1.7942,6.3908,-2.7854,0.005346,0.02561
"CTC-490E21.12",-0.1987,7.8904,-0.9384,0.3481,0.5233
"CYP2B6",2.4482,6.3956,4.2767,1.897e-05,0.0002963
"CYP2F1",-1.8153,6.861,-2.0851,0.03706,0.11
"CYP2S1",-2.4708,10.0239,-5.398,6.74e-08,2.53e-06
"AXL",0.0525,11.0253,0.1841,0.854,0.9171
"HNRNPUL1",-0.4706,13.3214,-2.7397,0.006149,0.02851
"CCDC97",-0.2924,10.7387,-1.854,0.06374,0.1614
"TGFB1",-0.6679,11.747,-3.8758,0.0001063,0.001224
"B9D2",0.4286,8.2036,1.8936,0.05827,0.1518
"TMEM91",0.172,8.4995,0.6633,0.5071,0.6672
"EXOSC5",-0.2656,9.2455,-1.2888,0.1975,0.3599
"CTC-435M10.3",-0.031,10.878,-0.2103,0.8335,0.9042
"BCKDHA",-0.0498,10.8599,-0.3321,0.7398,0.8423
"B3GNT8",1.1283,8.7962,2.9661,0.003016,0.01681
"ATP5SL",-0.1831,10.5744,-1.4154,0.1569,0.307
"CEACAM21",1.0564,7.4677,2.1983,0.02793,0.08919
"CEACAM4",0.0485,6.821,0.1179,0.9062,0.9484
"CEACAM7",-1.3052,7.1051,-1.7711,0.07654,0.1843
"CEACAM5",0.9606,10.9117,1.0811,0.2796,0.4533
"AC011513.3",1.701,10.5012,2.6485,0.008086,0.03506
"CEACAM6",2.1312,13.6071,3.4377,0.0005866,0.004735
"CEACAM3",-0.2783,6.7662,-0.6023,0.547,0.6987
"RPS19",-0.1844,14.3837,-0.8227,0.4107,0.5818
"CD79A",-0.7606,8.8383,-1.4448,0.1485,0.2948
"CTD-2575K13.6",0.9444,6.4037,2.2013,0.02772,0.08865
"ARHGEF1",0.223,11.7543,1.3012,0.1932,0.3552
"RABAC1",0.2489,11.2133,1.6351,0.102,0.228
"ATP1A3",0.2356,7.2058,0.5057,0.613,0.7503
"GRIK5",-0.0382,6.8531,-0.0821,0.9346,0.9637
"ZNF574",-0.2511,9.7089,-1.433,0.1519,0.2992
"POU2F2",-0.8092,8.5986,-2.6164,0.008887,0.03762
"DEDD2",-0.1232,10.2792,-0.7414,0.4584,0.625
"ZNF526",-0.1478,9.1783,-1.285,0.1988,0.3618
"GSK3A",-0.4216,11.3279,-2.2901,0.02202,0.07473
"AC006486.9",-0.3086,9.4784,-1.7611,0.07823,0.1872
"ERF",-0.6704,10.5586,-2.9441,0.003239,0.01776
"CIC",-0.3985,11.6433,-1.9261,0.05409,0.1439
"PAFAH1B3",0.2802,9.6373,1.315,0.1885,0.3493
"PRR19",0.3265,8.099,1.4984,0.134,0.2747
"TMEM145",1.0179,6.5059,1.5266,0.1268,0.2654
"MEGF8",-0.5437,10.8871,-2.3339,0.0196,0.06856
"CNFN",-1.2931,7.0926,-2.483,0.01303,0.05059
"LIPE",0.0691,7.7574,0.1912,0.8484,0.9137
"CXCL17",0.6162,11.2819,1.0318,0.3022,0.4771
"CEACAM1",0.3132,9.6633,0.7654,0.444,0.6125
"CEACAM8",2.4636,6.2419,3.2767,0.00105,0.00745
"CD177",-1.0149,7.2266,-1.4932,0.1354,0.2765
"LYPD3",-1.5348,9.3948,-2.8423,0.004478,0.0224
"PHLDB3",-0.6155,8.6107,-2.8647,0.004174,0.02123
"ETHE1",0.0248,9.8908,0.0863,0.9312,0.9625
"ZNF575",0.0439,8.232,0.1839,0.8541,0.9171
"XRCC1",-0.2782,10.3484,-1.7235,0.0848,0.1985
"PINLYP",-0.5864,7.2171,-1.7033,0.08852,0.2053
"L34079.2",-0.1683,7.7073,-1.0162,0.3095,0.4844
"IRGQ",-0.1949,10.1094,-1.1128,0.2658,0.4379
"ZNF576",-0.0479,9.0204,-0.3634,0.7163,0.825
"SRRM5",-0.2694,9.0019,-1.8638,0.06235,0.1591
"ZNF428",-0.3003,9.7265,-1.6286,0.1034,0.2304
"CADM4",-0.7831,9.7113,-3.0523,0.002271,0.01358
"PLAUR",0.1051,11.0459,0.3188,0.7499,0.8488
"SMG9",-0.258,10.2553,-1.8651,0.06217,0.1588
"KCNN4",1.1774,8.9024,2.4956,0.01258,0.04913
"LYPD5",-0.7116,7.8311,-1.6818,0.09261,0.2122
"ZNF283",0.2572,7.9315,1.4523,0.1464,0.292
"ZNF404",0.4169,7.1978,1.3912,0.1642,0.317
"ZNF45",-0.1751,9.0328,-1.2071,0.2274,0.3954
"ZNF221",0.2866,6.7225,1.0032,0.3157,0.4913
"ZNF155",-0.0774,8.3261,-0.4721,0.6368,0.7685
"ZNF230",-0.1076,7.9982,-0.6171,0.5371,0.691
"ZNF222",-0.0528,7.6146,-0.2679,0.7887,0.875
"ZNF223",-0.2731,8.0114,-1.4307,0.1525,0.3004
"AC084219.2",-0.1934,8.2445,-1.0739,0.2828,0.4567
"ZNF284",-0.1296,7.8297,-0.6529,0.5138,0.6724
"ZNF224",-0.008,9.5138,-0.0459,0.9634,0.9804
"ZNF225",0.0213,8.0336,0.1241,0.9012,0.946
"ZNF234",-0.0846,8.4399,-0.6001,0.5484,0.7
"ZNF226",0.1618,9.0841,1.0668,0.2861,0.4596
"ZNF227",-0.3839,9.0492,-2.5666,0.01027,0.0421
"ZNF233",0.1484,6.8249,0.4779,0.6328,0.7653
"ZNF235",-0.2004,8.4151,-1.3872,0.1654,0.3185
"ZNF112",-0.3723,7.9187,-1.7207,0.08531,0.1996
"ZNF285",0.3414,7.083,0.8566,0.3917,0.5648
"CTC-512J12.6",-0.1007,6.4414,-0.3721,0.7098,0.8203
"ZNF229",-0.1255,8.0117,-0.2833,0.777,0.8672
"ZNF180",-0.2963,8.6191,-1.6508,0.09877,0.2224
"PVR",0.3986,10.8351,1.4807,0.1387,0.2811
"CEACAM19",0.0751,8.637,0.2451,0.8064,0.887
"BCL3",-0.3888,11.2244,-1.1807,0.2377,0.407
"CBLC",-0.6461,8.9584,-1.3956,0.1628,0.3149
"BCAM",0.0446,12.9532,0.1251,0.9005,0.9455
"NECTIN2",-0.1139,11.8844,-0.5537,0.5798,0.7254
"TOMM40",-0.6251,10.4466,-2.856,0.00429,0.02169
"APOE",0.2794,12.5207,0.6754,0.4994,0.6603
"APOC1",1.404,11.354,3.2828,0.001028,0.007337
"APOC2",0.6396,8.3614,1.2123,0.2254,0.3929
"APOC4-APOC2",0.6547,8.3614,1.2419,0.2143,0.3801
"CLPTM1",-0.3569,12.2594,-2.012,0.04422,0.125
"RELB",-1.1244,10.0148,-3.1395,0.001692,0.01076
"CLASRP",-0.2242,9.9556,-1.1274,0.2596,0.431
"ZNF296",-0.9246,7.395,-3.486,0.0004903,0.004152
"GEMIN7",0.2838,9.1136,1.4425,0.1492,0.2957
"PPP1R37",-0.4078,10.3938,-2.3568,0.01843,0.06554
"NKPD1",-1.7977,6.4125,-3.3754,0.0007372,0.005698
"TRAPPC6A",-0.0257,9.4106,-0.1219,0.903,0.9469
"BLOC1S3",-0.534,9.309,-3.2223,0.001272,0.008667
"AC005779.2",-0.2582,6.3621,-1.2314,0.2182,0.3848
"EXOC3L2",0.2567,7.6868,0.8229,0.4106,0.5817
"MARK4",-0.3911,10.3135,-2.257,0.02401,0.07968
"KLC3",-0.8883,8.1975,-2.6414,0.008256,0.03561
"ERCC2",-0.3004,9.9496,-1.7385,0.08212,0.1938
"PPP1R13L",-0.2594,10.5318,-0.7933,0.4276,0.5983
"CD3EAP",-0.5027,9.7223,-3.3752,0.0007375,0.005698
"FOSB",1.2116,11.0735,1.7096,0.08733,0.2033
"ERCC1",-0.3647,11.1043,-2.9477,0.003201,0.01757
"RTN2",0.7268,8.5294,2.4981,0.01249,0.04886
"PPM1N",0.8874,7.3741,2.4322,0.01501,0.05628
"VASP",0.2363,12.0655,1.0973,0.2725,0.4462
"GPR4",-0.1493,8.455,-0.4996,0.6174,0.7535
"OPA3",-0.1171,10.0887,-0.5857,0.5581,0.7077
"EML2",0.0538,10.6979,0.21,0.8337,0.9043
"GIPR",1.6031,7.47,3.8361,0.000125,0.001393
"SNRPD2",-0.0188,11.9394,-0.0822,0.9345,0.9637
"QPCTL",-0.0912,8.9018,-0.4573,0.6475,0.7767
"FBXO46",-0.4522,9.6678,-2.6981,0.006974,0.03143
"SIX5",-0.2553,9.6876,-1.1096,0.2672,0.4394
"DMPK",0.3262,9.9199,1.2978,0.1944,0.3568
"AC011530.4",0.0628,8.1845,0.2727,0.7851,0.8727
"DMWD",-0.1722,10.0167,-1.0298,0.3031,0.4779
"SYMPK",-0.1212,11.714,-0.6831,0.4945,0.6566
"FOXA3",3.3586,7.171,6.0737,1.25e-09,8.209e-08
"IRF2BP1",-0.0165,9.8424,-0.0986,0.9214,0.9572
"MYPOP",-0.2544,8.357,-1.5072,0.1318,0.2718
"NOVA2",0.2667,8.1849,0.6538,0.5133,0.672
"CCDC61",0.2723,8.5049,1.6887,0.09127,0.2099
"IGFL4",-1.3688,6.1854,-2.0883,0.03677,0.1093
"IGFL2",-0.8355,6.8607,-0.9894,0.3225,0.4983
"IGFL1",-4.2124,6.3567,-4.3711,1.236e-05,0.0002109
"HIF3A",0.5545,8.8352,0.8057,0.4204,0.5911
"PPP5C",-0.0384,11.129,-0.2868,0.7742,0.8656
"CCDC8",-1.739,8.8228,-4.1764,2.961e-05,0.0004295
"PNMAL1",0.3366,8.4988,0.5963,0.551,0.7022
"PNMAL2",0.4299,7.8571,1.1188,0.2632,0.4353
"PPP5D1",0.0143,6.5136,0.0528,0.9579,0.9767
"CALM3",-0.0315,12.9446,-0.2006,0.841,0.9091
"PTGIR",0.0358,8.1379,0.1199,0.9045,0.9478
"DACT3",0.1815,8.3059,0.6203,0.535,0.6897
"PRKD2",-0.3771,11.1166,-2.5414,0.01104,0.04449
"STRN4",-0.2811,11.6087,-1.6284,0.1034,0.2304
"FKRP",-0.5431,9.4255,-3.1533,0.001615,0.01039
"SLC1A5",-0.8312,12.5749,-3.5582,0.0003733,0.003349
"AP2S1",-0.3009,11.2336,-1.6522,0.09849,0.222
"ARHGAP35",-0.3117,11.9321,-1.4641,0.1432,0.2874
"NPAS1",0.2063,6.8858,0.7038,0.4816,0.645
"TMEM160",0.298,7.6689,1.338,0.1809,0.3393
"ZC3H4",-0.2422,10.7016,-1.3178,0.1876,0.348
"SAE1",-0.5242,11.6906,-3.5912,0.0003292,0.003041
"BBC3",0.4681,8.3502,1.8405,0.06569,0.1648
"CCDC9",0.0372,9.812,0.1657,0.8684,0.9254
"INAFM1",-0.1656,8.3924,-0.8376,0.4023,0.5743
"C5AR1",0.0762,10.1015,0.2397,0.8106,0.8899
"C5AR2",2.0586,8.124,5.7582,8.501e-09,4.282e-07
"DHX34",-0.4155,9.8029,-1.7112,0.08705,0.2029
"MEIS3",0.017,7.8394,0.0607,0.9516,0.9726
"SLC8A2",1.8664,6.4905,2.5929,0.009516,0.03974
"KPTN",-0.2279,8.5488,-1.0973,0.2725,0.4462
"NAPA",-0.2199,12.0995,-1.5102,0.131,0.2708
"ZNF541",0.8782,6.4074,1.9842,0.04724,0.1309
"GLTSCR1",-0.1767,9.3532,-0.7607,0.4468,0.6149
"EHD2",0.0144,12.3925,0.0512,0.9592,0.9776
"GLTSCR2",0.1585,12.617,0.8113,0.4172,0.5883
"SELENOW",1.0174,12.5278,3.8571,0.0001147,0.001304
"PLA2G4C",-0.3692,8.4773,-1.0315,0.3023,0.4771
"LIG1",-0.4141,10.215,-1.8524,0.06397,0.1617
"C19orf68",-0.278,8.5445,-1.1547,0.2482,0.4189
"CARD8",0.2608,10.2067,1.5509,0.1209,0.2567
"ZNF114",0.3553,6.985,0.6284,0.5297,0.6854
"CCDC114",1.5043,7.6302,2.4937,0.01264,0.04935
"EMP3",-0.0488,10.3452,-0.1672,0.8672,0.9251
"TMEM143",0.4584,8.1738,2.2945,0.02176,0.07419
"KDELR1",0.0632,12.7117,0.3155,0.7524,0.8506
"GRIN2D",0.2125,7.5667,0.3974,0.6911,0.8071
"GRWD1",-0.0851,10.4679,-0.5384,0.5903,0.7333
"KCNJ14",-0.6875,7.2887,-2.043,0.04105,0.1182
"CTC-273B12.7",0.1763,8.8077,0.9554,0.3394,0.514
"CYTH2",0.1388,11.3021,0.8649,0.3871,0.5605
"LMTK3",0.4017,8.3841,1.1376,0.2553,0.4262
"SULT2B1",1.0297,9.0629,1.9898,0.04661,0.1296
"SPACA4",0.372,6.4509,0.7335,0.4632,0.6291
"FAM83E",0.8499,9.4264,1.8995,0.0575,0.1502
"RPL18",-0.002,14.0374,-0.0094,0.9925,0.9958
"SPHK2",-0.3318,9.3414,-1.8924,0.05844,0.1521
"DBP",-0.4902,9.2525,-2.2325,0.02558,0.08346
"CA11",0.1018,8.6315,0.3111,0.7557,0.8529
"NTN5",-1.4876,6.2867,-3.4756,0.0005096,0.004263
"FUT2",0.7109,8.5664,1.5865,0.1126,0.2436
"MAMSTR",-0.0473,7.1524,-0.1181,0.906,0.9484
"RASIP1",0.408,9.2092,1.2384,0.2156,0.3815
"IZUMO1",-1.2965,6.2548,-2.1774,0.02945,0.09273
"FUT1",-0.6466,8.7956,-2.0918,0.03646,0.1086
"BCAT2",0.0184,10.5036,0.1103,0.9122,0.9519
"HSD17B14",1.2684,8.6282,3.3218,0.0008945,0.006625
"PLEKHA4",-0.4398,9.491,-1.5542,0.1201,0.2553
"PPP1R15A",-0.3703,11.9555,-1.0947,0.2737,0.4471
"NUCB1",-0.1147,13.5719,-0.8376,0.4023,0.5743
"DHDH",0.779,6.8873,2.2176,0.02658,0.08592
"BAX",-0.0334,10.7613,-0.2239,0.8229,0.897
"FTL",0.8461,16.7273,2.9824,0.00286,0.01619
"GYS1",-0.7229,11.0827,-3.9575,7.574e-05,0.0009276
"RUVBL2",-0.2278,11.3547,-1.0779,0.2811,0.4549
"CGB7",-1.4167,6.5519,-2.6989,0.006958,0.03138
"NTF4",-0.8027,7.4058,-1.9597,0.05004,0.136
"CTB-60B18.23",-1.1278,6.9073,-2.7315,0.006306,0.02909
"SNRNP70",-0.2058,12.0354,-1.0945,0.2737,0.4472
"LIN7B",0.0223,7.5319,0.0833,0.9336,0.9634
"C19orf73",-0.2479,6.6351,-0.8446,0.3984,0.5711
"PPFIA3",-0.4009,8.603,-1.2681,0.2048,0.3693
"HRC",1.891,6.7586,4.5066,6.587e-06,0.0001267
"TRPM4",0.425,10.6226,1.4718,0.1411,0.2843
"SLC6A16",0.4792,7.1376,1.3069,0.1912,0.3526
"CD37",-0.2369,10.4636,-0.9248,0.3551,0.5295
"TEAD2",-0.0524,10.7953,-0.2097,0.8339,0.9043
"DKKL1",0.233,6.4527,0.525,0.5996,0.7403
"CCDC155",1.7874,6.1982,2.3356,0.01951,0.06836
"SLC17A7",-0.0665,6.7046,-0.1266,0.8993,0.9447
"PIH1D1",0.1715,10.7648,1.3789,0.1679,0.3221
"ALDH16A1",-0.4933,10.2645,-2.4104,0.01594,0.05875
"FLT3LG",-0.4256,8.2269,-1.8567,0.06335,0.1606
"CTD-3148I10.9",-0.3884,8.2416,-2.4148,0.01574,0.05817
"RPL13A",0.3564,13.7394,1.4642,0.1431,0.2874
"RPS11",0.3778,14.4746,1.476,0.1399,0.2826
"FCGRT",0.6569,12.1945,3.3287,0.0008726,0.006498
"RCN3",-0.1535,9.5736,-0.477,0.6334,0.7657
"NOSIP",0.1826,10.3651,0.9681,0.333,0.5078
"PRRG2",0.5467,8.5515,2.6183,0.008836,0.03745
"PRR12",-0.2135,10.9086,-0.8924,0.3722,0.5468
"RRAS",0.2635,10.8738,0.8586,0.3906,0.564
"SCAF1",-0.1226,11.3849,-0.5613,0.5746,0.7212
"IRF3",-0.049,10.9022,-0.2701,0.7871,0.8738
"BCL2L12",-0.161,9.4131,-0.8024,0.4223,0.593
"PRMT1",-0.484,11.9101,-2.6252,0.00866,0.03693
"ADM5",-0.9527,6.9609,-2.9086,0.00363,0.01926
"CPT1C",0.1844,7.9313,0.3558,0.722,0.8291
"TSKS",-0.2715,6.3413,-0.473,0.6362,0.7681
"AP2A1",-0.1554,11.7538,-0.9838,0.3252,0.501
"FUZ",0.2493,9.4076,1.3789,0.1679,0.3221
"MED25",0.1044,10.7521,0.5375,0.5909,0.7335
"PTOV1",-0.1357,11.6622,-0.7399,0.4594,0.6257
"PNKP",-0.0667,10.8188,-0.4171,0.6766,0.7971
"AKT1S1",-0.1948,10.7102,-0.9356,0.3495,0.5244
"TBC1D17",-0.5277,10.6964,-2.8693,0.004114,0.02105
"IL4I1",-0.4337,9.1822,-1.6379,0.1015,0.2271
"NUP62",-0.4607,11.5365,-2.842,0.004483,0.02241
"ATF5",-0.6471,10.8197,-2.1127,0.03463,0.1046
"CTC-326K19.6",-0.3708,8.6756,-2.0572,0.03967,0.1155
"SIGLEC11",0.6112,7.0157,1.3595,0.174,0.33
"VRK3",0.0168,10.2434,0.1229,0.9022,0.9464
"ZNF473",-0.2592,8.9717,-1.22,0.2225,0.3897
"MYH14",0.1852,12.953,0.5004,0.6168,0.7532
"KCNC3",0.2503,8.7034,0.7754,0.4381,0.6073
"NAPSA",3.9058,12.9883,5.7857,7.219e-09,3.773e-07
"NR1H2",-0.0066,11.5591,-0.0348,0.9722,0.985
"POLD1",-0.294,10.22,-1.3527,0.1762,0.3326
"CTD-2545M3.6",-1.5986,8.4807,-4.5182,6.237e-06,0.0001217
"SPIB",-3.2896,7.7828,-4.76,1.936e-06,4.48e-05
"MYBPC2",-1.3431,6.6468,-2.5592,0.01049,0.04281
"FAM71E1",-0.3991,8.1715,-1.5324,0.1254,0.2633
"EMC10",-0.1257,12.5243,-0.9238,0.3556,0.5301
"JOSD2",-0.1353,9.2818,-0.7402,0.4592,0.6256
"LRRC4B",-0.3393,7.3419,-0.675,0.4997,0.6605
"SYT3",-0.037,6.6766,-0.0678,0.9459,0.97
"SHANK1",0.449,6.4374,1.0785,0.2808,0.4547
"CLEC11A",-0.035,8.4378,-0.145,0.8847,0.9357
"C19orf48",-0.5627,10.3862,-2.4642,0.01373,0.05259
"KLK1",-1.4576,6.8505,-2.6004,0.00931,0.03903
"KLK5",-0.2911,6.8328,-0.331,0.7406,0.843
"KLK6",0.7491,6.8464,0.6639,0.5068,0.6669
"KLK7",-2.0145,7.4439,-2.6329,0.008467,0.03632
"KLK8",2.2901,6.8859,2.0082,0.04462,0.1257
"CTC-518B2.8",2.1261,6.6853,1.8867,0.0592,0.1535
"KLK10",-1.1224,8.9892,-1.7967,0.07239,0.1769
"KLK11",0.1832,8.9114,0.2731,0.7848,0.8726
"KLK12",-0.0922,6.5355,-0.1191,0.9052,0.9481
"KLK13",-2.4787,6.8522,-3.569,0.0003583,0.003243
"KLK14",-0.9215,6.3265,-1.5428,0.1229,0.2595
"CTU1",-0.259,7.3254,-1.0215,0.307,0.4816
"SIGLEC9",0.1833,7.8592,0.5453,0.5855,0.73
"SIGLEC7",0.2407,7.7419,0.7097,0.4779,0.6415
"CD33",0.4837,8.1314,1.3408,0.18,0.338
"IGLON5",0.2791,6.5111,0.5013,0.6162,0.7529
"VSIG10L",0.8049,8.258,1.4431,0.149,0.2955
"ETFB",0.2091,11.0919,0.9017,0.3672,0.5419
"CTD-2616J11.11",0.2327,9.9893,0.9885,0.3229,0.4985
"CLDND2",0.1103,6.4649,0.4042,0.686,0.8031
"NKG7",-0.3773,8.7979,-0.9164,0.3595,0.5341
"SIGLEC10",-0.4088,8.6783,-1.1669,0.2432,0.413
"SIGLEC8",0.1572,7.2758,0.3767,0.7064,0.8177
"SIGLEC12",-0.506,7.0384,-0.7573,0.4489,0.6169
"SIGLEC6",-0.0961,6.915,-0.25,0.8026,0.8841
"ZNF175",-0.1001,8.5645,-0.6018,0.5473,0.699
"SIGLEC5",-0.0056,7.5158,-0.0151,0.9879,0.9937
"SIGLEC14",-0.4277,8.0634,-1.0182,0.3086,0.4834
"AC018755.18",-0.0355,7.6207,-0.0981,0.9218,0.9573
"SPACA6",0.0829,7.446,0.3011,0.7634,0.8584
"HAS1",0.4281,7.0568,0.6225,0.5336,0.6884
"FPR2",-0.014,7.8641,-0.0304,0.9757,0.9867
"FPR1",0.4103,9.1702,1.0817,0.2794,0.4531
"FPR3",-0.061,9.9889,-0.1696,0.8653,0.9236
"ZNF577",0.4773,8.2605,1.618,0.1057,0.2335
"ZNF649",0.1762,8.5369,0.6572,0.5111,0.6701
"ZNF613",0.5121,8.1199,2.6165,0.008884,0.03762
"ZNF350",0.2162,8.6224,0.9318,0.3514,0.5263
"ZNF615",0.332,8.5369,1.4709,0.1413,0.2846
"ZNF614",0.2267,8.8084,0.8429,0.3993,0.5721
"ZNF432",0.1681,8.9365,0.8429,0.3993,0.5721
"ZNF841",0.0683,8.8558,0.2925,0.7699,0.8631
"ZNF616",0.0868,8.8747,0.5077,0.6117,0.7496
"ZNF836",0.0251,8.2183,0.1378,0.8904,0.9388
"PPP2R1A",-0.1853,13.0971,-1.268,0.2048,0.3693
"ZNF766",-0.0367,9.558,-0.2218,0.8245,0.8979
"ZNF480",0.0234,9.383,0.14,0.8886,0.9376
"ZNF610",0.112,7.4124,0.3191,0.7497,0.8487
"ZNF880",1.1876,8.2769,3.4366,0.0005891,0.004745
"ZNF528",0.2086,8.9906,0.7541,0.4508,0.6185
"ZNF578",0.0647,6.5446,0.1245,0.9009,0.9458
"ZNF808",0.356,8.7381,1.7961,0.07249,0.1771
"ZNF701",0.3149,8.7721,1.5039,0.1326,0.2729
"ZNF83",0.1126,9.891,0.5131,0.6079,0.7465
"ZNF611",0.1135,8.7108,0.6552,0.5123,0.6712
"ZNF600",0.202,8.803,0.9076,0.3641,0.5386
"ZNF28",0.219,9.5512,1.1098,0.2671,0.4393
"ZNF468",0.3559,9.5169,1.6735,0.09423,0.2149
"ZNF320",0.3406,9.4306,1.0154,0.3099,0.4848
"ZNF888",0.1487,9.008,0.5218,0.6018,0.7419
"CTD-2331H12.8",0.4607,8.1433,1.4353,0.1512,0.2984
"ZNF816-ZNF321P",0.5607,7.488,2.1126,0.03463,0.1046
"ZNF816",0.4448,8.4689,1.9804,0.04765,0.1316
"ZNF160",-0.4004,10.0069,-2.1416,0.03222,0.09926
"ZNF415",0.8316,8.0513,2.5228,0.01164,0.04621
"ZNF347",0.4268,8.8171,1.4879,0.1368,0.2783
"ZNF665",0.5263,7.2807,1.9314,0.05344,0.1427
"ZNF677",0.0919,8.3397,0.1855,0.8528,0.9164
"ZNF845",-0.0037,8.8286,-0.0223,0.9822,0.9907
"ZNF525",-0.2803,8.8183,-1.5677,0.1169,0.2504
"ZNF765",-0.1702,8.9963,-1.0326,0.3018,0.4767
"ZNF761",-0.2109,9.3774,-1.2305,0.2185,0.385
"ZNF813",0.0294,8.456,0.1391,0.8894,0.9381
"ZNF331",0.6423,10.0608,2.0293,0.04242,0.121
"NLRP12",2.2999,6.8681,4.6674,3.05e-06,6.609e-05
"MYADM",0.5695,12.2891,1.6626,0.09639,0.2184
"CACNG6",2.1645,6.6719,2.7635,0.005719,0.02699
"OSCAR",0.1806,8.9746,0.4681,0.6397,0.7705
"NDUFA3",0.4809,10.2892,2.5346,0.01126,0.04512
"TFPT",0.0121,9.1546,0.0719,0.9427,0.9684
"PRPF31",-0.3477,10.9994,-2.5947,0.009467,0.03956
"CNOT3",-0.473,10.9559,-2.4305,0.01508,0.05642
"LENG1",-0.1493,9.0776,-1.0733,0.2831,0.457
"TMC4",1.1754,11.1553,3.8557,0.0001154,0.001307
"MBOAT7",-0.3245,11.4557,-1.5863,0.1127,0.2436
"TSEN34",-0.2179,10.719,-1.4015,0.1611,0.3126
"LILRB3",-0.1478,8.8118,-0.4254,0.6706,0.7928
"LILRA6",0.1064,8.0955,0.2745,0.7837,0.8719
"RPS9",0.4973,14.1897,2.3171,0.0205,0.07104
"LILRB5",0.2475,8.2208,0.6295,0.529,0.6849
"LILRB2",-0.3096,8.8812,-0.9793,0.3274,0.5031
"LILRA5",-0.0023,7.9808,-0.0065,0.9948,0.997
"LILRA4",0.0058,6.73,0.0124,0.9901,0.9946
"LAIR1",0.1646,10.2113,0.4911,0.6233,0.7585
"TTYH1",-0.7874,6.5794,-1.5036,0.1327,0.2729
"LENG8",-0.1513,11.892,-0.5573,0.5773,0.7234
"LENG9",0.0026,8.5566,0.0119,0.9905,0.9948
"CDC42EP5",0.7002,7.9969,1.9743,0.04835,0.1329
"LAIR2",0.9709,6.3245,1.7694,0.07683,0.1848
"LILRA2",1.3666,7.8203,3.0598,0.002215,0.01331
"LILRA1",-0.1814,7.1397,-0.5341,0.5933,0.7352
"LILRB1",-0.4627,8.7852,-1.3576,0.1746,0.3306
"LILRB4",-0.2364,9.5401,-0.5678,0.5702,0.7176
"KIR2DL3",-2.1882,6.2164,-2.7793,0.005447,0.02593
"KIR2DL4",-1.3594,6.3716,-2.2883,0.02212,0.07504
"KIR3DL1",-2.2353,6.2297,-2.8142,0.004891,0.02392
"KIR3DL2",-1.9239,6.2413,-3.0956,0.001964,0.01212
"FCAR",-0.4467,6.5981,-0.8214,0.4114,0.5825
"NCR1",-1.8916,6.3669,-3.1423,0.001676,0.0107
"NLRP7",-2.225,6.5626,-3.7799,0.0001569,0.001666
"NLRP2",-0.0938,9.314,-0.1306,0.8961,0.9423
"GP6",0.5029,6.2358,1.054,0.2919,0.4661
"RDH13",-0.005,9.4151,-0.0208,0.9834,0.991
"EPS8L1",0.1739,9.6725,0.4253,0.6706,0.7928
"PPP1R12C",-0.0283,10.9359,-0.1494,0.8812,0.9337
"TNNT1",0.3424,8.2587,0.5349,0.5927,0.7347
"TNNI3",0.9284,6.8612,1.2329,0.2176,0.3839
"CTD-2587H24.4",1.1789,7.2027,1.9417,0.05217,0.1402
"DNAAF3",1.3709,7.7131,2.3351,0.01954,0.06841
"SYT5",0.5913,6.5423,0.698,0.4852,0.6483
"PTPRH",1.4573,8.049,2.3339,0.0196,0.06856
"TMEM86B",-0.6518,7.8191,-2.8611,0.004221,0.02142
"PPP6R1",-0.2783,11.9737,-1.6471,0.09953,0.2236
"HSPBP1",-0.2709,10.422,-1.2817,0.2,0.3632
"BRSK1",0.1446,7.5972,0.347,0.7286,0.834
"TMEM150B",0.2251,7.5822,0.5981,0.5497,0.7012
"KMT5C",-0.2713,8.6165,-1.0784,0.2809,0.4547
"COX6B2",-3.2602,6.7682,-4.7004,2.597e-06,5.725e-05
"IL11",-1.4858,6.8687,-2.886,0.003902,0.02031
"TMEM190",1.7122,7.0336,2.2755,0.02288,0.07692
"TMEM238",0.9329,7.412,2.8909,0.003841,0.02006
"RPL28",-0.2225,14.1873,-1.0369,0.2998,0.4743
"UBE2S",-0.8768,9.1013,-2.6163,0.008888,0.03762
"ISOC2",-0.2622,10.4082,-1.7321,0.08326,0.1959
"ZNF628",-0.4708,8.3886,-1.918,0.05511,0.1459
"NAT14",0.1232,8.969,0.4502,0.6526,0.7804
"SSC5D",0.158,9.5766,0.4506,0.6522,0.7801
"SBK3",1.9505,6.2243,3.3251,0.0008838,0.006565
"ZNF579",-0.1619,8.7131,-0.6642,0.5066,0.6667
"FIZ1",-0.3907,9.4403,-2.4332,0.01497,0.05616
"ZNF524",0.509,9.0417,2.5538,0.01066,0.04327
"ZNF865",-0.2443,9.3929,-1.0702,0.2845,0.4581
"ZNF784",-0.2025,8.4194,-1.0468,0.2952,0.4692
"ZNF580",-0.1561,9.137,-0.9193,0.3579,0.5326
"ZNF581",-0.2183,9.2914,-1.2585,0.2082,0.3734
"CCDC106",0.0016,8.8507,0.007,0.9944,0.9968
"U2AF2",-0.3296,12.2016,-2.3316,0.01972,0.06891
"EPN1",-0.2316,12.0561,-1.1832,0.2367,0.4059
"ZNF787",-0.1132,9.8883,-0.574,0.566,0.7142
"ZNF444",0.2397,10.1122,1.3544,0.1756,0.3319
"AC006116.20",-3.666,6.605,-8.7379,2.376e-18,1.44e-15
"ZSCAN5A",-0.5734,8.0933,-2.6556,0.007916,0.03449
"ZNF582",0.0696,7.2733,0.2538,0.7997,0.8818
"ZNF583",0.1074,7.798,0.5101,0.61,0.7482
"ZNF667",-0.4066,7.5924,-0.8566,0.3917,0.5648
"ZNF471",-0.1536,7.941,-0.4038,0.6863,0.8032
"ZFP28",-0.1959,8.3859,-0.7916,0.4286,0.5989
"ZNF470",0.0375,8.1906,0.1385,0.8899,0.9383
"ZNF71",-0.3054,8.6711,-1.4783,0.1393,0.2818
"ZNF835",1.0843,6.7931,2.7201,0.006525,0.02983
"PEG3",1.1292,7.7269,3.9734,7.084e-05,0.0008758
"ZIM2",1.6873,6.209,3.1388,0.001697,0.01077
"ZNF264",-0.0582,10.3119,-0.3346,0.738,0.8408
"AURKC",-0.1957,6.7195,-0.6626,0.5076,0.6675
"ZNF805",0.1219,7.4721,0.4529,0.6506,0.7791
"ZNF460",-0.5491,7.5475,-2.1641,0.03045,0.09523
"ZNF543",-0.4504,8.1798,-2.1889,0.0286,0.09079
"ZNF304",-0.4695,9.1308,-2.3879,0.01695,0.06158
"TRAPPC2B",-0.0802,8.3529,-0.3691,0.712,0.8217
"ZNF547",-0.1662,7.6251,-0.8315,0.4057,0.5771
"AC003002.4",-0.0331,7.2797,-0.1604,0.8726,0.9282
"ZNF548",-0.2509,9.1658,-1.3659,0.172,0.3273
"AC003002.6",-0.2602,7.3042,-1.3276,0.1843,0.3437
"ZNF17",-0.3459,8.1634,-2.1,0.03573,0.107
"AC004076.7",0.6001,6.7415,1.259,0.208,0.3732
"ZNF749",0.1064,7.8391,0.4445,0.6567,0.7834
"VN1R1",-0.2716,6.7975,-0.8735,0.3824,0.5564
"AC004076.9",-0.0627,6.6729,-0.2447,0.8067,0.8872
"ZNF772",-0.3902,8.5979,-1.6632,0.09626,0.2183
"ZNF419",-0.2804,8.6894,-1.5598,0.1188,0.2532
"AC003005.4",0.0983,6.8696,0.5466,0.5847,0.7291
"ZNF773",-0.2448,8.198,-1.4147,0.1571,0.3073
"ZNF549",-0.3673,8.5632,-1.6396,0.1011,0.2265
"ZNF550",-0.077,8.7527,-0.4652,0.6418,0.772
"ZNF416",-0.4124,8.0316,-2.2332,0.02553,0.08339
"ZIK1",-0.6813,7.9895,-1.7359,0.08259,0.1946
"ZNF530",-0.4063,7.7589,-2.0259,0.04277,0.1218
"ZNF134",-0.6079,9.6196,-3.3666,0.0007609,0.005842
"ZNF211",-0.292,8.7432,-1.3446,0.1787,0.3363
"ZNF154",0.4689,7.7567,1.1784,0.2386,0.4081
"ZNF551",-0.3496,8.4942,-1.9008,0.05733,0.1499
"ZNF671",0.5924,8.0085,2.0182,0.04357,0.1236
"AC003006.7",0.0916,7.1715,0.4398,0.6601,0.7853
"ZNF776",-0.0494,9.4147,-0.3194,0.7495,0.8485
"ZNF552",0.8244,8.7241,3.0483,0.002302,0.01372
"ZNF586",0.0265,8.5755,0.1325,0.8946,0.9415
"ZNF587B",0.1047,8.6218,0.5419,0.5879,0.7317
"CTD-2583A14.10",0.1921,7.508,0.9347,0.3499,0.5247
"ZNF587",-0.0716,9.8514,-0.3882,0.6979,0.8125
"ZNF814",-0.0998,9.5168,-0.4836,0.6287,0.7623
"CTD-2583A14.9",-0.2243,7.2398,-0.8207,0.4118,0.5829
"ZNF417",0.1158,8.5991,0.618,0.5365,0.6905
"ZNF418",1.0296,7.3329,2.3353,0.01953,0.06838
"ZNF256",-0.5096,7.9634,-2.1506,0.03151,0.09763
"C19orf18",0.5842,6.394,1.6075,0.108,0.2368
"ZNF606",0.0781,8.9006,0.4488,0.6536,0.7811
"ZNF135",0.0332,9.5925,0.0944,0.9248,0.9586
"ZSCAN18",0.1651,10.312,0.4885,0.6252,0.7599
"ZNF329",-0.0943,8.878,-0.4793,0.6317,0.7647
"ZNF274",0.2726,9.984,1.5836,0.1133,0.2446
"ZNF544",0.0267,9.9234,0.136,0.8918,0.9396
"ZNF8",-0.1859,9.0397,-1.0289,0.3035,0.4782
"CTD-3138B18.4",0.2026,10.2478,1.2474,0.2123,0.3781
"AC010642.1",0.1909,10.1143,1.1905,0.2338,0.4024
"ERVK3-1",0.1781,10.3119,1.1844,0.2363,0.4053
"ZSCAN22",-0.0324,8.0751,-0.2318,0.8167,0.893
"A1BG",0.6931,7.8831,1.675,0.09394,0.2145
"ZNF497",-0.2455,8.1118,-1.1167,0.2641,0.436
"ZNF837",-0.1086,7.1373,-0.3522,0.7247,0.8312
"RPS5",0.3384,13.9108,1.32,0.1868,0.347
"ZNF584",-0.3672,8.5302,-1.9477,0.05145,0.1389
"ZNF132",-0.2789,7.8252,-1.0099,0.3126,0.4877
"ZNF324B",-0.2003,8.0519,-1.13,0.2585,0.4299
"ZNF324",-0.3275,8.8937,-1.9456,0.0517,0.1394
"ZNF446",-0.1181,9.0692,-0.7557,0.4498,0.6179
"SLC27A5",-0.2314,8.6877,-1.2033,0.2289,0.3973
"ZBTB45",-0.109,9.1727,-0.608,0.5432,0.6954
"TRIM28",-0.3777,13.2078,-2.0532,0.04005,0.1164
"CHMP2A",0.1604,11.6818,1.0692,0.285,0.4585
"UBE2M",-0.0373,10.6017,-0.2161,0.8289,0.9012
"MZF1",0.2569,9.4486,1.1386,0.2549,0.4258
"FAM110C",-1.1765,8.9782,-2.8712,0.004089,0.02097
"SH3YL1",0.5592,10.774,2.1639,0.03048,0.09528
"ACP1",-0.0101,11.2871,-0.0555,0.9557,0.9756
"ALKAL2",-1.7609,7.1625,-3.3205,0.0008984,0.006645
"TMEM18",-0.0144,9.7986,-0.0754,0.9399,0.9666
"SNTG2",-1.3936,6.1934,-2.0964,0.03605,0.1077
"TPO",-0.7642,6.3094,-1.248,0.212,0.3778
"PXDN",-1.2046,11.7062,-3.2954,0.0009828,0.007105
"TSSC1",-0.1117,9.9719,-0.6648,0.5062,0.6665
"TRAPPC12",-0.0407,10.4213,-0.2887,0.7728,0.8647
"ADI1",0.3722,11.7343,2.0808,0.03745,0.1107
"RP13-512J5.1",-0.3197,7.3263,-2.1419,0.0322,0.09923
"RNASEH1",-0.2298,9.2227,-1.4367,0.1508,0.298
"RPS7",0.1753,12.1181,0.6449,0.519,0.6766
"COLEC11",-0.6022,7.0293,-1.5723,0.1159,0.2488
"SOX11",0.8837,6.8507,1.1851,0.236,0.405
"CMPK2",-0.2493,9.338,-0.6554,0.5122,0.6711
"RSAD2",-0.9423,9.6642,-2.1366,0.03263,0.1002
"RNF144A",0.1988,9.7043,0.6802,0.4964,0.6581
"ID2",0.4814,10.7536,1.7457,0.08087,0.1916
"KIDINS220",-0.0975,11.7893,-0.4883,0.6254,0.76
"MBOAT2",0.0345,10.6462,0.1229,0.9022,0.9464
"ASAP2",-0.94,10.6113,-3.4678,0.0005247,0.004374
"ITGB1BP1",-0.444,11.1401,-2.2588,0.0239,0.07936
"CPSF3",-0.2189,10.5052,-1.4293,0.1529,0.301
"IAH1",-0.1314,10.9805,-0.6272,0.5306,0.6862
"ADAM17",-0.7113,11.3925,-3.119,0.001815,0.01137
"YWHAQ",-0.5082,13.25,-3.0892,0.002007,0.01233
"TAF1B",-0.2345,9.1453,-1.2171,0.2236,0.3906
"GRHL1",-0.7255,9.422,-1.7255,0.08444,0.1979
"KLF11",-0.2765,10.2365,-1.3561,0.1751,0.3313
"CYS1",1.923,8.2777,3.9138,9.085e-05,0.001073
"RRM2",-0.3412,10.0925,-0.8871,0.375,0.5497
"HPCAL1",0.6812,11.3744,2.7319,0.006297,0.02905
"ODC1",-0.3035,12.2293,-0.8504,0.3951,0.5681
"NOL10",-0.5172,10.155,-3.1371,0.001706,0.01081
"ATP6V1C2",-0.5279,12.473,-2.8942,0.003801,0.0199
"PDIA6",-0.5505,13.6726,-3.2056,0.001348,0.009073
"KCNF1",0.854,6.4919,1.5146,0.1299,0.2693
"C2orf50",2.1373,6.5855,3.5118,0.0004451,0.003835
"PQLC3",0.5802,10.101,2.4867,0.01289,0.05018
"ROCK2",0.4663,11.2785,2.2705,0.02317,0.07757
"E2F6",-0.1454,9.0673,-0.8246,0.4096,0.5812
"GREB1",1.0019,7.549,2.4064,0.01611,0.0592
"LPIN1",0.6485,10.277,2.0151,0.04389,0.1243
"TRIB2",-0.9756,10.9704,-4.499,6.828e-06,0.0001304
"FAM84A",-2.8477,9.6611,-5.6957,1.229e-08,5.836e-07
"NBAS",0.0649,10.9729,0.4144,0.6786,0.7981
"DDX1",-0.1111,11.9328,-0.7384,0.4603,0.6265
"MYCN",-1.6021,7.0552,-3.0485,0.0023,0.01372
"FAM49A",-0.7609,9.6506,-2.4041,0.01621,0.05943
"VSNL1",-4.4743,8.3062,-10.6308,2.143e-26,5.936e-23
"GEN1",-0.9787,9.0368,-3.7802,0.0001567,0.001665
"SMC6",-0.8995,10.351,-3.9612,7.459e-05,0.0009168
"KCNS3",0.0255,10.4845,0.0774,0.9383,0.9655
"RDH14",0.0943,9.4887,0.8363,0.403,0.5749
"NT5C1B-RDH14",0.087,7.8604,0.727,0.4672,0.6324
"NT5C1B",-0.47,6.7545,-1.4715,0.1412,0.2843
"OSR1",0.4837,8.1918,1.1969,0.2313,0.3999
"TTC32",0.4884,8.08,1.783,0.07458,0.1808
"WDR35",0.1291,9.4467,0.5356,0.5922,0.7343
"MATN3",0.0429,8.8443,0.1179,0.9062,0.9484
"LAPTM4A",0.1986,13.4491,1.2669,0.2052,0.3698
"SDC1",-1.056,14.1799,-3.5752,0.0003499,0.00319
"PUM2",-0.3093,12.3782,-2.4571,0.014,0.05336
"RHOB",0.999,13.0479,2.5786,0.009921,0.04101
"HS1BP3",-0.0127,10.3514,-0.0912,0.9273,0.96
"GDF7",0.4939,6.9397,1.0758,0.282,0.456
"LDAH",-0.3733,9.5542,-2.2782,0.02271,0.07654
"APOB",1.9243,6.2816,3.6786,0.0002345,0.002307
"KLHL29",-0.5765,8.7892,-1.682,0.09258,0.2122
"ATAD2B",-0.3437,9.5339,-1.8379,0.06608,0.1656
"UBXN2A",-0.4505,9.7856,-2.915,0.003557,0.019
"WDCP",-0.4434,8.7442,-2.3511,0.01872,0.06635
"MFSD2B",0.2689,8.0869,0.9352,0.3497,0.5246
"FKBP1B",1.0342,8.1024,2.5304,0.01139,0.04549
"SF3B6",-0.1896,10.8665,-1.1185,0.2634,0.4354
"TP53I3",0.8955,10.1633,3.0403,0.002364,0.01397
"PFN4",0.8671,6.4833,2.931,0.003378,0.01831
"FAM228B",0.609,8.6569,3.268,0.001083,0.007625
"RP11-507M3.1",0.6177,7.3876,2.8849,0.003915,0.02033
"FAM228A",0.0097,6.3484,0.0221,0.9824,0.9907
"ITSN2",0.1228,11.1885,0.6327,0.5269,0.6836
"NCOA1",-0.2488,11.2657,-1.3369,0.1813,0.3397
"PTRHD1",0.4261,9.5099,2.052,0.04017,0.1165
"CENPO",-0.4354,10.6238,-2.2811,0.02254,0.07611
"ADCY3",-0.6306,11.0963,-2.5439,0.01096,0.04425
"DNAJC27",-0.2289,8.353,-1.3639,0.1726,0.3282
"EFR3B",1.5739,8.3881,3.4831,0.0004956,0.004181
"POMC",-2.8386,7.1031,-4.6603,3.157e-06,6.831e-05
"DNMT3A",-0.3048,10.606,-1.2325,0.2178,0.3841
"DTNB",-1.0062,9.5402,-5.6807,1.341e-08,6.244e-07
"ASXL2",-0.2133,10.9347,-1.5975,0.1102,0.2403
"KIF3C",-0.2394,9.3634,-0.7316,0.4644,0.6301
"RAB10",-0.2591,12.6598,-1.1412,0.2538,0.4248
"GAREM2",-0.236,8.3818,-0.7126,0.4761,0.6399
"HADHA",-0.0355,12.5659,-0.3272,0.7435,0.8451
"HADHB",0.1619,11.8009,1.3988,0.1619,0.3136
"ADGRF3",-0.3444,6.9161,-1.4419,0.1493,0.2959
"SELENOI",-0.2973,10.783,-1.2966,0.1948,0.357
"DRC1",2.4432,7.2804,3.2939,0.000988,0.007124
"OTOF",-0.8359,6.5172,-1.5288,0.1263,0.2647
"C2orf70",1.2968,6.5066,1.8837,0.0596,0.1543
"KCNK3",1.6791,8.9386,3.3914,0.0006954,0.005434
"SLC35F6",-0.2662,11.0372,-1.8007,0.07175,0.1759
"CENPA",-0.5913,8.2282,-2.082,0.03734,0.1105
"MAPRE3",-0.4118,9.4478,-1.481,0.1386,0.2811
"TMEM214",-0.0849,11.8858,-0.4969,0.6193,0.755
"AGBL5",0.1501,10.9817,0.9692,0.3325,0.5074
"OST4",0.4653,11.9101,2.0831,0.03725,0.1103
"EMILIN1",-0.3291,11.2158,-1.0122,0.3114,0.4864
"KHK",-0.3802,8.4074,-1.2446,0.2133,0.3793
"CGREF1",-0.1484,8.1187,-0.3577,0.7206,0.8281
"ABHD1",-0.3584,6.9411,-1.0804,0.2799,0.4537
"PREB",-0.0594,11.0586,-0.3314,0.7404,0.8427
"SLC5A6",-1.1394,10.403,-5.4783,4.294e-08,1.736e-06
"ATRAID",0.2353,11.8521,1.3785,0.168,0.3222
"CAD",-0.6413,11.0512,-2.4721,0.01343,0.05176
"SLC30A3",-1.7641,6.6153,-3.1378,0.001702,0.0108
"UCN",0.7655,6.3289,2.0743,0.03806,0.1121
"MPV17",0.1187,10.6283,0.7395,0.4596,0.626
"GTF3C2",-0.2538,11.2669,-1.7436,0.08122,0.1923
"EIF2B4",-0.0412,10.2505,-0.3684,0.7125,0.8223
"SNX17",0.0218,12.0865,0.1394,0.8891,0.9379
"ZNF513",-0.1329,9.413,-0.7673,0.4429,0.6116
"PPM1G",-0.3409,12.0391,-2.2705,0.02318,0.07757
"NRBP1",-0.531,11.9073,-4.3486,1.37e-05,0.00023
"KRTCAP3",0.9818,10.0673,3.0027,0.002676,0.01539
"IFT172",0.3812,10.0945,1.5014,0.1332,0.2737
"FNDC4",1.6829,8.1382,4.3087,1.642e-05,0.0002674
"C2orf16",0.2448,7.4746,1.2448,0.2132,0.3793
"ZNF512",-0.1749,10.2077,-0.8926,0.3721,0.5467
"CCDC121",0.5069,7.8923,2.1437,0.03205,0.09888
"GPN1",-0.0802,10.7686,-0.5551,0.5788,0.7245
"SUPT7L",-0.0978,10.7457,-0.948,0.3431,0.5176
"SLC4A1AP",-0.2976,10.1774,-2.5007,0.0124,0.04853
"RBKS",0.8151,8.2725,3.179,0.001478,0.009695
"MRPL33",0.5947,10.3798,3.007,0.002638,0.01523
"BRE",0.0495,10.3597,0.3784,0.7052,0.817
"FOSL2",-0.4638,12.9276,-1.413,0.1577,0.3081
"PLB1",-0.7132,7.7503,-2.0585,0.03954,0.1152
"PPP1CB",-0.1659,13.402,-1.0352,0.3006,0.4754
"SPDYA",-0.2846,10.6717,-1.9914,0.04644,0.1293
"TRMT61B",-0.2713,9.0169,-1.8916,0.05855,0.1522
"WDR43",-0.4021,10.6968,-2.8031,0.005061,0.02456
"TOGARAM2",1.5754,7.4745,2.8102,0.004951,0.02411
"C2orf71",-2.2746,6.484,-3.2268,0.001252,0.00858
"CLIP4",-0.5494,10.3981,-2.0861,0.03697,0.1098
"ALK",-1.7711,6.4475,-2.9237,0.003459,0.01862
"YPEL5",0.2786,11.9766,1.4262,0.1538,0.3024
"LBH",0.2316,12.4396,1.0465,0.2953,0.4693
"LCLAT1",-0.3721,9.7994,-2.5177,0.01181,0.04675
"CAPN13",1.1074,9.2721,2.5817,0.009831,0.04071
"GALNT14",-0.5683,8.742,-1.2386,0.2155,0.3815
"CAPN14",-2.7959,6.8092,-6.0164,1.783e-09,1.127e-07
"EHD3",-0.9025,9.3838,-3.5964,0.0003226,0.002999
"XDH",-0.0976,8.1181,-0.22,0.8259,0.8988
"SRD5A2",4.5481,6.9527,5.7132,1.109e-08,5.311e-07
"MEMO1",-0.3459,9.1148,-2.0625,0.03916,0.1144
"DPY30",0.1596,10.7321,0.8353,0.4035,0.5754
"SPAST",-0.7141,10.2313,-4.6525,3.279e-06,7.014e-05
"SLC30A6",-0.1949,10.5779,-1.5061,0.132,0.2722
"NLRC4",0.7238,8.0414,2.5408,0.01106,0.04457
"YIPF4",0.1961,11.174,1.5069,0.1318,0.272
"BIRC6",0.027,11.6797,0.1439,0.8855,0.9361
"TTC27",-0.1018,9.5699,-0.6536,0.5134,0.672
"LTBP1",-1.3742,11.6882,-3.7378,0.0001856,0.001912
"RASGRP3",0.1856,9.0461,0.6807,0.496,0.6578
"FAM98A",-0.0789,10.386,-0.6522,0.5143,0.6727
"CRIM1",0.0886,11.9484,0.4092,0.6824,0.801
"FEZ2",0.1713,10.6139,0.9978,0.3184,0.4942
"VIT",-3.3248,6.5327,-4.915,8.877e-07,2.353e-05
"STRN",-0.4069,10.6862,-2.6727,0.007524,0.03326
"HEATR5B",-0.0369,10.4765,-0.2337,0.8152,0.8924
"GPATCH11",0.0825,9.1399,0.4862,0.6268,0.7611
"EIF2AK2",-0.3516,11.6364,-1.8085,0.07053,0.1738
"CEBPZOS",-0.0347,10.7974,-0.2028,0.8393,0.9078
"CEBPZ",-0.1848,11.1633,-1.3359,0.1816,0.34
"NDUFAF7",-0.1171,9.2456,-0.8096,0.4182,0.5892
"PRKD3",-0.1866,10.7548,-0.8716,0.3834,0.5573
"QPCT",1.4888,8.578,3.3717,0.0007471,0.005759
"CDC42EP3",-0.4789,11.1437,-1.361,0.1735,0.3293
"RMDN2",1.1663,8.4644,3.451,0.0005586,0.004569
"CYP1B1",-1.1572,10.8337,-2.5733,0.01007,0.0415
"ATL2",-0.2986,11.2743,-1.3306,0.1833,0.3423
"HNRNPLL",-0.1279,10.5073,-0.8881,0.3745,0.5494
"GALM",0.963,9.9542,4.1578,3.213e-05,0.0004584
"SRSF7",-0.0703,11.9229,-0.5004,0.6168,0.7532
"GEMIN6",0.1181,8.8254,0.669,0.5035,0.6642
"DHX57",-0.4094,9.9226,-2.4169,0.01565,0.05792
"MORN2",0.5384,8.99,1.9417,0.05217,0.1402
"ARHGEF33",0.2451,6.6529,0.5082,0.6113,0.7493
"SOS1",-0.2986,11.0823,-1.9524,0.05089,0.1378
"MAP4K3",0.2028,10.4854,1.1245,0.2608,0.4325
"TMEM178A",-1.3646,7.4999,-2.4775,0.01323,0.0512
"THUMPD2",-0.1277,8.7527,-0.7414,0.4585,0.625
"SLC8A1",-0.1324,9.411,-0.4257,0.6704,0.7926
"C2orf91",-0.8918,6.5583,-1.1082,0.2678,0.4402
"PKDCC",-1.6669,9.3915,-2.8482,0.004396,0.02207
"EML4",-0.125,11.9222,-0.5516,0.5812,0.7265
"COX7A2L",0.1329,11.7115,0.7018,0.4828,0.646
"KCNG3",-0.1875,6.738,-0.3791,0.7046,0.8168
"MTA3",0.2788,10.4291,1.6911,0.09083,0.2091
"OXER1",-1.0219,7.0488,-2.676,0.007451,0.03305
"HAAO",-0.8134,8.0938,-2.7093,0.006743,0.03061
"ZFP36L2",0.124,12.5952,0.4673,0.6403,0.7709
"THADA",-0.0079,10.7076,-0.0554,0.9558,0.9756
"C1GALT1C1L",0.4403,6.5722,0.7936,0.4274,0.5981
"PLEKHH2",0.9888,9.5335,2.7279,0.006374,0.02931
"DYNC2LI1",0.3044,9.3819,1.6931,0.09044,0.2084
"LRPPRC",-0.0821,12.2748,-0.5257,0.5991,0.7399
"PPM1B",0.1621,10.8238,1.3895,0.1647,0.3177
"SLC3A1",0.5542,9.471,3.19,0.001423,0.009463
"PREPL",0.5009,11.1638,2.9822,0.002862,0.01619
"CAMKMT",-0.038,7.9604,-0.2431,0.808,0.8881
"SIX3",-2.0968,6.3032,-2.4003,0.01638,0.05992
"SIX2",-0.8435,7.6203,-1.2749,0.2023,0.366
"SRBD1",-0.0957,9.5281,-0.6587,0.5101,0.6694
"PRKCE",0.4189,9.7573,1.6706,0.09481,0.216
"EPAS1",0.6797,14.064,1.969,0.04896,0.1341
"ATP6V1E2",-0.5907,8.3011,-2.7097,0.006734,0.03058
"RHOQ",-0.1642,11.1713,-1.1452,0.2521,0.4232
"PIGF",0.0191,10.1274,0.1332,0.894,0.9412
"CRIPT",0.3069,9.5277,1.3985,0.162,0.3136
"SOCS5",-0.1548,10.1351,-1.1521,0.2493,0.4203
"MCFD2",0.1882,12.0926,1.3208,0.1866,0.3466
"TTC7A",0.2593,11.2828,1.1706,0.2418,0.4115
"C2orf61",0.8088,9.7042,4.1861,2.838e-05,0.0004153
"CALM2",0.6941,13.9634,3.4456,0.0005697,0.004631
"EPCAM",1.1045,12.6637,4.1149,3.873e-05,0.0005293
"MSH2",-0.1866,10.3523,-0.765,0.4442,0.6126
"KCNK12",0.6281,6.2376,1.2937,0.1958,0.358
"MSH6",-0.4266,11.8393,-2.3722,0.01768,0.0636
"FBXO11",-0.1858,11.257,-1.7671,0.07721,0.1854
"FOXN2",0.2989,9.9581,1.6379,0.1014,0.2271
"PPP1R21",-0.0264,10.0762,-0.1999,0.8415,0.9094
"STON1",-0.8729,9.292,-3.5475,0.000389,0.003465
"GTF2A1L",-0.6028,6.3641,-0.9746,0.3298,0.5051
"STON1-GTF2A1L",-0.7912,8.1359,-2.9657,0.00302,0.01682
"NRXN1",-0.7722,6.8971,-0.8862,0.3755,0.5502
"CHAC2",-0.5603,7.696,-1.9703,0.0488,0.1337
"ASB3",-0.1253,9.4345,-0.9089,0.3634,0.538
"ERLEC1",0.3897,11.7826,2.5325,0.01133,0.04527
"GPR75",-0.4715,6.8229,-1.8585,0.0631,0.1603
"GPR75-ASB3",-0.1439,9.2831,-1.0667,0.2861,0.4596
"PSME4",-0.7004,11.6826,-4.794,1.635e-06,3.905e-05
"ACYP2",0.0055,8.473,0.0276,0.978,0.9882
"C2orf73",1.9244,6.3245,3.0179,0.002545,0.01484
"SPTBN1",0.3345,14.1457,1.639,0.1012,0.2267
"EML6",-1.066,7.2036,-2.0462,0.04074,0.1177
"RTN4",-0.2679,13.186,-1.9645,0.04947,0.135
"CLHC1",0.0656,7.5216,0.2525,0.8007,0.8826
"RPS27A",-0.1625,12.5562,-0.7929,0.4278,0.5984
"MTIF2",-0.2341,10.2568,-1.4279,0.1533,0.3016
"CCDC88A",-0.1428,10.588,-0.5361,0.5919,0.7342
"CFAP36",0.4838,10.2574,2.3036,0.02124,0.07296
"PPP4R3B",-0.0679,11.9411,-0.5656,0.5717,0.7186
"PNPT1",-0.3254,10.2887,-2.093,0.03635,0.1084
"EFEMP1",0.2322,12.1873,0.6096,0.5421,0.6947
"CCDC85A",0.1293,8.1267,0.3119,0.7551,0.8526
"VRK2",-0.7135,10.1884,-3.2364,0.00121,0.008359
"FANCL",-0.3513,9.8873,-1.8771,0.06051,0.1555
"BCL11A",-2.4808,8.6177,-5.9638,2.465e-09,1.458e-07
"PAPOLG",-0.2297,9.6797,-1.8579,0.06318,0.1604
"REL",-0.0347,10.4174,-0.1345,0.893,0.9404
"PUS10",-0.012,8.734,-0.0585,0.9534,0.9739
"PEX13",0.0489,10.5705,0.3496,0.7267,0.8324
"KIAA1841",0.2593,9.0928,1.1834,0.2366,0.4057
"C2orf74",0.4522,8.5521,1.2602,0.2076,0.3728
"AHSA2",-0.3202,11.4198,-1.7748,0.07593,0.1833
"USP34",-0.2294,12.089,-1.4882,0.1367,0.2783
"XPO1",-0.3569,12.607,-2.5267,0.01151,0.04582
"FAM161A",-0.1834,8.1219,-0.5743,0.5658,0.7141
"CCT4",-0.4171,12.5035,-2.5644,0.01033,0.0423
"COMMD1",0.3073,10.5877,1.3726,0.1699,0.3249
"B3GNT2",-0.0554,10.829,-0.2301,0.818,0.894
"TMEM17",-0.3215,7.9121,-1.3836,0.1665,0.3201
"EHBP1",-0.324,10.7691,-1.6393,0.1011,0.2266
"OTX1",-1.0311,7.8971,-1.9257,0.05415,0.144
"MDH1",-0.4724,12.0676,-2.913,0.00358,0.01909
"WDPCP",-0.5667,8.1785,-2.4518,0.01422,0.05391
"UGP2",0.5312,11.9799,3.2768,0.00105,0.00745
"VPS54",-0.1123,10.5383,-0.69,0.4902,0.6528
"PELI1",-0.754,10.9075,-2.9427,0.003254,0.0178
"LGALSL",-1.0653,9.9626,-3.5216,0.000429,0.003726
"AFTPH",-0.1309,11.1985,-1.2494,0.2115,0.3771
"SERTAD2",-1.1861,10.9579,-4.9807,6.336e-07,1.764e-05
"SLC1A4",-1.5152,10.5675,-5.221,1.78e-07,5.928e-06
"CEP68",-0.6504,10.1079,-2.7149,0.00663,0.0302
"RAB1A",0.0524,12.578,0.3791,0.7046,0.8168
"ACTR2",-0.1012,13.3815,-0.8505,0.3951,0.5681
"SPRED2",-0.022,10.8582,-0.1084,0.9136,0.9524
"MEIS1",-0.7535,9.6028,-2.9079,0.003638,0.0193
"ETAA1",-0.069,9.3193,-0.4981,0.6184,0.7544
"C1D",0.3181,9.1514,1.6151,0.1063,0.2344
"WDR92",-0.5035,8.8673,-3.4034,0.0006655,0.005232
"PNO1",-0.2802,9.9439,-1.7505,0.08003,0.1904
"PPP3R1",-0.4416,11.4912,-2.9147,0.003561,0.01901
"RP11-474G23.1",-0.4124,9.6912,-3.2271,0.001251,0.00858
"CNRIP1",1.0492,8.6124,3.2833,0.001026,0.007327
"PLEK",-0.7763,10.3187,-1.9753,0.04824,0.1326
"FBXO48",-0.4081,7.7542,-2.0294,0.04241,0.121
"APLF",-0.6596,7.5438,-2.2149,0.02677,0.08624
"ARHGAP25",-0.4503,9.5845,-1.6412,0.1008,0.226
"GKN2",2.586,7.8909,3.2172,0.001294,0.008783
"ANTXR1",-0.2794,12.544,-0.9678,0.3332,0.508
"GFPT1",0.7345,11.9889,3.886,0.0001019,0.001185
"NFU1",0.3831,9.7932,1.7291,0.08378,0.1968
"AAK1",-0.7975,10.7145,-3.7277,0.0001932,0.001982
"ANXA4",0.3812,12.2061,1.6625,0.09641,0.2184
"GMCL1",-0.0271,10.2826,-0.1776,0.859,0.9199
"SNRNP27",0.1847,10.0024,1.2557,0.2092,0.3745
"MXD1",-0.4256,10.5684,-1.3015,0.1931,0.3551
"ASPRV1",-1.0842,6.893,-3.6345,0.0002785,0.002654
"PCBP1",-0.2664,13.4926,-2.0035,0.04513,0.1268
"C2orf42",-0.2154,8.8302,-1.942,0.05214,0.1402
"TIA1",-0.0692,11.1229,-0.3022,0.7625,0.858
"PCYOX1",-0.119,12.3882,-0.6134,0.5396,0.6926
"SNRPG",0.0906,9.6962,0.3768,0.7063,0.8177
"FAM136A",-0.2076,10.3271,-1.0874,0.2769,0.4504
"TGFA",-0.9066,10.0082,-2.6218,0.008747,0.03716
"ADD2",-2.888,8.0391,-4.9357,7.986e-07,2.158e-05
"CLEC4F",0.6031,6.4024,1.0397,0.2985,0.4728
"CD207",0.6848,7.3355,0.9339,0.3504,0.5252
"VAX2",-0.7871,6.7219,-1.7476,0.08053,0.1911
"ATP6V1B1",0.112,7.4814,0.2477,0.8044,0.8857
"ANKRD53",-0.4259,6.7477,-1.2117,0.2256,0.3932
"TEX261",-0.2838,11.6955,-1.9398,0.05241,0.1406
"AC007040.11",-0.0985,8.7211,-0.6457,0.5185,0.6764
"NAGK",-0.4503,11.0367,-2.4916,0.01272,0.0496
"MCEE",0.7171,8.472,3.3429,0.0008292,0.006255
"MPHOSPH10",-0.2932,10.3614,-2.3423,0.01917,0.06754
"PAIP2B",0.2529,9.0242,0.8891,0.3739,0.5488
"ZNF638",0.0998,11.5902,0.6351,0.5254,0.6822
"DYSF",0.6869,10.2136,1.817,0.06921,0.1715
"CYP26B1",-1.2982,8.1812,-2.9433,0.003248,0.01778
"EXOC6B",-0.8443,10.3268,-4.3933,1.117e-05,0.0001945
"SPR",0.2832,10.2256,1.284,0.1991,0.3622
"SFXN5",-0.1228,9.0427,-0.8113,0.4172,0.5883
"RAB11FIP5",0.115,10.5721,0.5618,0.5743,0.721
"SMYD5",-0.2105,9.9842,-1.5436,0.1227,0.2592
"PRADC1",0.63,8.9771,2.663,0.007744,0.03394
"CCT7",-0.3755,12.7817,-2.7261,0.006409,0.02941
"FBXO41",-0.3382,8.6199,-0.9662,0.3339,0.5086
"ALMS1",-0.4672,10.1438,-1.7352,0.0827,0.1948
"TPRKB",-0.36,9.126,-2.2621,0.02369,0.07886
"DUSP11",-0.3731,9.8645,-2.3614,0.0182,0.06499
"STAMBP",-0.2146,10.5955,-1.5971,0.1103,0.2403
"ACTG2",-0.3541,9.4667,-0.884,0.3767,0.5514
"DGUOK",-0.0753,10.4148,-0.4643,0.6424,0.7726
"TET3",-0.8393,10.5888,-3.4385,0.000585,0.004726
"BOLA3",-0.0128,8.9486,-0.0518,0.9587,0.9774
"MOB1A",-0.3872,12.5727,-3.2919,0.0009951,0.007161
"MTHFD2",-0.3168,11.179,-1.0583,0.2899,0.4642
"SLC4A5",-0.0893,8.9242,-0.3454,0.7298,0.8348
"RP11-287D1.3",-0.3248,11.0251,-2.4065,0.01611,0.0592
"DCTN1",-0.2664,12.6803,-1.8654,0.06213,0.1587
"C2orf81",0.2977,8.1269,0.8045,0.4211,0.5919
"WDR54",-0.2692,9.1871,-0.8015,0.4228,0.5936
"RTKN",-0.367,10.1543,-1.7874,0.07387,0.1795
"INO80B",-0.0871,9.4508,-0.549,0.583,0.7276
"INO80B-WBP1",0.0776,11.026,0.5294,0.5965,0.7375
"WBP1",0.1539,10.7429,0.8845,0.3764,0.5512
"MOGS",-0.332,11.3253,-2.3272,0.01995,0.06952
"MRPL53",0.3793,10.0905,2.2178,0.02657,0.08589
"CCDC142",0.2946,10.3157,1.9864,0.04699,0.1304
"TTC31",-0.1581,9.7733,-1.0056,0.3146,0.4899
"LBX2",0.7505,7.1562,3.0881,0.002014,0.01237
"PCGF1",0.1631,9.0575,1.0675,0.2857,0.4594
"DQX1",-2.2205,6.9385,-3.8831,0.0001031,0.001196
"AUP1",0.0594,12.1091,0.3554,0.7223,0.8292
"HTRA2",0.0886,10.4082,0.626,0.5313,0.6867
"LOXL3",0.0484,9.2588,0.3384,0.7351,0.8384
"DOK1",0.6765,9.1593,2.9959,0.002736,0.01565
"M1AP",-1.1431,6.6778,-1.9776,0.04798,0.1321
"SEMA4F",-0.609,9.2371,-2.404,0.01622,0.05943
"HK2",-1.347,11.6962,-4.3357,1.453e-05,0.0002415
"POLE4",0.1806,9.9316,0.8872,0.375,0.5497
"TACR1",1.9797,6.9639,3.5809,0.0003424,0.003139
"EVA1A",1.1078,9.3112,2.6379,0.008342,0.0359
"MRPL19",-0.1181,10.3804,-0.8913,0.3728,0.5474
"GCFC2",-0.2297,9.5256,-1.5097,0.1311,0.2709
"LRRTM4",0.4892,6.3639,0.6695,0.5032,0.6638
"SUCLG1",0.0961,11.0267,0.573,0.5666,0.7148
"DNAH6",1.6092,7.4837,2.5565,0.01057,0.04303
"TMSB10",0.7452,14.8171,2.6122,0.008996,0.03796
"TRABD2A",0.5671,8.1005,1.8108,0.07017,0.1733
"KCMF1",-0.5139,11.1843,-3.7219,0.0001977,0.00202
"TCF7L1",-1.6184,9.9712,-4.3417,1.414e-05,0.0002361
"TGOLN2",0.1676,13.3619,0.9782,0.328,0.5034
"RETSAT",0.4368,11.1704,1.9636,0.04958,0.1352
"ELMOD3",0.2577,9.3004,2.0927,0.03637,0.1084
"CAPG",0.1783,12.5591,0.68,0.4965,0.6581
"SH2D6",-0.3635,6.2375,-0.7711,0.4407,0.6097
"MAT2A",-0.0231,12.4814,-0.1441,0.8854,0.9361
"GGCX",0.1814,11.6961,1.4757,0.14,0.2827
"VAMP8",1.1693,12.1665,3.9751,7.034e-05,0.0008718
"VAMP5",1.5527,10.1109,4.097,4.186e-05,0.0005656
"RNF181",0.4157,10.8786,1.9492,0.05127,0.1386
"TMEM150A",0.8127,9.3969,4.4382,9.071e-06,0.000166
"C2orf68",0.0163,10.3435,0.1089,0.9133,0.9524
"USP39",-0.3682,11.0431,-2.4658,0.01367,0.0524
"SFTPB",1.5232,15.4627,2.4166,0.01567,0.05794
"GNLY",-1.0015,8.7093,-1.911,0.056,0.1473
"ATOH8",2.1868,9.2517,4.793,1.643e-06,3.918e-05
"ST3GAL5",2.1407,10.3491,5.7649,8.168e-09,4.163e-07
"POLR1A",-0.4187,10.9842,-2.2649,0.02352,0.07842
"PTCD3",-0.122,10.8275,-1.0136,0.3108,0.4857
"IMMT",-0.2044,11.5025,-1.3871,0.1654,0.3185
"MRPL35",-0.0518,10.087,-0.3507,0.7258,0.8319
"REEP1",0.1545,7.9053,0.3422,0.7322,0.8364
"KDM3A",-0.5773,11.2456,-3.5126,0.0004438,0.003826
"CHMP3",0.0729,12.302,0.595,0.5518,0.7028
"RNF103",0.3663,10.4825,2.194,0.02824,0.08997
"RNF103-CHMP3",0.1289,10.9623,1.11,0.267,0.4392
"RMND5A",-0.5462,11.2197,-2.8703,0.004101,0.02102
"CD8A",-0.4951,8.9575,-1.1964,0.2315,0.4
"CD8B",-0.4462,7.5915,-0.9437,0.3453,0.5201
"RGPD1",0.1272,7.3641,0.3323,0.7397,0.8423
"PLGLB1",-0.0914,6.6287,-0.3086,0.7576,0.8542
"PLGLB2",0.1585,6.8839,0.5074,0.6119,0.7496
"RGPD2",0.1264,8.5771,0.4031,0.6869,0.8035
"KRCC1",0.5419,10.1854,1.9221,0.05459,0.1448
"THNSL2",0.8353,9.4435,1.9419,0.05215,0.1402
"FOXI3",-0.2564,6.3361,-0.2826,0.7775,0.8676
"EIF2AK3",-0.3541,10.3486,-1.9994,0.04557,0.1277
"RPIA",-0.4623,9.7055,-3.1882,0.001432,0.009492
"TEKT4",1.4944,6.5146,2.0748,0.03801,0.112
"MAL",0.6017,8.1245,1.4377,0.1505,0.2976
"MRPS5",0.3947,10.7426,2.1743,0.02969,0.0933
"ZNF514",0.27,9.0329,1.5161,0.1295,0.2688
"ZNF2",0.1788,8.1381,1.0842,0.2783,0.452
"AC092835.2",0.3447,6.467,0.8569,0.3915,0.5648
"PROM2",-0.4762,10.6895,-1.0051,0.3149,0.4903
"KCNIP3",0.1536,7.2706,0.3984,0.6903,0.8065
"FAHD2A",0.0433,9.4281,0.3545,0.723,0.8298
"ANKRD36C",1.102,7.5812,2.6231,0.008714,0.03708
"GPAT2",0.9623,8.0311,2.1952,0.02815,0.08981
"ADRA2B",-1.6583,6.8037,-3.0647,0.002179,0.01316
"DUSP2",-0.703,8.6929,-2.0905,0.03658,0.1089
"STARD7",-0.1727,12.881,-0.9002,0.368,0.5427
"TMEM127",0.0831,12.1006,0.449,0.6535,0.781
"CIAO1",0.3804,11.2667,3.4365,0.0005893,0.004745
"SNRNP200",0.1085,13.181,0.5756,0.5649,0.7135
"ITPRIPL1",-0.0132,7.5528,-0.0373,0.9702,0.9837
"NCAPH",-0.5256,8.7921,-1.5245,0.1274,0.2657
"NEURL3",-2.844,6.7432,-5.2581,1.456e-07,5.009e-06
"ARID5A",-0.5958,9.949,-2.6256,0.008648,0.03691
"KANSL3",-0.0481,11.1802,-0.3812,0.703,0.816
"FER1L5",0.2256,6.3092,0.4799,0.6313,0.7645
"LMAN2L",-0.1833,10.1161,-0.9025,0.3668,0.5413
"CNNM4",0.3841,10.4397,1.9116,0.05592,0.1472
"CNNM3",0.2679,10.3012,1.9759,0.04817,0.1325
"ANKRD23",0.1182,8.8901,0.9734,0.3303,0.5057
"ANKRD39",0.2035,9.0361,1.2752,0.2023,0.366
"SEMA4C",-0.3337,10.9724,-1.4354,0.1512,0.2984
"FAM178B",0.7765,6.7316,1.3687,0.1711,0.326
"FAHD2B",0.0322,8.7366,0.1501,0.8807,0.9334
"ANKRD36",0.3379,8.2103,1.0314,0.3024,0.4771
"ANKRD36B",0.5159,7.8877,1.7315,0.08337,0.196
"COX5B",0.3576,11.3202,1.4097,0.1586,0.3094
"ACTR1B",0.3914,11.2676,3.2806,0.001036,0.007379
"LINC01125",0.9764,7.1495,3.1821,0.001462,0.009631
"ZAP70",-0.2758,8.2552,-0.6926,0.4886,0.6514
"TMEM131",0.1673,11.5708,0.8228,0.4106,0.5817
"VWA3B",2.6398,7.3972,3.8715,0.0001082,0.001239
"INPP4A",-0.1863,10.4501,-0.8551,0.3925,0.5655
"COA5",0.3337,9.7508,2.5211,0.0117,0.04641
"UNC50",0.4829,10.2228,3.0189,0.002537,0.0148
"MGAT4A",1.5047,10.5892,6.381,1.759e-10,1.563e-08
"KIAA1211L",1.6093,8.941,4.537,5.706e-06,0.0001126
"C2orf15",1.1574,7.5565,4.6052,4.12e-06,8.549e-05
"TSGA10",0.7282,7.833,2.0443,0.04092,0.118
"LIPT1",0.512,8.072,2.4799,0.01314,0.05094
"MITD1",0.1691,9.2607,0.8969,0.3698,0.5446
"RP11-38C17.1",0.0651,8.4647,0.3622,0.7172,0.8256
"MRPL30",-0.1361,10.2898,-0.8578,0.391,0.5643
"LYG1",-0.2606,6.5513,-0.6516,0.5147,0.6729
"RP11-111H13.1",0.1672,9.1454,0.9721,0.331,0.5063
"TXNDC9",0.4775,10.1091,2.0777,0.03774,0.1113
"EIF5B",0.0414,12.3266,0.1986,0.8425,0.9099
"REV1",-0.0012,10.5273,-0.0069,0.9945,0.9968
"AFF3",0.5068,8.5145,0.9665,0.3338,0.5086
"LONRF2",1.4721,8.308,2.8007,0.005099,0.02467
"CHST10",-0.2782,9.088,-0.9675,0.3333,0.5081
"PDCL3",-0.0755,9.2285,-0.4592,0.6461,0.7756
"NPAS2",-0.2011,9.7037,-0.5697,0.5689,0.7166
"RPL31",0.5763,13.753,2.393,0.01671,0.06089
"TBC1D8",0.4024,10.2552,1.8577,0.06321,0.1604
"CNOT11",0.3744,10.9214,2.5248,0.01158,0.04602
"RNF149",-0.0241,11.2976,-0.1263,0.8995,0.9449
"CREG2",-0.3297,6.6271,-0.6305,0.5283,0.6846
"RFX8",-0.2005,6.392,-0.4795,0.6316,0.7646
"MAP4K4",-0.1963,12.1689,-1.046,0.2955,0.4695
"IL1R2",-0.2429,7.8159,-0.4587,0.6465,0.7759
"IL1R1",0.2442,11.9527,0.8557,0.3922,0.5653
"IL1RL2",-0.0341,6.9806,-0.0862,0.9313,0.9625
"IL1RL1",0.5273,8.1203,1.1637,0.2445,0.4145
"IL18R1",-0.8328,8.1815,-2.6332,0.00846,0.03631
"IL18RAP",-0.4659,7.0279,-1.0261,0.3048,0.4795
"SLC9A2",-3.2544,7.3813,-4.7183,2.378e-06,5.34e-05
"MFSD9",0.2502,9.1264,1.7153,0.08629,0.2015
"TMEM182",0.8466,8.1933,3.8194,0.0001338,0.00148
"MRPS9",-0.0466,9.7677,-0.3503,0.7261,0.8321
"TGFBRAP1",-0.1988,10.314,-1.6302,0.1031,0.2298
"C2orf49",0.004,9.684,0.0239,0.981,0.9898
"FHL2",0.3047,10.0371,0.8736,0.3823,0.5564
"NCK2",-0.7172,10.8421,-4.082,4.465e-05,0.0005971
"C2orf40",1.926,7.3172,3.6726,0.0002401,0.00234
"UXS1",-0.353,11.3321,-1.694,0.09027,0.2081
"RGPD3",-0.2213,8.0267,-1.0384,0.2991,0.4735
"ST6GAL2",-2.848,7.5076,-5.8642,4.514e-09,2.476e-07
"RGPD4",-0.036,8.014,-0.1987,0.8425,0.9099
"SLC5A7",-6.9931,6.3524,-6.9968,2.618e-12,3.992e-10
"SULT1C2",1.5626,7.6674,3.2054,0.001349,0.009076
"SULT1C4",-0.3918,7.5166,-1.1955,0.2319,0.4003
"GCC2",0.7489,10.6955,3.9975,6.401e-05,0.0008065
"LIMS1",-0.3351,11.5522,-2.1396,0.03239,0.09964
"RANBP2",-0.0783,12.09,-0.4394,0.6603,0.7855
"CCDC138",-0.4203,8.0891,-1.5914,0.1115,0.242
"EDAR",-1.0466,7.2946,-1.9861,0.04702,0.1305
"SH3RF3",-0.6618,8.9908,-2.1464,0.03184,0.09839
"SEPT10",-0.1057,11.226,-0.5308,0.5956,0.7368
"SOWAHC",-0.4749,10.3523,-1.3114,0.1897,0.3506
"RGPD5",0.0274,9.7448,0.133,0.8942,0.9413
"LIMS3",-0.1853,7.8144,-0.926,0.3545,0.529
"AC013271.7",-0.0217,7.8497,-0.1055,0.916,0.9539
"MALL",1.3023,12.3324,2.7071,0.006787,0.03077
"NPHP1",0.87,8.388,2.5475,0.01085,0.04392
"LINC00116",0.5123,8.7884,1.8779,0.0604,0.1553
"AC108938.5",0.011,7.0583,0.0434,0.9654,0.9813
"LIMS4",-0.2981,6.9902,-1.3948,0.1631,0.3153
"RGPD6",0.213,6.3241,0.7235,0.4694,0.6342
"BUB1",-0.3963,9.333,-1.4122,0.1579,0.3084
"ACOXL",2.0161,7.8729,4.1568,3.228e-05,0.0004597
"BCL2L11",-0.1746,10.5336,-0.9291,0.3528,0.5276
"ANAPC1",-0.161,10.4851,-1.1948,0.2322,0.4005
"MERTK",-0.7194,9.4831,-2.3902,0.01684,0.06129
"TMEM87B",0.1321,10.8775,0.7347,0.4625,0.6286
"FBLN7",1.2835,7.8903,3.4394,0.000583,0.004715
"ZC3H8",-0.2853,8.6231,-1.5269,0.1268,0.2653
"ZC3H6",0.7375,9.1359,3.1391,0.001695,0.01076
"RGPD8",0.0835,8.7746,0.3674,0.7133,0.8227
"TTL",-0.5945,10.5781,-3.5912,0.0003292,0.003041
"POLR1B",-0.0628,9.9556,-0.3985,0.6902,0.8064
"CHCHD5",0.5378,9.2546,2.7814,0.005412,0.02582
"SLC20A1",0.1225,10.9687,0.4896,0.6244,0.7594
"NT5DC4",-0.4001,6.6449,-1.1359,0.256,0.427
"CKAP2L",-0.5965,8.4024,-1.7389,0.08205,0.1937
"IL1A",-0.951,7.7091,-1.446,0.1482,0.2943
"IL1B",-1.2727,8.7952,-3.2282,0.001246,0.008562
"IL36G",-4.2771,6.6754,-5.0465,4.499e-07,1.322e-05
"IL36RN",-1.1305,6.7825,-1.4946,0.135,0.2761
"IL1RN",-2.1202,9.9096,-5.0116,5.398e-07,1.549e-05
"PSD4",0.2924,11.0308,1.466,0.1426,0.2867
"PAX8",0.1174,8.0725,0.2836,0.7768,0.8671
"CBWD2",-0.2471,9.4699,-1.646,0.09976,0.224
"RABL2A",0.0658,9.4289,0.2801,0.7794,0.8687
"SLC35F5",0.5904,10.9066,2.7103,0.006721,0.03054
"ACTR3",-0.233,13.1056,-1.3637,0.1727,0.3282
"DPP10",3.381,6.8097,4.2,2.669e-05,0.0003957
"DDX18",-0.0063,11.5164,-0.0534,0.9574,0.9765
"CCDC93",0.0043,10.392,0.0267,0.9787,0.9887
"INSIG2",0.3266,10.1728,2.0225,0.04313,0.1225
"MARCO",1.2262,10.7068,2.4299,0.0151,0.05648
"STEAP3",-0.1315,10.9111,-0.4116,0.6807,0.7997
"C2orf76",0.1117,8.1068,0.5627,0.5737,0.7204
"DBI",-0.2038,12.009,-0.8115,0.4171,0.5882
"TMEM37",-0.4696,9.4799,-1.4012,0.1611,0.3127
"SCTR",2.8939,8.1632,4.3996,1.085e-05,0.0001912
"CFAP221",2.8185,8.2843,5.4188,6.001e-08,2.293e-06
"TMEM177",0.2576,8.4086,1.3111,0.1898,0.3507
"PTPN4",0.2299,9.7548,1.1756,0.2398,0.4095
"EPB41L5",0.9952,10.587,4.2717,1.94e-05,0.0003028
"TMEM185B",-0.4066,9.8794,-2.4244,0.01533,0.05713
"RALB",-0.1138,11.4149,-0.5506,0.5819,0.727
"INHBB",0.1854,9.0812,0.4398,0.6601,0.7853
"GLI2",-1.4874,8.4324,-3.7827,0.0001551,0.001652
"TFCP2L1",1.2565,9.9834,3.2711,0.001071,0.007563
"CLASP1",-0.7978,11.177,-4.782,1.735e-06,4.096e-05
"NIFK",-0.2168,10.1159,-1.4055,0.1599,0.3112
"TSN",-0.0035,11.5171,-0.0218,0.9826,0.9907
"GYPC",-0.3434,9.7839,-0.9851,0.3246,0.5005
"BIN1",0.2518,10.244,0.9166,0.3593,0.5339
"CYP27C1",-1.3579,7.0036,-2.274,0.02297,0.0771
"ERCC3",-0.0888,10.8821,-0.8822,0.3777,0.5523
"MAP3K2",-0.0467,11.215,-0.3052,0.7602,0.8564
"PROC",0.5904,6.7957,1.1385,0.2549,0.4258
"IWS1",-0.0324,10.9562,-0.2721,0.7855,0.873
"MYO7B",1.7974,7.1981,4.1509,3.312e-05,0.0004687
"GPR17",1.3852,6.5927,2.4481,0.01436,0.0544
"LIMS2",0.1369,9.8315,0.4439,0.6571,0.7837
"SFT2D3",-0.155,9.2797,-0.9325,0.3511,0.5259
"WDR33",0.0371,11.5542,0.3384,0.7351,0.8384
"POLR2D",-0.0916,10.54,-0.6361,0.5247,0.6815
"AMMECR1L",-0.1711,10.2651,-1.4952,0.1349,0.276
"SAP130",-0.6485,10.255,-4.4319,9.34e-06,0.0001702
"UGGT1",-0.0802,11.8571,-0.4425,0.6581,0.784
"HS6ST1",-1.5293,11.1309,-6.801,1.039e-11,1.289e-09
"RAB6C",-0.1788,8.2784,-1.1492,0.2505,0.4215
"POTEF",0.2185,6.7291,0.7277,0.4668,0.632
"CCDC74B",0.0596,7.2673,0.1121,0.9108,0.9512
"SMPD4",-0.3418,11.5589,-2.5611,0.01043,0.04263
"MZT2B",0.0019,10.7572,0.0094,0.9925,0.9958
"CCDC115",0.0781,10.7088,0.4161,0.6774,0.7975
"IMP4",0.0345,10.7491,0.1822,0.8555,0.9179
"PTPN18",0.49,11.1167,2.4589,0.01394,0.05317
"POTEI",-0.2887,7.4895,-1.4596,0.1444,0.2891
"POTEJ",-0.1735,6.7529,-0.7443,0.4567,0.6236
"ARHGEF4",-1.4191,9.2524,-3.0527,0.002268,0.01357
"FAM168B",-0.2801,12.0273,-1.5628,0.1181,0.2521
"POTEE",-0.3967,6.9384,-1.5676,0.117,0.2505
"PLEKHB2",0.2936,12.3015,1.904,0.05691,0.1489
"WTH3DI",-0.0912,8.1692,-0.4166,0.6769,0.7972
"MZT2A",0.0565,9.7557,0.2854,0.7753,0.8663
"CCDC74A",0.1093,8.0124,0.252,0.8011,0.8829
"GPR39",0.7695,9.2826,2.2403,0.02507,0.08241
"LYPD1",0.3042,8.932,0.8375,0.4023,0.5743
"NCKAP5",-0.5457,8.995,-1.2056,0.228,0.3963
"MGAT5",-0.3908,11.493,-1.5116,0.1306,0.2703
"TMEM163",1.9931,9.1915,4.5481,5.414e-06,0.0001075
"ACMSD",2.4928,6.4309,4.9868,6.14e-07,1.718e-05
"CCNT2",0.024,10.4501,0.1602,0.8727,0.9282
"MAP3K19",1.9227,6.8677,2.3742,0.01759,0.06332
"RAB3GAP1",-0.2679,11.374,-2.2604,0.0238,0.0791
"ZRANB3",-0.479,8.2062,-3.3438,0.0008262,0.006239
"R3HDM1",-0.7919,10.1438,-4.8812,1.055e-06,2.722e-05
"UBXN4",-0.0919,12.3871,-0.7186,0.4724,0.6368
"MCM6",-0.6591,10.602,-3.5132,0.0004427,0.003818
"DARS",-0.271,11.496,-1.6992,0.08928,0.2064
"CXCR4",-0.4726,11.4139,-1.2629,0.2066,0.3716
"THSD7B",-0.7653,6.9127,-1.1277,0.2595,0.431
"HNMT",1.8952,10.2594,5.4546,4.908e-08,1.915e-06
"SPOPL",0.2664,10.3273,1.8555,0.06353,0.1609
"LRP1B",0.2751,6.6878,0.3416,0.7327,0.8367
"KYNU",1.9744,9.6219,3.0609,0.002207,0.01327
"ARHGAP15",0.454,8.4907,1.1808,0.2377,0.407
"GTDC1",-0.1981,9.556,-1.0244,0.3056,0.4805
"ZEB2",0.4552,10.8268,1.889,0.05889,0.153
"ACVR2A",-0.2262,9.3197,-0.975,0.3296,0.5049
"ORC4",0.3543,10.2274,1.9999,0.04552,0.1275
"MBD5",0.3159,9.4424,2.0457,0.04079,0.1178
"EPC2",0.1246,10.1117,0.792,0.4284,0.5988
"KIF5C",-1.0838,7.2283,-2.3307,0.01977,0.06905
"LYPD6B",-1.7032,8.031,-2.9878,0.00281,0.01598
"LYPD6",-2.025,7.4899,-3.8101,0.0001389,0.00152
"MMADHC",0.067,11.4272,0.3423,0.7321,0.8364
"RND3",-1.0075,10.8023,-2.9195,0.003506,0.01879
"RBM43",0.768,8.9463,3.3187,0.0009043,0.006676
"NMI",0.1539,9.9384,0.5656,0.5716,0.7186
"TNFAIP6",-0.8581,8.0853,-2.3196,0.02036,0.07067
"RIF1",-0.1241,10.9927,-0.8375,0.4023,0.5743
"NEB",-0.5081,7.9745,-1.0552,0.2913,0.4655
"ARL5A",0.3454,11.0408,1.9939,0.04616,0.1287
"CTD-2021K4.1",0.2625,9.7047,1.4911,0.1359,0.2773
"CACNB4",0.6313,7.7673,1.133,0.2572,0.4284
"STAM2",0.5504,10.5803,3.2595,0.001116,0.007821
"FMNL2",-0.0609,11.1327,-0.2377,0.8121,0.8906
"PRPF40A",-0.0667,11.8604,-0.5495,0.5826,0.7274
"ARL6IP6",-0.3068,9.7073,-1.543,0.1228,0.2594
"RPRM",0.2854,6.8862,0.3692,0.712,0.8217
"GALNT13",0.0595,7.8845,0.1017,0.919,0.9557
"NR4A2",1.8364,10.015,3.3055,0.0009482,0.006945
"GPD2",-0.3528,11.1123,-1.7795,0.07516,0.1818
"GALNT5",0.4562,9.8245,0.9516,0.3413,0.5159
"ERMN",-1.9005,6.8412,-3.9563,7.613e-05,0.0009317
"CYTIP",-0.1722,9.4438,-0.426,0.6701,0.7924
"ACVR1C",-2.2777,7.3658,-5.4399,5.332e-08,2.051e-06
"ACVR1",-0.223,10.6634,-1.1105,0.2668,0.439
"CCDC148",1.0368,6.8726,2.1798,0.02927,0.09236
"PKP4",-0.3814,11.5997,-2.1382,0.0325,0.09993
"DAPL1",-4.6422,7.5126,-6.6607,2.724e-11,3.08e-09
"TANC1",-0.3863,11.2064,-2.2168,0.02664,0.08602
"WDSUB1",0.222,8.9415,1.4113,0.1581,0.3086
"BAZ2B",0.5562,10.5217,3.0177,0.002547,0.01484
"MARCH7",0.2456,12.2561,1.8516,0.06408,0.1619
"CD302",1.2911,10.8449,4.0008,6.313e-05,0.000796
"LY75-CD302",0.0262,9.9072,0.0644,0.9486,0.9716
"LY75",-0.4225,9.9377,-0.9648,0.3346,0.5091
"PLA2R1",-2.2009,9.3992,-6.8946,5.4e-12,7.18e-10
"ITGB6",0.3118,12.0778,0.6868,0.4922,0.6544
"RBMS1",-0.1567,11.5428,-0.8608,0.3894,0.5626
"TANK",0.3501,10.6594,1.7549,0.07927,0.189
"PSMD14",-0.0368,11.2616,-0.1827,0.855,0.9175
"DPP4",2.7803,9.8198,5.5587,2.719e-08,1.183e-06
"FAP",0.1714,9.2033,0.518,0.6044,0.744
"IFIH1",-0.2441,10.3306,-0.7862,0.4317,0.6018
"GCA",0.6824,10.0361,3.4825,0.0004968,0.004185
"FIGN",0.8783,7.8275,2.2593,0.02386,0.07926
"GRB14",1.6857,7.5696,3.7191,0.0001999,0.002035
"COBLL1",-0.3223,10.9628,-1.3877,0.1652,0.3183
"SLC38A11",-0.6654,6.5331,-1.1862,0.2355,0.4045
"SCN3A",-0.063,6.8853,-0.1459,0.884,0.9352
"SCN2A",-1.0158,6.9065,-1.4947,0.135,0.2761
"CSRNP3",-1.0842,7.5383,-2.5594,0.01049,0.0428
"GALNT3",0.4684,10.8611,1.5245,0.1274,0.2657
"TTC21B",0.0717,9.6395,0.4363,0.6626,0.787
"SCN1A",1.5205,7.2907,2.8847,0.003918,0.02034
"SCN9A",0.4028,8.6869,0.7872,0.4312,0.6014
"SCN7A",2.6499,9.2877,5.4585,4.801e-08,1.885e-06
"STK39",0.8068,10.2854,2.8853,0.003911,0.02033
"CERS6",-0.5277,11.377,-2.2074,0.02729,0.08763
"NOSTRIN",2.1049,8.7918,5.4761,4.348e-08,1.754e-06
"SPC25",-0.2793,7.8346,-0.8244,0.4097,0.5812
"DHRS9",-1.5489,8.3915,-2.8946,0.003796,0.01989
"LRP2",1.9884,8.6848,3.1991,0.001379,0.009242
"BBS5",0.0612,8.412,0.2837,0.7767,0.867
"RP11-724O16.1",0.2432,7.5947,1.0624,0.2881,0.4619
"KLHL41",1.4279,6.726,3.3492,0.0008105,0.006154
"FASTKD1",0.2468,9.3069,1.2749,0.2024,0.366
"PPIG",0.1366,11.3739,1.0934,0.2742,0.4476
"CCDC173",1.615,6.795,2.6127,0.008983,0.03792
"PHOSPHO2",0.7004,7.4365,2.9233,0.003463,0.01862
"KLHL23",0.7275,9.3815,2.9524,0.003153,0.01736
"SSB",-0.0288,11.5571,-0.179,0.858,0.9192
"METTL5",0.0272,10.3588,0.1479,0.8824,0.9344
"UBR3",0.2101,10.8134,1.1663,0.2435,0.4133
"MYO3B",-1.7414,6.8241,-2.9364,0.003321,0.01808
"SP5",2.2149,7.3418,3.4065,0.0006581,0.005184
"ERICH2",2.1949,7.1823,6.1579,7.371e-10,5.281e-08
"GAD1",-0.2506,7.4242,-0.3677,0.7131,0.8226
"GORASP2",0.3798,12.1017,1.9651,0.0494,0.1348
"TLK1",0.3688,11.0846,1.7775,0.07549,0.1824
"METTL8",-0.6942,9.1514,-4.2006,2.662e-05,0.000395
"DCAF17",-0.0763,9.524,-0.5268,0.5983,0.739
"CYBRD1",0.8094,12.3721,2.6182,0.008841,0.03746
"DYNC1I2",0.3633,11.0947,2.5291,0.01143,0.04561
"HAT1",-0.1495,10.6759,-0.9681,0.333,0.5078
"SLC25A12",-0.1214,9.6645,-0.7794,0.4357,0.6053
"METAP1D",0.3998,7.9883,1.8091,0.07044,0.1737
"ITGA6",-2.2828,12.1874,-7.196,6.203e-13,1.158e-10
"PDK1",-0.4635,9.9206,-1.9139,0.05563,0.1467
"RAPGEF4",0.3239,8.4034,0.9487,0.3428,0.5174
"MAP3K20",0.3037,11.2731,1.1862,0.2355,0.4045
"CDCA7",-0.0297,9.0281,-0.0682,0.9456,0.9698
"SP3",0.0793,11.785,0.5772,0.5638,0.7127
"OLA1",-0.093,11.0614,-0.5166,0.6054,0.7444
"CIR1",0.2569,10.5354,1.4193,0.1558,0.3052
"SCRN3",0.0781,9.6306,0.5353,0.5925,0.7344
"GPR155",-0.5574,8.9057,-1.7403,0.08181,0.1933
"WIPF1",-0.0452,11.1231,-0.1829,0.8549,0.9174
"CHRNA1",0.2116,6.6559,0.3831,0.7017,0.8151
"CHN1",-0.1857,9.345,-0.673,0.501,0.6616
"ATF2",0.2653,10.8946,1.918,0.05512,0.1459
"ATP5G3",0.2142,12.2984,0.8556,0.3922,0.5654
"LNPK",0.096,10.5753,0.514,0.6073,0.746
"HOXD13",-1.8195,6.7176,-1.6269,0.1037,0.2308
"HOXD11",-3.1504,6.5392,-3.017,0.002553,0.01487
"HOXD10",-3.0275,6.984,-3.939,8.181e-05,0.0009874
"HOXD9",-0.9075,7.2419,-1.7037,0.08843,0.2052
"HOXD8",-0.3544,7.2776,-0.6873,0.4919,0.6541
"HOXD4",0.4704,6.5254,0.7114,0.4768,0.6404
"AC009336.19",0.4444,6.8358,0.7608,0.4468,0.6149
"HOXD3",0.2632,6.6529,0.4787,0.6322,0.765
"HOXD1",2.2806,7.6833,4.4423,8.899e-06,0.0001636
"MTX2",0.1559,10.2991,0.9322,0.3512,0.526
"HNRNPA3",-0.5085,12.6592,-3.3251,0.0008838,0.006565
"NFE2L2",-1.2683,12.667,-5.3105,1.093e-07,3.891e-06
"TTC30B",0.1011,8.9268,0.4182,0.6758,0.7965
"AGPS",0.0276,11.0975,0.117,0.9068,0.9487
"TTC30A",0.1143,9.2912,0.4508,0.6521,0.7801
"PDE11A",1.9384,6.5186,2.929,0.0034,0.0184
"RBM45",-0.0661,8.6816,-0.6536,0.5133,0.672
"OSBPL6",0.3712,8.574,0.8526,0.3939,0.5668
"PRKRA",0.0241,10.5621,0.1545,0.8772,0.9312
"DFNB59",0.1619,6.7958,0.5443,0.5863,0.7305
"FKBP7",0.4283,8.762,1.9908,0.04651,0.1294
"PLEKHA3",0.3937,9.7831,2.8734,0.004061,0.02087
"TTN",0.3467,9.3926,0.9278,0.3535,0.5281
"CCDC141",1.4067,7.3142,2.5168,0.01184,0.04684
"SESTD1",0.6251,10.9242,2.6757,0.007458,0.03306
"ZNF385B",0.7694,8.5387,1.2933,0.1959,0.3581
"CWC22",8e-04,10.1501,0.0069,0.9945,0.9968
"UBE2E3",-0.5261,10.6057,-3.1242,0.001783,0.0112
"ITGA4",-0.3506,9.4439,-1.2437,0.2136,0.3796
"CERKL",0.5595,8.8154,1.7846,0.07432,0.1803
"SSFA2",-0.1837,12.4546,-0.8703,0.3841,0.5579
"PPP1R1C",0.8363,7.4323,2.3522,0.01866,0.06621
"PDE1A",0.337,8.0155,1.0411,0.2979,0.4721
"DNAJC10",0.5929,12.1016,2.9356,0.003329,0.01811
"FRZB",1.2904,8.9534,2.9116,0.003595,0.01914
"NCKAP1",0.0249,12.7816,0.1558,0.8762,0.9304
"DUSP19",0.5038,7.9596,1.8158,0.0694,0.1718
"NUP35",-0.1245,8.9448,-0.7326,0.4638,0.6294
"ZNF804A",0.1266,6.7734,0.3684,0.7126,0.8223
"FSIP2",1.4854,7.1167,2.9698,0.00298,0.01666
"ZC3H15",-0.0355,11.1874,-0.2275,0.82,0.8954
"ITGAV",-0.7478,12.5985,-2.9711,0.002967,0.0166
"FAM171B",-0.4496,8.6205,-1.3242,0.1854,0.3452
"CALCRL",0.0128,10.7254,0.043,0.9657,0.9813
"TFPI",1.6395,11.8459,3.9949,6.473e-05,0.0008145
"GULP1",1.7955,9.8141,5.1602,2.467e-07,7.853e-06
"COL3A1",-0.5728,15.1359,-1.4654,0.1428,0.2869
"COL5A2",-0.4395,12.016,-1.334,0.1822,0.3411
"WDR75",-0.3708,10.3665,-3.1909,0.001418,0.009447
"SLC40A1",0.9715,12.3832,2.6378,0.008344,0.0359
"ASNSD1",0.4388,10.4835,2.2998,0.02146,0.07349
"ANKAR",0.7546,7.4014,3.711,0.0002064,0.002079
"OSGEPL1",0.0758,8.4319,0.4717,0.6372,0.7687
"ORMDL1",0.199,10.2686,1.29,0.1971,0.3595
"PMS1",0.1009,9.1268,0.7703,0.4411,0.6102
"C2orf88",-0.632,7.6011,-1.6196,0.1053,0.233
"HIBCH",0.0919,9.7467,0.5502,0.5822,0.7272
"INPP1",-1.32,9.6165,-3.8844,0.0001026,0.001191
"MFSD6",0.502,11.3408,2.1683,0.03013,0.09442
"NEMP2",-0.224,8.6646,-1.3343,0.1821,0.341
"NAB1",-0.5249,10.7986,-2.9666,0.003011,0.0168
"GLS",0.71,11.8434,2.3604,0.01825,0.06512
"STAT1",-0.1882,13.362,-0.6686,0.5038,0.6643
"STAT4",0.5729,8.0878,1.6534,0.09825,0.2216
"MYO1B",-0.2042,12.5584,-0.9924,0.321,0.4967
"NABP1",0.1421,10.0002,0.5962,0.551,0.7022
"SDPR",-0.0702,11.117,-0.1662,0.868,0.9254
"SLC39A10",0.0023,10.3713,0.0111,0.9911,0.9951
"DNAH7",2.7134,7.5162,4.5908,4.416e-06,9.061e-05
"STK17B",0.542,11.2985,1.8138,0.06971,0.1723
"HECW2",0.8728,9.5502,2.8683,0.004127,0.02108
"CCDC150",-0.4195,7.1459,-1.2165,0.2238,0.3908
"GTF3C3",-0.288,10.4433,-2.3421,0.01917,0.06754
"PGAP1",-1.6608,9.8122,-5.1951,2.046e-07,6.694e-06
"ANKRD44",0.9646,9.2592,2.7462,0.006029,0.02818
"SF3B1",-0.0219,13.3146,-0.2266,0.8208,0.896
"COQ10B",0.4254,10.3296,2.2443,0.02481,0.08178
"HSPE1",0.0049,11.0723,0.0217,0.9827,0.9907
"HSPD1",-0.3557,12.908,-1.8601,0.06287,0.1599
"HSPE1-MOB4",0.1287,10.8259,0.6236,0.5329,0.6879
"MOB4",0.1958,10.6751,1.0016,0.3165,0.4923
"RFTN2",0.1591,7.789,0.6597,0.5095,0.6689
"MARS2",0.0567,8.5695,0.287,0.7741,0.8656
"PLCL1",-0.305,8.2566,-0.8489,0.396,0.5689
"SATB2",0.5255,7.9729,1.6378,0.1015,0.2271
"FTCDNL1",0.1866,7.1967,0.4906,0.6237,0.7586
"TYW5",0.2154,8.701,1.2383,0.2156,0.3815
"C2orf69",-0.1854,9.6486,-1.0895,0.2759,0.4495
"MAIP1",-0.0472,9.175,-0.2635,0.7922,0.8771
"SPATS2L",-0.2799,11.7852,-1.3772,0.1685,0.3229
"KCTD18",0.0951,9.6013,0.7074,0.4793,0.6428
"SGO2",-0.0856,8.6525,-0.3023,0.7624,0.858
"AOX1",1.8265,8.6214,3.8331,0.0001265,0.001407
"BZW1",0.3706,12.5501,1.6517,0.0986,0.2221
"CLK1",0.2484,11.0892,1.205,0.2282,0.3966
"PPIL3",0.346,9.0402,1.7724,0.07633,0.184
"NIF3L1",0.043,9.7106,0.2567,0.7974,0.88
"ORC2",0.0056,9.9295,0.0448,0.9643,0.9809
"FAM126B",0.3406,9.7832,1.8482,0.06457,0.1629
"NDUFB3",0.3436,10.1292,1.6243,0.1043,0.2316
"CFLAR",0.436,12.4705,2.0394,0.04141,0.119
"CASP10",0.1729,10.0281,0.5951,0.5518,0.7028
"CASP8",0.3567,10.2453,2.4926,0.01268,0.04949
"ALS2CR12",0.9668,6.5949,1.8825,0.05976,0.1545
"TRAK2",0.5531,11.1007,2.7046,0.006839,0.03091
"STRADB",0.3635,8.7573,1.6032,0.1089,0.2383
"ALS2CR11",0.581,6.9167,1.2965,0.1948,0.357
"TMEM237",-0.5162,10.0149,-2.6489,0.008076,0.03503
"ALS2",-0.1629,10.1471,-1.0827,0.279,0.4528
"CDK15",-0.2301,6.7155,-0.6817,0.4955,0.6573
"FZD7",-2.0395,10.0189,-7.2026,5.907e-13,1.141e-10
"KIAA2012",1.3841,6.5319,1.8082,0.07058,0.1739
"SUMO1",0.0378,11.525,0.2025,0.8395,0.9079
"NOP58",-0.364,11.1023,-2.594,0.009486,0.03963
"BMPR2",0.2261,12.1277,1.2465,0.2126,0.3785
"FAM117B",-0.7239,9.7375,-2.8397,0.004516,0.02252
"ICA1L",0.2461,7.8826,0.7333,0.4634,0.6292
"CARF",0.2586,8.3524,1.2209,0.2221,0.3894
"WDR12",-0.0977,9.8942,-0.6398,0.5223,0.6796
"NBEAL1",0.3225,12.3322,1.8747,0.06083,0.1562
"CYP20A1",0.4268,9.0575,2.4273,0.01521,0.05679
"ABI2",0.3585,12.0258,2.3046,0.02119,0.07283
"RAPH1",0.634,11.3048,2.9735,0.002945,0.01653
"CD28",0.0943,7.6519,0.2197,0.8261,0.899
"CTLA4",-0.641,7.3947,-1.6114,0.1071,0.2356
"ICOS",-0.6764,7.4402,-1.4047,0.1601,0.3114
"PARD3B",-0.4134,9.4487,-1.1245,0.2608,0.4325
"NRP2",-0.958,11.5082,-3.4935,0.0004767,0.004059
"INO80D",0.1951,9.8258,1.0848,0.278,0.4518
"NDUFS1",0.2879,11.7131,1.8748,0.06082,0.1562
"EEF1B2",0.7219,11.8563,2.8326,0.004617,0.02287
"GPR1",-1.0792,6.7136,-2.0524,0.04013,0.1165
"ZDBF2",-0.3419,9.0011,-1.0505,0.2935,0.4676
"ADAM23",-4.9505,8.6412,-9.5702,1.067e-21,1.183e-18
"MDH1B",1.0158,7.201,1.8763,0.06061,0.1558
"FASTKD2",0.0862,10.2663,0.6485,0.5166,0.6748
"KLF7",-0.12,10.5029,-0.443,0.6578,0.7839
"CREB1",-0.1294,10.8068,-0.9125,0.3615,0.5362
"METTL21A",0.2113,9.0833,1.3784,0.1681,0.3223
"CCNYL1",0.0859,10.256,0.437,0.6621,0.7869
"FZD5",0.3715,10.5143,1.2157,0.2241,0.3912
"PLEKHM3",0.0211,9.7855,0.1001,0.9203,0.9565
"IDH1",0.2893,12.2765,1.014,0.3106,0.4856
"PIKFYVE",-0.3465,10.482,-1.8622,0.06257,0.1594
"PTH2R",-1.6551,6.4996,-2.1544,0.03121,0.09696
"MAP2",1.1524,10.105,2.2638,0.02359,0.07854
"UNC80",-1.6063,6.4978,-2.3669,0.01794,0.06427
"RPE",0.1364,10.5239,0.7756,0.438,0.6072
"KANSL1L",0.6162,9.8261,3.6091,0.0003072,0.002887
"ACADL",0.3234,7.9423,0.6192,0.5358,0.69
"LANCL1",0.2711,11.1789,1.0735,0.2831,0.457
"CPS1",7.7416,8.4793,9.6113,7.163e-22,9.921e-19
"ERBB4",1.8791,7.6799,3.16,0.001578,0.0102
"IKZF2",0.0978,9.282,0.2935,0.7692,0.8626
"SPAG16",0.2126,9.1032,1.0331,0.3015,0.4764
"BARD1",-0.0505,8.9774,-0.2434,0.8077,0.888
"ABCA12",-0.3421,8.128,-0.594,0.5525,0.7033
"ATIC",0.0973,11.3567,0.5004,0.6168,0.7532
"FN1",0.3571,16.3652,1.1441,0.2526,0.4236
"MREG",-0.4395,9.9357,-1.7784,0.07534,0.1821
"PECR",0.7353,9.0549,2.9378,0.003305,0.01801
"TMEM169",0.6932,6.8132,2.2378,0.02524,0.08276
"XRCC5",-0.0011,13.3674,-0.0088,0.993,0.996
"MARCH4",1.7863,6.4234,2.8166,0.004853,0.02376
"SMARCAL1",-0.0205,9.913,-0.1563,0.8758,0.9302
"RPL37A",0.3207,13.9333,1.454,0.146,0.2914
"IGFBP2",-2.131,12.1405,-4.1463,3.379e-05,0.0004746
"IGFBP5",-0.6597,13.6804,-1.5255,0.1271,0.2654
"DIRC3",-2.3703,6.6704,-4.8531,1.215e-06,3.046e-05
"TNS1",0.7868,13.2791,3.0392,0.002372,0.01398
"RUFY4",-0.5842,6.6566,-1.1427,0.2532,0.4243
"CXCR2",0.1092,7.5672,0.2109,0.833,0.904
"CXCR1",0.195,7.0596,0.3494,0.7268,0.8324
"ARPC2",-0.5422,13.4161,-3.4953,0.0004735,0.004036
"GPBAR1",0.3611,6.9834,1.0884,0.2764,0.45
"AAMP",-0.2037,11.8883,-1.446,0.1482,0.2943
"TMBIM1",-0.4997,13.1512,-1.8261,0.06784,0.169
"PNKD",0.4215,11.5971,1.2319,0.218,0.3845
"CATIP",1.6886,7.0407,3.652,0.0002602,0.002507
"SLC11A1",0.2192,10.2062,0.5604,0.5752,0.7217
"CTDSP1",-0.0452,12.2254,-0.3136,0.7538,0.8519
"VIL1",1.3988,9.3048,4.2945,1.751e-05,0.0002794
"USP37",-0.0245,9.7499,-0.1692,0.8656,0.9238
"CNOT9",-0.6081,10.9871,-5.0276,4.965e-07,1.435e-05
"PLCD4",-0.4177,7.7606,-2.0376,0.04159,0.1194
"ZNF142",-0.2924,9.9343,-1.714,0.08653,0.2019
"BCS1L",0.0513,9.4322,0.5076,0.6117,0.7496
"RNF25",0.1983,9.4875,1.4099,0.1586,0.3093
"STK36",0.0186,9.5542,0.0751,0.9401,0.9668
"TTLL4",-1.1472,9.9944,-3.7361,0.0001869,0.001923
"CYP27A1",-0.0397,11.0051,-0.0968,0.9229,0.9575
"WNT10A",-1.0423,7.6077,-1.8972,0.0578,0.1508
"CFAP65",2.7453,7.2073,3.6051,0.000312,0.002917
"IHH",1.7995,6.8149,3.6951,0.0002198,0.002193
"NHEJ1",0.1164,8.9172,0.88,0.3789,0.5535
"SLC23A3",-0.5262,6.8741,-1.499,0.1339,0.2746
"RP11-33O4.2",0.0509,8.9878,0.4284,0.6683,0.7911
"CNPPD1",0.3532,11.2707,2.4223,0.01542,0.05732
"FAM134A",0.1421,11.988,1.2647,0.206,0.3708
"ZFAND2B",0.2,9.6224,1.3752,0.1691,0.3238
"ABCB6",0.0166,10.0824,0.0423,0.9663,0.9816
"ATG9A",-0.0618,11.9155,-0.2767,0.782,0.8707
"ANKZF1",0.1161,10.2679,0.6461,0.5182,0.6762
"GLB1L",0.676,8.6651,2.6872,0.007206,0.03225
"STK16",0.4363,10.0673,2.6455,0.008156,0.0353
"TUBA4B",1.1524,7.6084,2.2482,0.02457,0.08114
"TUBA4A",0.1077,11.2709,0.3204,0.7486,0.848
"DNAJB2",-0.0494,11.5935,-0.2565,0.7976,0.8801
"PTPRN",3.0959,7.0951,4.6401,3.482e-06,7.354e-05
"DNPEP",-0.387,11.1333,-2.4767,0.01326,0.05128
"DES",1.396,8.9845,3.2459,0.001171,0.008144
"SPEG",-1.3386,8.3562,-2.7428,0.006092,0.02835
"GMPPA",0.2598,10.4206,1.3957,0.1628,0.3149
"CHPF",-0.6973,11.8786,-2.4818,0.01307,0.05071
"TMEM198",-0.0916,7.6073,-0.2969,0.7665,0.8605
"OBSL1",0.647,10.9468,2.1809,0.02919,0.09217
"INHA",3.3489,6.885,4.9448,7.623e-07,2.063e-05
"STK11IP",-0.2191,9.8123,-1.2077,0.2271,0.3951
"SLC4A3",-0.9028,8.2013,-2.1158,0.03436,0.104
"EPHA4",-0.6472,9.4655,-1.5694,0.1166,0.2498
"SGPP2",0.3829,10.6962,1.024,0.3058,0.4806
"FARSB",-0.2648,10.4796,-1.4834,0.138,0.2802
"ACSL3",0.0278,11.8738,0.127,0.8989,0.9444
"KCNE4",1.7267,8.2371,4.0954,4.214e-05,0.000569
"SCG2",2.1911,7.3344,4.8119,1.495e-06,3.602e-05
"AP1S3",0.7018,8.7873,2.5114,0.01202,0.04742
"WDFY1",-0.2521,11.1221,-1.5652,0.1175,0.2512
"MRPL44",0.3,9.9243,1.69,0.09103,0.2095
"SERPINE2",-1.9411,10.1794,-4.5469,5.443e-06,0.000108
"FAM124B",0.0038,7.2317,0.0131,0.9896,0.9943
"CUL3",0.0628,11.3951,0.4994,0.6175,0.7535
"DOCK10",0.2753,9.574,0.7456,0.4559,0.6229
"NYAP2",2.1179,6.5053,3.4934,0.000477,0.004059
"IRS1",-0.0425,10.4278,-0.1571,0.8752,0.9297
"RHBDD1",-0.1429,10.1178,-1.1435,0.2528,0.4239
"COL4A4",1.1496,10.0766,2.3363,0.01947,0.06827
"COL4A3",2.1231,9.3895,4.1261,3.689e-05,0.0005088
"MFF",0.4218,10.858,1.4924,0.1356,0.2768
"AGFG1",0.1755,11.7309,0.7262,0.4677,0.6329
"SLC19A3",0.9308,7.993,2.1905,0.02849,0.09053
"CCL20",-1.1297,8.9677,-1.7972,0.07231,0.1769
"DAW1",2.4049,7.1697,3.8141,0.0001367,0.001501
"PID1",1.3643,9.5257,3.7841,0.0001543,0.001646
"DNER",1.0644,7.8296,1.5278,0.1266,0.265
"TRIP12",-0.0371,12.6667,-0.2509,0.8019,0.8835
"FBXO36",0.1001,8.16,0.3723,0.7097,0.8202
"SLC16A14",0.4965,8.925,0.981,0.3266,0.5025
"SP110",0.097,10.1534,0.4872,0.6261,0.7606
"SP140",-0.3317,8.2883,-1.0491,0.2941,0.468
"SP140L",0.0657,9.7441,0.3592,0.7195,0.8275
"SP100",0.3847,11.3975,1.9655,0.04935,0.1348
"CAB39",0.0705,11.8762,0.4777,0.6329,0.7654
"ITM2C",-0.0047,11.8475,-0.0232,0.9815,0.9902
"GPR55",-1.5954,6.7098,-3.5201,0.0004314,0.003742
"C2orf72",2.0039,7.1381,3.3561,0.0007904,0.00602
"HTR2B",1.0626,7.079,2.2936,0.02181,0.0743
"PSMD1",-0.2209,11.9346,-1.5673,0.117,0.2506
"ARMC9",1.0399,9.3632,3.6527,0.0002595,0.002503
"B3GNT7",2.4635,10.5569,5.9023,3.584e-09,2.04e-07
"NCL",-0.589,14.159,-3.7014,0.0002144,0.002148
"NMUR1",1.4785,7.2682,3.6239,0.0002902,0.002747
"PTMA",-0.1077,14.1722,-0.7018,0.4828,0.646
"PDE6D",0.0138,9.3588,0.0676,0.9461,0.9701
"COPS7B",-0.3114,10.2346,-1.9797,0.04773,0.1318
"DIS3L2",-0.3485,10.0032,-2.3485,0.01885,0.06668
"ALPP",2.9426,7.1299,4.7574,1.961e-06,4.525e-05
"ALPPL2",3.3106,6.683,5.202,1.971e-07,6.5e-06
"ECEL1",-0.8552,6.7898,-1.3004,0.1935,0.3557
"TIGD1",-0.2626,8.1093,-1.0329,0.3017,0.4765
"EIF4E2",0.1299,11.3077,0.867,0.3859,0.5595
"EFHD1",-0.0247,8.1994,-0.0766,0.9389,0.966
"GIGYF2",0.0471,11.362,0.3426,0.7319,0.8364
"C2orf82",0.2175,7.952,1.2547,0.2096,0.375
"NGEF",0.4654,7.6779,0.8885,0.3743,0.5491
"INPP5D",0.2104,9.94,0.6662,0.5053,0.6656
"ATG16L1",0.3119,10.2119,2.1829,0.02904,0.09182
"DGKD",0.9661,10.4615,3.294,0.0009876,0.007124
"USP40",0.4673,10.6367,2.2421,0.02496,0.08209
"UGT1A5",-1.1862,8.8557,-1.2791,0.2009,0.3644
"UGT1A3",-1.1831,8.8579,-1.2758,0.202,0.3659
"UGT1A4",-1.2059,8.8811,-1.3037,0.1923,0.3541
"UGT1A7",-1.3986,8.9198,-1.5055,0.1322,0.2723
"UGT1A1",-1.2718,8.9495,-1.4018,0.161,0.3125
"UGT1A9",-1.1907,8.8575,-1.2843,0.199,0.3621
"UGT1A6",-0.8537,9.0692,-0.9224,0.3563,0.5308
"UGT1A10",-1.3131,8.9227,-1.4157,0.1569,0.3069
"UGT1A8",-1.1941,8.8602,-1.288,0.1977,0.3602
"MROH2A",-0.9208,6.4467,-1.2171,0.2236,0.3906
"HJURP",-0.5986,8.7332,-1.6243,0.1043,0.2316
"TRPM8",0.6171,6.3071,1.2596,0.2078,0.373
"ARL4C",-0.7694,11.4975,-3.3124,0.0009248,0.006798
"SH3BP4",-0.7413,11.3866,-2.4404,0.01467,0.05528
"AGAP1",-0.1132,10.5632,-0.5518,0.5811,0.7265
"IQCA1",-1.0653,8.7587,-2.5093,0.0121,0.04762
"ACKR3",-1.5344,10.947,-2.8569,0.004279,0.02165
"COPS8",-0.0635,10.5276,-0.4616,0.6443,0.774
"COL6A3",-0.1532,13.9282,-0.5118,0.6088,0.7472
"MLPH",2.6776,11.3108,5.9466,2.738e-09,1.602e-07
"RAB17",1.938,9.4545,6.2471,4.183e-10,3.248e-08
"LRRFIP1",0.2529,12.3985,1.3813,0.1672,0.321
"RBM44",-0.3251,6.4825,-0.9454,0.3445,0.5191
"RAMP1",0.4464,8.8828,1.106,0.2687,0.4416
"UBE2F",-0.2278,10.2315,-1.2924,0.1962,0.3585
"UBE2F-SCLY",-0.4266,9.9569,-2.6713,0.007555,0.03337
"SCLY",-0.7076,9.0393,-3.7153,0.000203,0.002057
"ESPNL",-0.7568,6.5804,-1.6602,0.09687,0.2193
"KLHL30",1.7832,6.7472,4.1862,2.836e-05,0.0004153
"ERFE",0.3471,7.1412,0.6464,0.518,0.6761
"ILKAP",-0.274,9.7646,-2.4538,0.01413,0.05366
"HES6",1.2969,8.3273,2.8072,0.004998,0.02429
"PER2",0.4133,10.3112,1.8066,0.07083,0.1743
"TRAF3IP1",0.1623,9.8696,0.8279,0.4077,0.5792
"ASB1",-0.0584,9.9518,-0.4247,0.6711,0.793
"TWIST2",-1.2067,7.5218,-3.786,0.0001531,0.001635
"HDAC4",-0.3026,9.7535,-1.3612,0.1735,0.3293
"NDUFA10",-0.1945,11.3491,-1.472,0.141,0.2843
"COPS9",0.5231,10.0127,2.0157,0.04383,0.1242
"GPC1",-2.9085,11.6647,-9.0874,1.015e-19,7.665e-17
"DUSP28",0.0677,7.8023,0.4428,0.6579,0.7839
"ANKMY1",0.3655,9.214,1.5951,0.1107,0.2407
"RNPEPL1",0.2054,11.807,1.1575,0.2471,0.4173
"CAPN10",0.587,9.4101,3.0632,0.00219,0.0132
"GPR35",1.9548,7.9809,4.1011,4.112e-05,0.0005574
"KIF1A",1.0402,7.844,1.1815,0.2374,0.4066
"C2orf54",0.6109,9.1736,1.5264,0.1269,0.2654
"CROCC2",2.8326,6.7206,3.9181,8.926e-05,0.001059
"SNED1",0.9774,10.0111,3.7628,0.0001681,0.001764
"MTERF4",0.3674,10.1515,3.0759,0.002099,0.01277
"PASK",-0.167,9.1895,-0.7981,0.4248,0.5955
"PPP1R7",0.2002,10.9278,1.6936,0.09034,0.2082
"ANO7",0.708,7.1667,2.1647,0.03041,0.09513
"HDLBP",-0.1722,14.4061,-1.0083,0.3133,0.4884
"SEPT2",0.0802,13.8288,0.5435,0.5868,0.7308
"FARP2",-0.3913,10.6024,-2.72,0.006528,0.02983
"STK25",-0.1974,11.5439,-1.5394,0.1237,0.2608
"BOK",0.4108,10.5104,1.6058,0.1083,0.2373
"THAP4",-0.2199,10.7389,-1.4729,0.1408,0.284
"ATG4B",-0.4016,10.6912,-3.2682,0.001082,0.007622
"DTYMK",0.1219,9.8322,0.5489,0.5831,0.7277
"ING5",-0.0809,10.1196,-0.6106,0.5414,0.6943
"D2HGDH",0.2876,9.427,0.9866,0.3239,0.4997
"GAL3ST2",0.9131,6.1784,0.9614,0.3363,0.511
"NEU4",-0.1941,6.3154,-0.2623,0.7931,0.8774
"PDCD1",-0.7032,7.2071,-1.7652,0.07753,0.1859
"C20orf96",0.4724,8.5778,1.6248,0.1042,0.2314
"ZCCHC3",-0.167,9.8956,-1.0277,0.3041,0.4787
"SOX12",-0.3387,9.7617,-1.0339,0.3012,0.4761
"NRSN2",-0.1173,10.264,-0.5853,0.5584,0.7078
"TRIB3",-0.0123,9.9173,-0.0374,0.9702,0.9837
"RBCK1",-0.0599,11.6476,-0.2624,0.793,0.8774
"TBC1D20",-0.3019,10.9092,-2.4893,0.0128,0.04986
"CSNK2A1",-0.4622,11.5989,-2.871,0.004091,0.02097
"TCF15",-2.4004,6.447,-4.0237,5.729e-05,0.000733
"SRXN1",0.4941,11.4295,0.9116,0.362,0.5366
"RP5-850E9.3",0.4923,11.4103,0.9083,0.3637,0.5383
"SLC52A3",0.1713,8.4009,0.5041,0.6142,0.7514
"FAM110A",-0.6376,9.5182,-3.0116,0.002598,0.01504
"ANGPT4",-0.046,6.9504,-0.0792,0.9369,0.9649
"RSPO4",0.3331,7.5002,0.576,0.5646,0.7133
"TMEM74B",0.2675,7.596,0.7525,0.4518,0.6192
"PSMF1",-0.3783,12.0859,-3.2118,0.001319,0.008903
"C20orf202",0.2843,6.5834,0.8018,0.4227,0.5935
"SNPH",0.8244,7.835,3.1005,0.001932,0.01196
"SDCBP2",1.1497,9.2622,2.537,0.01118,0.0449
"RP11-314N13.10",0.0884,9.0108,0.3696,0.7117,0.8217
"FKBP1A",-0.6343,12.8757,-3.7618,0.0001687,0.001769
"NSFL1C",-0.3167,11.4626,-1.8752,0.06077,0.1561
"SIRPB2",0.99,8.1666,2.5668,0.01026,0.0421
"SIRPD",0.5933,6.2182,1.2707,0.2038,0.3681
"RP4-576H24.4",-0.0992,7.316,-0.2172,0.828,0.9005
"SIRPB1",-0.249,9.0752,-0.6756,0.4993,0.6602
"SIRPG",-0.7292,7.3181,-1.8709,0.06136,0.1572
"SIRPA",-0.5182,11.4426,-1.8778,0.06041,0.1553
"STK35",-0.6179,10.9326,-2.6338,0.008444,0.03626
"TGM3",-2.9832,6.9266,-4.3592,1.305e-05,0.0002208
"SNRPB",-0.2977,12.3302,-1.5486,0.1215,0.2574
"RP4-734P14.4",-0.1328,9.9637,-0.691,0.4895,0.6523
"ZNF343",-0.6499,8.8115,-3.7161,0.0002023,0.002051
"TMC2",-0.6338,6.4217,-1.1489,0.2506,0.4216
"NOP56",-0.4828,11.6144,-2.6634,0.007736,0.03391
"IDH3B",-0.3306,11.0466,-2.2565,0.02404,0.07974
"EBF4",-0.9503,8.9119,-3.1238,0.001785,0.0112
"CPXM1",-0.7801,8.7154,-1.6063,0.1082,0.2372
"PCED1A",-0.0849,9.8087,-0.4316,0.666,0.7894
"VPS16",-0.0587,10.4627,-0.458,0.647,0.7763
"PTPRA",-0.1562,11.7322,-1.3335,0.1824,0.3413
"MRPS26",-0.0751,10.201,-0.3821,0.7024,0.8154
"FASTKD5",-0.0337,9.6856,-0.1843,0.8538,0.9171
"UBOX5",-0.4978,9.1157,-3.2337,0.001222,0.008427
"LZTS3",1.1811,10.1032,4.3501,1.361e-05,0.0002287
"DDRGK1",0.1159,10.8714,0.5319,0.5948,0.7362
"ITPA",0.0422,10.3194,0.2348,0.8144,0.8919
"SLC4A11",-2.015,8.5182,-4.428,9.509e-06,0.000172
"C20orf194",-0.5182,10.2367,-2.6581,0.007858,0.03432
"ATRN",-0.5928,11.654,-3.0507,0.002283,0.01365
"ADAM33",0.0847,7.5603,0.1967,0.8441,0.911
"SIGLEC1",-0.178,10.0129,-0.4874,0.626,0.7605
"HSPA12B",0.2689,8.5511,1.0186,0.3084,0.4832
"C20orf27",-0.4994,10.1091,-2.8457,0.004432,0.0222
"SPEF1",1.7991,6.9673,2.6887,0.007172,0.03216
"CENPB",-0.1784,11.7567,-0.8962,0.3702,0.545
"CDC25B",-0.269,11.4907,-1.0243,0.3057,0.4805
"AP5S1",-0.0969,9.2866,-0.6517,0.5146,0.6729
"MAVS",-0.124,11.8151,-0.6244,0.5324,0.6877
"PANK2",-0.4285,10.308,-2.9968,0.002728,0.01562
"RNF24",0.0234,10.5993,0.0837,0.9333,0.9633
"SMOX",-0.9346,8.8948,-2.0514,0.04023,0.1167
"ADRA1D",-2.0003,6.64,-4.1332,3.578e-05,0.0004968
"PRNP",-1.766,12.2952,-6.8072,9.948e-12,1.243e-09
"PRND",-0.727,6.5553,-1.5551,0.1199,0.2549
"RASSF2",0.6624,10.345,1.8808,0.05999,0.1548
"SLC23A2",0.3428,10.6222,1.1173,0.2638,0.4357
"TMEM230",0.1218,11.8869,0.785,0.4325,0.6026
"PCNA",-0.5183,11.5501,-2.6155,0.00891,0.03769
"CDS2",0.056,11.3854,0.3635,0.7163,0.825
"GPCPD1",0.0703,11.2453,0.2642,0.7916,0.8767
"C20orf196",0.4147,8.107,1.9073,0.05648,0.1481
"CHGB",0.0018,7.3221,0.002,0.9984,0.999
"TRMT6",-0.3937,9.8275,-2.4675,0.01361,0.05224
"MCM8",-0.6362,9.3205,-2.7039,0.006853,0.03097
"CRLS1",0.3637,11.0759,2.159,0.03085,0.09611
"LRRN4",2.3443,8.0872,3.9875,6.678e-05,0.0008332
"FERMT1",-1.3199,9.6441,-3.5457,0.0003915,0.00348
"BMP2",-0.0982,10.0293,-0.2264,0.8209,0.896
"TMX4",1.0564,11.2945,5.2327,1.671e-07,5.644e-06
"PLCB1",-0.3299,9.522,-0.9964,0.319,0.4949
"PLCB4",-1.4396,8.9792,-3.1171,0.001827,0.01143
"LAMP5",-0.1228,7.6389,-0.2994,0.7646,0.8591
"PAK5",-3.4553,6.592,-4.7195,2.364e-06,5.319e-05
"ANKEF1",-0.089,9.3876,-0.4707,0.6378,0.769
"SNAP25",-0.7915,7.315,-1.6955,0.08998,0.2076
"MKKS",-0.1873,10.5258,-1.0818,0.2793,0.4531
"SLX4IP",-0.2014,8.9564,-0.8477,0.3966,0.5695
"JAG1",-2.3754,11.8849,-8.9456,3.698e-19,2.459e-16
"BTBD3",0.1092,10.4998,0.4858,0.6271,0.7612
"SPTLC3",0.931,8.6781,2.0087,0.04457,0.1256
"ISM1",-0.4792,8.0696,-1.1876,0.235,0.4041
"TASP1",-0.0652,9.0014,-0.4273,0.6692,0.7917
"ESF1",-0.5837,9.6783,-3.2889,0.001006,0.007212
"NDUFAF5",0.0119,8.6948,0.054,0.957,0.9763
"FLRT3",0.5135,10.3487,1.1322,0.2576,0.4287
"MACROD2",0.9438,9.0596,1.747,0.08063,0.1913
"KIF16B",0.3356,10.1723,1.4873,0.1369,0.2786
"SNRPB2",0.0344,10.6242,0.2045,0.838,0.9072
"PCSK2",1.1993,7.7627,1.3091,0.1905,0.3516
"BFSP1",-0.3849,7.5352,-1.1819,0.2373,0.4065
"DSTN",0.4804,13.8569,2.6699,0.007588,0.03347
"RRBP1",-0.0754,13.2999,-0.2803,0.7793,0.8687
"SNX5",-0.3507,11.7032,-2.133,0.03293,0.1008
"MGME1",-0.8433,9.6328,-3.7066,0.0002101,0.002111
"OVOL2",0.7114,8.6813,3.2406,0.001193,0.008276
"PET117",0.0244,9.0303,0.1372,0.8909,0.9389
"KAT14",-0.3166,10.0402,-1.6222,0.1048,0.2322
"ZNF133",-0.599,9.2425,-2.6323,0.008481,0.03636
"DZANK1",0.6544,7.8878,2.0183,0.04356,0.1236
"POLR3F",-0.2322,9.0047,-1.2247,0.2207,0.3877
"RBBP9",-0.1689,10.2128,-0.8839,0.3767,0.5514
"SEC23B",0.2117,11.6529,1.4282,0.1532,0.3015
"LINC00493",0.3974,9.8059,1.9196,0.05491,0.1455
"DTD1",-0.1002,10.3861,-0.5027,0.6152,0.7521
"SLC24A3",-0.0778,9.0448,-0.2661,0.7901,0.8759
"RIN2",-0.5842,11.5378,-2.9217,0.003481,0.01869
"NAA20",-0.1074,11.1125,-0.4194,0.6749,0.7959
"CRNKL1",-0.1789,10.3932,-1.1669,0.2433,0.413
"CFAP61",1.2202,6.9198,1.9382,0.0526,0.141
"RALGAPA2",0.7607,11.4093,3.2169,0.001296,0.008783
"KIZ",-0.2572,9.1913,-1.1356,0.2561,0.4271
"XRN2",-0.1895,11.9521,-1.5553,0.1199,0.2548
"RP4-788L20.5",4.5674,8.4173,7.9572,1.76e-15,5.518e-13
"FOXA2",3.1216,9.0372,6.3004,2.969e-10,2.455e-08
"THBD",-0.8047,11.3523,-2.1402,0.03234,0.09953
"CD93",0.2693,11.7567,1.0152,0.31,0.4848
"NXT1",-0.0339,9.5078,-0.1422,0.887,0.9369
"GZF1",-0.0889,9.664,-0.5333,0.5938,0.7356
"NAPB",-0.3721,9.1576,-1.6459,0.09978,0.224
"CST3",0.7426,13.1678,3.2795,0.00104,0.007399
"CST4",-0.1152,6.5288,-0.1476,0.8827,0.9345
"CST1",-0.2777,8.1258,-0.3298,0.7416,0.8435
"CST2",1.0836,7.0198,1.7855,0.07418,0.18
"CST5",1.8558,6.3076,3.0564,0.00224,0.01343
"GGTLC1",4.4347,8.3501,7.5949,3.081e-14,8.396e-12
"SYNDIG1",-1.0366,7.2997,-2.2213,0.02633,0.08532
"CST7",-0.1916,8.4267,-0.52,0.6031,0.7427
"APMAP",-0.2662,12.2602,-1.3318,0.1829,0.3418
"ACSS1",-0.3929,10.6701,-1.1429,0.2531,0.4242
"ENTPD6",0.1638,11.4016,0.7679,0.4425,0.6113
"PYGB",0.7964,12.548,3.2026,0.001362,0.009152
"ABHD12",0.2405,11.2596,1.4308,0.1525,0.3003
"GINS1",-0.7326,8.8045,-2.4716,0.01345,0.0518
"NINL",-0.1132,9.4977,-0.4067,0.6842,0.802
"NANP",0.0769,8.6989,0.4221,0.6729,0.7945
"ZNF337",-0.2827,9.7775,-1.3487,0.1774,0.3345
"FAM182B",1.2029,6.6543,2.2438,0.02484,0.08183
"DEFB124",-0.6915,6.2048,-1.4498,0.1471,0.293
"REM1",-0.7956,7.0951,-1.9161,0.05536,0.1461
"HM13",-0.1281,12.455,-0.6796,0.4968,0.6583
"ID1",0.2604,11.2103,0.6724,0.5014,0.662
"COX4I2",0.3132,7.9707,1.2219,0.2217,0.3889
"BCL2L1",0.2243,12.3838,1.1776,0.2389,0.4083
"TPX2",-0.6507,10.2165,-1.7504,0.08005,0.1904
"MYLK2",-0.0957,6.2186,-0.209,0.8344,0.9047
"FOXS1",-0.4522,7.2741,-1.486,0.1373,0.2791
"DUSP15",0.6792,6.6156,1.3636,0.1727,0.3282
"TTLL9",1.6129,6.848,2.743,0.006088,0.02834
"PDRG1",-0.0116,9.5425,-0.0611,0.9513,0.9726
"CCM2L",0.312,8.078,0.7744,0.4387,0.6079
"HCK",-0.8729,10.6691,-3.0358,0.002399,0.01413
"TM9SF4",-0.4091,11.9884,-2.5114,0.01203,0.04742
"PLAGL2",-0.8252,10.6772,-3.1594,0.001581,0.01022
"POFUT1",-0.5085,11.4313,-3.4822,0.0004973,0.004185
"KIF3B",0.0202,11.3544,0.0953,0.9241,0.9581
"ASXL1",0.1459,11.3471,1.0175,0.3089,0.4837
"NOL4L",0.2145,10.1315,0.8319,0.4055,0.577
"COMMD7",0.3869,10.758,1.8534,0.06382,0.1615
"DNMT3B",-0.4351,7.8567,-1.4051,0.16,0.3112
"MAPRE1",-0.2401,12.2128,-2.023,0.04308,0.1224
"BPIFA1",2.3312,8.1924,2.4051,0.01617,0.05931
"BPIFB1",0.2106,9.72,0.247,0.8049,0.886
"CDK5RAP1",0.1303,9.8102,1.128,0.2593,0.4309
"SNTA1",0.3102,9.3266,1.312,0.1895,0.3505
"CBFA2T2",-0.3814,10.4041,-1.7324,0.0832,0.1958
"C20orf144",0.1786,6.3747,0.5104,0.6098,0.7481
"ACTL10",0.3973,6.8862,0.9667,0.3337,0.5085
"NECAB3",0.717,10.1579,3.5932,0.0003266,0.003027
"E2F1",-0.0029,9.2164,-0.0097,0.9922,0.9958
"PXMP4",0.7859,10.0971,2.4544,0.01411,0.0536
"ZNF341",0.4496,8.4442,2.7829,0.005387,0.02573
"CHMP4B",0.1165,12.4155,0.7398,0.4594,0.6258
"RALY",-0.0303,12.5499,-0.2429,0.8081,0.8881
"EIF2S2",-0.2089,11.2016,-1.5439,0.1226,0.2591
"AHCY",-0.5296,12.3493,-2.716,0.006607,0.03011
"ITCH",-0.0253,11.3054,-0.1865,0.852,0.9159
"DYNLRB1",0.1242,11.6235,0.7099,0.4778,0.6414
"MAP1LC3A",0.4682,9.1578,1.4792,0.1391,0.2816
"PIGU",-0.1121,9.9178,-0.6722,0.5015,0.662
"TP53INP2",0.5389,10.8044,1.6249,0.1042,0.2314
"NCOA6",-0.3715,11.3731,-2.1413,0.03225,0.09931
"GGT7",0.5376,9.771,2.2426,0.02492,0.08202
"ACSS2",0.4194,11.1896,1.6558,0.09777,0.2208
"GSS",-0.1971,10.7186,-1.364,0.1726,0.3282
"MYH7B",-0.9134,7.0741,-2.0943,0.03623,0.1081
"TRPC4AP",0.21,11.8729,2.0488,0.04048,0.1172
"EDEM2",0.3821,10.7756,2.1116,0.03472,0.1047
"PROCR",0.9945,9.4409,2.9214,0.003484,0.0187
"MMP24",1.5193,9.773,6.349,2.168e-10,1.876e-08
"MMP24-AS1",0.5869,10.6929,3.0355,0.002401,0.01414
"RP4-614O4.11",-0.1671,10.4136,-0.9899,0.3222,0.4981
"EIF6",-0.0853,11.9751,-0.5214,0.6021,0.7421
"UQCC1",-0.0222,10.0667,-0.1575,0.8749,0.9295
"GDF5OS",0.1627,6.3038,0.2299,0.8182,0.8941
"GDF5",0.2447,6.7291,0.3891,0.6972,0.8121
"CEP250",-0.5589,10.5388,-2.4499,0.01429,0.05414
"ERGIC3",0.1873,12.8901,1.2273,0.2197,0.3865
"SPAG4",1.046,8.2585,2.7582,0.005812,0.02733
"CPNE1",-0.5597,11.8931,-2.5719,0.01011,0.0416
"RBM12",0.0276,11.6095,0.2864,0.7745,0.8658
"RP1-309K20.6",-0.2867,9.7183,-1.6826,0.09245,0.2122
"NFS1",-0.0453,9.7567,-0.2895,0.7722,0.8644
"ROMO1",0.7854,10.4916,3.1196,0.001811,0.01136
"RBM39",-0.0385,12.4443,-0.3376,0.7356,0.8389
"PHF20",0.0097,10.7756,0.0886,0.9294,0.9614
"SCAND1",0.241,10.2005,1.1388,0.2548,0.4258
"CNBD2",0.6197,7.0955,2.1216,0.03387,0.1029
"EPB41L1",0.1936,11.2292,0.7798,0.4355,0.6052
"AAR2",-0.0744,10.697,-0.7982,0.4247,0.5955
"DLGAP4",-0.1833,11.5849,-1.0162,0.3095,0.4844
"MYL9",0.1212,12.7267,0.4287,0.6681,0.791
"TGIF2",-0.9575,10.224,-4.1473,3.364e-05,0.0004738
"TGIF2-C20orf24",0.1475,11.4072,0.5016,0.616,0.7528
"C20orf24",0.1578,11.5972,0.5301,0.596,0.7371
"SLA2",0.0174,9.4322,0.0644,0.9487,0.9716
"NDRG3",0.1275,10.6605,0.8717,0.3834,0.5572
"DSN1",-0.0785,9.5169,-0.4147,0.6784,0.7981
"SOGA1",-0.9608,11.1969,-3.7116,0.0002059,0.002078
"TLDC2",-0.105,8.8096,-0.4661,0.6412,0.7716
"SAMHD1",-0.1723,12.1783,-0.6772,0.4983,0.6594
"RBL1",-0.5323,9.0518,-3.2742,0.00106,0.007507
"MROH8",-0.0971,8.3949,-0.5322,0.5946,0.7362
"RPN2",-0.3244,13.8002,-1.6909,0.09086,0.2092
"MANBAL",-0.1527,10.8584,-0.9611,0.3365,0.5111
"SRC",-0.3766,11.4807,-1.6681,0.0953,0.2168
"NNAT",-0.3943,6.7317,-1.2225,0.2215,0.3887
"BLCAP",-0.9718,11.4734,-5.2114,1.874e-07,6.205e-06
"CTNNBL1",-0.2237,10.6952,-1.9739,0.0484,0.133
"VSTM2L",1.7065,8.9886,2.7459,0.006035,0.02818
"TTI1",-0.0496,10.1053,-0.3726,0.7094,0.82
"RPRD1B",-0.111,10.6191,-0.9011,0.3675,0.5422
"TGM2",1.035,13.6117,2.5334,0.0113,0.04522
"KIAA1755",0.0371,7.7032,0.1091,0.9131,0.9524
"RALGAPB",-0.016,11.4225,-0.1008,0.9197,0.9562
"ARHGAP40",1.5613,7.1833,2.4311,0.01505,0.05642
"ACTR5",0.1042,8.7458,0.8797,0.379,0.5535
"PPP1R16B",0.0306,9.1787,0.0837,0.9333,0.9633
"FAM83D",-1.1968,9.0854,-3.6417,0.0002709,0.00259
"DHX35",-0.5916,9.2645,-4.0421,5.297e-05,0.0006905
"MAFB",-0.7052,10.7415,-2.6649,0.007701,0.03379
"TOP1",0.146,12.0861,0.7476,0.4547,0.6219
"PLCG1",-0.4943,11.2362,-2.7119,0.006689,0.03042
"ZHX3",0.2791,10.2216,1.4808,0.1386,0.2811
"LPIN3",-0.1108,9.5928,-0.5448,0.5859,0.7303
"EMILIN3",-1.3765,7.9979,-4.1569,3.226e-05,0.0004597
"CHD6",-0.2028,11.1867,-0.8695,0.3846,0.5583
"PTPRT",-1.9892,7.6878,-2.3469,0.01893,0.06689
"SRSF6",-0.0246,12.3199,-0.2009,0.8408,0.9089
"L3MBTL1",-0.0066,8.1268,-0.019,0.9849,0.9918
"RP1-138B7.6",1.1796,6.519,2.9306,0.003383,0.01832
"SGK2",2.3424,6.9928,3.9826,6.818e-05,0.0008481
"IFT52",0.1431,10.0264,0.7405,0.459,0.6254
"MYBL2",-0.6755,9.8023,-1.8112,0.07011,0.1732
"TOX2",-0.4173,8.5683,-1.1789,0.2385,0.4078
"JPH2",0.8942,7.6293,2.8111,0.004937,0.02406
"OSER1",-0.0392,10.2913,-0.2163,0.8288,0.9011
"FITM2",1.0965,9.2221,5.796,6.79e-09,3.571e-07
"HNF4A",3.1301,6.8583,3.7778,0.0001582,0.001676
"TTPAL",-0.3088,9.7736,-1.9376,0.05267,0.1412
"SERINC3",0.0982,12.73,0.5754,0.565,0.7135
"PKIG",0.4584,10.4801,2.1412,0.03225,0.09931
"ADA",-1.3126,8.7565,-4.1414,3.452e-05,0.000483
"WISP2",1.5546,8.9578,3.5779,0.0003463,0.003164
"KCNK15",1.3286,7.1672,3.0243,0.002492,0.01459
"RIMS4",0.5966,7.1503,0.9166,0.3593,0.5339
"YWHAB",-0.2719,13.5212,-1.8786,0.0603,0.1552
"PABPC1L",0.2439,9.1864,0.6631,0.5073,0.6673
"TOMM34",-0.4272,10.2939,-2.472,0.01344,0.05177
"STK4",-0.2389,10.9101,-1.6999,0.08916,0.2062
"KCNS1",0.5455,7.0055,0.861,0.3892,0.5625
"WFDC5",-1.8709,6.5176,-2.1112,0.03475,0.1048
"WFDC12",-0.0938,6.2284,-0.1173,0.9066,0.9486
"PI3",-3.8452,8.2411,-5.3854,7.227e-08,2.699e-06
"SLPI",1.3212,13.1744,2.5992,0.009345,0.03916
"SDC4",0.3901,13.7743,1.1367,0.2557,0.4267
"SYS1",0.2696,10.7339,1.5189,0.1288,0.2677
"TP53TG5",0.4061,6.7784,1.4939,0.1352,0.2764
"DBNDD2",0.6809,10.4127,3.1986,0.001381,0.009251
"SYS1-DBNDD2",0.6531,10.561,3.2963,0.0009795,0.007087
"PIGT",0.1407,12.4338,0.8383,0.4019,0.5741
"WFDC2",1.0588,11.5409,1.9374,0.0527,0.1412
"WFDC3",1.5472,6.8523,3.2947,0.0009854,0.007111
"DNTTIP1",0.7522,10.0527,2.8412,0.004494,0.02245
"UBE2C",-0.6004,9.2174,-1.6705,0.09483,0.216
"TNNC2",0.6047,6.6502,1.304,0.1922,0.354
"SNX21",0.6505,9.7443,2.7496,0.005967,0.02794
"ACOT8",0.3247,9.8996,1.6667,0.09557,0.2172
"ZSWIM3",0.5045,7.9542,2.6442,0.008188,0.03538
"ZSWIM1",-0.1055,8.8524,-0.8566,0.3917,0.5648
"SPATA25",0.0617,6.2991,0.1598,0.873,0.9284
"NEURL2",0.0472,6.9718,0.191,0.8485,0.9137
"CTSA",0.1106,12.7758,0.5993,0.549,0.7004
"PLTP",-0.6629,12.1876,-2.4329,0.01498,0.0562
"PCIF1",-0.1644,10.8467,-1.2921,0.1963,0.3586
"ZNF335",-0.0918,9.9709,-0.6769,0.4985,0.6595
"MMP9",-1.5814,10.4399,-3.1403,0.001688,0.01074
"SLC12A5",-0.5815,6.8089,-1.392,0.1639,0.3166
"NCOA5",-0.1556,10.5698,-1.0772,0.2814,0.4553
"CD40",-0.9569,10.2633,-2.8365,0.004561,0.02268
"SLC35C2",-0.0291,11.0421,-0.2185,0.8271,0.8997
"ELMO2",-0.2245,10.6654,-1.7499,0.08013,0.1906
"ZNF334",-0.5478,7.9767,-1.3217,0.1863,0.3462
"SLC13A3",-0.0089,7.6076,-0.0252,0.9799,0.9892
"TP53RK",-0.0664,9.5631,-0.3205,0.7486,0.848
"SLC2A10",0.0582,9.8095,0.1707,0.8645,0.923
"EYA2",-1.3927,9.0408,-2.407,0.01608,0.05915
"ZMYND8",0.3108,11.0241,1.1601,0.246,0.4161
"NCOA3",-0.1489,11.5901,-0.78,0.4354,0.6052
"SULF2",-2.303,11.1931,-6.323,2.565e-10,2.153e-08
"PREX1",-4e-04,10.8586,-0.0016,0.9987,0.9992
"ARFGEF2",0.0176,11.325,0.1036,0.9175,0.9548
"CSE1L",-0.679,11.7118,-4.5218,6.13e-06,0.00012
"STAU1",-0.0854,12.3786,-0.5664,0.5711,0.7183
"DDX27",-0.117,11.0268,-0.8371,0.4025,0.5745
"ZNFX1",0.0911,11.7353,0.5088,0.6109,0.749
"KCNB1",1.2654,7.0075,2.5907,0.009579,0.03987
"PTGIS",0.2192,9.9944,0.554,0.5796,0.7252
"B4GALT5",-0.4552,11.9822,-2.2304,0.02572,0.0838
"SLC9A8",0.0676,10.0381,0.3495,0.7267,0.8324
"SPATA2",-0.329,9.5241,-2.1009,0.03565,0.1068
"RNF114",-0.151,11.4979,-1.0722,0.2836,0.4575
"SNAI1",0.0514,8.1543,0.1405,0.8883,0.9375
"UBE2V1",-0.297,11.9376,-1.8102,0.07027,0.1734
"TMEM189-UBE2V1",-0.4915,12.1877,-2.9251,0.003443,0.01856
"TMEM189",-1.2654,11.3782,-5.8757,4.21e-09,2.34e-07
"CEBPB",0.3208,11.3408,0.9922,0.3211,0.4968
"PTPN1",-0.7133,11.86,-5,5.734e-07,1.618e-05
"FAM65C",-1.9083,7.5405,-3.9222,8.775e-05,0.001045
"PARD6B",0.784,9.3339,2.3864,0.01702,0.06171
"BCAS4",0.1652,10.9264,0.6107,0.5414,0.6943
"ADNP",-0.4394,11.9319,-2.8666,0.004149,0.02115
"DPM1",-0.0858,10.1539,-0.44,0.6599,0.7853
"MOCS3",-0.2317,8.8726,-1.4184,0.1561,0.3058
"KCNG1",-4.0878,7.0013,-7.0106,2.373e-12,3.652e-10
"NFATC2",0.6066,9.4142,2.046,0.04076,0.1177
"ATP9A",0.4979,11.5178,1.8169,0.06924,0.1715
"SALL4",-0.5312,7.3178,-1.0845,0.2782,0.4519
"ZFP64",-0.6257,9.6939,-4.4404,8.979e-06,0.0001647
"TSHZ2",-1.9909,8.8494,-6.0823,1.185e-09,7.907e-08
"ZNF217",-0.4803,11.166,-2.3696,0.01781,0.06392
"BCAS1",2.4957,8.5459,4.2094,2.56e-05,0.0003833
"CYP24A1",3.5068,8.7997,3.8977,9.711e-05,0.001136
"PFDN4",0.0335,9.2999,0.1462,0.8837,0.9351
"DOK5",0.724,6.9939,1.497,0.1344,0.2753
"CBLN4",1.2367,6.4928,2.09,0.03662,0.109
"FAM210B",-0.6288,11.4549,-2.9641,0.003036,0.01689
"AURKA",-0.3121,9.2005,-1.0384,0.2991,0.4735
"CSTF1",-0.0614,10.1746,-0.5383,0.5903,0.7333
"CASS4",0.7938,8.6117,2.3289,0.01987,0.06929
"RTFDC1",-0.0793,11.6932,-0.7156,0.4742,0.6386
"FAM209A",-0.1039,9.2893,-0.9229,0.3561,0.5306
"TFAP2C",-0.6672,9.4046,-2.2391,0.02515,0.08256
"BMP7",-3.8371,8.9605,-7.9549,1.793e-15,5.519e-13
"RAE1",-0.4467,10.2838,-2.8181,0.004831,0.02369
"RBM38",0.1666,10.3674,0.5908,0.5546,0.705
"ZBP1",-0.9833,7.6687,-2.2159,0.0267,0.08607
"PMEPA1",0.004,11.6079,0.011,0.9912,0.9952
"C20orf85",1.7176,7.7758,1.8629,0.06248,0.1593
"RAB22A",0.0215,10.9766,0.1416,0.8874,0.9371
"VAPB",-0.1581,11.2763,-1.1368,0.2556,0.4267
"APCDD1L",0.2638,6.893,0.4658,0.6413,0.7717
"STX16",0.062,11.3261,0.3123,0.7548,0.8524
"STX16-NPEPL1",0.4131,10.5569,2.0997,0.03576,0.1071
"NPEPL1",0.607,10.2139,2.4265,0.01524,0.05687
"GNAS",-0.1718,15.0181,-0.925,0.355,0.5294
"NELFCD",-0.1652,11.416,-1.1872,0.2351,0.4042
"CTSZ",0.0601,13.2795,0.2551,0.7986,0.8809
"TUBB1",0.8643,7.1355,2.4066,0.0161,0.05919
"ATP5E",0.4944,12.3219,2.3954,0.0166,0.06061
"PRELID3B",0.2836,11.4061,1.6432,0.1003,0.2251
"ZNF831",0.4513,7.3177,1.0019,0.3164,0.4921
"EDN3",-3.5566,6.2708,-3.7287,0.0001925,0.001976
"PHACTR3",1.69,7.8409,2.5733,0.01007,0.0415
"SYCP2",1.0387,7.5224,1.8886,0.05894,0.153
"PPP1R3D",0.0449,9.1451,0.235,0.8142,0.8919
"FAM217B",0.4722,9.6494,2.3233,0.02016,0.07008
"CDH26",-0.6129,8.2747,-1.1044,0.2694,0.4423
"CDH4",0.4627,7.0008,0.7518,0.4522,0.6196
"TAF4",-0.0024,9.7208,-0.0155,0.9876,0.9935
"LSM14B",-0.2737,10.77,-1.6501,0.09892,0.2226
"PSMA7",-0.0536,12.3618,-0.2961,0.7671,0.8609
"SS18L1",-0.2099,9.4609,-1.102,0.2705,0.4436
"MTG2",0.1676,9.8653,1.2812,0.2001,0.3634
"OSBPL2",0.1299,11.0004,0.7836,0.4333,0.6034
"ADRM1",-0.5015,11.7021,-3.0739,0.002112,0.01283
"LAMA5",-0.5025,12.8443,-1.5051,0.1323,0.2725
"RPS21",0.7545,13.1122,2.7304,0.006325,0.02915
"CABLES2",-0.3711,8.9237,-1.5719,0.116,0.2489
"RBBP8NL",-0.384,7.5626,-1.0208,0.3073,0.4819
"GATA5",1.2116,6.7973,2.4574,0.01399,0.05334
"SLCO4A1",0.3503,8.6174,0.7139,0.4753,0.6393
"MRGBP",-0.2372,9.6964,-1.4628,0.1435,0.2878
"OGFR",-0.089,10.8438,-0.4803,0.631,0.7642
"COL9A3",-1.2501,7.3496,-2.7789,0.005454,0.02596
"TCFL5",-0.035,8.9114,-0.1836,0.8544,0.9173
"DIDO1",0.0221,11.3085,0.1402,0.8885,0.9376
"GID8",-0.3314,11.5515,-2.4055,0.01615,0.05929
"SLC17A9",0.6843,8.6045,1.9855,0.04709,0.1306
"YTHDF1",0.0733,11.1715,0.5227,0.6012,0.7415
"BIRC7",1.0366,6.6513,2.0462,0.04074,0.1177
"ARFGAP1",0.1839,11.2298,1.0702,0.2845,0.4581
"EEF1A2",1.9281,8.2383,2.4976,0.0125,0.0489
"PPDPF",0.3335,12.5159,1.3706,0.1705,0.3254
"PTK6",0.6226,9.0465,1.4825,0.1382,0.2804
"SRMS",2.0939,6.5321,4.5658,4.977e-06,0.0001001
"FNDC11",1.3295,6.7343,2.6699,0.007587,0.03347
"HELZ2",0.137,11.1028,0.5208,0.6025,0.7424
"GMEB2",-0.3272,9.8025,-1.8835,0.05963,0.1544
"STMN3",-0.2834,9.7667,-0.7541,0.4508,0.6185
"RTEL1",0.1089,9.5111,0.5769,0.564,0.7129
"TNFRSF6B",-2.351,8.1386,-4.4078,1.044e-05,0.0001855
"RTEL1-TNFRSF6B",-0.8401,9.9763,-2.6062,0.009156,0.03855
"ARFRP1",-0.1533,10.2696,-0.7298,0.4655,0.6309
"ZGPAT",-0.0276,10.0149,-0.152,0.8792,0.9325
"RP4-583P15.15",-0.1829,10.1738,-1.2574,0.2086,0.3737
"LIME1",-0.5909,8.632,-2.5269,0.01151,0.0458
"RP4-583P15.14",-0.6211,7.9624,-2.2483,0.02456,0.08113
"SLC2A4RG",-0.3239,10.851,-1.7303,0.08357,0.1965
"ZBTB46",-0.3491,9.0163,-1.226,0.2202,0.3871
"ABHD16B",0.1092,7.6926,0.43,0.6672,0.7904
"TPD52L2",0.1398,12.1781,0.7296,0.4656,0.6309
"DNAJC5",-0.1399,11.8982,-0.7099,0.4778,0.6414
"UCKL1",-0.0645,10.1524,-0.471,0.6377,0.7689
"ZNF512B",0.1856,10.2955,0.8219,0.4111,0.5822
"SAMD10",0.0641,8.3292,0.2989,0.765,0.8594
"PRPF6",0.0796,12.0615,0.6172,0.5371,0.6909
"LINC00176",-0.7507,6.7802,-2.1832,0.02902,0.09179
"SOX18",-0.8606,8.4647,-2.5576,0.01054,0.04292
"TCEA2",-0.3494,9.6328,-2.0822,0.03732,0.1105
"RGS19",0.0828,9.6042,0.4869,0.6263,0.7607
"OPRL1",0.5241,7.5816,1.949,0.0513,0.1386
"PCMTD2",0.345,10.9025,2.016,0.0438,0.1241
"CH507-9B2.1",-1.6057,7.9816,-4.4815,7.412e-06,0.0001403
"CH507-9B2.3",0.0806,9.7666,0.5175,0.6048,0.7441
"CH507-9B2.4",0.0521,9.6067,0.3493,0.7269,0.8324
"CH507-9B2.5",-0.166,9.16,-0.934,0.3503,0.5251
"CH507-9B2.9",-0.061,9.1969,-0.3731,0.7091,0.8198
"CH507-42P11.1",1.1988,7.041,3.8807,0.0001041,0.001205
"CH507-42P11.8",1.0992,11.5054,2.5345,0.01126,0.04512
"CBSL",0.4331,8.3609,0.9225,0.3563,0.5308
"U2AF1L5",-0.0665,9.7155,-0.38,0.7039,0.8165
"CH507-396I9.7",0.6162,6.4679,2.5234,0.01162,0.04615
"SMIM11B",0.4618,7.6085,2.301,0.02139,0.07329
"KCNE1B",0.9909,6.7896,1.678,0.09335,0.2135
"RBM11",0.7659,7.2185,1.8763,0.06062,0.1558
"HSPA13",0.3923,10.5746,1.42,0.1556,0.305
"SAMSN1",0.0375,8.9916,0.1067,0.915,0.9533
"NRIP1",-0.1912,10.8902,-0.7758,0.4379,0.6072
"USP25",0.6394,10.775,3.3729,0.0007438,0.005739
"CXADR",-0.4101,11.2431,-1.3559,0.1751,0.3314
"BTG3",0.2544,10.8599,1.071,0.2842,0.4579
"C21orf91",-1.1803,9.7939,-3.5188,0.0004335,0.00375
"CHODL",-1.771,7.1815,-3.4382,0.0005855,0.004729
"NCAM2",1.2709,8.079,3.0789,0.002078,0.01269
"MRPL39",0.1667,9.23,0.8729,0.3827,0.5568
"JAM2",0.3019,9.3027,1.1136,0.2654,0.4376
"ATP5J",0.3342,10.9955,1.6121,0.1069,0.2355
"GABPA",0.5179,10.449,3.389,0.0007014,0.005473
"APP",-0.4059,14.822,-1.8046,0.07114,0.1749
"CYYR1",-0.2341,9.3428,-0.7313,0.4646,0.6301
"ADAMTS1",-1.2075,11.1966,-2.6808,0.007344,0.03268
"ADAMTS5",-0.372,8.1279,-1.0333,0.3015,0.4764
"N6AMT1",0.165,8.6262,0.7476,0.4547,0.6219
"LTN1",0.4606,10.2144,2.9097,0.003617,0.01922
"RWDD2B",0.0221,9.381,0.1275,0.8985,0.9442
"USP16",0.0763,10.6609,0.6041,0.5458,0.6978
"CCT8",-0.0938,12.1754,-0.5796,0.5622,0.7112
"MAP3K7CL",0.792,8.1259,3.2882,0.001008,0.007222
"BACH1",0.0757,11.1317,0.4041,0.6861,0.8031
"GRIK1",0.2981,6.3664,0.7172,0.4733,0.6376
"CLDN8",-0.6786,7.0422,-0.7646,0.4445,0.6128
"TIAM1",-0.7786,9.4402,-2.2689,0.02328,0.07776
"SOD1",0.0104,12.3343,0.0511,0.9592,0.9776
"SCAF4",-0.2743,10.4323,-1.4423,0.1492,0.2957
"HUNK",-0.691,8.3024,-1.2901,0.197,0.3595
"MIS18A",-0.2629,8.8204,-1.1371,0.2555,0.4265
"MRAP",0.2278,7.6583,0.9251,0.3549,0.5294
"URB1",0.237,10.7434,1.0352,0.3006,0.4754
"EVA1C",0.0207,9.5497,0.0625,0.9502,0.9723
"TCP10L",0.418,6.5479,1.2001,0.2301,0.3985
"AP000275.65",0.4116,9.9662,2.0854,0.03703,0.1099
"C21orf59",0.4238,10.4495,2.2179,0.02656,0.08589
"SYNJ1",0.3309,9.2966,1.6156,0.1062,0.2343
"PAXBP1",0.2244,9.8941,1.3471,0.178,0.3353
"OLIG1",-1.8917,6.2853,-2.4357,0.01486,0.05585
"IFNAR2",0.2684,10.6196,1.4387,0.1502,0.2972
"AP000295.9",0.2058,9.7996,1.1354,0.2562,0.4271
"IL10RB",0.1518,10.9817,0.7921,0.4283,0.5987
"IFNAR1",0.2232,11.5891,1.6266,0.1038,0.2309
"IFNGR2",0.0125,11.8257,0.0656,0.9477,0.9712
"TMEM50B",0.3522,11.1982,1.8333,0.06676,0.1669
"DNAJC28",0.5433,6.8596,2.0936,0.03629,0.1082
"GART",-0.0616,11.0924,-0.3645,0.7155,0.8244
"SON",0.1744,13.1135,1.175,0.24,0.4096
"DONSON",0.0346,9.9202,0.2002,0.8413,0.9093
"CRYZL1",0.4705,9.2913,3.0927,0.001983,0.01222
"ITSN1",0.1053,10.1574,0.5516,0.5812,0.7265
"ATP5O",0.3167,11.8215,1.5656,0.1174,0.2511
"AP000304.12",0.2981,11.2858,1.4859,0.1373,0.2792
"SLC5A3",0.0989,10.5607,0.4078,0.6834,0.8016
"MRPS6",0.2349,10.405,1.2777,0.2013,0.3651
"KCNE2",0.0277,6.243,0.0824,0.9343,0.9637
"C21orf140",0.5192,6.178,1.5406,0.1234,0.2604
"SMIM11A",0.3587,8.6422,1.9871,0.04691,0.1303
"KCNE1",0.8046,7.2038,1.5832,0.1134,0.2447
"RCAN1",-0.4918,10.6906,-1.7888,0.07365,0.1791
"CLIC6",1.8142,10.3032,3.4922,0.0004791,0.004069
"RUNX1",0.0328,11.8521,0.1832,0.8547,0.9174
"CBR1",-1.1807,11.4445,-2.745,0.006052,0.02823
"SETD4",0.1798,9.2474,1.3695,0.1708,0.3256
"CBR3",-1.5448,8.4537,-3.4325,0.0005981,0.0048
"DOPEY2",0.6739,10.1888,3.0898,0.002003,0.01231
"MORC3",-0.0608,10.2809,-0.4286,0.6682,0.7911
"CHAF1B",-0.2232,8.752,-0.8342,0.4042,0.5759
"CLDN14",-0.6808,6.2527,-1.2636,0.2064,0.3714
"SIM2",-0.9514,7.6839,-2.2189,0.02649,0.08569
"HLCS",0.2856,9.974,1.5961,0.1105,0.2405
"RIPPLY3",1.6789,6.9432,2.8608,0.004226,0.02144
"PIGP",0.4223,9.2298,2.5478,0.01084,0.0439
"TTC3",0.2697,12.135,1.4958,0.1347,0.2758
"DSCR3",0.2331,10.752,1.9775,0.04799,0.1321
"DYRK1A",-0.0124,11.3281,-0.0927,0.9261,0.9593
"KCNJ6",1.2198,6.4564,1.7072,0.08778,0.204
"KCNJ15",0.607,10.5424,1.3432,0.1792,0.3368
"ERG",0.2971,9.5658,1.2087,0.2268,0.3948
"ETS2",0.3792,12.907,1.1864,0.2355,0.4045
"PSMG1",-0.2986,9.5381,-1.4579,0.1449,0.2898
"BRWD1",0.1852,10.7722,0.9525,0.3409,0.5156
"HMGN1",0.2632,11.8974,2.2701,0.0232,0.07764
"WRB",0.7525,9.7307,3.7794,0.0001572,0.001668
"LCA5L",0.9416,7.3474,3.1273,0.001764,0.01111
"SH3BGR",0.474,7.5613,2.3451,0.01902,0.06713
"B3GALT5",-2.5845,6.7349,-3.5624,0.0003675,0.003312
"PCP4",2.2841,6.4974,3.5345,0.0004086,0.003591
"DSCAM",0.5335,6.2364,0.7089,0.4784,0.6419
"BACE2",0.7193,11.1791,1.8462,0.06486,0.1633
"FAM3B",1.6593,8.7085,2.9369,0.003315,0.01806
"MX2",-0.0524,10.3713,-0.1631,0.8704,0.9269
"MX1",-0.3176,11.9139,-0.8824,0.3776,0.5522
"TMPRSS2",1.7562,10.8141,3.3997,0.0006746,0.005296
"RIPK4",-0.3313,10.1084,-0.8697,0.3845,0.5582
"PRDM15",-0.2757,8.8619,-1.4849,0.1376,0.2796
"C2CD2",-0.2146,10.1246,-0.9613,0.3364,0.5111
"ZBTB21",-0.0102,9.7191,-0.0442,0.9648,0.981
"UMODL1",0.3735,6.454,0.6523,0.5142,0.6727
"ABCG1",-0.5164,11.0008,-1.8492,0.06442,0.1626
"TFF3",2.7416,9.3055,3.7111,0.0002063,0.002079
"TFF1",2.4703,7.0035,2.1277,0.03336,0.1018
"TMPRSS3",2.7806,8.4954,5.8926,3.801e-09,2.142e-07
"UBASH3A",-0.3315,7.1603,-0.7758,0.4379,0.6072
"RSPH1",1.9903,7.9555,3.1004,0.001932,0.01196
"SLC37A1",0.6802,10.0867,2.9864,0.002823,0.01603
"PDE9A",0.9198,8.9517,2.8547,0.004307,0.02176
"WDR4",-0.2571,8.714,-1.3424,0.1795,0.3371
"NDUFV3",0.2926,10.2335,1.7868,0.07396,0.1796
"PKNOX1",-0.2184,9.5343,-1.868,0.06176,0.1581
"CBS",0.3277,9.0754,0.715,0.4746,0.6388
"U2AF1",-0.255,10.7833,-1.6278,0.1036,0.2306
"SIK1",1.0792,11.1888,2.5291,0.01144,0.04561
"H2BFS",0.7121,7.5128,2.2726,0.02305,0.07733
"HSF2BP",0.2991,6.6752,0.8843,0.3765,0.5513
"RRP1B",-0.1573,10.686,-0.9153,0.36,0.5348
"PDXK",0.2569,12.4594,1.1186,0.2633,0.4354
"CSTB",-0.6195,13.1881,-1.8987,0.0576,0.1504
"RRP1",-0.3369,9.923,-1.9134,0.05569,0.1468
"AGPAT3",-0.1706,11.6875,-0.9664,0.3338,0.5086
"TRAPPC10",-0.0256,10.5536,-0.1542,0.8775,0.9314
"PWP2",-0.1037,9.5068,-0.6243,0.5324,0.6877
"C21orf33",0.1024,10.6983,0.7189,0.4722,0.6366
"ICOSLG",-1.9303,8.7664,-5.0481,4.462e-07,1.315e-05
"PFKL",-0.2924,12.4651,-1.5965,0.1104,0.2405
"C21orf2",0.077,9.7343,0.375,0.7076,0.8187
"TRPM2",0.0386,8.9009,0.1308,0.8959,0.9422
"LRRC3",-0.2476,8.332,-0.8074,0.4194,0.5904
"TSPEAR",-1.7974,6.5896,-3.0213,0.002517,0.01471
"UBE2G2",0.0845,11.2641,0.5645,0.5724,0.7192
"SUMO3",-0.1115,12.008,-0.702,0.4827,0.646
"PTTG1IP",0.6126,13.4255,3.2729,0.001065,0.007535
"ITGB2",0.2833,12.1263,0.7374,0.4609,0.6273
"FAM207A",0.2736,8.2411,1.3439,0.179,0.3365
"ADARB1",0.041,10.0654,0.147,0.8831,0.9347
"POFUT2",-0.1864,10.0911,-1.0756,0.2821,0.4561
"COL18A1",-0.7998,12.431,-2.5576,0.01054,0.04292
"SLC19A1",-0.5576,11.4876,-2.3649,0.01804,0.06448
"PCBP3",0.5827,7.4278,1.1658,0.2437,0.4135
"COL6A1",-1.0668,13.0495,-3.2505,0.001152,0.008035
"COL6A2",-0.9377,13.611,-2.7672,0.005653,0.02675
"SPATC1L",-0.1605,7.9939,-0.4141,0.6788,0.7982
"LSS",-0.5284,11.183,-2.2717,0.02311,0.07746
"MCM3AP",0.315,11.5458,2.0611,0.0393,0.1146
"YBEY",0.3451,8.2613,1.2767,0.2017,0.3656
"C21orf58",0.2877,8.2095,0.6598,0.5094,0.6689
"PCNT",-0.0695,10.3064,-0.3039,0.7612,0.857
"DIP2A",0.0824,10.328,0.4492,0.6533,0.7809
"S100B",0.685,7.6898,1.2495,0.2115,0.3771
"PRMT2",0.2191,11.3613,1.5389,0.1238,0.2609
"IL17RA",-0.2621,10.5708,-1.5948,0.1108,0.2408
"CECR6",-0.4517,6.7605,-1.3829,0.1667,0.3203
"HDHD5",-0.2888,10.1891,-1.4225,0.1549,0.304
"CECR1",0.1018,11.6498,0.3156,0.7523,0.8506
"CECR2",0.5486,8.7124,1.1847,0.2361,0.4052
"SLC25A18",0.7549,6.7654,2.0055,0.04491,0.1263
"ATP6V1E1",-0.1021,11.909,-0.6084,0.5429,0.6953
"BCL2L13",-0.0837,11.2411,-0.4867,0.6265,0.7608
"BID",-0.4085,10.3567,-1.7934,0.0729,0.1777
"MICAL3",-1.0644,10.4052,-4.2343,2.292e-05,0.0003476
"PEX26",-0.0829,10.8825,-0.5358,0.5921,0.7343
"TUBA8",-0.1629,7.1897,-0.5566,0.5778,0.7238
"USP18",-0.2898,9.4334,-0.7905,0.4293,0.5997
"GGTLC3",1.1172,6.3679,2.2414,0.025,0.08219
"TMEM191B",0.3663,6.8208,1.0161,0.3096,0.4844
"RIMBP3",0.7014,6.7785,1.9634,0.0496,0.1352
"DGCR6",1.1966,9.7461,2.6764,0.007441,0.03302
"PRODH",2.3527,9.9831,3.794,0.0001483,0.001593
"AC007326.13",0.1076,7.9057,0.2729,0.7849,0.8726
"DGCR2",-0.1696,12.3909,-0.8313,0.4058,0.5772
"TSSK2",-0.0544,6.8093,-0.1711,0.8641,0.9229
"DGCR14",-0.1202,9.4774,-0.7517,0.4522,0.6196
"SLC25A1",-0.2402,11.1362,-1.0978,0.2723,0.4459
"CLTCL1",0.4462,8.3008,1.2768,0.2017,0.3656
"MRPL40",0.0981,9.9491,0.4976,0.6188,0.7547
"HIRA",-0.2663,10.4553,-1.225,0.2206,0.3875
"C22orf39",-0.1268,10.7608,-0.7526,0.4517,0.6192
"UFD1L",-0.2756,10.891,-1.7427,0.08139,0.1926
"CDC45",-0.922,8.4806,-2.5177,0.01181,0.04675
"CLDN5",0.1392,9.9592,0.366,0.7144,0.8235
"GP1BB",-0.0339,8.0219,-0.1088,0.9134,0.9524
"SEPT5",0.1027,9.7185,0.3368,0.7362,0.8393
"TBX1",-0.9259,8.0534,-2.0282,0.04254,0.1213
"C22orf29",-0.0639,10.2698,-0.2693,0.7877,0.8743
"GNB1L",-0.9644,8.3225,-4.7327,2.215e-06,5.064e-05
"TXNRD2",0.564,9.8694,3.6139,0.0003016,0.002843
"COMT",-0.1525,12.1112,-0.8221,0.411,0.5821
"ARVCF",0.3037,9.1163,1.1263,0.26,0.4316
"TANGO2",0.1096,9.9353,0.9686,0.3328,0.5076
"DGCR8",-0.299,10.309,-1.5915,0.1115,0.242
"TRMT2A",-0.0269,10.0901,-0.153,0.8784,0.9318
"RANBP1",-0.5183,10.8015,-2.4944,0.01262,0.04926
"ZDHHC8",-0.473,10.3631,-2.1586,0.03088,0.09618
"CCDC188",0.8972,6.3149,1.7541,0.07941,0.1892
"RTN4R",-1.215,8.2436,-3.7384,0.0001852,0.001909
"DGCR6L",-0.0672,10.3629,-0.316,0.752,0.8504
"USP41",0.4436,7.1559,1.0139,0.3106,0.4856
"ZNF74",-0.325,9.084,-1.3701,0.1707,0.3254
"SCARF2",-0.2384,8.8895,-0.7955,0.4263,0.597
"XXbac-B562F10.12",-0.2086,7.8117,-0.9769,0.3286,0.504
"KLHL22",-0.2404,9.6028,-1.3474,0.1779,0.3352
"MED15",-0.5408,11.9545,-3.0786,0.00208,0.01269
"SERPIND1",2.0292,7.3347,2.8405,0.004504,0.02249
"PI4KA",-0.0681,11.6427,-0.3124,0.7547,0.8524
"SNAP29",-0.118,10.4903,-0.9374,0.3486,0.5237
"CRKL",-0.5961,11.8939,-3.2475,0.001164,0.008109
"AIFM3",-0.1229,7.2775,-0.3665,0.714,0.8233
"LZTR1",-0.0343,10.6629,-0.2144,0.8303,0.9022
"THAP7",-0.0086,9.8544,-0.0522,0.9584,0.9772
"P2RX6",-0.8246,6.616,-1.7398,0.0819,0.1935
"SLC7A4",-0.0089,7.4106,-0.0166,0.9868,0.993
"GGT2",1.1661,6.9653,2.7609,0.005764,0.02715
"RIMBP3B",0.5577,6.8354,1.7276,0.08406,0.1973
"HIC2",-0.446,8.561,-1.531,0.1258,0.2638
"TMEM191C",0.231,6.7986,0.7743,0.4387,0.6079
"RIMBP3C",0.3148,6.4829,0.8622,0.3886,0.562
"UBE2L3",-0.3088,11.5118,-1.9965,0.04588,0.1283
"YDJC",-0.2222,9.3286,-0.8911,0.3729,0.5475
"SDF2L1",0.1254,9.6169,0.6671,0.5047,0.6652
"PPIL2",0.1505,11.02,0.8396,0.4011,0.5735
"YPEL1",0.9231,9.3332,3.9217,8.793e-05,0.001046
"MAPK1",-0.1002,12.4,-0.5491,0.5829,0.7276
"PPM1F",-0.2848,10.5225,-1.2668,0.2052,0.3698
"TOP3B",-0.1259,9.3004,-0.5444,0.5862,0.7305
"ZNF280B",0.3469,7.3389,0.7617,0.4462,0.6146
"PRAME",0.1832,8.2529,0.2207,0.8253,0.8983
"GGTLC2",1.1674,7.6313,4.0906,4.303e-05,0.0005768
"IGLL5",-1.3927,13.0072,-2.5545,0.01063,0.04319
"GNAZ",0.6271,7.9641,1.1914,0.2335,0.4019
"RSPH14",0.5207,7.054,1.0732,0.2832,0.457
"RAB36",-0.0187,8.7939,-0.045,0.9641,0.9808
"BCR",0.1047,11.8768,0.4633,0.6431,0.7731
"RGL4",0.0568,7.9911,0.1882,0.8507,0.9153
"ZNF70",-0.2911,8.364,-1.2399,0.215,0.3809
"VPREB3",-0.291,6.6914,-0.5661,0.5713,0.7185
"C22orf15",1.3003,7.0363,2.7261,0.006409,0.02941
"CHCHD10",0.4618,9.5712,1.5318,0.1256,0.2634
"MMP11",-0.6133,10.0421,-1.171,0.2416,0.4113
"SMARCB1",-0.5566,11.2457,-3.189,0.001427,0.009479
"DERL3",-0.8691,9.3937,-1.8315,0.06702,0.1675
"SLC2A11",0.338,8.763,1.3138,0.1889,0.3497
"AP000350.10",0.0737,12.0181,0.2706,0.7867,0.8736
"MIF",0.1159,12.6641,0.4214,0.6734,0.7948
"GSTT2B",1.3967,7.1738,2.8722,0.004076,0.02092
"DDTL",0.1409,9.914,0.569,0.5694,0.717
"DDT",0.0681,10.3426,0.2648,0.7911,0.8764
"CABIN1",-0.1411,11.4408,-0.71,0.4777,0.6414
"SUSD2",1.5713,11.5037,3.2066,0.001343,0.009044
"GGT5",-0.0996,9.977,-0.3139,0.7536,0.8517
"SPECC1L",-0.1188,11.253,-0.571,0.568,0.7159
"SPECC1L-ADORA2A",-0.1684,10.6438,-0.8472,0.3969,0.5698
"ADORA2A",-0.5016,8.7374,-1.7909,0.07332,0.1785
"UPB1",-1.1553,6.4102,-2.3962,0.01657,0.06049
"GUCD1",0.1669,11.7305,0.9838,0.3252,0.501
"LRRC75B",-0.0667,8.4125,-0.2326,0.8161,0.8926
"SNRPD3",-0.2597,11.3785,-1.366,0.1719,0.3272
"GGT1",1.2022,9.6845,3.9741,7.063e-05,0.0008741
"SGSM1",2.6608,7.8556,6.6318,3.316e-11,3.579e-09
"KIAA1671",-0.7996,11.5474,-2.9379,0.003304,0.01801
"LRP5L",-0.3284,7.9295,-1.0317,0.3022,0.4771
"GRK3",-0.437,10.2673,-1.3703,0.1706,0.3254
"SEZ6L",-3.326,6.775,-4.3591,1.306e-05,0.0002208
"ASPHD2",-0.1892,8.0116,-0.6944,0.4874,0.6503
"HPS4",-0.344,10.4501,-1.9406,0.05231,0.1405
"SRRD",-0.1865,10.3327,-1.2336,0.2174,0.3835
"TFIP11",-0.0955,10.8224,-0.6434,0.5199,0.6775
"TPST2",-0.5568,10.6084,-2.4211,0.01547,0.05744
"CRYBB1",0.3056,6.4748,0.8916,0.3726,0.5472
"MN1",-1.6036,9.0838,-3.5939,0.0003257,0.003023
"PITPNB",-0.7343,11.2177,-4.3293,1.496e-05,0.0002471
"TTC28",0.0164,10.1199,0.066,0.9474,0.971
"CHEK2",-0.4371,9.2122,-1.9393,0.05246,0.1407
"HSCB",0.3229,8.8735,1.1951,0.232,0.4004
"CCDC117",-0.117,10.4067,-0.5369,0.5913,0.7336
"XBP1",0.4565,13.4233,1.5718,0.116,0.249
"ZNRF3",-0.6227,9.8981,-1.8599,0.0629,0.1599
"KREMEN1",-1.3629,11.1551,-3.3636,0.0007693,0.005892
"EMID1",-0.9192,8.8881,-3.1701,0.001524,0.009941
"RHBDD3",-0.2574,9.5302,-1.0639,0.2874,0.4612
"EWSR1",-0.4037,12.6535,-2.666,0.007677,0.03374
"GAS2L1",-0.518,10.0049,-1.9598,0.05002,0.136
"RASL10A",-0.5225,6.3554,-1.5808,0.1139,0.2456
"AP1B1",-0.3268,12.3138,-2.2295,0.02578,0.08394
"NEFH",0.9035,7.5239,1.0836,0.2785,0.4523
"THOC5",-0.0051,10.5476,-0.0297,0.9763,0.9872
"NIPSNAP1",-0.171,11.2315,-0.8412,0.4002,0.5728
"NF2",-0.4625,10.5172,-2.3656,0.018,0.0644
"CABP7",0.2279,8.2268,1.1425,0.2532,0.4243
"ZMAT5",0.3472,9.275,1.8645,0.06225,0.1589
"UQCR10",0.1374,11.1569,0.7432,0.4574,0.6242
"ASCC2",-0.4681,11.3125,-3.0451,0.002326,0.01384
"MTMR3",-0.1677,11.3266,-0.9518,0.3412,0.5158
"LIF",0.8459,9.3394,1.7805,0.07499,0.1816
"OSM",0.6264,7.7431,1.5009,0.1334,0.2739
"GATSL3",-0.2232,8.5867,-0.8732,0.3825,0.5566
"RP1-130H16.18",-0.2453,9.5992,-1.2565,0.2089,0.3743
"TBC1D10A",-0.2647,10.1011,-1.4002,0.1615,0.313
"SF3A1",-0.1629,12.3394,-1.1673,0.2431,0.4129
"CCDC157",-0.0414,8.2897,-0.1481,0.8823,0.9344
"RNF215",-0.1697,9.2746,-0.788,0.4307,0.601
"SEC14L2",-0.8645,8.7235,-2.645,0.008169,0.03533
"RP4-539M6.19",0.0425,9.3041,0.1559,0.8761,0.9304
"MTFP1",0.2557,9.1771,0.9147,0.3604,0.5351
"SEC14L3",4.1312,6.534,4.9195,8.679e-07,2.319e-05
"SEC14L4",0.7726,7.9432,1.5654,0.1175,0.2511
"SEC14L6",1.7209,8.0937,3.8377,0.0001242,0.001385
"GAL3ST1",3.1616,7.1044,6.7331,1.661e-11,1.986e-09
"PES1",-0.5093,11.3015,-2.8462,0.004424,0.02218
"TCN2",0.386,10.7598,1.6117,0.107,0.2355
"DUSP18",0.4553,8.7065,1.9974,0.04578,0.1281
"SLC35E4",-0.1865,8.4857,-0.7704,0.4411,0.6102
"OSBP2",0.1234,8.5379,0.4919,0.6228,0.7581
"MORC2",-0.2427,10.8936,-1.5337,0.1251,0.2629
"SMTN",0.0168,10.5486,0.0607,0.9516,0.9726
"SELENOM",0.3697,10.6335,0.9622,0.3359,0.5106
"INPP5J",-0.1438,8.0316,-0.472,0.6369,0.7685
"PLA2G3",-1.6641,7.6299,-2.5722,0.01011,0.04158
"RNF185",-0.3682,10.6218,-2.3016,0.02136,0.07321
"LIMK2",-0.6483,11.4989,-2.3797,0.01733,0.06262
"PIK3IP1",-0.1762,11.1837,-0.5696,0.5689,0.7167
"PATZ1",0.1576,10.6971,0.7424,0.4578,0.6245
"EIF4ENIF1",-0.3903,10.067,-3.1422,0.001677,0.0107
"DRG1",-0.1629,10.7066,-0.8683,0.3852,0.5589
"SFI1",-0.0374,9.6496,-0.1931,0.8469,0.913
"PISD",-0.7285,10.3662,-4.1067,4.013e-05,0.0005458
"PRR14L",-0.4142,10.816,-1.8745,0.06086,0.1562
"DEPDC5",-0.2986,9.2765,-2.0668,0.03876,0.1137
"YWHAH",-0.101,12.3647,-0.5886,0.5561,0.706
"SLC5A1",1.7835,7.9563,2.706,0.006811,0.03083
"SLC5A4",1.1872,6.4082,3.0293,0.002451,0.0144
"RFPL3S",-0.8969,6.3147,-2.1867,0.02876,0.09111
"RTCB",-0.3822,11.5543,-2.2977,0.02158,0.07379
"FBXO7",-0.2225,11.7569,-1.5582,0.1192,0.2539
"TIMP3",0.4507,13.9351,1.2349,0.2169,0.3828
"SYN3",3.3639,6.6015,5.2482,1.536e-07,5.236e-06
"LARGE1",-0.452,9.6708,-1.5209,0.1283,0.2669
"HMGXB4",-0.0393,10.0887,-0.2334,0.8155,0.8925
"TOM1",0.7161,11.2566,3.6513,0.0002609,0.002509
"HMOX1",0.5905,10.7102,2.1371,0.03259,0.1001
"MCM5",-0.6695,11.0254,-2.8819,0.003953,0.02045
"RASD2",-0.3009,7.8863,-0.7261,0.4678,0.6329
"MB",1.9715,7.3018,3.1493,0.001637,0.0105
"APOL6",0.0323,11.5884,0.1194,0.905,0.9479
"RBFOX2",-0.3012,11.5989,-1.6936,0.09033,0.2082
"APOL3",-0.453,10.2243,-1.3828,0.1667,0.3204
"APOL4",-0.6992,9.1878,-1.9262,0.05408,0.1439
"APOL2",-0.2436,10.7637,-0.92,0.3576,0.5323
"APOL1",-1.28,12.4979,-2.9324,0.003364,0.01825
"MYH9",-0.4549,15.5384,-1.7477,0.08051,0.1911
"TXN2",-0.007,11.0515,-0.0396,0.9684,0.9825
"FOXRED2",-0.5036,9.8301,-1.4641,0.1432,0.2874
"EIF3D",-0.1176,12.6472,-0.7663,0.4435,0.6121
"IFT27",0.0881,9.7554,0.388,0.698,0.8125
"PVALB",-0.5194,6.3872,-0.9084,0.3637,0.5383
"NCF4",0.0077,9.2037,0.0216,0.9828,0.9907
"CSF2RB",-1.1888,9.9218,-2.8334,0.004606,0.02284
"TST",0.7772,10.4982,2.8282,0.004681,0.0231
"MPST",0.3602,10.8406,1.7035,0.08848,0.2052
"KCTD17",-0.2496,9.0483,-1.0495,0.294,0.4679
"TMPRSS6",4.2864,7.2267,7.0291,2.078e-12,3.259e-10
"IL2RB",-0.9347,9.5329,-2.5456,0.01091,0.04413
"C1QTNF6",0.1334,9.403,0.4219,0.6731,0.7946
"RAC2",-0.4832,11.0211,-1.5108,0.1308,0.2706
"CYTH4",-0.3206,9.4548,-0.9629,0.3356,0.5103
"ELFN2",1.3587,7.8061,2.0884,0.03676,0.1093
"MFNG",0.3005,9.2729,1.0971,0.2726,0.4462
"CARD10",0.618,9.4561,1.8938,0.05825,0.1517
"CDC42EP1",0.3196,11.405,1.0155,0.3099,0.4847
"LGALS2",0.8001,7.2744,1.5379,0.1241,0.2612
"GGA1",-0.0086,10.9441,-0.0577,0.954,0.9742
"SH3BP1",-1.2231,10.5445,-6.1247,9.086e-10,6.244e-08
"PDXP",-0.1859,8.8054,-0.8551,0.3925,0.5656
"LGALS1",-0.4585,12.6334,-1.2528,0.2103,0.3758
"NOL12",-0.0742,9.0516,-0.5221,0.6016,0.7417
"RP1-37E16.12",0.0112,8.9234,0.0613,0.9511,0.9726
"TRIOBP",0.0019,11.441,0.0105,0.9917,0.9955
"H1F0",0.3293,12.9549,1.2537,0.2099,0.3754
"GCAT",0.307,8.8978,1.2671,0.2051,0.3698
"ANKRD54",0.147,9.6622,0.7866,0.4315,0.6016
"EIF3L",0.1792,13.1142,1.118,0.2636,0.4356
"MICALL1",-1.1997,10.7416,-4.429,9.469e-06,0.000172
"C22orf23",-0.9203,8.31,-3.2574,0.001124,0.007862
"POLR2F",0.1501,10.0866,0.7219,0.4704,0.6352
"PICK1",0.2935,9.7588,1.7719,0.07642,0.1841
"SLC16A8",-0.0121,6.5308,-0.0278,0.9778,0.9881
"BAIAP2L2",0.9122,7.2026,1.8335,0.06673,0.1669
"PLA2G6",-0.5623,9.0251,-1.8809,0.05998,0.1548
"MAFF",0.1122,10.2902,0.3409,0.7332,0.8372
"TMEM184B",-0.4804,11.7904,-1.7976,0.07224,0.1768
"CSNK1E",-0.0637,11.9878,-0.3007,0.7636,0.8585
"RP1-5O6.7",-0.0386,10.8669,-0.1807,0.8566,0.9185
"KDELR3",0.6905,9.8292,2.4175,0.01563,0.05786
"DDX17",0.1595,13.8614,1.1406,0.254,0.4251
"DMC1",0.9386,6.6174,2.376,0.0175,0.06311
"FAM227A",0.8494,7.6338,1.7612,0.0782,0.1872
"CBY1",0.2162,9.9198,1.0562,0.2909,0.4652
"TOMM22",-8e-04,11.1998,-0.0036,0.9971,0.9984
"JOSD1",-0.158,11.6028,-0.8291,0.4071,0.5787
"GTPBP1",-0.236,11.7016,-1.2951,0.1953,0.3574
"SUN2",-0.3279,12.5655,-1.2899,0.1971,0.3595
"DNAL4",0.2719,9.8723,1.3222,0.1861,0.346
"NPTXR",-1.5079,9.0392,-3.4542,0.000552,0.004531
"CBX6",-0.3847,11.2537,-1.1714,0.2414,0.4112
"APOBEC3A",-1.7504,8.0495,-3.96,7.495e-05,0.00092
"APOBEC3B",-1.1685,8.2847,-2.3289,0.01987,0.06929
"APOBEC3C",-0.7,10.8222,-2.5109,0.01204,0.04748
"APOBEC3D",-0.3267,8.1428,-0.9316,0.3516,0.5263
"CTA-150C2.22",-0.3346,8.1023,-0.965,0.3346,0.5091
"APOBEC3F",-0.4821,8.4727,-1.625,0.1042,0.2314
"APOBEC3G",-0.4864,9.5362,-1.2558,0.2092,0.3745
"APOBEC3H",-1.3346,6.8058,-2.8552,0.004301,0.02173
"CBX7",0.1962,10.4086,0.6448,0.519,0.6766
"PDGFB",0.1474,10.1981,0.4806,0.6308,0.7641
"RPL3",0.2307,15.0195,1.3367,0.1813,0.3398
"SYNGR1",-1.1807,9.0539,-3.3134,0.0009218,0.006782
"TAB1",-0.1538,10.1675,-0.9619,0.3361,0.5109
"MGAT3",-1.5322,9.3089,-2.674,0.007496,0.03318
"MIEF1",-0.3029,10.7154,-1.6055,0.1084,0.2375
"ATF4",-0.2539,13.0946,-1.2725,0.2032,0.3673
"RPS19BP1",0.0252,10.6644,0.143,0.8863,0.9367
"CACNA1I",-1.0427,6.7567,-1.7851,0.07425,0.1802
"ENTHD1",0.8613,6.2401,1.7456,0.08089,0.1916
"GRAP2",-0.0709,7.8764,-0.2208,0.8252,0.8983
"FAM83F",-1.6014,8.5863,-2.813,0.004908,0.02397
"TNRC6B",-0.0615,10.62,-0.2425,0.8084,0.8882
"ADSL",-0.1178,10.7987,-0.5715,0.5677,0.7157
"RP5-1042K10.14",0.0229,11.7527,0.1615,0.8717,0.9275
"SGSM3",0.1399,10.998,0.8662,0.3864,0.5599
"MKL1",-0.2562,10.9288,-1.2653,0.2058,0.3705
"MCHR1",-0.5236,6.497,-1.2233,0.2212,0.3883
"SLC25A17",-0.3369,9.8249,-1.8611,0.06273,0.1596
"ST13",-0.3142,12.3703,-1.4805,0.1387,0.2811
"DNAJB7",0.1239,7.0817,0.3621,0.7173,0.8257
"XPNPEP3",-0.2549,9.6738,-1.3078,0.1909,0.3522
"RBX1",0.0374,10.8491,0.1671,0.8673,0.9251
"EP300",-0.477,11.9964,-2.2584,0.02392,0.0794
"L3MBTL2",-0.2917,10.4681,-1.9579,0.05024,0.1364
"CHADL",-0.0915,7.9062,-0.3732,0.709,0.8198
"RANGAP1",-0.8523,11.763,-4.1068,4.012e-05,0.0005458
"ZC3H7B",-0.5952,12.0931,-2.7175,0.006578,0.03001
"TEF",-0.2674,10.3328,-0.8512,0.3946,0.5676
"TOB2",-0.0053,11.3905,-0.0251,0.98,0.9892
"PHF5A",-0.2058,9.9392,-0.952,0.3411,0.5158
"ACO2",-0.2068,12.2457,-1.0656,0.2866,0.4602
"POLR3H",-0.339,11.809,-1.9041,0.0569,0.1489
"CSDC2",0.5804,8.7154,2.7444,0.006062,0.02826
"PMM1",0.4703,10.3553,2.2298,0.02576,0.0839
"DESI1",0.117,10.9209,0.5301,0.596,0.7371
"XRCC6",-0.2268,13.2642,-1.3876,0.1653,0.3184
"SNU13",-0.1916,11.8271,-1.0532,0.2922,0.4664
"C22orf46",-0.0201,9.4579,-0.0911,0.9274,0.9601
"MEI1",-0.1851,7.8885,-0.4271,0.6693,0.7917
"CCDC134",-0.5187,7.6605,-3.3108,0.0009302,0.006831
"SREBF2",-0.7826,12.8727,-3.042,0.00235,0.01391
"TNFRSF13C",-1.2056,7.5592,-3.442,0.0005773,0.004676
"CENPM",-0.7132,8.2416,-1.9934,0.04621,0.1289
"SEPT3",0.6496,8.0186,1.2822,0.1998,0.3631
"WBP2NL",0.1197,7.0372,0.5925,0.5535,0.7041
"NAGA",-0.2627,11.093,-1.3906,0.1643,0.3171
"FAM109B",0.725,9.3054,3.5022,0.0004614,0.003957
"SMDT1",0.5922,10.1769,2.9903,0.002787,0.01588
"NDUFA6",0.2112,10.6994,0.9286,0.3531,0.5277
"CYP2D6",0.8251,7.1098,1.9173,0.0552,0.1459
"TCF20",-0.6974,11.0982,-3.2703,0.001074,0.007581
"NFAM1",-0.2993,9.1858,-0.8597,0.3899,0.5633
"RRP7A",-0.1964,10.9503,-1.0708,0.2842,0.458
"SERHL2",0.3809,7.5572,1.5911,0.1116,0.2421
"POLDIP3",-0.246,11.6813,-1.7165,0.08607,0.2011
"CYB5R3",-0.2977,13.012,-1.3626,0.173,0.3286
"A4GALT",-2.1495,9.916,-5.4614,4.724e-08,1.865e-06
"ARFGAP3",0.2042,11.1318,1.0863,0.2773,0.451
"PACSIN2",0.5151,11.9576,2.5908,0.009576,0.03987
"TTLL1",0.1049,8.3963,0.4393,0.6604,0.7855
"BIK",-0.4676,7.9338,-1.3889,0.1649,0.3179
"MCAT",-0.042,9.064,-0.2367,0.8129,0.891
"TSPO",-0.2244,11.912,-0.9787,0.3277,0.5032
"TTLL12",-0.7575,11.0212,-3.0484,0.0023,0.01372
"SCUBE1",2.0656,8.3344,4.2444,2.192e-05,0.0003339
"EFCAB6",0.7987,7.2927,1.8127,0.06988,0.1727
"SULT4A1",-0.4234,6.493,-0.5104,0.6098,0.7481
"PNPLA3",-0.471,7.8121,-1.8815,0.05991,0.1547
"SAMM50",-0.1726,10.5625,-1.0221,0.3067,0.4814
"PARVB",-0.5712,10.0934,-2.1476,0.03174,0.09813
"PARVG",0.2974,9.6046,0.9834,0.3254,0.5013
"KIAA1644",0.3292,7.0437,0.6556,0.5121,0.671
"LDOC1L",-0.0501,10.5921,-0.2089,0.8346,0.9047
"PRR5",-0.9394,8.9414,-3.5196,0.0004322,0.003745
"PRR5-ARHGAP8",-0.4978,9.2851,-1.9536,0.05075,0.1375
"ARHGAP8",-0.3723,9.0673,-1.3226,0.186,0.3459
"NUP50",-0.4688,11.0038,-2.5198,0.01174,0.04654
"KIAA0930",-1.1637,11.6466,-5.6074,2.054e-08,9.169e-07
"FAM118A",-0.9243,9.3888,-3.1665,0.001543,0.01004
"SMC1B",1.5681,6.4729,2.3384,0.01937,0.06801
"RIBC2",0.105,7.2753,0.1912,0.8484,0.9137
"FBLN1",-0.9092,12.8738,-2.7111,0.006706,0.03048
"ATXN10",-0.3779,11.8201,-2.0298,0.04237,0.121
"WNT7B",-1.668,10.2697,-4.0326,5.516e-05,0.0007126
"PRR34",0.2369,6.9584,1.0009,0.3169,0.4925
"PPARA",-0.2216,10.019,-1.0503,0.2936,0.4676
"CDPF1",0.1392,8.3054,0.773,0.4395,0.6087
"PKDREJ",-0.083,6.346,-0.2041,0.8382,0.9074
"TTC38",0.7096,9.7936,3.6794,0.0002338,0.0023
"GTSE1",-0.4872,8.4321,-1.3631,0.1729,0.3284
"TRMU",-0.1198,9.5097,-0.6106,0.5415,0.6943
"CELSR1",-0.7056,12.3754,-2.1923,0.02836,0.09027
"GRAMD4",0.1291,10.7665,0.5836,0.5595,0.7088
"CERK",0.0461,10.8673,0.2671,0.7894,0.8753
"TBC1D22A",-0.1404,10.4991,-0.7987,0.4245,0.5953
"FAM19A5",-0.135,8.101,-0.3609,0.7182,0.8263
"BRD1",-0.2462,10.6328,-1.2879,0.1978,0.3603
"ZBED4",-0.1203,10.17,-0.647,0.5176,0.6757
"ALG12",-0.1538,10.2031,-0.9486,0.3428,0.5174
"CRELD2",-0.2578,10.4267,-1.2729,0.2031,0.3671
"PIM3",0.3058,11.8368,1.2304,0.2186,0.385
"IL17REL",-1.9123,6.5935,-2.1371,0.03259,0.1001
"MLC1",0.1528,7.2077,0.3433,0.7313,0.836
"MOV10L1",0.8796,6.5059,1.7259,0.08436,0.1979
"PANX2",0.0593,8.6657,0.1309,0.8959,0.9422
"TRABD",-0.375,10.5111,-2.0263,0.04274,0.1217
"SELENOO",-0.5261,9.4987,-2.8421,0.004482,0.02241
"TUBGCP6",-2e-04,10.5034,-0.001,0.9992,0.9995
"HDAC10",-0.38,10.017,-2.0008,0.04542,0.1273
"MAPK12",-0.6435,10.3673,-2.8497,0.004376,0.02202
"MAPK11",-1.2413,8.7917,-3.8116,0.0001381,0.001513
"PLXNB2",-0.2413,13.7211,-0.9038,0.3661,0.5406
"DENND6B",0.2231,9.1076,0.7654,0.444,0.6125
"PPP6R2",-0.174,10.9927,-1.1968,0.2314,0.4
"SBF1",-0.1802,11.4581,-0.8686,0.3851,0.5587
"ADM2",-0.6328,8.3827,-1.5717,0.116,0.249
"LMF2",-0.5468,11.3111,-2.9038,0.003686,0.01948
"NCAPH2",-0.1538,10.6142,-0.8372,0.4025,0.5745
"SCO2",-0.1283,10.106,-0.532,0.5947,0.7362
"TYMP",-0.515,11.9272,-1.506,0.1321,0.2722
"ODF3B",-0.0969,10.0046,-0.2852,0.7755,0.8664
"KLHDC7B",-4.8768,7.8853,-8.2352,1.793e-16,7.45e-14
"SYCE3",0.9955,6.3042,2.4391,0.01472,0.05539
"CPT1B",-0.7686,8.9952,-2.36,0.01827,0.06517
"CHKB-CPT1B",-0.1695,10.6091,-0.8063,0.4201,0.591
"CHKB",0.1484,10.1708,0.7071,0.4795,0.643
"MAPK8IP2",0.1932,8.1196,0.4079,0.6834,0.8016
"ARSA",-0.3382,10.6407,-1.3283,0.1841,0.3433
"SHANK3",-0.2513,10.0246,-0.9338,0.3504,0.5252
"ACR",-0.0472,6.2857,-0.1137,0.9095,0.9505
"RABL2B",-0.0914,9.8353,-0.3703,0.7112,0.8214
"CHL1",0.768,9.8078,1.5132,0.1302,0.2699
"CNTN6",1.9839,7.4085,3.3937,0.0006896,0.005398
"CNTN4",0.6977,7.6815,1.5323,0.1254,0.2633
"IL5RA",1.2707,7.3758,2.1356,0.03271,0.1004
"TRNT1",0.4595,9.4283,2.8113,0.004934,0.02406
"CRBN",0.6697,10.1454,3.2926,0.0009925,0.00715
"LRRN1",-1.6894,8.2537,-3.6558,0.0002564,0.002476
"SETMAR",0.0978,8.8607,0.6167,0.5374,0.6911
"SUMF1",0.5535,10.5611,2.9716,0.002962,0.0166
"ITPR1",0.6856,10.4359,2.5512,0.01073,0.04354
"BHLHE40",-0.0328,13.3006,-0.0976,0.9222,0.9574
"ARL8B",-0.1672,11.8043,-1.2183,0.2231,0.3903
"EDEM1",-0.049,11.8127,-0.2099,0.8338,0.9043
"LMCD1",0.0726,10.5393,0.3609,0.7181,0.8263
"OXTR",0.9434,7.1323,1.8559,0.06347,0.1608
"RAD18",0.1017,9.0251,0.6232,0.5331,0.6881
"SRGAP3",-1.2892,8.3574,-3.5802,0.0003434,0.003143
"THUMPD3",0.102,10.2672,0.9237,0.3557,0.5301
"SETD5",-0.2638,11.639,-1.6657,0.09578,0.2175
"MTMR14",0.1035,10.4411,0.8544,0.3929,0.5659
"BRPF1",-0.0463,9.7643,-0.2915,0.7707,0.8636
"CAMK1",0.6218,9.0976,2.5371,0.01118,0.0449
"OGG1",0.4436,9.8509,2.5448,0.01093,0.04417
"TADA3",0.1024,11.2802,0.8395,0.4012,0.5735
"ARPC4",0.2566,12.3556,1.7063,0.08796,0.2043
"ARPC4-TTLL3",0.264,11.3237,2.0715,0.03832,0.1127
"RPUSD3",0.2337,9.513,1.5216,0.1281,0.2667
"TTLL3",0.2265,9.5392,0.8509,0.3948,0.5678
"JAGN1",0.3164,10.1286,1.6635,0.09621,0.2183
"IL17RE",1.1683,9.3516,3.8907,9.997e-05,0.001165
"IL17RC",0.7159,9.7982,4.2627,2.02e-05,0.0003141
"CRELD1",0.2375,10.1089,1.1092,0.2673,0.4396
"PRRT3",0.914,7.7581,3.1151,0.001839,0.01147
"EMC3",0.601,10.8596,3.5527,0.0003812,0.003412
"FANCD2",-0.3711,9.0456,-1.6557,0.09779,0.2208
"FANCD2OS",-0.4383,6.7763,-1.7445,0.08107,0.192
"BRK1",0.4341,11.9189,2.6856,0.007239,0.03235
"VHL",-0.0529,10.1391,-0.3901,0.6965,0.8114
"IRAK2",0.0659,8.6555,0.1634,0.8702,0.9268
"TATDN2",-0.2862,10.8626,-2.5657,0.0103,0.04219
"RP11-438J1.1",-0.2975,10.1371,-2.395,0.01662,0.06064
"GHRL",1.0206,6.5779,2.5872,0.009677,0.0402
"SEC13",0.3305,11.599,2.0819,0.03736,0.1105
"SLC6A11",-1.9926,6.4816,-2.722,0.006489,0.02971
"SLC6A1",0.788,7.1524,2.4339,0.01494,0.05607
"HRH1",0.1732,8.8609,0.659,0.5099,0.6693
"ATG7",-0.1434,11.3557,-0.8809,0.3784,0.5529
"VGLL4",-0.3384,11.6056,-1.9008,0.05733,0.1499
"TAMM41",0.0768,8.183,0.5005,0.6167,0.7532
"TIMP4",-0.2973,6.6391,-0.6006,0.5481,0.6997
"SYN2",-1.3622,7.2092,-2.2832,0.02242,0.07586
"PPARG",0.3883,9.3595,0.965,0.3345,0.5091
"TSEN2",0.0727,8.3633,0.4429,0.6578,0.7839
"MKRN2OS",1.6699,6.796,4.8833,1.043e-06,2.696e-05
"MKRN2",0.0156,10.0093,0.1506,0.8803,0.9331
"RAF1",0.1602,11.6865,1.5133,0.1302,0.2699
"TMEM40",-3.0632,7.527,-6.5811,4.669e-11,4.82e-09
"RPL32",0.3083,13.6253,1.2949,0.1954,0.3574
"CAND2",0.2322,8.1058,0.5572,0.5774,0.7234
"IQSEC1",0.1725,11.0181,0.9533,0.3404,0.5152
"NUP210",-0.5964,11.2977,-1.9788,0.04784,0.1319
"HDAC11",0.4467,9.4397,1.9176,0.05517,0.1459
"FBLN2",-0.623,11.0522,-1.9172,0.05521,0.1459
"WNT7A",-0.5668,7.6858,-0.9366,0.349,0.524
"CHCHD4",0.287,8.7733,1.8884,0.05897,0.153
"TMEM43",-0.1258,12.0285,-0.7993,0.4241,0.595
"RP11-434D12.1",-0.0719,9.7374,-0.4693,0.6389,0.7699
"XPC",0.3005,10.5193,1.702,0.08875,0.2056
"LSM3",0.1478,10.1324,0.9989,0.3179,0.4935
"SLC6A6",0.0167,11.7717,0.0689,0.9451,0.9695
"GRIP2",-0.2124,7.5726,-0.8832,0.3771,0.5517
"CCDC174",0.1775,9.3314,1.8642,0.0623,0.159
"FGD5",-0.2016,9.9441,-0.7829,0.4337,0.6037
"NR2C2",0.3099,10.983,1.9546,0.05063,0.1372
"MRPS25",0.7669,10.6026,4.1397,3.477e-05,0.0004856
"RBSN",0.5432,10.1822,3.0424,0.002347,0.01391
"CAPN7",0.151,10.134,1.2671,0.2051,0.3698
"SH3BP5",0.0532,10.9439,0.1873,0.8514,0.9157
"METTL6",0.2569,8.8587,2.3577,0.01839,0.06544
"EAF1",0.3861,10.4922,2.7781,0.005468,0.02599
"COLQ",-0.223,7.1685,-0.682,0.4952,0.6572
"HACL1",0.0188,9.3064,0.1226,0.9024,0.9465
"BTD",0.6905,9.4093,3.8591,0.0001138,0.001295
"ANKRD28",0.4328,10.6622,2.9739,0.002941,0.01652
"GALNT15",0.1741,7.909,0.4089,0.6826,0.8011
"DPH3",0.5681,9.894,3.0015,0.002686,0.01544
"OXNAD1",0.4494,8.7459,2.9268,0.003425,0.01849
"RFTN1",0.0503,10.8866,0.1522,0.879,0.9324
"PLCL2",0.6086,8.5897,1.8916,0.05854,0.1522
"TBC1D5",0.0788,11.0593,0.4445,0.6566,0.7834
"SATB1",0.2244,10.087,0.9182,0.3585,0.5331
"KCNH8",-1.9123,6.7232,-2.9218,0.00348,0.01869
"EFHB",1.9495,7.0323,3.2911,0.0009981,0.007173
"RAB5A",0.3179,10.9364,2.5279,0.01147,0.04571
"PP2D1",0.3519,7.6503,2.3706,0.01776,0.0638
"KAT2B",0.5799,9.8178,1.9722,0.04858,0.1332
"SGO1",-0.239,7.6503,-0.7,0.4839,0.6471
"ZNF385D",0.3847,7.0767,1.0156,0.3098,0.4847
"UBE2E2",0.0933,9.6695,0.4328,0.6652,0.7889
"UBE2E1",0.3138,11.1389,1.7968,0.07237,0.1769
"RPL15",0.4025,14.0023,2.0375,0.0416,0.1194
"NKIRAS1",0.2533,8.5711,1.4133,0.1576,0.308
"NR1D2",-0.0294,10.7889,-0.1145,0.9088,0.9501
"THRB",-0.1764,9.0716,-0.5196,0.6033,0.7429
"RARB",-0.6494,8.8611,-1.8966,0.05788,0.151
"TOP2B",-0.0213,12.1853,-0.1349,0.8927,0.9402
"NGLY1",0.1243,9.8822,0.9776,0.3283,0.5038
"OXSM",0.4044,8.3903,2.1341,0.03284,0.1007
"NEK10",1.8035,6.987,2.8337,0.004601,0.02283
"SLC4A7",-0.0996,9.5119,-0.4427,0.658,0.784
"EOMES",-0.2836,7.1956,-0.7055,0.4805,0.644
"CMC1",0.6513,10.389,3.6673,0.0002451,0.002384
"AZI2",0.3612,10.546,2.3835,0.01715,0.0621
"ZCWPW2",0.9427,6.6947,3.5618,0.0003683,0.003316
"RP11-9J18.1",1.3032,7.0869,3.6937,0.000221,0.002204
"RBMS3",1.0508,9.5454,2.987,0.002818,0.01602
"TGFBR2",0.9759,12.5531,3.6268,0.0002869,0.002722
"STT3B",0.1925,12.6551,1.4371,0.1507,0.2979
"ZNF860",1.026,7.2582,3.5802,0.0003434,0.003143
"OSBPL10",0.4911,9.6182,2.0762,0.03787,0.1116
"GPD1L",1.3614,10.7502,4.9566,7.174e-07,1.958e-05
"CMTM8",1.0418,8.8656,3.8027,0.0001431,0.00155
"CMTM7",-0.0964,10.4168,-0.4234,0.672,0.7939
"CMTM6",0.0565,12.1941,0.2873,0.7738,0.8654
"DYNC1LI1",0.0509,10.3404,0.3862,0.6994,0.8134
"CNOT10",0.0314,9.8229,0.2737,0.7843,0.8723
"TRIM71",2.6168,6.8082,3.5442,0.0003938,0.003496
"CCR4",0.4703,7.4535,0.9353,0.3496,0.5245
"TMPPE",0.2839,7.5257,1.2312,0.2183,0.3848
"GLB1",0.4533,11.4396,2.966,0.003017,0.01681
"CRTAP",-0.1578,12.3339,-0.8669,0.386,0.5596
"SUSD5",1.1273,7.4769,3.13,0.001748,0.01103
"FBXL2",0.605,8.4422,2.9717,0.002962,0.0166
"UBP1",-0.2948,11.2759,-2.4746,0.01334,0.05147
"CLASP2",0.3433,10.4183,2.1758,0.02957,0.09302
"PDCD6IP",0.3535,12.2741,2.6201,0.00879,0.0373
"STAC",0.8048,8.277,1.7465,0.08073,0.1915
"DCLK3",-0.4692,6.4319,-1.0194,0.308,0.4826
"TRANK1",0.5874,10.3334,1.9413,0.05222,0.1403
"EPM2AIP1",-0.0599,10.2316,-0.3745,0.708,0.819
"MLH1",0.1665,10.1373,1.4888,0.1365,0.278
"LRRFIP2",-0.3214,10.545,-2.6707,0.00757,0.03342
"GOLGA4",0.1915,11.6109,1.0271,0.3044,0.4791
"C3orf35",0.7393,6.3906,2.0114,0.04429,0.1251
"ITGA9",1.2861,10.0058,3.5917,0.0003285,0.003038
"CTDSPL",0.3594,10.9863,1.804,0.07123,0.175
"VILL",0.9732,8.8807,2.9989,0.00271,0.01553
"PLCD1",-0.638,9.4311,-2.1884,0.02864,0.09081
"DLEC1",-0.202,9.5868,-0.575,0.5653,0.7137
"ACAA1",0.1225,10.8086,0.6584,0.5103,0.6694
"MYD88",-0.1146,11.2811,-0.6016,0.5474,0.6991
"OXSR1",-0.128,10.844,-0.8154,0.4148,0.5859
"XYLB",-0.5001,7.89,-2.0404,0.04131,0.1188
"ACVR2B",0.1817,8.9831,0.7881,0.4306,0.601
"EXOG",0.0145,8.1107,0.0823,0.9344,0.9637
"SCN5A",-0.9028,6.5101,-1.7805,0.075,0.1816
"SCN11A",0.2633,6.3316,0.5329,0.5941,0.7357
"WDR48",0.1288,10.3926,1.0571,0.2905,0.4648
"GORASP1",0.1941,10.5872,1.6142,0.1065,0.2348
"TTC21A",1.0316,7.9297,2.6742,0.007492,0.03317
"CSRNP1",1.1158,10.979,3.0272,0.002468,0.01447
"XIRP1",-0.0166,6.685,-0.0267,0.9787,0.9887
"CX3CR1",0.7077,7.8916,1.4833,0.138,0.2802
"CCR8",-0.619,6.4493,-1.2352,0.2167,0.3828
"SLC25A38",0.0496,9.999,0.3639,0.7159,0.8248
"RPSA",0.1875,12.6227,0.7047,0.481,0.6444
"MOBP",0.4105,6.3522,0.5836,0.5595,0.7088
"MYRIP",2.0654,7.2811,3.7116,0.000206,0.002078
"EIF1B",0.2756,10.1623,1.7404,0.08179,0.1933
"ENTPD3",-1.2541,8.7476,-2.9524,0.003153,0.01736
"RPL14",0.3918,12.8779,1.6971,0.08968,0.2071
"ZNF619",0.1864,8.0179,1.0833,0.2787,0.4525
"ZNF620",0.6727,7.5623,2.6421,0.008239,0.03557
"ZNF621",0.0703,9.5539,0.5298,0.5962,0.7372
"CTNNB1",0.2337,13.8366,1.3854,0.1659,0.3193
"ULK4",0.6005,7.9572,2.4762,0.01328,0.05133
"TRAK1",-0.1041,11.5145,-0.5174,0.6049,0.7442
"CCK",-0.6942,6.2026,-0.7499,0.4533,0.6208
"VIPR1",0.8879,9.5034,2.0144,0.04397,0.1244
"SS18L2",0.2447,8.9126,1.2541,0.2098,0.3752
"SEC22C",0.2942,10.4766,2.3395,0.01931,0.06788
"NKTR",0.217,10.8781,0.8753,0.3814,0.5557
"ZBTB47",0.3441,9.1311,1.5885,0.1122,0.243
"CCDC13",1.9478,6.872,4.3027,1.688e-05,0.0002731
"RP4-613B23.5",0.7853,8.9797,3.3847,0.0007125,0.005544
"HIGD1A",0.6911,10.9928,2.9782,0.0029,0.01633
"ACKR2",0.7388,7.2329,1.6518,0.09858,0.2221
"ZNF662",0.6114,7.7011,1.4544,0.1458,0.2912
"KRBOX1",0.1736,6.5972,0.5545,0.5793,0.7249
"RP11-136C24.3",-0.4789,6.7261,-0.959,0.3375,0.512
"FAM198A",-0.2618,7.2625,-0.6102,0.5417,0.6944
"POMGNT2",0.0179,9.4971,0.1049,0.9164,0.954
"SNRK",0.1158,10.6937,0.7577,0.4486,0.6169
"ANO10",0.1401,10.0045,0.808,0.4191,0.59
"ABHD5",0.3031,9.5304,1.3988,0.1619,0.3136
"TCAIM",1.0147,9.754,6.9195,4.533e-12,6.227e-10
"LINC00694",0.7994,6.6291,2.9263,0.003431,0.01851
"ZNF445",0.0572,9.9178,0.2641,0.7917,0.8767
"ZNF852",0.7597,7.1815,2.8809,0.003965,0.02049
"ZKSCAN7",0.2108,7.5251,0.9239,0.3555,0.5301
"ZNF660",0.0959,7.449,0.3129,0.7544,0.8523
"ZNF197",0.1366,9.1714,0.946,0.3442,0.5188
"ZNF35",0.1897,8.2816,1.1167,0.2641,0.436
"ZNF502",-0.4228,8.0073,-1.328,0.1842,0.3434
"ZNF501",0.2513,7.6107,0.824,0.4099,0.5814
"KIAA1143",0.3244,9.9915,2.2819,0.0225,0.07604
"TMEM42",0.6976,8.8222,3.1579,0.001589,0.01025
"KIF15",-0.4451,8.1747,-1.2494,0.2115,0.3771
"ZDHHC3",-0.2329,11.5601,-1.3257,0.1849,0.3446
"EXOSC7",-0.0418,10.64,-0.2347,0.8145,0.8919
"CLEC3B",0.9872,9.7053,3.0163,0.002558,0.01489
"CDCP1",-0.6266,11.019,-1.8603,0.06285,0.1598
"TMEM158",-2.7789,7.8725,-6.1406,8.219e-10,5.788e-08
"LARS2",-0.2623,9.5889,-1.3493,0.1772,0.3342
"LIMD1",0.6081,11.2604,3.2977,0.0009747,0.007065
"SACM1L",0.3766,10.7638,2.6592,0.007832,0.03425
"SLC6A20",2.2432,7.5682,4.353,1.343e-05,0.0002259
"LZTFL1",0.2117,9.7717,1.0697,0.2848,0.4583
"CXCR6",-0.3877,8.2108,-0.8618,0.3888,0.5622
"FYCO1",0.6949,10.8495,3.5715,0.0003549,0.003218
"XCR1",-0.8386,7.1308,-1.9321,0.05334,0.1425
"CCR1",0.0289,9.3289,0.0821,0.9346,0.9637
"CCR3",2.1909,6.3315,3.5194,0.0004325,0.003745
"CCR2",0.0173,8.0952,0.0354,0.9717,0.9847
"CCR5",-0.4689,8.6467,-1.2169,0.2236,0.3907
"CCRL2",0.5718,8.3326,1.6644,0.09602,0.218
"LTF",-0.3992,10.1308,-0.8444,0.3985,0.5712
"LRRC2",-0.2338,6.9184,-0.4856,0.6273,0.7613
"ALS2CL",0.6629,10.271,1.9296,0.05366,0.143
"TMIE",0.8152,6.7051,2.0657,0.03886,0.1138
"PRSS50",0.9566,6.7889,1.592,0.1114,0.2418
"MYL3",0.8247,6.4282,2.3446,0.01905,0.06719
"PTH1R",0.8013,7.5194,2.4631,0.01378,0.05272
"CCDC12",0.3116,9.9936,1.977,0.04804,0.1322
"NBEAL2",0.3537,11.3869,1.5964,0.1104,0.2405
"SETD2",-0.0102,11.2281,-0.0718,0.9428,0.9684
"KIF9",1.1645,8.2752,5.366,8.05e-08,2.966e-06
"KLHL18",0.1916,9.4954,1.4899,0.1362,0.2776
"PTPN23",0.059,11.1244,0.3198,0.7491,0.8482
"SCAP",-0.1472,11.3057,-1.0561,0.2909,0.4652
"ELP6",0.1902,9.3064,1.4632,0.1434,0.2877
"CSPG5",0.4671,7.3996,1.4339,0.1516,0.2989
"SMARCC1",-0.217,11.9469,-1.1429,0.2531,0.4242
"DHX30",0.139,11.3558,0.9817,0.3263,0.5022
"MAP4",-0.2167,13.0675,-1.1122,0.266,0.4381
"CDC25A",-0.9297,7.9183,-2.9714,0.002964,0.0166
"CAMP",1.5417,6.6004,2.9328,0.003359,0.01824
"ZNF589",-0.5283,9.2214,-1.9065,0.05658,0.1483
"NME6",0.4573,9.0404,3.8154,0.000136,0.001494
"PLXNB1",-0.3204,11.59,-1.2521,0.2105,0.3761
"CCDC51",0.1346,9.3926,0.7159,0.474,0.6384
"TMA7",0.7249,9.6092,3.2271,0.001251,0.00858
"ATRIP",-0.0721,8.5786,-0.433,0.665,0.7888
"TREX1",-0.3335,9.1433,-1.8243,0.06811,0.1694
"RP13-794C1.1",-0.2371,9.7602,-1.6664,0.09563,0.2172
"SHISA5",-0.0652,12.5014,-0.3285,0.7425,0.8443
"PFKFB4",-0.5535,8.8063,-1.7745,0.07598,0.1834
"UCN2",-1.6498,6.541,-2.448,0.01437,0.0544
"COL7A1",-2.0695,9.9635,-3.4499,0.0005607,0.004575
"UQCRC1",0.3223,12.0983,1.6512,0.09869,0.2222
"SLC26A6",0.1846,9.1436,0.6557,0.512,0.671
"CELSR3",1.3936,7.9828,3.274,0.00106,0.007508
"NCKIPSD",0.3244,9.7706,1.7794,0.07517,0.1818
"IP6K2",0.1649,10.8211,1.2583,0.2083,0.3734
"PRKAR2A",0.3532,10.9275,2.6472,0.008116,0.03518
"SLC25A20",0.8869,9.303,5.1393,2.758e-07,8.681e-06
"ARIH2OS",0.2956,7.1691,1.4352,0.1512,0.2984
"ARIH2",0.0949,10.9519,0.9593,0.3374,0.5119
"P4HTM",0.9731,10.0916,4.8167,1.46e-06,3.557e-05
"WDR6",0.3566,12.0586,2.0994,0.03578,0.1071
"DALRD3",0.4408,10.6762,3.2577,0.001123,0.00786
"NDUFAF3",0.3099,10.5047,2.3282,0.0199,0.06939
"IMPDH2",0.3652,11.7264,2.0888,0.03672,0.1092
"QRICH1",0.1289,11.0999,1.1742,0.2403,0.4098
"QARS",0.4086,12.259,2.9509,0.003168,0.01742
"USP19",0.2786,11.0247,1.8061,0.0709,0.1745
"LAMB2",0.7854,12.5171,3.0177,0.002547,0.01484
"CCDC71",0.3599,9.4597,2.6273,0.008606,0.03679
"KLHDC8B",0.145,9.6748,0.567,0.5707,0.718
"CCDC36",0.6804,6.3423,1.6207,0.1051,0.2327
"C3orf62",-0.0053,8.5937,-0.0406,0.9676,0.9822
"USP4",0.0943,10.9264,0.7673,0.4429,0.6116
"GPX1",0.7602,12.6216,2.7224,0.006482,0.02969
"RHOA",0.4502,14.1179,3.1882,0.001432,0.009492
"TCTA",0.569,10.2105,3.3593,0.0007813,0.005962
"AMT",0.9559,8.2298,2.8731,0.004064,0.02087
"RP11-949J7.8",0.7883,9.476,4.1996,2.674e-05,0.0003962
"NICN1",0.6782,8.9445,4.5946,4.336e-06,8.941e-05
"DAG1",-0.0314,12.452,-0.1654,0.8686,0.9256
"BSN",-0.5423,7.0465,-1.4456,0.1483,0.2944
"APEH",0.4763,11.4123,3.6881,0.0002259,0.002236
"MST1",0.821,7.949,2.2614,0.02373,0.07896
"AMIGO3",-0.0587,7.7381,-0.278,0.781,0.87
"RNF123",0.3047,10.3681,1.974,0.04838,0.1329
"GMPPB",0.4155,10.4466,3.2245,0.001262,0.008623
"IP6K1",0.3659,10.7919,2.9956,0.002739,0.01566
"CDHR4",2.4788,7.0738,3.2514,0.001148,0.008016
"FAM212A",-1.7961,7.5034,-6.1276,8.921e-10,6.178e-08
"UBA7",0.1252,10.6607,0.4323,0.6656,0.7892
"TRAIP",-0.2585,7.7823,-0.9707,0.3317,0.5069
"MST1R",0.945,9.789,2.3187,0.02041,0.07082
"MON1A",0.1245,8.5186,0.9922,0.3211,0.4968
"RBM6",-0.0143,11.0763,-0.0755,0.9399,0.9666
"RBM5",0.2417,11.3508,1.3234,0.1857,0.3456
"SEMA3F",-1.8003,10.7728,-7.9083,2.608e-15,7.742e-13
"SLC38A3",-1.5004,6.3946,-2.8007,0.005099,0.02467
"GNAI2",-0.1438,13.3329,-0.9582,0.338,0.5125
"SEMA3B",0.7766,9.8798,1.9101,0.05612,0.1476
"LSMEM2",0.4975,8.4567,3.0548,0.002252,0.01349
"IFRD2",0.5251,10.5483,3.5898,0.0003309,0.003052
"NAT6",0.2313,8.314,1.2898,0.1971,0.3595
"HYAL3",-0.0429,7.7467,-0.1965,0.8442,0.911
"HYAL1",2.1587,9.3817,4.7776,1.774e-06,4.152e-05
"HYAL2",0.5979,11.4784,2.8639,0.004184,0.02128
"TUSC2",0.6875,10.6321,4.6841,2.812e-06,6.166e-05
"RASSF1",0.4647,9.7619,2.857,0.004276,0.02165
"ZMYND10",2.1708,8.1135,3.2364,0.001211,0.008359
"NPRL2",0.6394,9.2851,4.0403,5.338e-05,0.0006937
"CYB561D2",0.6263,9.7681,4.0882,4.348e-05,0.0005819
"TMEM115",0.1266,10.5612,1.035,0.3007,0.4755
"XXcos-LUCA11.5",0.8802,8.116,4.2671,1.98e-05,0.0003084
"CACNA2D2",0.9107,10.1665,1.9159,0.05538,0.1462
"C3orf18",0.8658,8.1579,4.278,1.886e-05,0.0002949
"HEMK1",0.7224,9.5179,4.2465,2.172e-05,0.0003315
"CISH",0.577,9.8564,1.7019,0.08877,0.2056
"MAPKAPK3",0.3989,10.6991,2.7679,0.005641,0.0267
"DOCK3",-0.0401,7.3944,-0.0838,0.9333,0.9633
"MANF",0.065,10.7129,0.3316,0.7402,0.8427
"RBM15B",0.0612,11.3592,0.4086,0.6828,0.8012
"DCAF1",0.0541,10.7087,0.3801,0.7039,0.8165
"RAD54L2",-8e-04,10.0783,-0.004,0.9968,0.9982
"TEX264",0.5636,10.5833,3.2951,0.0009837,0.007108
"GRM2",0.075,6.3771,0.1804,0.8568,0.9186
"RRP9",0.005,9.3195,0.0292,0.9767,0.9875
"PARP3",0.6003,9.5856,2.9912,0.002779,0.01585
"PCBP4",0.7425,9.7142,4.1905,2.783e-05,0.0004087
"ABHD14A",0.9335,9.4418,5.1466,2.653e-07,8.382e-06
"ABHD14B",0.8824,10.8417,4.421,9.827e-06,0.0001764
"ABHD14A-ACY1",1.003,10.182,5.0715,3.947e-07,1.179e-05
"ACY1",1.0042,9.8458,4.5067,6.583e-06,0.0001267
"RPL29",0.626,13.1879,2.6315,0.008502,0.03643
"DUSP7",-1.2706,10.2035,-4.9629,6.944e-07,1.914e-05
"POC1A",0.2282,8.2381,0.9148,0.3603,0.5351
"ALAS1",0.4507,11.1736,2.7525,0.005914,0.02775
"TLR9",-0.9983,7.0124,-2.7784,0.005463,0.02597
"RP11-330H6.5",0.2389,9.417,1.4155,0.1569,0.307
"TWF2",0.4391,10.6498,2.7064,0.006802,0.03082
"PPM1M",0.4277,9.8545,1.9678,0.04909,0.1343
"WDR82",-0.1562,11.8524,-1.6895,0.09112,0.2096
"GLYCTK",0.4065,7.8663,1.7891,0.0736,0.179
"DNAH1",0.6897,8.6773,1.9842,0.04723,0.1308
"BAP1",-0.3213,11.2516,-2.3599,0.01828,0.06518
"PHF7",0.3747,7.513,1.7992,0.07198,0.1764
"SEMA3G",0.0768,9.0543,0.2128,0.8315,0.9031
"TNNC1",2.8487,8.625,5.6964,1.223e-08,5.826e-07
"NISCH",0.2181,11.3558,1.0979,0.2722,0.4459
"STAB1",0.1904,10.9024,0.6955,0.4867,0.6496
"NT5DC2",-0.1546,10.682,-0.7479,0.4545,0.6218
"SMIM4",0.6439,8.4607,3.7426,0.0001821,0.001885
"PBRM1",0.2305,10.9517,1.258,0.2084,0.3735
"GNL3",0.3341,11.0821,2.0915,0.03648,0.1086
"GLT8D1",0.2328,10.4776,1.8667,0.06194,0.1584
"SPCS1",0.4745,11.4463,2.9054,0.003668,0.01941
"NEK4",0.2685,9.7951,1.9599,0.05001,0.136
"ITIH3",0.9474,7.1434,2.4071,0.01608,0.05915
"ITIH4",0.3893,7.6532,1.1269,0.2598,0.4313
"MUSTN1",0.8322,7.2832,2.6784,0.007399,0.03287
"RP5-966M1.6",0.4061,8.1365,1.3835,0.1665,0.3201
"TMEM110-MUSTN1",0.1571,9.957,0.9349,0.3499,0.5246
"TMEM110",0.1128,9.9165,0.6601,0.5092,0.6688
"SFMBT1",0.3658,9.1762,2.0199,0.0434,0.1231
"RP11-894J14.5",0.0743,7.8985,0.6419,0.5209,0.6784
"RFT1",0.1165,9.6763,0.9506,0.3418,0.5164
"PRKCD",0.3579,11.1571,1.7868,0.07398,0.1796
"TKT",0.4427,13.6448,1.7802,0.07504,0.1817
"DCP1A",0.2729,10.142,2.2458,0.02471,0.08152
"CACNA1D",2.2291,8.6162,5.7137,1.106e-08,5.31e-07
"CHDH",1.2864,8.7094,4.3598,1.302e-05,0.0002207
"IL17RB",1.3868,7.9959,4.4938,6.997e-06,0.0001332
"ACTR8",0.1959,9.3959,1.7721,0.07638,0.1841
"SELENOK",0.5534,10.3208,2.5107,0.01205,0.04748
"CACNA2D3",-1.4919,7.5661,-3.3825,0.0007182,0.005576
"WNT5A",-1.3682,10.6228,-3.7107,0.0002067,0.002081
"ERC2",-0.3986,7.0095,-1.0485,0.2944,0.4682
"CCDC66",0.4257,8.9297,2.3476,0.01889,0.06681
"FAM208A",0.3307,11.1787,2.3404,0.01926,0.06778
"SPATA12",0.8157,6.4186,2.8019,0.005081,0.02463
"ARHGEF3",0.1324,10.4796,0.6723,0.5014,0.662
"IL17RD",-2.0569,8.1375,-4.398,1.093e-05,0.0001919
"HESX1",0.2927,6.5082,0.8559,0.392,0.5651
"APPL1",0.1183,10.8299,0.8481,0.3964,0.5693
"ASB14",0.2172,7.4968,1.2415,0.2144,0.3803
"DNAH12",2.4617,7.1175,3.2076,0.001339,0.009019
"PDE12",0.3913,9.9806,3.5935,0.0003263,0.003027
"ARF4",0.6127,12.618,3.4198,0.0006266,0.004981
"DENND6A",-0.1769,9.967,-1.5003,0.1335,0.2741
"SLMAP",0.1352,10.8371,0.9611,0.3365,0.5111
"FLNB",0.1028,13.201,0.3835,0.7013,0.8148
"DNASE1L3",0.3158,7.8897,0.6106,0.5414,0.6943
"ABHD6",-0.1386,8.6637,-0.5222,0.6015,0.7417
"RP11-80H18.3",0.0961,8.8882,0.7463,0.4555,0.6226
"RPP14",0.0292,9.8349,0.23,0.8181,0.8941
"PXK",-0.3045,9.2665,-1.5433,0.1228,0.2593
"PDHB",0.4002,10.7551,2.7452,0.006048,0.02823
"KCTD6",0.3995,8.1417,1.8567,0.06336,0.1606
"ACOX2",2.0297,8.2978,6.5047,7.786e-11,7.612e-09
"FAM107A",0.8098,9.3694,1.657,0.09751,0.2204
"FAM3D",-1.0435,7.5304,-1.6116,0.107,0.2355
"C3orf67",-0.8288,7.3868,-1.7485,0.08038,0.1909
"FHIT",0.6732,7.6322,3.0642,0.002183,0.01317
"PTPRG",0.2162,10.8362,0.7821,0.4342,0.6041
"C3orf14",0.3133,8.513,1.2167,0.2237,0.3907
"CADPS",-0.1152,6.6626,-0.2846,0.776,0.8665
"SNTN",2.6872,7.3853,3.4932,0.0004772,0.004059
"THOC7",-0.0122,10.2826,-0.0778,0.938,0.9655
"ATXN7",0.1934,10.1873,1.1689,0.2424,0.4122
"PSMD6",-0.0614,10.7669,-0.6206,0.5349,0.6895
"PRICKLE2",-0.0345,9.6579,-0.1261,0.8997,0.9449
"ADAMTS9",-0.1616,9.0993,-0.4711,0.6376,0.7689
"MAGI1",0.7413,9.8722,2.7763,0.005499,0.02612
"SLC25A26",-0.0338,10.4322,-0.2126,0.8317,0.9033
"LRIG1",-0.182,11.7573,-0.6784,0.4975,0.6588
"KBTBD8",0.1055,7.5917,0.3366,0.7365,0.8395
"SUCLG2",1.148,10.7699,5.7328,9.88e-09,4.815e-07
"EOGT",-0.2311,10.0281,-1.3599,0.1739,0.3298
"TMF1",0.7296,10.731,5.0713,3.95e-07,1.179e-05
"UBA3",0.3497,10.6551,2.2598,0.02384,0.07918
"ARL6IP5",0.7777,12.2728,3.1252,0.001777,0.01117
"LMOD3",0.8192,6.3455,2.4432,0.01456,0.05501
"FRMD4B",0.0871,10.4404,0.4798,0.6314,0.7645
"MITF",0.8903,9.1962,4.1974,2.7e-05,0.0003993
"FOXP1",0.555,11.184,2.961,0.003067,0.01701
"EIF4E3",0.6078,10.0329,2.6463,0.008139,0.03524
"GPR27",-0.7521,7.6212,-1.5343,0.125,0.2627
"PROK2",-0.3024,6.3284,-0.5733,0.5665,0.7147
"RYBP",-0.0532,10.8947,-0.322,0.7474,0.8474
"SHQ1",0.0131,9.3002,0.1101,0.9123,0.9519
"GXYLT2",-0.2922,8.5921,-0.8954,0.3706,0.5452
"EBLN2",0.0219,6.6381,0.0687,0.9452,0.9696
"PPP4R2",0.0894,10.8,0.6259,0.5314,0.6867
"PDZRN3",0.0414,9.0428,0.1232,0.9019,0.9463
"CNTN3",1.0387,7.046,2.0479,0.04057,0.1173
"ZNF717",0.8081,7.8758,2.5886,0.009637,0.04007
"ROBO2",-0.3408,8.7688,-0.6366,0.5244,0.6812
"ROBO1",-1.7271,10.7312,-4.656,3.225e-06,6.933e-05
"GBE1",0.3969,10.3927,1.9761,0.04814,0.1324
"CADM2",3.3133,6.5751,5.4112,6.26e-08,2.375e-06
"VGLL3",1.0687,9.8386,2.3678,0.01789,0.06417
"CHMP2B",0.5217,10.6617,2.3231,0.02017,0.0701
"ZNF654",0.0665,9.2908,0.3044,0.7609,0.8568
"CGGBP1",0.2232,11.4592,1.4358,0.1511,0.2982
"C3orf38",0.2245,9.4049,1.054,0.2919,0.4661
"EPHA3",1.5711,7.9263,3.3268,0.0008786,0.006539
"PROS1",0.339,10.881,1.1684,0.2426,0.4124
"STX19",0.0987,7.3183,0.2278,0.8198,0.8954
"ARL13B",-0.5667,9.4427,-2.6732,0.007514,0.03324
"DHFR2",-0.4695,8.8923,-1.8444,0.06513,0.1638
"NSUN3",-0.3311,9.0053,-1.1418,0.2535,0.4246
"MTRNR2L12",-0.0369,9.946,-0.1141,0.9092,0.9504
"EPHA6",-2.4534,6.2574,-3.765,0.0001665,0.001754
"ARL6",0.1529,8.7695,0.734,0.463,0.6289
"CRYBG3",-0.1594,10.6775,-0.8307,0.4062,0.5776
"RIOX2",-0.3761,10.6447,-2.6796,0.007371,0.03276
"CLDND1",-0.6339,11.3986,-2.9607,0.00307,0.01701
"GPR15",-0.5628,6.5869,-0.8492,0.3957,0.5688
"CPOX",-0.5153,10.2966,-2.9546,0.003131,0.01729
"ST3GAL6",0.0303,8.492,0.1049,0.9165,0.954
"DCBLD2",-0.7191,11.1692,-4.2927,1.765e-05,0.0002802
"COL8A1",0.7844,11.8457,2.4501,0.01428,0.05414
"FILIP1L",0.5611,10.556,2.1456,0.03191,0.09853
"CMSS1",-0.791,9.5194,-3.4487,0.0005634,0.00459
"TBC1D23",-0.0886,10.5453,-0.5639,0.5728,0.7195
"NIT2",-0.2523,10.4728,-1.2373,0.216,0.382
"TOMM70",-0.3255,11.442,-1.7973,0.07229,0.1768
"LNP1",-0.4173,7.8594,-1.6283,0.1035,0.2304
"TMEM45A",-1.2953,9.7671,-3.3036,0.0009544,0.00697
"TFG",-0.5643,12.0059,-2.8193,0.004813,0.02363
"ABI3BP",-0.3977,10.4697,-0.9592,0.3375,0.5119
"IMPG2",0.1681,6.3025,0.4536,0.6501,0.7789
"SENP7",0.1483,9.4637,0.6771,0.4983,0.6594
"TRMT10C",-0.3036,9.7319,-1.3456,0.1784,0.336
"PCNP",0.0857,11.9903,0.4771,0.6333,0.7657
"ZBTB11",-0.204,10.3302,-1.5234,0.1277,0.2661
"RPL24",0.1434,12.6771,0.6137,0.5394,0.6926
"CEP97",-0.2513,9.1729,-0.9663,0.3339,0.5086
"NXPE3",-0.491,9.9077,-1.5114,0.1307,0.2704
"NFKBIZ",0.1004,10.6098,0.2625,0.7929,0.8774
"ALCAM",0.3577,12.9838,1.1711,0.2416,0.4113
"CBLB",-0.0497,10.2947,-0.2738,0.7842,0.8723
"BBX",-0.0918,11.2577,-0.4908,0.6236,0.7586
"CD47",0.3992,12.7203,1.5957,0.1106,0.2406
"IFT57",0.9476,11.2614,3.1821,0.001462,0.009631
"HHLA2",3.4693,7.2134,4.614,3.949e-06,8.246e-05
"MYH15",0.8474,6.6221,1.9966,0.04587,0.1282
"KIAA1524",-0.9463,8.624,-3.0189,0.002537,0.0148
"DZIP3",0.0709,9.4227,0.2327,0.816,0.8926
"TRAT1",0.2983,7.0138,0.5856,0.5581,0.7077
"NECTIN3",0.247,9.161,0.5947,0.552,0.7029
"ZBED2",-0.6751,8.3054,-1.5259,0.127,0.2654
"CD96",-0.334,8.6725,-0.8753,0.3814,0.5557
"PLCXD2",-1.759,8.0079,-4.0356,5.447e-05,0.0007056
"PHLDB2",-1.3572,10.7139,-3.1927,0.001409,0.009415
"ABHD10",-0.4185,9.8827,-2.1118,0.0347,0.1047
"TAGLN3",0.5291,6.2709,0.6014,0.5476,0.6992
"C3orf52",-0.4971,8.8922,-1.7577,0.0788,0.1882
"GCSAM",-2.3242,7.6843,-5.4634,4.67e-08,1.852e-06
"SLC9C1",-0.466,6.2538,-0.97,0.332,0.5071
"CD200",-1.6539,9.0623,-3.699,0.0002165,0.002166
"BTLA",0.1184,6.8236,0.239,0.8111,0.8899
"ATG3",-0.4619,10.7744,-2.5211,0.0117,0.04641
"SLC35A5",-0.1324,10.319,-0.7956,0.4263,0.5969
"CCDC80",-0.8317,12.1643,-1.7664,0.07733,0.1855
"CD200R1",0.1127,7.2529,0.2791,0.7802,0.8693
"GTPBP8",-0.4026,8.8366,-1.7809,0.07492,0.1815
"NEPRO",-0.531,10.5838,-2.8293,0.004665,0.02306
"BOC",-1.4469,8.8106,-3.5209,0.00043,0.003732
"CFAP44",0.3406,8.9471,1.0947,0.2737,0.4471
"SPICE1",-0.1553,9.5145,-0.8516,0.3944,0.5673
"SIDT1",0.7678,8.5102,1.846,0.0649,0.1634
"USF3",-0.2918,10.0133,-1.4419,0.1493,0.2959
"NAA50",-0.7273,12.2788,-3.3641,0.000768,0.005887
"ATP6V1A",-0.142,11.8245,-0.8248,0.4095,0.5811
"GRAMD1C",1.0593,8.7253,3.7305,0.0001911,0.001963
"ZDHHC23",0.2895,8.8873,0.9254,0.3548,0.5293
"CCDC191",0.1174,8.6661,0.3879,0.6981,0.8125
"QTRT2",-0.5103,9.9865,-2.4681,0.01358,0.05218
"TIGIT",-0.6971,8.0573,-1.7557,0.07915,0.1888
"ZBTB20",1.4739,10.3135,4.3076,1.65e-05,0.0002681
"GAP43",-2.007,6.7838,-3.2171,0.001295,0.008783
"LSAMP",-1.1716,9.403,-3.2605,0.001112,0.0078
"IGSF11",-2.9696,7.0124,-5.5089,3.611e-08,1.493e-06
"UPK1B",-3.8652,8.0146,-3.297,0.0009773,0.007078
"B4GALT4",-0.7622,10.3667,-2.9286,0.003405,0.01842
"ARHGAP31",-0.1446,10.7162,-0.426,0.6701,0.7924
"TMEM39A",-0.4179,10.5741,-2.5381,0.01114,0.0448
"POGLUT1",-1.0545,9.6241,-5.0461,4.508e-07,1.322e-05
"TIMMDC1",-0.6587,11.1232,-3.4617,0.0005367,0.004456
"CD80",-0.6342,7.451,-1.4948,0.135,0.2761
"ADPRH",-0.1787,9.4981,-0.7821,0.4341,0.6041
"PLA1A",0.5255,8.1909,1.2154,0.2242,0.3913
"POPDC2",-1.0282,7.1956,-3.6124,0.0003034,0.002855
"COX17",0.0914,9.7045,0.4068,0.6842,0.802
"MAATS1",1.585,7.6507,2.9615,0.003061,0.01699
"NR1I2",1.9114,6.3276,3.2683,0.001082,0.007622
"GSK3B",-0.5706,11.4256,-2.7465,0.006024,0.02816
"GPR156",-0.3926,6.9202,-0.6897,0.4904,0.653
"LRRC58",-0.6551,10.949,-2.9911,0.002779,0.01585
"FSTL1",-0.4433,12.987,-2.1792,0.02932,0.09243
"NDUFB4",-0.0952,11.2501,-0.4183,0.6757,0.7964
"HGD",2.6606,7.5796,3.2995,0.0009686,0.007033
"RABL3",-0.2428,9.9318,-1.2188,0.2229,0.3901
"GTF2E1",-0.2519,9.3023,-1.4194,0.1558,0.3052
"POLQ",-1.3871,8.0448,-3.4706,0.0005192,0.00433
"HCLS1",-0.7241,11.1532,-2.849,0.004386,0.02204
"GOLGB1",-0.2026,12.252,-0.8243,0.4098,0.5812
"IQCB1",-0.6058,9.7663,-2.4738,0.01337,0.05156
"EAF2",-0.5156,7.7403,-2.0417,0.04118,0.1185
"SLC15A2",-0.1693,10.0804,-0.4316,0.666,0.7894
"ILDR1",-0.2148,9.0659,-0.8547,0.3927,0.5657
"CD86",-0.0802,9.4887,-0.2583,0.7962,0.8791
"CSTA",-4.2733,9.8725,-9.5762,1.007e-21,1.183e-18
"CCDC58",-0.5805,8.579,-2.3241,0.02012,0.06996
"FAM162A",-0.9192,10.7365,-3.6086,0.0003078,0.002887
"WDR5B",-0.1458,8.7323,-0.6613,0.5084,0.6684
"KPNA1",-0.6491,11.418,-3.359,0.0007824,0.005965
"PARP9",-0.1425,11.7187,-0.6647,0.5062,0.6665
"DTX3L",-0.1515,11.8276,-0.8246,0.4096,0.5812
"PARP15",0.2212,7.7526,0.5335,0.5937,0.7356
"PARP14",0,12.3063,0,1,1
"HSPBAP1",-0.5983,8.7357,-2.691,0.007124,0.03199
"DIRC2",-0.5187,9.7621,-2.6669,0.007656,0.03371
"SEMA5B",-0.2069,7.4382,-0.4373,0.6619,0.7869
"PDIA5",-0.4558,10.5393,-2.3483,0.01886,0.0667
"SEC22A",-0.3063,9.4587,-1.7969,0.07236,0.1769
"ADCY5",-1.6044,8.2086,-3.0159,0.002562,0.0149
"HACD2",-0.5861,11.4068,-2.7655,0.005684,0.02687
"MYLK",-0.0309,12.034,-0.1156,0.9079,0.9494
"CCDC14",-0.1069,10.2106,-0.3627,0.7169,0.8253
"KALRN",0.2332,8.8536,0.7594,0.4476,0.6159
"UMPS",-0.7128,10.2283,-3.2432,0.001182,0.008213
"ITGB5",-0.531,12.3017,-2.3327,0.01966,0.06874
"MUC13",2.0986,7.9262,2.1459,0.03188,0.09848
"HEG1",-0.5127,11.9604,-1.6991,0.08929,0.2064
"SLC12A8",-0.511,9.5586,-1.6601,0.09689,0.2193
"ZNF148",-0.3774,10.9353,-1.9307,0.05352,0.1428
"SNX4",-0.0381,10.5763,-0.2236,0.8231,0.897
"OSBPL11",-0.4068,10.2255,-2.2054,0.02742,0.08799
"ALG1L",-0.7917,8.1795,-2.2248,0.02609,0.08477
"ROPN1B",0.3996,6.5316,0.6083,0.543,0.6953
"SLC41A3",-0.3204,10.7249,-1.3738,0.1695,0.3244
"ALDH1L1",0.5884,7.6743,1.0756,0.2821,0.4561
"KLF15",0.9893,8.1826,2.6237,0.008697,0.03706
"CFAP100",1.6487,6.7745,2.0995,0.03578,0.1071
"ZXDC",-0.7347,10.3375,-3.0448,0.002328,0.01384
"CHST13",0.5069,6.4528,1.2582,0.2083,0.3734
"TXNRD3NB",-0.4883,7.4171,-2.1596,0.03081,0.09601
"TXNRD3",-0.4218,8.818,-1.8795,0.06018,0.155
"CHCHD6",-0.7239,9.0731,-2.7569,0.005836,0.02743
"PLXNA1",-1.6566,12.1885,-6.1315,8.707e-10,6.055e-08
"TPRA1",-0.548,10.4651,-3.2285,0.001244,0.008557
"MCM2",-1.1785,10.7187,-3.3141,0.0009193,0.006766
"PODXL2",0.8283,9.2465,1.9472,0.05151,0.139
"ABTB1",-0.0197,10.1211,-0.083,0.9339,0.9634
"MGLL",1.2098,12.0871,3.2949,0.0009847,0.007111
"KBTBD12",2.0635,6.7897,3.0602,0.002212,0.0133
"SEC61A1",-0.3593,13.7677,-2.0968,0.03601,0.1076
"RUVBL1",-0.4486,11.318,-1.8898,0.05878,0.1528
"EEFSEC",-0.6189,9.6555,-2.8398,0.004514,0.02252
"GATA2",0.4454,9.1824,1.2047,0.2283,0.3966
"RPN1",-0.5004,13.6292,-3.4832,0.0004955,0.004181
"RAB7A",-0.6288,13.3069,-3.3595,0.000781,0.005962
"ACAD9",-0.7304,10.5897,-4.1314,3.605e-05,0.0005002
"RP11-723O4.6",-0.654,7.7885,-2.8159,0.004863,0.0238
"KIAA1257",-0.4443,7.8641,-1.8717,0.06124,0.157
"EFCC1",0.2501,8.068,0.602,0.5472,0.6989
"RAB43",0.1829,10.4119,0.7744,0.4387,0.6079
"ISY1-RAB43",-0.1043,11.0642,-0.5775,0.5636,0.7126
"ISY1",-0.5471,10.476,-3.1722,0.001513,0.009874
"CNBP",-0.4067,13.5362,-2.2612,0.02375,0.07898
"COPG1",0.0138,12.976,0.0711,0.9433,0.9686
"HMCES",-0.866,11.0442,-4.0975,4.176e-05,0.0005651
"H1FX",-0.5371,11.8082,-2.2519,0.02433,0.08049
"EFCAB12",1.9051,7.1197,3.1469,0.00165,0.01057
"MBD4",-0.3741,10.4716,-2.1653,0.03037,0.09503
"IFT122",-0.3287,10.1731,-1.3102,0.1901,0.3511
"PLXND1",0.7561,12.2305,2.5059,0.01221,0.04797
"TMCC1",-0.2004,10.4765,-1.0613,0.2886,0.4624
"ALG1L2",0.5231,6.3381,1.4395,0.15,0.2969
"COL6A5",0.855,7.8542,1.5268,0.1268,0.2653
"COL6A6",0.1881,8.6938,0.3774,0.7059,0.8175
"PIK3R4",-0.5155,10.4982,-2.5101,0.01207,0.04753
"ATP2C1",-0.7967,12.4702,-4.7266,2.283e-06,5.185e-05
"ASTE1",-0.4546,8.8954,-2.5453,0.01092,0.04413
"NEK11",0.8273,8.6256,2.4615,0.01384,0.05293
"NUDT16",-0.0165,10.7206,-0.0624,0.9502,0.9723
"MRPL3",-0.4135,11.2395,-2.1238,0.03369,0.1026
"CPNE4",1.6299,6.8563,2.9525,0.003153,0.01736
"ACPP",-0.6481,8.4012,-1.8949,0.05811,0.1515
"DNAJC13",-0.3993,11.1334,-2.5137,0.01195,0.04719
"ACKR4",0.6297,7.6512,1.9645,0.04947,0.135
"ACAD11",-0.5091,9.6003,-2.2953,0.02172,0.07407
"UBA5",-0.2911,10.4223,-1.98,0.0477,0.1317
"NPHP3",-0.4862,9.4841,-2.3821,0.01721,0.0623
"NPHP3-ACAD11",-0.5235,10.0175,-2.4275,0.0152,0.05677
"TMEM108",0.2349,8.5989,0.4525,0.6509,0.7794
"CDV3",-0.5574,12.6068,-3.4665,0.0005274,0.004393
"TOPBP1",-0.6402,10.64,-2.3266,0.01999,0.06958
"TF",0.9529,7.372,1.6236,0.1045,0.2317
"SRPRB",-0.4364,11.2492,-2.3149,0.02062,0.07133
"RAB6B",-1.612,9.119,-3.044,0.002335,0.01386
"C3orf36",-0.6598,6.7047,-1.2981,0.1942,0.3567
"SLCO2A1",-0.5874,11.0292,-1.2946,0.1954,0.3575
"RYK",-0.7011,11.2246,-3.851,0.0001176,0.001326
"AMOTL2",-0.0359,11.2022,-0.1442,0.8853,0.9361
"ANAPC13",-0.1229,10.7594,-0.7062,0.4801,0.6436
"CEP63",-0.4317,9.8623,-2.4543,0.01412,0.0536
"KY",-1.1679,6.2715,-2.1745,0.02966,0.09327
"EPHB1",-0.7956,7.335,-1.3374,0.1811,0.3396
"PPP2R3A",-0.4571,9.5611,-1.7074,0.08774,0.204
"MSL2",-0.7371,10.434,-3.6932,0.0002215,0.002207
"PCCB",-0.3669,10.9392,-1.8408,0.06564,0.1647
"STAG1",-0.2857,10.6796,-1.5724,0.1159,0.2488
"SLC35G2",-0.1373,8.4795,-0.4143,0.6786,0.7981
"NCK1",-0.8219,10.6208,-4.0248,5.702e-05,0.0007307
"IL20RB",-1.6629,8.3689,-3.5869,0.0003346,0.003076
"CLDN18",2.5142,10.4247,3.5931,0.0003268,0.003027
"DZIP1L",-0.8772,8.0123,-1.9848,0.04716,0.1307
"DBR1",-0.4301,9.4683,-2.4814,0.01308,0.05075
"ARMC8",-0.5214,10.5248,-3.3413,0.000834,0.006283
"NME9",1.5143,6.6997,2.8284,0.004678,0.0231
"MRAS",0.4598,9.6833,2.1243,0.03364,0.1025
"ESYT3",2.0412,8.7583,4.6254,3.739e-06,7.854e-05
"CEP70",0.1217,9.7316,0.4484,0.6539,0.7813
"FAIM",-0.3491,8.9194,-1.9268,0.054,0.1438
"PIK3CB",-0.6238,10.7378,-2.6595,0.007825,0.03424
"MRPS22",-0.5431,9.9827,-3.1769,0.001489,0.009745
"COPB2",-0.2181,12.628,-1.3438,0.179,0.3365
"RBP2",0.4078,6.5102,0.8011,0.4231,0.5938
"RBP1",-3.2928,9.8183,-8.4449,3.043e-17,1.487e-14
"NMNAT3",-2.024,8.2188,-5.1699,2.342e-07,7.544e-06
"CLSTN2",-1.1202,8.3733,-2.1584,0.03089,0.09621
"SLC25A36",-0.5522,11.2351,-2.5973,0.009396,0.03935
"SPSB4",-1.8793,6.8253,-2.7749,0.005522,0.02622
"PXYLP1",-1.2073,9.3655,-5.2448,1.564e-07,5.316e-06
"ZBTB38",-0.352,11.7436,-1.7985,0.07209,0.1765
"RASA2",-0.1654,9.7048,-1.1488,0.2506,0.4216
"RNF7",-0.4493,11.063,-2.053,0.04007,0.1164
"ATP1B3",-2.3098,12.1454,-8.0649,7.327e-16,2.768e-13
"TFDP2",-0.7387,10.6547,-2.4562,0.01404,0.05348
"GK5",-0.0772,9.8879,-0.3458,0.7295,0.8345
"XRN1",-0.4821,10.8143,-2.7054,0.006822,0.03085
"ATR",-0.4602,10.207,-2.2768,0.0228,0.07672
"PLS1",1.1121,10.4403,3.7021,0.0002138,0.002143
"TRPC1",0.2972,8.0148,1.0495,0.2939,0.4679
"PCOLCE2",-0.5466,8.978,-1.0555,0.2912,0.4655
"U2SURP",-0.5885,11.7912,-2.7863,0.005332,0.02556
"CHST2",-2.4246,9.5698,-6.3384,2.321e-10,1.978e-08
"SLC9A9",-1.8457,8.8944,-5.5959,2.194e-08,9.7e-07
"C3orf58",-1.9715,10.4264,-7.4509,9.272e-14,2.055e-11
"PLOD2",0.0237,11.24,0.0622,0.9504,0.9724
"PLSCR4",0.445,9.9164,1.7435,0.08125,0.1924
"PLSCR1",0.0761,11.1577,0.3047,0.7606,0.8566
"AGTR1",1.421,7.3127,3.5759,0.0003491,0.003184
"CPA3",-0.0895,9.9769,-0.2281,0.8196,0.8953
"GYG1",-0.2347,10.6364,-1.1141,0.2653,0.4374
"HLTF",-0.1986,10.5882,-0.7701,0.4413,0.6102
"HPS3",1.0317,11.5613,3.2883,0.001008,0.007222
"CP",1.5027,11.9506,2.9327,0.003361,0.01824
"TM4SF18",1.5108,8.3379,3.4707,0.000519,0.00433
"TM4SF1",-0.1407,13.2412,-0.3638,0.716,0.8248
"TM4SF4",7.8111,6.9118,7.1331,9.815e-13,1.717e-10
"WWTR1",-0.5629,11.8515,-2.2989,0.02151,0.07361
"COMMD2",-0.4123,10.5945,-2.3415,0.01921,0.06762
"RNF13",-0.1055,11.5363,-0.6318,0.5275,0.684
"ANKUB1",-0.3271,8.2771,-1.3556,0.1752,0.3314
"PFN2",-0.8715,11.3388,-2.0708,0.03837,0.1128
"TSC22D2",-0.6139,10.3607,-2.9986,0.002712,0.01554
"EIF2A",-0.2199,11.6335,-1.2598,0.2077,0.373
"SERP1",-0.0612,12.948,-0.3941,0.6935,0.8091
"SELENOT",0.0279,11.8204,0.1299,0.8966,0.9426
"SIAH2",-1.2136,10.4864,-6.0739,1.248e-09,8.209e-08
"GPR171",1.2671,7.3851,2.5149,0.01191,0.04706
"P2RY14",0.7759,7.7165,2.329,0.01986,0.06929
"GPR87",-2.7581,7.9847,-3.4335,0.0005959,0.004785
"P2RY13",0.2755,8.0494,0.6435,0.5199,0.6775
"P2RY12",1.3777,6.9033,2.3651,0.01802,0.06446
"MED12L",-1.2027,8.546,-3.364,0.0007683,0.005887
"IGSF10",-0.9183,9.4411,-2.0009,0.0454,0.1273
"AADAC",0.297,8.0095,0.4576,0.6472,0.7765
"SUCNR1",1.7511,7.9522,3.7949,0.0001477,0.001589
"MBNL1",0.2249,12.6541,1.0669,0.286,0.4596
"P2RY1",-3.2643,9.1719,-8.282,1.212e-16,5.163e-14
"RAP2B",-0.9854,11.0158,-4.2904,1.783e-05,0.0002825
"ARHGEF26",-1.2644,9.7974,-3.2018,0.001366,0.009172
"DHX36",-0.5835,11.1317,-3.4967,0.000471,0.004023
"MME",-0.149,9.9751,-0.3777,0.7056,0.8173
"PLCH1",1.6919,9.121,4.5503,5.358e-06,0.0001066
"C3orf33",0.4462,8.2012,2.2612,0.02375,0.07898
"SLC33A1",-0.2739,10.8119,-1.8595,0.06295,0.16
"GMPS",-0.9022,11.2804,-4.1579,3.212e-05,0.0004584
"KCNAB1",0.0605,7.6377,0.2011,0.8406,0.9088
"SSR3",-0.0356,12.6133,-0.2067,0.8363,0.9059
"TIPARP",0.615,11.0253,2.3369,0.01945,0.0682
"LEKR1",0.2496,6.6873,0.7703,0.4411,0.6102
"CCNL1",-0.5475,11.4346,-2.3756,0.01752,0.06315
"PTX3",-0.871,7.4686,-1.9249,0.05424,0.1441
"VEPH1",2.35,9.1389,5.0884,3.611e-07,1.091e-05
"PQLC2L",1.6917,7.059,3.8568,0.0001149,0.001304
"SHOX2",-0.9496,7.4345,-1.4606,0.1441,0.2886
"RSRC1",-0.4812,10.0655,-2.0542,0.03995,0.1162
"MLF1",-0.0045,9.9101,-0.013,0.9896,0.9943
"LXN",0.468,9.3224,1.7628,0.07794,0.1867
"GFM1",-0.4421,10.9233,-2.8295,0.004662,0.02305
"RARRES1",-0.2989,9.8105,-0.5615,0.5744,0.7211
"MFSD1",-0.3183,11.5977,-2.149,0.03163,0.09787
"SCHIP1",-0.7517,9.294,-2.7942,0.005203,0.02511
"IQCJ-SCHIP1",-0.8052,9.3591,-2.8684,0.004126,0.02108
"IL12A",-0.0873,6.8036,-0.2131,0.8312,0.903
"C3orf80",0.4426,7.1766,1.2521,0.2105,0.3761
"IFT80",0.1452,10.3196,0.5849,0.5586,0.708
"SMC4",-0.4623,11.5333,-1.9675,0.04912,0.1343
"RP11-432B6.3",0.0279,9.6101,0.1197,0.9047,0.9479
"TRIM59",-0.4984,10.566,-2.3373,0.01942,0.06814
"KPNA4",-0.8371,11.8702,-5.742,9.356e-09,4.628e-07
"ARL14",-1.3293,6.631,-1.5619,0.1183,0.2524
"PPM1L",-1.6527,9.3864,-4.9243,8.468e-07,2.266e-05
"B3GALNT1",-0.9291,9.5262,-3.0272,0.002468,0.01447
"NMD3",-0.2321,10.939,-1.3378,0.181,0.3394
"SPTSSB",-0.5496,6.9785,-0.8412,0.4002,0.5728
"SLITRK3",0.8687,6.3102,1.1492,0.2505,0.4215
"BCHE",-0.1777,8.1786,-0.3227,0.7469,0.8471
"ZBBX",3.4745,6.9395,4.4099,1.034e-05,0.0001842
"SERPINI2",0.9289,6.4156,1.3212,0.1864,0.3464
"WDR49",0.311,7.1136,0.4737,0.6357,0.7677
"PDCD10",-0.7842,10.7257,-3.3512,0.0008047,0.006116
"SERPINI1",-1.5926,8.4391,-3.9385,8.199e-05,0.0009882
"GOLIM4",-1.1529,11.504,-5.4734,4.416e-08,1.764e-06
"MECOM",0.2432,11.0321,0.6908,0.4897,0.6524
"ACTRT3",-0.6354,7.4488,-2.6041,0.009211,0.03872
"MYNN",-0.6185,10.0541,-3.1677,0.001537,0.01001
"LRRC34",0.5282,7.693,1.4512,0.1467,0.2925
"LRRC31",5.7105,6.9365,8.3957,4.631e-17,2.138e-14
"SEC62",0.0329,12.6617,0.1803,0.8569,0.9186
"GPR160",1.4886,9.8204,4.9591,7.083e-07,1.943e-05
"PHC3",-0.4299,11.1712,-2.2882,0.02212,0.07504
"PRKCI",-0.8347,11.3666,-3.1632,0.00156,0.01012
"SKIL",-0.267,11.6487,-1.1486,0.2507,0.4216
"CLDN11",-0.5325,8.3035,-1.2601,0.2076,0.3728
"RPL22L1",-0.6476,9.5331,-2.6471,0.008119,0.03518
"EIF5A2",-1.1573,8.7348,-3.7956,0.0001473,0.001586
"TNIK",0.2108,9.5111,0.5524,0.5807,0.7262
"PLD1",-1.3579,10.0169,-5.2489,1.53e-07,5.233e-06
"TMEM212",2.1267,6.4198,2.4466,0.01442,0.05457
"FNDC3B",-0.6983,12.2489,-3.026,0.002478,0.01452
"TNFSF10",-1.1732,12.5313,-2.8804,0.003971,0.02052
"NCEH1",-0.7532,10.9678,-3.3652,0.0007648,0.005866
"ECT2",-0.6782,10.5488,-2.5632,0.01037,0.04245
"NLGN1",-0.7238,6.8889,-1.3258,0.1849,0.3445
"NAALADL2",0.949,8.6365,2.4596,0.01391,0.0531
"TBL1XR1",-0.9295,12.4936,-4.3934,1.116e-05,0.0001945
"RP11-385J1.3",-0.055,6.4911,-0.1133,0.9098,0.9507
"KCNMB2",-0.303,6.7806,-0.6294,0.5291,0.6849
"ZMAT3",0.1235,10.3017,0.5125,0.6083,0.7468
"PIK3CA",-0.8228,10.6836,-4.0552,5.01e-05,0.0006562
"KCNMB3",-0.5643,9.1021,-2.8396,0.004517,0.02252
"ZNF639",-1.0152,10.3713,-5.3161,1.06e-07,3.797e-06
"MFN1",-0.698,10.7643,-3.7422,0.0001824,0.001886
"GNB4",-0.2006,10.8862,-0.6881,0.4914,0.6537
"ACTL6A",-0.948,11.113,-4.4369,9.127e-06,0.0001669
"MRPL47",-0.8799,10.2309,-4.3862,1.154e-05,0.0001998
"NDUFB5",-0.3413,11.405,-1.4163,0.1567,0.3067
"USP13",-0.2367,10.095,-0.7571,0.449,0.617
"PEX5L",1.8943,6.7204,2.4188,0.01557,0.05767
"TTC14",-0.0528,9.9725,-0.2674,0.7892,0.8752
"CCDC39",0.3307,8.174,1.0663,0.2863,0.4597
"FXR1",-0.8908,12.0515,-4.6568,3.211e-06,6.913e-05
"DNAJC19",-0.3825,9.4611,-2.0169,0.04371,0.1239
"SOX2",-2.7827,9.339,-3.9523,7.74e-05,0.0009404
"ATP11B",-1.6238,11.6191,-6.2906,3.163e-10,2.59e-08
"DCUN1D1",-1.6133,10.8711,-4.9344,8.039e-07,2.169e-05
"MCCC1",-0.8796,10.5111,-3.4238,0.0006175,0.004929
"LAMP3",-1.3947,12.2035,-3.4833,0.0004953,0.004181
"B3GNT5",-1.6768,11.0761,-4.3796,1.189e-05,0.0002039
"MCF2L2",-1.7344,9.7849,-4.6581,3.192e-06,6.889e-05
"KLHL6",-0.3027,9.3161,-0.8101,0.4179,0.5889
"KLHL24",-0.9194,11.4786,-2.9716,0.002963,0.0166
"YEATS2",-1.8937,11.3499,-6.242,4.319e-10,3.33e-08
"MAP6D1",-2.2792,7.4591,-6.3648,1.955e-10,1.719e-08
"RP11-449K6.5",-0.846,10.4876,-4.4242,9.679e-06,0.0001745
"PARL",-0.7734,10.8154,-4.027,5.648e-05,0.0007262
"ABCC5",-2.6362,11.2361,-6.5062,7.705e-11,7.578e-09
"HTR3C",0.1824,6.2788,0.2748,0.7834,0.8718
"EIF2B5",-1.364,11.1788,-5.029,4.931e-07,1.428e-05
"DVL3",-1.3661,12.0101,-5.543,2.973e-08,1.273e-06
"AP2M1",-1.0756,13.6013,-5.7529,8.772e-09,4.378e-07
"ABCF3",-0.808,11.1156,-4.4942,6.984e-06,0.0001331
"VWA5B2",-2.3795,6.6269,-4.1403,3.469e-05,0.0004849
"ALG3",-0.8024,10.7892,-3.4538,0.0005528,0.004533
"CAMK2N2",0.1978,6.6747,0.35,0.7264,0.8323
"ECE2",-0.7247,8.8672,-2.5142,0.01193,0.04714
"PSMD2",-1.0662,12.9564,-5.0461,4.51e-07,1.322e-05
"EIF4G1",-0.7881,14.039,-3.4049,0.0006618,0.005211
"FAM131A",-0.8966,9.7596,-3.8752,0.0001065,0.001226
"CLCN2",-1.1053,8.5026,-3.4991,0.0004668,0.003995
"POLR2H",-0.5231,10.5649,-2.9305,0.003384,0.01832
"THPO",0.9244,6.3116,2.0844,0.03712,0.1101
"CHRD",0.6991,7.9436,2.2618,0.02371,0.0789
"EPHB3",-1.0358,10.1361,-2.617,0.008872,0.03758
"MAGEF1",-0.5798,10.7197,-2.0332,0.04203,0.1202
"VPS8",-0.7897,10.3352,-3.6811,0.0002322,0.002289
"C3orf70",-0.416,7.6324,-1.002,0.3163,0.4921
"EHHADH",-0.6597,9.5439,-2.1924,0.02835,0.09027
"MAP3K13",-0.5564,11.0287,-2.6036,0.009224,0.03876
"TMEM41A",-0.5876,10.7533,-2.7926,0.005229,0.02521
"LIPH",2.4937,10.3242,6.1246,9.092e-10,6.244e-08
"SENP2",-0.4846,10.8306,-2.1088,0.03496,0.1052
"IGF2BP2",-2.0614,9.6911,-4.4283,9.498e-06,0.000172
"TRA2B",-0.444,12.0789,-3.6625,0.0002498,0.002422
"ETV5",-0.704,10.979,-1.9435,0.05196,0.1399
"DGKG",-0.7038,8.4971,-1.7507,0.08,0.1903
"CRYGS",-0.6751,7.4796,-3.4538,0.0005527,0.004533
"TBCCD1",-0.7449,9.2026,-3.8806,0.0001042,0.001205
"DNAJB11",-0.7978,11.4219,-4.4283,9.498e-06,0.000172
"RP11-134F2.8",-0.7036,10.2945,-4.2802,1.867e-05,0.0002939
"EIF4A2",-0.2067,13.5695,-0.9432,0.3456,0.5202
"RFC4",-0.8427,9.3865,-2.9182,0.003521,0.01886
"ST6GAL1",0.222,11.8619,0.7184,0.4725,0.6369
"RPL39L",-0.6121,8.6833,-1.6225,0.1047,0.2321
"MASP1",-0.4381,7.862,-0.9242,0.3554,0.5299
"RTP4",-0.8846,8.4217,-2.2376,0.02525,0.08276
"BCL6",-0.1823,11.4392,-0.7134,0.4756,0.6395
"RP11-211G3.2",0.2422,6.5544,0.7718,0.4403,0.6094
"LPP",0.1792,12.1595,0.7544,0.4506,0.6185
"TPRG1",-0.8029,8.5525,-2.1071,0.03511,0.1055
"TP63",-4.0518,9.9559,-7.0866,1.375e-12,2.262e-10
"P3H2",-1.1302,10.5231,-2.4529,0.01417,0.05375
"CLDN1",-2.2681,11.5528,-4.2578,2.064e-05,0.0003192
"CLDN16",-1.2603,6.9492,-1.9174,0.05519,0.1459
"IL1RAP",-1.594,10.1289,-4.6352,3.565e-06,7.52e-05
"UTS2B",-0.1751,6.4689,-0.5607,0.575,0.7215
"CCDC50",-0.2748,11.2431,-1.5055,0.1322,0.2723
"FGF12",0.3332,8.048,0.5561,0.5781,0.724
"MB21D2",-0.5316,8.6952,-1.9804,0.04766,0.1316
"HRASLS",-1.243,6.7589,-2.2282,0.02587,0.08413
"ATP13A5",-2.7013,6.7644,-4.2073,2.585e-05,0.000386
"ATP13A4",1.8035,9.6257,2.9758,0.002922,0.01644
"OPA1",-0.7162,11.3391,-3.4446,0.0005718,0.004643
"HES1",-0.1317,10.7069,-0.4462,0.6555,0.7824
"LRRC15",-0.8361,8.8292,-1.5657,0.1174,0.2511
"GP5",0.5261,6.16,1.0451,0.296,0.47
"ATP13A3",-0.2988,11.9965,-1.1693,0.2423,0.412
"TMEM44",-0.8652,9.2489,-2.9119,0.003593,0.01914
"LSG1",-0.8827,10.8995,-4.1523,3.292e-05,0.0004672
"FAM43A",-1.8306,8.8809,-5.8645,4.505e-09,2.476e-07
"XXYLT1",-1.8161,9.7183,-6.9674,3.229e-12,4.666e-10
"ACAP2",-0.9168,11.3784,-4.1555,3.246e-05,0.0004619
"PPP1R2",-0.3679,11.1243,-2.0969,0.036,0.1076
"APOD",1.573,9.5978,3.3992,0.0006758,0.005303
"MUC20",0.2713,10.1978,0.5398,0.5893,0.7327
"MUC4",-1.0633,11.0027,-1.5552,0.1199,0.2548
"TNK2",-0.9377,10.6995,-3.7509,0.0001762,0.001833
"TFRC",-2.3307,13.3926,-6.8506,7.353e-12,9.623e-10
"ZDHHC19",-0.3114,6.3461,-0.4795,0.6316,0.7646
"SLC51A",-1.2493,8.1626,-4.1658,3.103e-05,0.0004457
"PCYT1A",-1.1424,11.5086,-5.2855,1.254e-07,4.406e-06
"RP11-447L10.1",-1.057,8.6469,-4.1375,3.511e-05,0.0004888
"TCTEX1D2",-1.1165,8.2495,-3.1798,0.001474,0.009683
"TM4SF19-TCTEX1D2",-0.8512,7.8544,-2.2288,0.02583,0.08403
"TM4SF19",-0.7375,7.4619,-1.3208,0.1866,0.3466
"UBXN7",-1.0438,10.9966,-3.6546,0.0002575,0.002486
"RNF168",-0.8091,10.3809,-2.5822,0.009817,0.04068
"WDR53",-0.6979,8.7388,-3.0226,0.002506,0.01466
"FBXO45",-1.105,10.052,-4.9879,6.105e-07,1.714e-05
"NRROS",-0.472,8.6768,-1.6505,0.09884,0.2225
"CEP19",-1.7687,7.9212,-5.4622,4.702e-08,1.861e-06
"PIGX",-1.5754,10.1143,-6.3631,1.977e-10,1.727e-08
"PAK2",-0.9133,12.2639,-4.7084,2.496e-06,5.566e-05
"SENP5",-0.7421,10.5382,-3.9424,8.068e-05,0.0009767
"NCBP2",-0.7944,11.6144,-4.1487,3.343e-05,0.0004713
"NCBP2-AS2",-0.5848,9.0335,-2.2298,0.02576,0.0839
"PIGZ",-0.1414,8.0814,-0.4586,0.6465,0.7759
"MELTF",-1.2774,9.1247,-2.7345,0.006247,0.02886
"DLG1",-1.1851,11.4654,-5.0101,5.44e-07,1.556e-05
"BDH1",-0.3577,9.4918,-1.2208,0.2222,0.3894
"RUBCN",-0.2428,10.3568,-1.2145,0.2246,0.3918
"FYTTD1",-0.5714,11.5056,-3.1253,0.001776,0.01117
"LRCH3",-0.6035,10.3859,-3.3053,0.0009486,0.006945
"RPL35A",-0.1575,13.7322,-0.6738,0.5005,0.6612
"IQCG",-1.078,9.2577,-2.7422,0.006104,0.02837
"LMLN",-0.4115,9.2563,-1.7253,0.08447,0.198
"ZNF595",0.5611,8.2682,2.3494,0.0188,0.06658
"ZNF718",0.714,8.0485,2.9098,0.003616,0.01922
"ZNF141",0.571,8.177,2.6185,0.008832,0.03744
"ZNF721",0.1744,9.6738,1.07,0.2846,0.4582
"PIGG",0.2017,10.4592,1.4023,0.1608,0.3123
"PDE6B",0.0332,8.1476,0.0881,0.9298,0.9615
"ATP5I",0.2284,10.8504,0.9596,0.3373,0.5118
"MYL5",0.2567,10.095,1.1753,0.2399,0.4095
"MFSD7",1.4199,8.6248,5.5146,3.496e-08,1.464e-06
"PCGF3",-0.018,10.7981,-0.1086,0.9135,0.9524
"CPLX1",1.308,7.3727,2.7794,0.005446,0.02593
"GAK",0.4647,11.6032,2.3232,0.02017,0.0701
"TMEM175",0.2648,9.4839,1.7521,0.07975,0.1899
"DGKQ",0.3692,9.7015,1.5729,0.1157,0.2486
"SLC26A1",0.9809,7.5897,3.7521,0.0001753,0.001825
"IDUA",0.4866,8.9704,1.8896,0.05881,0.1528
"FGFRL1",0.7031,9.9651,2.0297,0.04238,0.121
"RNF212",0.9187,7.6156,1.6267,0.1038,0.2309
"SPON2",-0.0506,10.142,-0.1194,0.9049,0.9479
"CTBP1",0.1559,12.0462,1.1425,0.2533,0.4243
"MAEA",0.2088,10.8806,1.2422,0.2141,0.3801
"UVSSA",0.5543,8.8357,2.4613,0.01384,0.05293
"CRIPAK",0.4435,8.534,1.6446,0.1,0.2246
"FAM53A",0.5991,6.9484,2.1064,0.03517,0.1056
"SLBP",0.0521,10.7178,0.3478,0.728,0.8335
"TMEM129",0.4118,10.5179,2.122,0.03384,0.1029
"TACC3",-0.1192,10.3222,-0.4656,0.6415,0.7718
"FGFR3",-1.513,10.8117,-3.1658,0.001546,0.01005
"LETM1",0.0144,10.777,0.0735,0.9414,0.9677
"NSD2",-0.1544,11.3551,-0.6375,0.5238,0.6807
"NELFA",-0.017,10.1535,-0.1147,0.9087,0.95
"C4orf48",0.8328,7.0321,2.3356,0.01951,0.06836
"NAT8L",-0.3704,6.7954,-0.5374,0.591,0.7335
"POLN",0.0571,7.3022,0.2916,0.7706,0.8636
"HAUS3",0.1505,9.1506,0.9928,0.3208,0.4966
"MXD4",0.4613,11.2324,2.5728,0.01009,0.04154
"ZFYVE28",1.3323,8.5908,5.3531,8.648e-08,3.18e-06
"CFAP99",2.9068,6.5905,4.8295,1.369e-06,3.355e-05
"RNF4",-0.0616,11.1347,-0.461,0.6448,0.7744
"FAM193A",0.0948,10.1874,0.6097,0.542,0.6946
"TNIP2",-0.1245,10.269,-0.6519,0.5145,0.6728
"SH3BP2",0.0238,10.9017,0.1129,0.9101,0.9509
"ADD1",0.1393,12.9157,1.1443,0.2525,0.4235
"MFSD10",0.2713,11.3548,1.2086,0.2268,0.3948
"NOP14",-0.0821,10.5536,-0.61,0.5419,0.6945
"GRK4",0.1264,7.605,0.5511,0.5816,0.7268
"HTT",0.2468,11.7398,1.4334,0.1517,0.299
"MSANTD1",0.4453,6.3943,1.2892,0.1973,0.3597
"RGS12",-0.8947,10.3578,-3.7466,0.0001792,0.001859
"DOK7",1.2066,7.4423,2.8972,0.003765,0.01977
"LRPAP1",0.4199,12.2552,2.2997,0.02146,0.07349
"ADRA2C",-1.6921,7.2433,-2.8633,0.004193,0.02131
"TMEM128",0.5915,9.6778,3.1792,0.001477,0.009695
"LYAR",-0.2161,9.3899,-1.2057,0.2279,0.3962
"ZBTB49",0.1469,7.894,0.9381,0.3482,0.5234
"NSG1",-1.601,7.4434,-2.4348,0.0149,0.05597
"STX18",0.5856,9.7792,4.1127,3.911e-05,0.0005336
"MSX1",-1.8677,7.1763,-4.4349,9.213e-06,0.0001681
"CYTL1",1.209,6.8616,2.4173,0.01564,0.05788
"STK32B",0.0887,7.5699,0.1582,0.8743,0.9293
"EVC2",0.2185,8.1038,0.6978,0.4853,0.6484
"EVC",-0.1706,9.7578,-0.7315,0.4645,0.6301
"CRMP1",-1.1707,9.1982,-3.5717,0.0003547,0.003218
"C4orf50",-0.8551,6.2609,-1.3231,0.1858,0.3457
"JAKMIP1",0.1296,6.94,0.2598,0.795,0.8784
"WFS1",0.1098,11.3704,0.5394,0.5896,0.7327
"PPP2R2C",-0.0407,8.6175,-0.0622,0.9504,0.9724
"MAN2B2",0.103,11.4787,0.5507,0.5818,0.727
"MRFAP1",-0.0385,13.0665,-0.2962,0.7671,0.8609
"S100P",1.5625,9.5793,1.7706,0.07662,0.1844
"MRFAP1L1",0.2057,11.0653,1.4087,0.1589,0.3098
"BLOC1S4",0.6089,8.9628,3.0972,0.001953,0.01207
"KIAA0232",0.7105,10.8864,3.8185,0.0001343,0.001483
"TBC1D14",-0.1093,11.4412,-0.5864,0.5576,0.7072
"CCDC96",0.956,7.6109,2.2116,0.02699,0.08685
"TADA2B",0.4093,10.2006,2.6862,0.007226,0.03231
"GRPEL1",0.0797,10.171,0.4385,0.6611,0.786
"PSAPL1",-0.9364,6.544,-1.2975,0.1945,0.3569
"SORCS2",0.1053,8.8453,0.1926,0.8473,0.9131
"AFAP1",-0.3312,10.863,-1.4937,0.1353,0.2764
"ABLIM2",0.1045,8.1266,0.2762,0.7824,0.871
"SH3TC1",-0.4524,9.7749,-1.282,0.1999,0.3632
"HTRA3",-0.3016,10.5836,-0.8414,0.4001,0.5728
"ACOX3",0.0241,9.4449,0.1202,0.9044,0.9477
"TRMT44",-0.0383,8.8457,-0.2534,0.8,0.882
"CPZ",-0.2736,8.7649,-0.7777,0.4367,0.6063
"GPR78",-0.2574,8.757,-0.7406,0.4589,0.6254
"SLC2A9",-1.2463,8.2939,-3.8638,0.0001116,0.001275
"WDR1",0.049,13.3325,0.344,0.7308,0.8356
"ZNF518B",-0.4076,9.8871,-1.7764,0.07566,0.1828
"CLNK",-0.0513,6.5902,-0.1304,0.8962,0.9423
"HS3ST1",-0.5012,8.9739,-1.4054,0.1599,0.3112
"RAB28",0.0387,9.3444,0.2917,0.7706,0.8636
"NKX3-2",-2.1237,6.3019,-3.4241,0.0006169,0.004927
"BOD1L1",0.1902,10.9646,0.8631,0.3881,0.5615
"CPEB2",0.1471,9.8241,0.5242,0.6001,0.7408
"C1QTNF7",1.6365,7.8795,3.4165,0.0006342,0.005024
"CC2D2A",0.7565,9.3795,3.0206,0.002523,0.01474
"FBXL5",0.4994,11.7132,2.7423,0.006101,0.02836
"FAM200B",0.1502,9.3386,0.775,0.4383,0.6076
"BST1",0.4891,8.3289,1.7273,0.08411,0.1974
"CD38",-0.4021,9.4133,-0.9554,0.3394,0.514
"FGFBP1",-3.8636,8.734,-6.3817,1.752e-10,1.563e-08
"FGFBP2",0.6143,7.6927,1.2955,0.1952,0.3573
"PROM1",1.4262,8.4308,2.0347,0.04189,0.1199
"TAPT1",0.7514,10.1977,3.3675,0.0007585,0.005828
"LDB2",0.5791,9.7505,2.4221,0.01543,0.05733
"QDPR",-0.015,10.1153,-0.0789,0.9371,0.9649
"LAP3",-0.0589,11.8689,-0.2698,0.7873,0.8739
"MED28",0.0709,11.0911,0.4737,0.6357,0.7677
"FAM184B",0.0049,8.4819,0.0203,0.9838,0.9912
"DCAF16",0.0149,10.1032,0.0884,0.9295,0.9614
"NCAPG",-0.3587,9.1637,-1.2841,0.1991,0.3622
"LCORL",0.2456,9.1941,1.4104,0.1584,0.3091
"SLIT2",0.3972,10.309,1.3966,0.1625,0.3145
"PACRGL",0.378,8.7405,2.2222,0.02627,0.08516
"KCNIP4",0.3098,6.8125,1.0947,0.2736,0.4471
"ADGRA3",-0.2585,9.9927,-1.1189,0.2632,0.4353
"PPARGC1A",2.5911,8.4686,4.6407,3.472e-06,7.341e-05
"DHX15",0.0932,12.0084,0.7213,0.4707,0.6355
"SOD3",0.5367,10.0248,1.93,0.05361,0.143
"CCDC149",0.4529,9.4388,2.5053,0.01223,0.04803
"LGI2",-0.8993,8.1847,-1.8831,0.05968,0.1544
"SEPSECS",0.5123,8.9665,2.7878,0.005307,0.02548
"RP11-717K11.2",0.5509,9.1805,2.8171,0.004846,0.02374
"PI4K2B",0.5445,10.4417,2.8381,0.004538,0.0226
"ZCCHC4",0.5248,8.593,3.4177,0.0006315,0.005013
"ANAPC4",0.2949,9.7804,1.9419,0.05214,0.1402
"SLC34A2",2.6384,14.2682,5.3462,8.981e-08,3.273e-06
"SEL1L3",0.5465,12.1282,2.3029,0.02129,0.07307
"SMIM20",0.7028,9.5107,3.4864,0.0004896,0.00415
"RBPJ",0.1226,11.6178,0.8492,0.3958,0.5688
"TBC1D19",0.2496,8.0614,1.3382,0.1808,0.3392
"STIM2",-0.4886,10.4742,-1.8527,0.06393,0.1617
"PCDH7",-0.6875,9.5203,-1.4782,0.1394,0.2818
"ARAP2",-0.0924,10.3898,-0.3654,0.7148,0.8239
"DTHD1",1.9075,7.2082,3.0424,0.002347,0.01391
"C4orf19",0.6341,8.1069,1.2583,0.2083,0.3734
"RELL1",-0.5516,8.4136,-1.8415,0.06555,0.1645
"PGM2",-0.9203,10.3663,-3.5909,0.0003295,0.003043
"TBC1D1",-0.0523,10.6054,-0.2882,0.7732,0.8649
"KLF3",-0.2113,11.5925,-1.1391,0.2546,0.4257
"TLR10",-0.6059,7.2197,-0.9384,0.348,0.5233
"TLR1",-0.4068,8.8565,-1.1916,0.2334,0.4018
"TLR6",-0.1178,8.2402,-0.3092,0.7572,0.8538
"FAM114A1",0.401,11.0514,1.7696,0.07679,0.1848
"TMEM156",0.7954,7.3139,1.7231,0.08488,0.1986
"KLHL5",-0.6169,10.6208,-2.7924,0.005232,0.02522
"WDR19",0.3498,9.5275,1.5295,0.1261,0.2644
"RFC1",-0.2769,11.069,-1.5639,0.1178,0.2518
"KLB",0.5603,7.339,1.2342,0.2171,0.3832
"RPL9",0.7924,10.2837,1.9281,0.05384,0.1435
"LIAS",0.1902,8.8273,0.92,0.3576,0.5323
"UGDH",1.0865,11.4975,2.7302,0.00633,0.02915
"SMIM14",1.4121,11.758,6.1523,7.638e-10,5.448e-08
"UBE2K",0.0333,11.5213,0.2122,0.832,0.9035
"PDS5A",0.1391,12.161,0.9624,0.3359,0.5106
"N4BP2",0.589,9.4127,2.518,0.0118,0.04673
"RHOH",0.0351,8.4181,0.0913,0.9272,0.96
"RBM47",1.4522,11.7235,6.4489,1.127e-10,1.052e-08
"NSUN7",1.1976,8.2956,3.7949,0.0001477,0.001589
"APBB2",0.3608,10.6926,1.9736,0.04843,0.133
"UCHL1",0.1894,9.731,0.3201,0.7489,0.848
"LIMCH1",2.3791,11.9186,5.7995,6.65e-09,3.508e-07
"TMEM33",0.2616,11.326,1.3226,0.186,0.3459
"DCAF4L1",-0.1048,6.3377,-0.2802,0.7793,0.8687
"SLC30A9",0.4045,11.2105,2.9544,0.003133,0.01729
"BEND4",-0.0586,6.4833,-0.1301,0.8965,0.9425
"SHISA3",1.0832,7.3325,2.3069,0.02106,0.07253
"ATP8A1",1.9742,10.0624,5.0908,3.565e-07,1.085e-05
"GUF1",-0.1542,9.8822,-0.9367,0.3489,0.524
"GNPDA2",0.6197,9.2748,3.0547,0.002253,0.01349
"GABRA2",1.3452,6.3413,1.8164,0.0693,0.1717
"COMMD8",0.1762,9.4143,0.6687,0.5037,0.6643
"ATP10D",-0.2733,9.914,-1.0989,0.2718,0.4453
"CORIN",0.5746,7.7555,1.6703,0.09485,0.216
"NFXL1",0.2641,8.8987,1.3806,0.1674,0.3213
"CNGA1",0.5277,6.6922,0.8851,0.3761,0.5508
"NIPAL1",-0.626,7.9031,-1.6359,0.1019,0.2277
"TXK",0.9569,6.9788,2.4264,0.01525,0.05688
"TEC",0.9473,7.9729,3.7445,0.0001808,0.001872
"SLAIN2",-0.092,11.1721,-0.7439,0.457,0.6239
"SLC10A4",0.2669,6.6356,0.4818,0.6299,0.7633
"FRYL",0.211,10.9168,1.1199,0.2628,0.4348
"OCIAD1",0.5497,11.8596,3.2508,0.001151,0.00803
"OCIAD2",0.7748,10.6562,3.1475,0.001646,0.01055
"CWH43",-1.0455,6.5639,-1.2157,0.2241,0.3912
"DCUN1D4",0.2847,9.9932,1.5979,0.1101,0.2401
"LRRC66",2.682,6.4366,4.7953,1.624e-06,3.884e-05
"SGCB",-0.1598,10.3542,-0.7867,0.4315,0.6016
"SPATA18",1.29,8.7767,2.4235,0.01537,0.05721
"USP46",-0.8416,9.6605,-4.2572,2.07e-05,0.0003197
"ERVMER34-1",-1.0108,7.6821,-2.29,0.02202,0.07473
"RASL11B",0.0036,7.5836,0.0095,0.9924,0.9958
"SCFD2",0.0518,9.1814,0.3948,0.693,0.8086
"FIP1L1",0.0077,10.5528,0.0424,0.9662,0.9816
"LNX1",-0.0306,9.4257,-0.1129,0.9101,0.9509
"CHIC2",-0.1898,9.0474,-0.9485,0.3429,0.5174
"RP11-231C18.3",0.0619,10.0139,0.2898,0.772,0.8643
"PDGFRA",-0.0249,10.8147,-0.0673,0.9463,0.9702
"KIT",1.4104,10.1102,2.5783,0.009929,0.04103
"KDR",1.9672,10.719,5.6899,1.271e-08,5.983e-07
"SRD5A3",0.7678,10.4558,2.3911,0.0168,0.06115
"TMEM165",-0.1222,11.8378,-0.397,0.6914,0.8071
"CLOCK",-0.3312,10.5442,-1.2538,0.2099,0.3754
"NMU",0.2948,7.1009,0.4856,0.6272,0.7613
"EXOC1",-0.1059,10.5172,-0.6138,0.5394,0.6926
"CEP135",-0.6133,8.8999,-2.6146,0.008933,0.03776
"KIAA1211",0.32,7.6762,0.8616,0.3889,0.5623
"AASDH",-0.051,8.9965,-0.2358,0.8136,0.8913
"PPAT",-0.3382,9.1678,-1.6943,0.0902,0.2081
"PAICS",-0.4424,11.5049,-2.036,0.04175,0.1197
"SRP72",0.1643,11.8082,1.0197,0.3079,0.4825
"ARL9",0.0069,6.4913,0.0134,0.9893,0.9943
"HOPX",2.4269,11.7304,5.0305,4.891e-07,1.419e-05
"SPINK2",1.3587,6.3751,1.8877,0.05907,0.1532
"REST",-0.1679,10.6817,-0.8048,0.4209,0.5917
"NOA1",-0.0858,9.8965,-0.5283,0.5973,0.7382
"POLR2B",-0.129,12.0072,-0.7698,0.4414,0.6103
"IGFBP7",0.2079,13.2276,0.7692,0.4418,0.6107
"ADGRL3",-1.7525,8.187,-3.042,0.00235,0.01391
"CENPC",0.2721,9.3247,1.5324,0.1254,0.2633
"STAP1",-0.5886,6.8834,-1.2264,0.2201,0.3869
"UBA6",-0.2771,10.7399,-1.911,0.05601,0.1473
"TMPRSS11D",-4.2724,7.0638,-5.0763,3.848e-07,1.155e-05
"TMPRSS11A",-7.0536,6.6888,-8.6693,4.347e-18,2.408e-15
"YTHDC1",0.0435,11.3056,0.3915,0.6954,0.8106
"TMPRSS11E",-0.8094,7.5215,-1.1102,0.2669,0.4391
"UGT2B17",0.1793,6.3874,0.2795,0.7799,0.8691
"UGT2B7",3.87,6.4374,4.295,1.747e-05,0.0002794
"UGT2B4",2.5647,6.3913,3.1333,0.001728,0.01092
"SULT1B1",-1.0741,7.4111,-2.5426,0.011,0.04438
"SULT1E1",-1.4401,6.7574,-1.987,0.04692,0.1303
"ODAM",-3.1394,6.7942,-4.4793,7.49e-06,0.0001414
"FDCSP",-2.3741,7.2162,-3.1402,0.001688,0.01074
"AMTN",-6.154,6.6607,-5.6606,1.508e-08,6.963e-07
"JCHAIN",1.3857,12.8664,2.4021,0.0163,0.05967
"ENAM",1.119,9.5483,1.9948,0.04607,0.1286
"UTP3",0.1957,10.0641,1.2597,0.2078,0.373
"RUFY3",0.4869,9.9462,3.058,0.002228,0.01338
"GRSF1",0.0644,11.6967,0.449,0.6534,0.781
"MOB1B",0.4379,10.382,3.0414,0.002355,0.01393
"DCK",0.2854,10.1081,1.306,0.1916,0.3531
"SLC4A4",2.2207,9.4636,4.4042,1.062e-05,0.0001882
"ADAMTS3",-0.5402,7.3059,-1.3167,0.188,0.3485
"COX18",0.7098,9.2766,3.926,8.638e-05,0.001031
"ANKRD17",-0.0412,11.8142,-0.2421,0.8087,0.8883
"ALB",2.0855,6.4777,2.8377,0.004544,0.02262
"RASSF6",-0.0509,9.057,-0.1362,0.8917,0.9395
"CXCL8",-0.6973,10.2686,-1.1738,0.2405,0.41
"CXCL6",-2.4031,7.5607,-3.2962,0.0009799,0.007087
"CXCL1",-1.8646,9.4537,-3.1084,0.001881,0.01169
"PPBP",1.5382,6.7867,2.1106,0.03481,0.1049
"CXCL5",0.4329,8.2872,0.7202,0.4714,0.6361
"CXCL3",-0.2009,8.0405,-0.3825,0.7021,0.8152
"CXCL2",1.3806,9.6931,2.4012,0.01634,0.05978
"MTHFD2L",0.9279,8.4822,3.7184,0.0002005,0.002039
"EPGN",-2.9711,6.4559,-3.8412,0.0001224,0.001367
"EREG",1.9965,7.2209,2.7114,0.006701,0.03047
"AREG",2.3394,9.352,3.942,8.082e-05,0.0009769
"BTC",0.9506,8.1305,2.2286,0.02584,0.08406
"PARM1",0.0061,11.8545,0.0137,0.9891,0.9943
"RCHY1",0.552,9.5876,2.7882,0.0053,0.02545
"THAP6",0.222,9.0276,1.4824,0.1382,0.2805
"CDKL2",3.201,7.9813,7.1976,6.126e-13,1.157e-10
"G3BP2",0.2667,12.2933,1.9193,0.05495,0.1456
"USO1",0.2916,11.6666,2.4305,0.01508,0.05642
"NAAA",0.3156,9.3982,1.3252,0.1851,0.3448
"SDAD1",0.0119,10.3331,0.1099,0.9125,0.952
"CXCL9",-0.7847,10.3535,-1.3954,0.1629,0.315
"CXCL10",-1.726,9.6416,-2.8366,0.00456,0.02268
"CXCL11",-2.6234,7.9882,-3.9526,7.73e-05,0.0009404
"NUP54",-0.1148,10.262,-0.8042,0.4213,0.5921
"SCARB2",0.2027,13.2482,1.0859,0.2775,0.4512
"FAM47E",2.1197,7.6418,6.4463,1.146e-10,1.064e-08
"FAM47E-STBD1",1.3378,9.4859,4.5489,5.393e-06,0.0001072
"STBD1",1.2497,9.4807,4.1155,3.864e-05,0.000529
"CCDC158",0.6967,6.3097,1.6076,0.1079,0.2368
"SHROOM3",1.2727,11.2,3.8416,0.0001223,0.001365
"SOWAHB",0.47,8.1979,1.4388,0.1502,0.2972
"SEPT11",-0.0975,11.8776,-0.5162,0.6057,0.7446
"CCNI",-0.016,13.4895,-0.0995,0.9208,0.9568
"CCNG2",0.3279,10.582,1.5703,0.1163,0.2495
"CXCL13",0.1478,8.5854,0.2186,0.8269,0.8997
"CNOT6L",0.055,10.6941,0.3203,0.7488,0.848
"MRPL1",0.3194,9.2343,1.694,0.09027,0.2081
"FRAS1",-0.9468,10.0914,-1.8615,0.06267,0.1595
"ANXA3",0.4358,10.8325,1.1404,0.2541,0.4252
"BMP2K",-0.1995,10.3651,-0.8379,0.4021,0.5742
"PAQR3",-0.0775,10.5586,-0.3771,0.7061,0.8176
"ANTXR2",0.5099,10.6367,2.0453,0.04083,0.1178
"PRDM8",0.7532,7.3105,2.3953,0.01661,0.06061
"C4orf22",2.5302,6.3709,3.1909,0.001418,0.009447
"BMP3",0.1132,9.0733,0.1449,0.8848,0.9357
"PRKG2",-0.8321,7.9931,-2.2643,0.02355,0.07848
"RASGEF1B",0.1385,9.7923,0.5007,0.6166,0.7532
"HNRNPD",-0.2615,12.5711,-1.9083,0.05636,0.1479
"HNRNPDL",-0.0178,12.6152,-0.1639,0.8698,0.9265
"ENOPH1",-0.0168,10.5525,-0.1218,0.9031,0.9469
"TMEM150C",-1.062,9.1383,-2.7727,0.00556,0.02635
"SCD5",-0.9965,10.1211,-2.8013,0.00509,0.02465
"SEC31A",0.2717,12.759,1.9769,0.04805,0.1322
"THAP9",0.1446,7.9317,0.7789,0.4361,0.6056
"LIN54",0.0957,9.3321,0.6146,0.5388,0.6923
"COPS4",0.1237,10.2485,0.7406,0.4589,0.6254
"PLAC8",1.5814,9.3576,2.7708,0.005593,0.02649
"COQ2",0.3596,8.917,1.8101,0.07029,0.1734
"HPSE",0.4499,8.8774,1.9364,0.05282,0.1415
"HELQ",0.2501,8.7782,1.8671,0.06189,0.1583
"MRPS18C",0.3125,9.512,1.6926,0.09053,0.2085
"FAM175A",0.4402,9.4267,2.1356,0.03271,0.1004
"GPAT3",0.411,8.4454,0.9193,0.3579,0.5326
"NKX6-1",-0.1576,6.1751,-0.2325,0.8161,0.8927
"CDS1",0.5682,10.3715,2.248,0.02458,0.08116
"WDFY3",0.4589,10.8829,2.6646,0.007708,0.03381
"ARHGAP24",-0.2107,9.5704,-0.6219,0.534,0.6888
"MAPK10",-0.3785,8.8168,-0.8838,0.3768,0.5514
"PTPN13",0.2157,11.4426,0.513,0.6079,0.7465
"SLC10A6",-1.832,6.3479,-3.5714,0.0003551,0.003218
"C4orf36",0.5597,7.7489,2.9154,0.003553,0.01898
"AFF1",0.3735,11.5185,1.8236,0.06821,0.1696
"KLHL8",0.3452,9.6687,2.0406,0.04129,0.1188
"HSD17B13",2.0548,6.9342,3.4449,0.0005714,0.004641
"HSD17B11",1.7735,11.3153,6.6548,2.837e-11,3.143e-09
"NUDT9",0.1415,10.2149,0.9393,0.3476,0.5227
"SPARCL1",-0.6486,12.8972,-1.7597,0.07846,0.1876
"IBSP",-0.6612,6.5543,-1.1724,0.241,0.4108
"SPP1",0.1082,12.3478,0.1983,0.8428,0.91
"PKD2",-0.1189,10.3078,-0.6437,0.5198,0.6774
"ABCG2",-0.7315,8.3451,-1.7599,0.07842,0.1876
"PPM1K",0.3773,9.6429,1.2808,0.2003,0.3635
"HERC6",-0.4206,9.769,-1.3134,0.1891,0.3499
"HERC5",-0.7279,9.0117,-2.3116,0.0208,0.0718
"PIGY",0.1477,9.0509,0.8014,0.4229,0.5936
"PYURF",0.1747,11.0624,0.9543,0.3399,0.5146
"NAP1L5",0.5448,7.7935,1.8406,0.06568,0.1648
"HERC3",0.1997,11.5642,1.3516,0.1765,0.3331
"FAM13A",1.571,10.4482,6.0064,1.897e-09,1.181e-07
"TIGD2",0.1211,8.5899,0.6088,0.5427,0.6951
"GPRIN3",1.1509,9.9302,2.962,0.003057,0.01697
"SNCA",-1.4137,8.1393,-3.7414,0.000183,0.00189
"MMRN1",1.2862,8.9577,3.1526,0.001618,0.0104
"CCSER1",0.7768,7.2723,1.6803,0.09291,0.2127
"SMARCAD1",-0.0041,10.2569,-0.0327,0.9739,0.9857
"HPGDS",0.9301,7.712,2.0598,0.03941,0.1149
"PDLIM5",-0.1454,11.6907,-0.8782,0.3799,0.5543
"BMPR1B",-0.3136,8.0698,-0.6174,0.537,0.6909
"UNC5C",-0.0288,8.2934,-0.1014,0.9193,0.9558
"RAP1GDS1",0.1428,10.301,0.996,0.3192,0.4951
"TSPAN5",-0.1078,9.6566,-0.3703,0.7111,0.8214
"EIF4E",0.1348,9.9044,0.8405,0.4006,0.5731
"METAP1",-0.4484,10.9719,-2.7797,0.005442,0.02593
"ADH5",-0.2223,11.9758,-1.0718,0.2838,0.4576
"ADH6",1.7164,6.7555,2.9657,0.00302,0.01682
"ADH1A",1.0229,7.2146,2.044,0.04095,0.1181
"ADH1B",1.9424,10.8005,3.2838,0.001024,0.007318
"ADH1C",-0.6504,8.4509,-0.8363,0.403,0.5749
"ADH7",-5.9849,7.6764,-6.2035,5.523e-10,4.062e-08
"TRMT10A",0.3814,8.3083,2.0033,0.04515,0.1268
"MTTP",-0.3025,6.3319,-0.6385,0.5232,0.6803
"DAPP1",-0.4465,9.0905,-1.3557,0.1752,0.3314
"LAMTOR3",0.2655,10.4293,1.4447,0.1485,0.2948
"DNAJB14",0.3839,10.4335,2.4676,0.0136,0.05223
"H2AFZ",-0.2437,12.0744,-1.197,0.2313,0.3999
"DDIT4L",2.4741,7.4328,4.6409,3.469e-06,7.341e-05
"EMCN",0.7431,9.2216,2.2814,0.02252,0.07607
"PPP3CA",0.3778,11.1749,2.0665,0.03878,0.1137
"BANK1",0.4095,8.6399,1.1707,0.2417,0.4115
"SLC39A8",1.1081,11.8142,2.9213,0.003486,0.01871
"NFKB1",-0.3257,11.2321,-1.5045,0.1325,0.2726
"MANBA",-0.3316,10.6855,-1.4896,0.1363,0.2777
"UBE2D3",0.0549,12.8404,0.3789,0.7047,0.8168
"CISD2",0.0962,10.2464,0.5419,0.5879,0.7317
"SLC9B1",0.1201,8.055,0.6935,0.488,0.6508
"SLC9B2",0.0018,8.7893,0.0099,0.9921,0.9958
"BDH2",0.7971,9.3732,3.6917,0.0002228,0.002217
"CENPE",-0.5689,8.6084,-1.7611,0.07821,0.1872
"CXXC4",1.5187,7.7741,3.2819,0.001031,0.007354
"TET2",-0.4628,10.1859,-2.1694,0.03006,0.09423
"PPA2",0.4408,10.7183,2.1065,0.03516,0.1056
"ARHGEF38",1.7954,8.9735,6.896,5.348e-12,7.169e-10
"GSTCD",0.0745,8.863,0.465,0.6419,0.7721
"INTS12",0.0942,9.4147,0.7454,0.456,0.6229
"NPNT",-0.5638,11.6981,-1.2908,0.1968,0.3592
"TBCK",0.1455,9.6927,1.2174,0.2234,0.3905
"AIMP1",0.2165,10.6446,1.5682,0.1168,0.2502
"DKK2",-0.1437,8.0897,-0.3404,0.7336,0.8372
"PAPSS1",-0.4781,11.4671,-2.7471,0.006013,0.02813
"SGMS2",1.5168,10.739,4.675,2.94e-06,6.404e-05
"CYP2U1",0.4796,8.8135,1.7955,0.07258,0.1772
"HADH",0.0589,10.7218,0.3302,0.7412,0.8432
"LEF1",-1.8847,8.75,-7.7661,8.096e-15,2.361e-12
"RPL34",0.4609,12.8987,1.8693,0.06159,0.1577
"OSTC",0.3592,11.1196,1.5102,0.131,0.2708
"COL25A1",4.9886,6.5454,6.4801,9.169e-11,8.61e-09
"SEC24B",0.0164,10.6402,0.177,0.8595,0.9203
"MCUB",0.2286,9.2893,0.7125,0.4761,0.6399
"CASP6",0.6606,9.3621,3.551,0.0003837,0.003427
"PLA2G12A",0.6801,10.1159,5.5316,3.172e-08,1.348e-06
"CFI",1.3484,10.5429,3.7215,0.000198,0.002021
"GAR1",-0.0191,9.0927,-0.1195,0.9049,0.9479
"EGF",1.5102,7.7704,3.1151,0.001839,0.01147
"ELOVL6",-0.4996,8.9783,-1.3712,0.1703,0.3253
"ENPEP",0.049,8.6862,0.1621,0.8712,0.9273
"PITX2",-0.1536,6.9762,-0.2473,0.8047,0.8858
"C4orf32",0.6284,9.0108,2.1575,0.03097,0.0964
"AP1AR",0.0969,9.6575,0.569,0.5694,0.717
"TIFA",-0.1823,9.4109,-0.719,0.4721,0.6366
"ALPK1",0.2116,9.7808,1.0807,0.2798,0.4535
"ZGRF1",-0.3816,7.8602,-1.4858,0.1373,0.2792
"LARP7",0.0074,10.4464,0.0695,0.9446,0.9693
"ANK2",1.6748,8.5966,3.6752,0.0002376,0.002323
"CAMK2D",0.5245,10.8377,2.0102,0.04441,0.1253
"ARSJ",-1.1475,8.8753,-3.0907,0.001997,0.01228
"UGT8",-0.7598,8.1629,-1.4654,0.1428,0.2869
"TRAM1L1",0.9169,7.2977,2.4969,0.01253,0.04899
"PRSS12",-0.7794,9.3876,-1.4339,0.1516,0.2989
"METTL14",0.2067,9.6282,1.7224,0.08501,0.1989
"SEC24D",0.2636,11.2412,1.2349,0.2169,0.3828
"SYNPO2",-1.8668,9.9496,-4.1247,3.713e-05,0.0005113
"USP53",0.8001,10.4984,3.5996,0.0003187,0.002965
"C4orf3",0.2768,12.1436,1.7557,0.07914,0.1888
"PDE5A",-0.0252,10.1393,-0.0819,0.9347,0.9637
"MAD2L1",-0.459,9.0505,-1.4512,0.1467,0.2925
"PRDM5",0.8283,8.2025,3.0803,0.002068,0.01265
"NDNF",1.7409,10.5424,3.7171,0.0002016,0.002046
"TNIP3",-1.1063,7.5247,-2.3275,0.01994,0.06948
"ANXA5",0.3624,13.398,1.7738,0.0761,0.1836
"TMEM155",1.9278,6.3961,3.1699,0.001525,0.009944
"EXOSC9",0.035,9.7947,0.263,0.7925,0.8773
"CCNA2",-0.4231,9.373,-1.4364,0.1509,0.298
"BBS7",0.1284,8.8706,0.8701,0.3842,0.558
"TRPC3",0.5942,6.4589,1.4236,0.1546,0.3036
"KIAA1109",0.3762,11.0929,1.7164,0.08608,0.2011
"BBS12",0.6662,8.0914,2.7518,0.005927,0.0278
"FGF2",-0.506,8.8005,-1.5472,0.1218,0.2579
"NUDT6",0.5312,7.9895,2.1897,0.02855,0.09069
"SPATA5",-0.0643,8.8452,-0.323,0.7467,0.847
"SPRY1",0.5619,10.5461,2.0988,0.03583,0.1072
"ANKRD50",0.2471,10.639,0.9788,0.3277,0.5032
"FAT4",0.8244,9.3068,1.8106,0.07021,0.1733
"INTU",0.1023,8.8704,0.4032,0.6868,0.8035
"HSPA4L",-0.4496,10.0241,-2.1264,0.03347,0.1021
"PLK4",-0.6422,8.3325,-2.2519,0.02433,0.08049
"MFSD8",0.2239,9.1401,1.2194,0.2227,0.3899
"ABHD18",0.5005,8.7722,3.155,0.001605,0.01034
"LARP1B",0.2441,9.5494,1.6324,0.1026,0.229
"PGRMC2",0.2923,11.1396,2.1881,0.02866,0.09085
"JADE1",1.3505,10.374,5.6913,1.261e-08,5.953e-07
"SCLT1",0.1056,8.8376,0.5787,0.5628,0.7118
"C4orf33",0.9035,8.7136,3.1405,0.001686,0.01074
"PCDH10",0.3442,6.8016,0.7309,0.4649,0.6303
"PABPC4L",-0.5635,7.1581,-1.3761,0.1688,0.3233
"PCDH18",-0.0847,8.7684,-0.2653,0.7908,0.8763
"SLC7A11",0.3695,9.5756,0.6522,0.5142,0.6727
"NOCT",-0.79,8.1556,-2.6585,0.007848,0.03429
"ELF2",0.2246,10.2139,1.686,0.0918,0.211
"MGARP",0.7178,6.4541,1.2422,0.2142,0.3801
"NDUFC1",0.4513,10.1286,2.712,0.006687,0.03042
"NAA15",-0.1344,10.7708,-1.0507,0.2934,0.4676
"RAB33B",0.898,9.1684,4.5062,6.599e-06,0.0001268
"SETD7",0.3402,11.5962,1.5785,0.1145,0.2463
"MGST2",0.2807,10.2202,1.3939,0.1634,0.3157
"MAML3",0.5721,9.4665,2.5733,0.01007,0.0415
"SCOC",0.8285,11.2322,3.5628,0.000367,0.00331
"CLGN",1.443,7.5561,2.721,0.006508,0.02978
"ELMOD2",0.372,10.0341,2.3068,0.02106,0.07253
"TBC1D9",-0.1185,10.8459,-0.4604,0.6452,0.7747
"RNF150",-2.2418,8.2135,-4.8719,1.105e-06,2.818e-05
"ZNF330",0.315,9.98,2.0919,0.03645,0.1086
"IL15",-0.1095,8.2817,-0.2997,0.7644,0.859
"INPP4B",1.6431,9.3466,5.1692,2.352e-07,7.56e-06
"USP38",0.4068,10.3225,2.3823,0.0172,0.06228
"GAB1",-0.3226,10.0593,-1.4982,0.1341,0.2748
"SMARCA5",0.0625,12.1777,0.4722,0.6368,0.7685
"FREM3",1.5702,6.4736,2.6255,0.008653,0.03691
"GYPE",1.0963,6.7605,2.9607,0.003069,0.01701
"HHIP",1.3495,8.9535,2.4308,0.01507,0.05642
"ANAPC10",0.1884,8.7519,1.2423,0.2141,0.3801
"ABCE1",-0.0505,11.0171,-0.3679,0.713,0.8226
"OTUD4",0.0354,11.002,0.2851,0.7756,0.8664
"SMAD1",-0.3092,9.5608,-1.2047,0.2283,0.3966
"MMAA",0.1837,8.62,0.9829,0.3256,0.5015
"ZNF827",-0.1645,9.6107,-0.7087,0.4785,0.6419
"LSM6",-0.1299,9.1492,-0.7299,0.4654,0.6308
"SLC10A7",0.4046,8.8684,2.331,0.01975,0.06901
"TTC29",2.5935,6.7037,3.3221,0.0008935,0.006624
"EDNRA",0.0202,9.9125,0.0708,0.9436,0.9686
"TMEM184C",0.0955,10.3113,0.7545,0.4505,0.6185
"PRMT9",0.2711,8.7689,1.9075,0.05645,0.1481
"ARHGAP10",0.1725,9.2862,0.7343,0.4628,0.6288
"NR3C2",1.4935,9.0714,3.613,0.0003026,0.00285
"DCLK2",0.723,7.7926,2.0292,0.04244,0.1211
"LRBA",0.9072,11.4718,4.1218,3.76e-05,0.0005164
"RPS3A",0.4313,12.512,1.8867,0.05921,0.1535
"SH3D19",0.6946,12.4297,2.9624,0.003053,0.01695
"FAM160A1",-0.2985,8.3966,-0.9758,0.3291,0.5046
"GATB",0.3649,9.1755,2.531,0.01137,0.04541
"FBXW7",0.4411,9.7982,2.1431,0.0321,0.09901
"TMEM154",-0.73,9.3927,-2.4058,0.01614,0.05926
"TIGD4",1.2213,6.4754,2.8016,0.005084,0.02464
"ARFIP1",0.6423,10.5367,4.1514,3.305e-05,0.0004682
"FHDC1",0.1078,9.879,0.3096,0.7569,0.8538
"TRIM2",0.2978,11.0258,0.8004,0.4235,0.5942
"MND1",-0.3899,7.2641,-1.3181,0.1875,0.3479
"KIAA0922",-0.4883,9.6101,-2.0166,0.04374,0.1239
"TLR2",0.3744,10.2268,0.9588,0.3377,0.5121
"RNF175",-0.3365,7.0354,-0.7588,0.448,0.6162
"SFRP2",-1.1874,11.2713,-2.6394,0.008305,0.0358
"DCHS2",-0.3197,6.9383,-0.532,0.5947,0.7362
"PLRG1",0.0176,10.7022,0.1228,0.9022,0.9464
"FGB",1.8956,7.4432,1.4084,0.159,0.31
"FGA",2.3273,8.7701,1.8092,0.07042,0.1737
"FGG",3.0284,10.0316,2.9493,0.003185,0.0175
"LRAT",0.9101,7.2421,1.9495,0.05124,0.1386
"MAP9",0.5949,9.2764,2.0644,0.03898,0.1141
"GUCY1A3",0.1823,9.9812,0.743,0.4575,0.6242
"GUCY1B3",-0.0014,9.4737,-0.0055,0.9956,0.9974
"TDO2",-0.3391,7.6818,-1.0315,0.3023,0.4771
"CTSO",0.6165,10.6947,2.6891,0.007164,0.03214
"PDGFC",0.5213,10.0599,1.8141,0.06967,0.1723
"GLRB",1.8981,7.9527,5.2293,1.701e-07,5.724e-06
"FAM198B",0.5033,10.4008,1.7975,0.07225,0.1768
"TMEM144",1.5512,9.1343,7.02,2.219e-12,3.446e-10
"RXFP1",1.972,7.3006,4.7164,2.4e-06,5.369e-05
"C4orf46",0.2199,8.5975,0.7735,0.4392,0.6084
"ETFDH",0.1769,9.6294,1.3798,0.1676,0.3218
"PPID",-0.0387,10.0285,-0.2175,0.8278,0.9004
"FNIP2",1.3532,10.6543,4.2506,2.132e-05,0.0003268
"RAPGEF2",0.8046,10.4571,4.2008,2.66e-05,0.000395
"NAF1",0.1997,8.6432,1.4742,0.1404,0.2834
"NPY1R",4.177,7.1925,6.6106,3.827e-11,4.104e-09
"TMA16",0.2242,9.1112,1.4464,0.1481,0.2942
"MARCH1",0.2915,9.2806,1.0029,0.3159,0.4915
"LINC01207",2.2427,6.761,2.8654,0.004164,0.0212
"APELA",-0.9645,6.2318,-1.7693,0.07685,0.1848
"FAM218A",0.2558,6.6172,0.5711,0.5679,0.7159
"TRIM61",1.5329,6.4814,3.1128,0.001853,0.01154
"TMEM192",0.7137,9.74,4.7596,1.939e-06,4.483e-05
"GK3P",1.2874,7.0527,3.8165,0.0001354,0.001491
"KLHL2",0.8342,9.9217,4.213,2.52e-05,0.0003779
"MSMO1",0.0568,11.5459,0.2255,0.8216,0.8962
"CPE",1.6132,11.6133,3.4858,0.0004907,0.004152
"TLL1",0.1328,7.6754,0.2934,0.7692,0.8626
"SPOCK3",-0.0391,6.8432,-0.0603,0.9519,0.9728
"DDX60",0.2331,10.4132,0.7622,0.4459,0.6143
"DDX60L",0.3136,9.8399,1.1049,0.2692,0.4421
"PALLD",-0.5934,12.6403,-2.7359,0.006221,0.02877
"CBR4",0.3593,9.5166,1.8467,0.0648,0.1633
"SH3RF1",0.839,10.4624,3.6591,0.0002531,0.002448
"NEK1",0.2499,9.1136,1.2558,0.2092,0.3745
"CLCN3",0.3424,11.3787,1.743,0.08134,0.1925
"HPF1",0.3782,9.21,1.7021,0.08874,0.2056
"MFAP3L",0.0785,8.2918,0.2186,0.827,0.8997
"AADAT",0.6564,7.9072,2.0273,0.04263,0.1215
"GALNTL6",0.2371,6.3534,0.3745,0.708,0.819
"GALNT7",0.429,10.62,1.6003,0.1095,0.2392
"HMGB2",-0.2156,11.2512,-0.68,0.4965,0.6581
"SAP30",0.0928,7.9735,0.4293,0.6677,0.7909
"FBXO8",0.4946,9.6238,3.0123,0.002593,0.01502
"CEP44",0.4329,9.1809,2.1799,0.02927,0.09236
"HPGD",2.6855,10.9236,4.511,6.452e-06,0.0001249
"GLRA3",-1.2137,6.4368,-2.0307,0.04229,0.1208
"GPM6A",0.8055,8.3335,1.3333,0.1824,0.3414
"WDR17",2.7327,7.3755,5.1313,2.877e-07,8.987e-06
"SPCS3",0.4105,12.1564,2.1205,0.03396,0.103
"VEGFC",0.322,8.6147,0.7498,0.4534,0.6209
"NEIL3",0.4623,7.4073,0.8833,0.3771,0.5517
"AGA",0.7917,9.7894,3.4177,0.0006316,0.005013
"TENM3",-1.1665,8.3303,-2.4204,0.0155,0.0575
"DCTD",0.0053,11.2574,0.0243,0.9806,0.9896
"CLDN22",0.6401,7.7375,2.5282,0.01147,0.04571
"WWC2",0.9423,10.738,3.6953,0.0002196,0.002192
"CDKN2AIP",0.1941,9.7469,0.9577,0.3382,0.5127
"ING2",0.0524,8.7165,0.236,0.8134,0.8913
"RWDD4",0.2661,9.0792,1.5225,0.1279,0.2664
"TRAPPC11",0.2613,10.4055,1.503,0.1328,0.2731
"STOX2",-0.8332,8.9712,-2.3569,0.01843,0.06554
"ENPP6",-3.1012,6.7276,-4.896,9.782e-07,2.556e-05
"IRF2",-0.2071,10.706,-1.2958,0.1951,0.3573
"CASP3",-0.1604,10.2797,-0.7943,0.427,0.5978
"PRIMPOL",0.1282,8.7966,0.658,0.5106,0.6697
"CENPU",-0.4435,8.9689,-1.2729,0.2031,0.3671
"ACSL1",0.3794,11.9068,1.347,0.178,0.3353
"SLC25A4",0.869,10.3633,4.0909,4.297e-05,0.0005767
"CFAP97",0.2183,10.571,1.177,0.2392,0.4087
"SNX25",0.5837,10.0663,1.9793,0.04779,0.1319
"LRP2BP",1.0206,7.8965,3.1588,0.001584,0.01023
"ANKRD37",0.7871,9.1631,2.8821,0.00395,0.02045
"UFSP2",0.5191,9.9347,2.8992,0.003742,0.0197
"C4orf47",0.9586,6.8825,1.8351,0.06649,0.1663
"CCDC110",0.6746,6.7726,1.6011,0.1094,0.239
"PDLIM3",-0.2453,10.2256,-0.663,0.5074,0.6674
"SORBS2",2.7909,9.6805,7.1013,1.236e-12,2.054e-10
"TLR3",1.1734,9.1747,3.6011,0.0003169,0.002954
"FAM149A",2.0976,8.1845,5.9914,2.081e-09,1.267e-07
"CYP4V2",0.7112,9.8161,2.4695,0.01353,0.052
"KLKB1",0.5981,7.1727,2.0338,0.04197,0.1201
"F11",2.1918,6.9659,3.1173,0.001825,0.01143
"FAT1",0.9058,12.1645,2.3608,0.01824,0.06507
"FRG1",0.2887,9.487,1.3529,0.1761,0.3326
"PLEKHG4B",-0.1856,8.6884,-0.3677,0.7131,0.8226
"CCDC127",-0.2035,9.8408,-1.3326,0.1827,0.3415
"SDHA",-0.2185,11.9703,-1.1566,0.2474,0.4179
"PDCD6",-0.1007,11.7316,-0.507,0.6122,0.7497
"AHRR",-1.3581,8.2796,-3.783,0.000155,0.001651
"EXOC3",-0.4541,11.415,-3.2918,0.0009953,0.007161
"SLC9A3",-1.7121,7.1412,-3.7482,0.0001781,0.001851
"CEP72",-0.7281,8.5419,-2.6444,0.008184,0.03538
"TPPP",-0.2116,9.6366,-0.5413,0.5883,0.7319
"ZDHHC11B",-0.246,8.2716,-0.5519,0.581,0.7265
"ZDHHC11",-0.1394,8.0842,-0.3037,0.7613,0.8571
"BRD9",-0.5762,10.7794,-2.76,0.005781,0.02721
"TRIP13",-0.8508,9.1475,-2.2365,0.02532,0.08284
"NKD2",-0.9865,9.0088,-2.744,0.00607,0.02828
"SLC12A7",-0.4556,11.8988,-1.483,0.1381,0.2802
"TERT",-1.9325,6.4518,-3.0123,0.002593,0.01502
"CLPTM1L",-0.0285,12.6525,-0.1479,0.8824,0.9344
"SLC6A3",3.4371,6.6222,4.9168,8.796e-07,2.339e-05
"LPCAT1",1.4252,13.2438,5.0168,5.254e-07,1.511e-05
"MRPL36",-0.2596,9.392,-1.1511,0.2497,0.4207
"NDUFS6",-0.2755,10.7523,-1.5685,0.1168,0.2502
"IRX2",0.0262,9.4891,0.0576,0.954,0.9742
"C5orf38",0.8865,8.2068,2.0005,0.04544,0.1273
"IRX1",-0.4902,7.4887,-0.6817,0.4954,0.6573
"ADAMTS16",0.3154,7.4473,0.6183,0.5364,0.6904
"ICE1",-0.4154,10.9636,-2.1765,0.02952,0.0929
"MED10",-0.5634,10.0111,-2.9007,0.003723,0.01962
"UBE2QL1",0.7141,7.1088,1.0472,0.295,0.4689
"NSUN2",-0.4304,11.5059,-2.1454,0.03192,0.09856
"SRD5A1",-0.8077,9.5849,-2.8798,0.00398,0.02055
"PAPD7",-0.6641,10.326,-2.9304,0.003385,0.01832
"ADCY2",-3.1484,7.0912,-5.4648,4.634e-08,1.842e-06
"C5orf49",1.5082,7.5878,2.1916,0.02841,0.09035
"FASTKD3",0.1324,8.6769,0.6268,0.5308,0.6863
"MTRR",-0.0316,10.5726,-0.1759,0.8604,0.9208
"SEMA5A",-1.4883,10.4187,-3.3351,0.0008528,0.006384
"FAM173B",-0.1748,8.9559,-0.9256,0.3546,0.5291
"CCT5",-0.5121,12.8774,-2.5396,0.0111,0.04464
"CMBL",0.4852,10.0992,1.17,0.242,0.4118
"MARCH6",-0.0748,12.4378,-0.3717,0.7101,0.8205
"ROPN1L",0.6383,7.2764,0.9482,0.343,0.5175
"ANKRD33B",-3.2093,8.6005,-4.9481,7.494e-07,2.039e-05
"DAP",0.1694,12.4607,0.9093,0.3632,0.5379
"CTNND2",2.3935,7.3796,3.2105,0.001325,0.008942
"DNAH5",1.2033,9.0283,2.066,0.03883,0.1138
"TRIO",-0.1832,11.9405,-0.6262,0.5312,0.6867
"FAM105A",1.1989,9.8666,3.7131,0.0002047,0.00207
"OTULIN",-0.9307,10.2026,-3.9917,6.56e-05,0.000821
"ANKH",-1.7976,11.1619,-4.6483,3.347e-06,7.131e-05
"FBXL7",-0.6984,9.1605,-1.8917,0.05853,0.1522
"ZNF622",0.1992,10.1329,1.2893,0.1973,0.3597
"FAM134B",0.5064,9.1443,1.3448,0.1787,0.3363
"MYO10",-0.5504,11.9163,-2.2524,0.02429,0.08042
"BASP1",0.612,10.7967,1.3439,0.179,0.3365
"CDH6",0.0228,8.575,0.0683,0.9455,0.9698
"DROSHA",-0.3691,11.0528,-1.7268,0.08419,0.1975
"C5orf22",-0.0861,10.1951,-0.4455,0.656,0.783
"PDZD2",-0.8404,10.388,-2.088,0.0368,0.1093
"GOLPH3",0.1946,12.3126,1.1397,0.2544,0.4255
"MTMR12",-0.3412,10.9969,-2.0394,0.04141,0.119
"ZFR",-0.2443,11.7582,-1.8057,0.07097,0.1746
"SUB1",-0.3756,11.9199,-1.6139,0.1066,0.2349
"NPR3",-0.5766,10.0676,-1.3635,0.1727,0.3283
"TARS",-0.6527,11.697,-3.1831,0.001457,0.009608
"ADAMTS12",-0.2488,9.4683,-0.8129,0.4163,0.5873
"AMACR",0.1584,9.686,0.6745,0.5,0.6607
"C1QTNF3",-0.5248,8.3685,-1.3687,0.1711,0.326
"C1QTNF3-AMACR",0.039,9.7037,0.1748,0.8613,0.9213
"RAI14",-0.9322,12.1455,-2.4746,0.01334,0.05147
"TTC23L",0.2511,6.7016,0.63,0.5287,0.6848
"RAD1",0.0307,10.5642,0.1595,0.8733,0.9285
"BRIX1",-0.2375,10.4072,-1.0991,0.2717,0.4452
"DNAJC21",-0.4628,11.1921,-2.3847,0.01709,0.06194
"PRLR",-0.0644,8.0501,-0.0942,0.925,0.9586
"SPEF2",0.5752,8.652,1.6822,0.09254,0.2122
"IL7R",-0.4791,11.0235,-1.123,0.2615,0.4333
"CAPSL",2.1266,6.9884,2.6238,0.008696,0.03706
"LMBRD2",0.7297,9.9183,3.1842,0.001452,0.009585
"SKP2",-1.0585,9.6957,-3.6971,0.0002181,0.002181
"NADK2",-0.2985,9.8474,-1.5997,0.1097,0.2395
"RANBP3L",0.4772,6.8883,0.9799,0.3271,0.5029
"SLC1A3",-1.7274,9.2877,-4.0731,4.639e-05,0.0006148
"NIPBL",-0.1671,11.5987,-0.733,0.4635,0.6292
"C5orf42",0.2795,9.841,1.0955,0.2733,0.4468
"NUP155",-0.4607,10.7428,-1.9614,0.04983,0.1357
"WDR70",-0.27,10.0629,-1.3714,0.1703,0.3253
"GDNF",-3.1339,6.7365,-5.6008,2.134e-08,9.458e-07
"EGFLAM",-0.0094,8.0778,-0.028,0.9776,0.988
"LIFR",0.7669,11.1845,1.865,0.06217,0.1588
"OSMR",0.0809,12.1794,0.2252,0.8219,0.8964
"RICTOR",0.3623,10.6524,1.6545,0.09803,0.2212
"FYB",-0.5777,9.9649,-1.6004,0.1095,0.2392
"C9",-0.1998,6.9757,-0.6809,0.4959,0.6577
"DAB2",0.0041,11.1469,0.0165,0.9869,0.993
"PTGER4",-1.1393,9.5856,-3.1462,0.001654,0.01059
"TTC33",0.1778,9.1029,0.9114,0.3621,0.5366
"PRKAA1",0.3217,11.4939,1.7274,0.0841,0.1974
"RPL37",-0.0563,14.1297,-0.2328,0.8159,0.8926
"CARD6",0.4708,9.4793,1.3945,0.1632,0.3154
"C7",1.3773,11.1572,2.4764,0.01327,0.05131
"C6",3.1728,7.2372,4.1464,3.377e-05,0.0004746
"PLCXD3",0.109,7.336,0.2672,0.7893,0.8752
"OXCT1",-0.5383,9.9136,-1.5857,0.1128,0.2439
"C5orf51",-0.2955,10.56,-1.6792,0.09311,0.2131
"FBXO4",0.0638,8.8332,0.2586,0.796,0.8789
"GHR",-3.1381,8.1955,-7.1476,8.832e-13,1.562e-10
"CCDC152",0.4954,12.8769,1.4343,0.1515,0.2988
"SELENOP",0.5053,13.3923,1.483,0.1381,0.2802
"ANXA2R",1.1887,7.4378,3.5247,0.000424,0.003696
"ZNF131",-0.5576,10.1383,-2.9005,0.003726,0.01963
"NIM1K",-0.126,7.3023,-0.292,0.7703,0.8634
"HMGCS1",-1.4351,11.9692,-5.5407,3.013e-08,1.287e-06
"CCL28",0.3764,8.3369,0.8717,0.3834,0.5572
"TMEM267",-0.0405,9.1845,-0.1754,0.8608,0.921
"C5orf34",-0.3731,7.5072,-1.2008,0.2298,0.3984
"PAIP1",-0.1122,10.689,-0.6723,0.5014,0.662
"NNT",0.1858,11.2733,0.9573,0.3384,0.5129
"FGF10",0.0632,6.6096,0.1081,0.9139,0.9526
"MRPS30",-0.1265,10.2654,-0.7998,0.4238,0.5947
"EMB",1.581,10.582,4.6092,4.042e-06,8.429e-05
"PARP8",0.9441,10.0304,4.2789,1.878e-05,0.0002948
"PELO",0.4972,10.0936,2.8458,0.00443,0.0222
"ITGA1",0.7245,11.3084,3.4169,0.0006334,0.00502
"ITGA2",-0.9361,11.2583,-2.7833,0.005381,0.02571
"MOCS2",0.522,10.0144,2.7359,0.006222,0.02877
"FST",-1.0713,8.9681,-1.9604,0.04995,0.1359
"NDUFS4",0.3864,9.9926,1.9555,0.05052,0.137
"ARL15",-0.1238,9.4482,-0.668,0.5041,0.6646
"HSPB3",-1.8565,6.4791,-3.6649,0.0002474,0.002402
"SNX18",0.3033,10.4711,1.363,0.1729,0.3284
"ESM1",0.5153,8.5094,1.4469,0.1479,0.294
"GZMK",0.3497,7.8965,0.6865,0.4924,0.6545
"GZMA",-0.2192,8.5632,-0.4291,0.6679,0.7909
"GPX8",0.3074,9.6148,1.1039,0.2696,0.4426
"CDC20B",3.2659,6.4293,4.0271,5.647e-05,0.0007262
"MCIDAS",-0.152,6.6288,-0.2622,0.7931,0.8775
"CCNO",0.4731,7.6652,0.9189,0.3582,0.5328
"DHX29",0.239,10.4145,1.6291,0.1033,0.2302
"SKIV2L2",0.2176,11.2622,1.8067,0.07081,0.1743
"PLPP1",0.3304,10.4269,1.3866,0.1656,0.3187
"SLC38A9",0.4528,8.9177,2.5761,0.009991,0.04125
"IL31RA",-0.3074,6.5454,-0.5934,0.5529,0.7036
"IL6ST",0.9199,12.7052,3.4503,0.0005599,0.004573
"ANKRD55",0.9824,6.1923,1.5854,0.1129,0.244
"MAP3K1",0.1111,10.2931,0.4462,0.6554,0.7824
"SETD9",0.2673,7.866,0.9081,0.3638,0.5384
"MIER3",0.398,9.6301,2.4794,0.01316,0.05099
"GPBP1",0.0745,11.5137,0.5299,0.5962,0.7372
"PLK2",0.7522,10.9362,2.2978,0.02157,0.07379
"GAPT",0.6552,7.2762,1.4012,0.1612,0.3127
"RAB3C",1.174,6.6382,2.3348,0.01955,0.06845
"PDE4D",1.019,10.6589,2.7931,0.005221,0.02518
"DEPDC1B",-0.376,8.0086,-0.9123,0.3616,0.5362
"ELOVL7",0.6653,8.8868,2.6863,0.007225,0.03231
"ERCC8",0.0185,8.3961,0.0944,0.9248,0.9586
"NDUFAF2",0.5815,8.4678,2.4045,0.01619,0.05937
"SMIM15",0.1689,10.9348,0.9927,0.3208,0.4966
"ZSWIM6",-0.1936,9.7853,-0.9493,0.3425,0.5171
"DIMT1",-0.1551,9.9054,-1.0673,0.2858,0.4594
"KIF2A",-0.2184,10.0639,-1.0387,0.299,0.4733
"LRRC70",0.3367,7.1598,1.0708,0.2843,0.458
"IPO11",-0.0104,9.9645,-0.0583,0.9535,0.9739
"RNF180",1.1669,8.1265,3.3757,0.0007363,0.005697
"RGS7BP",1.7565,6.9261,3.354,0.0007965,0.006061
"SREK1IP1",0.5446,10.0021,3.0448,0.002329,0.01384
"CWC27",0.0129,9.6161,0.0876,0.9302,0.9616
"ADAMTS6",0.1468,7.1552,0.4037,0.6864,0.8033
"CENPK",0.2157,7.9976,0.6753,0.4995,0.6603
"PPWD1",0.1408,9.5428,1.158,0.2469,0.4171
"TRIM23",0.6346,8.9836,3.2331,0.001225,0.008439
"CTC-534A2.2",0.7455,7.5889,3.0441,0.002333,0.01386
"TRAPPC13",0.4551,9.6077,2.5239,0.01161,0.0461
"SGTB",0.2032,8.9569,0.9083,0.3637,0.5383
"NLN",-0.0533,9.9591,-0.2599,0.7949,0.8784
"ERBIN",0.2765,11.5637,1.67,0.09492,0.2161
"SREK1",0.1817,11.0191,1.1698,0.2421,0.4118
"MAST4",-0.3819,10.7995,-1.6029,0.109,0.2384
"CD180",-0.4283,8.2411,-1.1328,0.2573,0.4285
"PIK3R1",-0.6007,11.1189,-2.1061,0.0352,0.1056
"SLC30A5",0.3486,10.9741,3.567,0.0003612,0.003264
"CCNB1",-0.5251,9.8497,-1.7332,0.08305,0.1955
"CENPH",-0.7846,8.4499,-3.3334,0.000858,0.006409
"MRPS36",0.8586,9.0052,4.3822,1.175e-05,0.0002027
"CDK7",0.0435,9.3014,0.2856,0.7752,0.8663
"CCDC125",1.0365,9.0943,4.7194,2.365e-06,5.319e-05
"TAF9",0.1289,10.3154,0.8743,0.3819,0.5561
"AK6",0.25,9.2272,2.0078,0.04466,0.1257
"RAD17",0.2937,9.8002,2.5208,0.01171,0.04643
"MARVELD2",0.5589,10.0147,2.6512,0.008021,0.03485
"OCLN",1.7964,10.1943,6.2174,5.053e-10,3.783e-08
"GTF2H2C",0.4797,8.6809,2.8495,0.004379,0.02203
"SERF1B",0.1554,8.7921,0.7437,0.4571,0.6239
"SMN2",0.053,9.5224,0.3069,0.7589,0.8553
"SERF1A",0.5179,8.8108,2.4397,0.0147,0.05536
"SMN1",-0.0049,9.9791,-0.0316,0.9748,0.9862
"NAIP",0.4195,8.9568,1.6088,0.1077,0.2364
"GTF2H2",0.3997,9.1049,2.2441,0.02482,0.08179
"BDP1",0.5593,10.2298,3.1767,0.00149,0.009748
"MCCC2",0.1114,11.1177,0.5923,0.5537,0.7042
"MAP1B",-1.6465,10.7826,-2.9801,0.002882,0.01626
"MRPS27",-0.109,10.9412,-0.6229,0.5334,0.6883
"PTCD2",-0.2893,8.6194,-1.5931,0.1111,0.2413
"ZNF366",0.134,7.4468,0.3714,0.7103,0.8206
"TNPO1",0.2205,11.9698,0.943,0.3457,0.5202
"FCHO2",0.9658,10.6458,4.9146,8.897e-07,2.354e-05
"TMEM171",-1.3606,6.9348,-2.9337,0.003349,0.0182
"FOXD1",-1.9026,7.0362,-3.0731,0.002118,0.01286
"BTF3",0.1481,12.8941,0.9378,0.3483,0.5235
"ANKRA2",0.5344,9.0517,3.9812,6.858e-05,0.0008525
"UTP15",0.0226,9.1337,0.1727,0.8629,0.9222
"ARHGEF28",-0.3209,9.8164,-1.0682,0.2854,0.4591
"ENC1",1.0024,10.9786,3.688,0.000226,0.002236
"HEXB",0.3924,12.148,2.5584,0.01052,0.04286
"GFM2",0.1657,10.2072,1.1106,0.2667,0.439
"NSA2",0.2199,10.8413,1.1857,0.2357,0.4048
"FAM169A",-0.1176,8.0447,-0.3595,0.7192,0.8273
"GCNT4",0.3562,7.8028,0.8028,0.4221,0.5928
"ANKRD31",0.117,6.2941,0.2705,0.7868,0.8736
"HMGCR",-0.4343,11.2068,-2.6322,0.008482,0.03636
"COL4A3BP",0.6043,10.6367,3.5496,0.0003858,0.003441
"POLK",0.7207,9.7309,4.0658,4.787e-05,0.0006325
"ANKDD1B",2.6745,6.9569,4.7924,1.648e-06,3.919e-05
"POC5",0.4128,8.546,2.5086,0.01212,0.04769
"AC113404.1",-0.4029,11.8019,-2.1232,0.03373,0.1027
"SV2C",0.576,6.3261,1.027,0.3044,0.4791
"F2RL2",-0.3619,7.351,-0.7631,0.4454,0.6137
"IQGAP2",1.4607,9.6141,3.4497,0.0005613,0.004577
"F2R",0.1063,10.7969,0.4366,0.6624,0.7869
"F2RL1",0.2033,9.4126,0.4996,0.6174,0.7535
"CRHBP",-0.7277,6.296,-1.6094,0.1075,0.2363
"AGGF1",0.248,10.2093,1.8705,0.06141,0.1573
"ZBED3",-0.3345,9.4427,-1.292,0.1963,0.3586
"PDE8B",-0.1641,8.3886,-0.6074,0.5436,0.6957
"WDR41",-0.0774,10.1372,-0.4334,0.6648,0.7886
"TBCA",0.147,11.007,0.8145,0.4154,0.5863
"AP3B1",0.2523,10.9658,2.0834,0.03721,0.1103
"SCAMP1",0.1844,10.828,1.26,0.2077,0.3729
"LHFPL2",0.0104,10.8055,0.049,0.9609,0.9788
"ARSB",-0.2749,9.7212,-1.6105,0.1073,0.2359
"BHMT2",1.2286,7.3788,1.4515,0.1466,0.2924
"DMGDH",0.7284,6.88,1.2503,0.2112,0.3768
"JMY",-0.1161,9.9725,-0.5109,0.6094,0.7478
"HOMER1",-0.2292,9.1947,-1.0493,0.294,0.4679
"PAPD4",0.2493,10.4465,2.2539,0.0242,0.08014
"CMYA5",-0.2784,7.8256,-0.7767,0.4374,0.6069
"MTX3",-0.0452,9.6157,-0.2519,0.8011,0.8829
"THBS4",-0.8906,7.5448,-1.6789,0.09317,0.2132
"SERINC5",-0.2614,11.4201,-0.9718,0.3312,0.5064
"ZFYVE16",0.6357,10.3655,4.7262,2.287e-06,5.186e-05
"FAM151B",0.4807,6.8931,2.2168,0.02664,0.08602
"ANKRD34B",-1.739,6.3817,-2.539,0.01112,0.0447
"DHFR",-0.1786,9.6478,-0.7488,0.454,0.6213
"MSH3",0.3204,9.3584,1.9509,0.05107,0.1382
"RASGRF2",-0.1635,8.4175,-0.6803,0.4963,0.6581
"CKMT2",1.7187,6.7902,4.2942,1.753e-05,0.0002794
"ZCCHC9",0.3247,9.3012,2.5035,0.0123,0.04824
"SSBP2",-0.0806,9.6274,-0.2531,0.8002,0.8822
"ATG10",0.3889,12.3808,1.7538,0.07947,0.1893
"RPS23",0.4502,13.5835,2.0461,0.04075,0.1177
"ATP6AP1L",0.2962,7.5289,1.5258,0.1271,0.2654
"TMEM167A",0.4197,11.6771,3.6048,0.0003124,0.002918
"XRCC4",0.278,8.4808,1.7795,0.07515,0.1818
"VCAN",-0.0602,12.4074,-0.173,0.8626,0.9222
"HAPLN1",-0.573,6.7176,-1.027,0.3044,0.4791
"EDIL3",0.6164,10.4289,2.129,0.03325,0.1016
"COX7C",0.6107,12.1601,2.9526,0.003151,0.01736
"RASA1",0.5095,10.4593,3.0131,0.002586,0.015
"CCNH",0.556,9.7738,4.0221,5.767e-05,0.0007362
"TMEM161B",0.586,9.1619,3.6364,0.0002765,0.002638
"MEF2C",1.0667,10.0182,3.4937,0.0004764,0.004058
"CETN3",0.514,9.024,2.4087,0.01601,0.05896
"MBLAC2",0.2958,8.177,1.4555,0.1455,0.2907
"POLR3G",0.0369,7.608,0.1049,0.9164,0.954
"LYSMD3",0.7945,9.9103,4.196,2.716e-05,0.000401
"ADGRV1",0.6244,9.5131,1.3857,0.1658,0.3191
"ARRDC3",1.1084,12.2351,3.8175,0.0001348,0.001487
"NR2F1",1.0641,9.9494,3.7242,0.000196,0.002005
"FAM172A",0.2356,9.8173,1.5786,0.1144,0.2463
"KIAA0825",1.2164,7.4143,4.061,4.887e-05,0.0006432
"SLF1",0.0452,8.611,0.1784,0.8584,0.9195
"MCTP1",0.6979,9.0686,2.7613,0.005756,0.02713
"FAM81B",3.3489,7.2623,5.0697,3.985e-07,1.187e-05
"TTC37",0.5527,11.1123,3.435,0.0005925,0.004761
"ARSK",0.3372,8.2973,1.5868,0.1126,0.2435
"GPR150",0.0779,6.2602,0.1818,0.8557,0.9179
"RFESD",0.5457,6.9547,2.6507,0.008032,0.03488
"SPATA9",0.6301,6.5518,2.7297,0.006339,0.02918
"GLRX",1.5525,10.2574,3.7558,0.0001728,0.001805
"RHOBTB3",1.6566,10.7738,5.7359,9.697e-09,4.74e-07
"ELL2",0.1082,11.2941,0.4201,0.6744,0.7956
"PCSK1",3.5967,6.9784,5.1687,2.357e-07,7.563e-06
"CAST",0.2622,12.9987,1.8215,0.06853,0.1703
"ERAP1",-0.1646,11.8412,-0.718,0.4728,0.6371
"ERAP2",-0.0146,10.6812,-0.0338,0.973,0.9854
"LNPEP",-0.0067,11.0816,-0.0311,0.9752,0.9864
"RIOK2",0.2906,9.4804,2.1231,0.03375,0.1028
"RGMB",-0.2735,10.0146,-1.2819,0.1999,0.3632
"CHD1",0.4064,10.4097,2.2523,0.0243,0.08042
"FAM174A",0.2506,9.5195,1.4434,0.1489,0.2954
"ST8SIA4",1.4623,9.6631,4.0616,4.874e-05,0.0006426
"SLCO4C1",0.4204,8.9269,0.8191,0.4127,0.5838
"PAM",0.804,12.3179,3.8796,0.0001046,0.001209
"GIN1",0.4134,8.0081,2.5913,0.00956,0.03984
"PPIP5K2",0.5165,10.2304,3.3359,0.0008502,0.006368
"C5orf30",0.3374,8.644,1.5101,0.131,0.2708
"NUDT12",1.0067,8.9988,4.2938,1.756e-05,0.0002794
"EFNA5",1.5173,9.3978,3.6772,0.0002358,0.002312
"FBXL17",0.5217,9.8491,3.1988,0.00138,0.009249
"FER",0.1997,9.6382,0.9566,0.3388,0.5133
"PJA2",0.3278,12.0867,2.1596,0.03081,0.09601
"MAN2A1",0.283,10.9543,1.58,0.1141,0.2458
"TMEM232",1.9011,7.0908,3.2839,0.001024,0.007318
"SLC25A46",0.3803,10.6179,2.1799,0.02927,0.09236
"TSLP",-2.4767,7.105,-4.5701,4.874e-06,9.857e-05
"WDR36",-0.0313,10.2514,-0.2153,0.8296,0.9017
"CAMK4",0.5438,7.8747,1.3545,0.1756,0.3319
"STARD4",-0.4153,9.969,-1.6129,0.1068,0.2352
"NREP",-0.1923,10.7332,-0.7603,0.4471,0.6152
"EPB41L4A",0.4478,9.527,1.4409,0.1496,0.2963
"APC",0.1051,10.294,0.4982,0.6183,0.7544
"CTC-554D6.1",0.1856,9.1289,1.5613,0.1185,0.2526
"SRP19",0.1923,9.923,1.658,0.09731,0.2201
"CTC-487M23.8",0.1761,8.6495,1.7681,0.07705,0.1851
"ZRSR1",0.0826,7.4653,0.5872,0.5571,0.7068
"REEP5",0.5873,12.3044,3.9463,7.938e-05,0.0009623
"DCP2",0.4522,10.2789,1.7973,0.07228,0.1768
"MCC",-1.8651,9.942,-6.9495,3.666e-12,5.163e-10
"YTHDC2",-0.0308,10.0335,-0.2099,0.8338,0.9043
"KCNN2",-0.3018,7.0102,-0.7126,0.4761,0.6399
"TRIM36",2.0206,7.4544,4.907,9.247e-07,2.443e-05
"PGGT1B",0.6184,9.8253,4.5224,6.114e-06,0.0001198
"CCDC112",0.5455,8.4772,2.6735,0.007507,0.03322
"FEM1C",0.1521,10.2217,0.9257,0.3546,0.5291
"TICAM2",0.2192,8.7442,1.0712,0.2841,0.4579
"TMED7-TICAM2",0.3811,9.9008,2.3177,0.02047,0.07096
"TMED7",0.4031,11.8741,2.4419,0.01461,0.05512
"CDO1",0.8401,7.5118,2.216,0.02669,0.08607
"ATG12",0.4787,10.2365,3.2818,0.001031,0.007354
"AP3S1",0.2016,10.6029,1.0842,0.2783,0.452
"LVRN",0.731,6.343,1.2779,0.2013,0.365
"COMMD10",0.8301,9.4998,3.7468,0.0001791,0.001859
"SEMA6A",-1.3965,9.8677,-3.6448,0.0002676,0.002563
"DTWD2",0.1723,8.3642,1.1856,0.2358,0.4048
"DMXL1",0.4254,10.2054,2.0382,0.04153,0.1192
"TNFAIP8",-0.4101,10.0712,-1.4263,0.1538,0.3023
"HSD17B4",0.4029,11.9725,2.5314,0.01136,0.04537
"PRR16",-0.4198,7.3379,-1.1803,0.2379,0.4072
"SRFBP1",0.1012,9.0255,0.6626,0.5076,0.6675
"LOX",-0.2477,10.3545,-0.7209,0.471,0.6357
"ZNF474",1.6862,6.6855,2.745,0.006051,0.02823
"SNCAIP",-0.5103,8.3409,-1.0935,0.2742,0.4476
"SNX2",0.1571,11.3118,1.2993,0.1938,0.3561
"SNX24",0.43,9.5107,3.0075,0.002634,0.01521
"PPIC",0.4555,10.6676,2.0962,0.03606,0.1077
"PRDM6",0.7738,8.3959,2.0032,0.04515,0.1268
"CEP120",0.3442,9.7792,1.7648,0.07759,0.186
"CSNK1G3",0.0248,10.1584,0.1848,0.8534,0.9169
"ZNF608",0.0957,9.3675,0.2358,0.8136,0.8913
"GRAMD3",0.179,9.5548,0.714,0.4752,0.6393
"ALDH7A1",0.6178,9.9375,2.2291,0.02581,0.084
"PHAX",0.0652,9.9864,0.5899,0.5552,0.7053
"LMNB1",-0.2523,10.2841,-0.8403,0.4007,0.5731
"MARCH3",0.1442,8.1172,0.4417,0.6587,0.7843
"C5orf63",1.3739,7.7384,5.2306,1.689e-07,5.695e-06
"MEGF10",-3.2898,6.7538,-6.0067,1.894e-09,1.181e-07
"PRRC1",0.485,11.3314,4.4835,7.343e-06,0.0001392
"CCDC192",0.4737,6.3908,1.5394,0.1237,0.2608
"SLC12A2",1.2982,10.839,3.5601,0.0003707,0.003332
"FBN2",-5.3651,8.0094,-7.9415,1.997e-15,6.035e-13
"SLC27A6",-3.58,6.8676,-5.2865,1.247e-07,4.39e-06
"ISOC1",0.0835,9.8239,0.5317,0.5949,0.7362
"CHSY3",0.5085,7.849,1.3911,0.1642,0.317
"HINT1",0.4673,12.268,2.1297,0.0332,0.1015
"LYRM7",-0.0416,9.166,-0.2315,0.8169,0.8931
"CDC42SE2",0.8439,11.43,4.3669,1.26e-05,0.0002144
"RAPGEF6",0.4357,9.7158,2.1508,0.03149,0.0976
"CTC-432M15.3",0.5034,9.0795,2.0181,0.04358,0.1236
"FNIP1",0.091,9.949,0.5333,0.5938,0.7356
"CTB-127M13.1",0.8498,6.5968,1.9604,0.04995,0.1359
"ACSL6",0.8952,6.9885,1.9761,0.04814,0.1324
"CSF2",0.3197,6.5893,0.5097,0.6103,0.7485
"PDLIM4",-2.0747,8.9465,-6.0065,1.896e-09,1.181e-07
"P4HA2",-0.64,11.3339,-2.9434,0.003246,0.01778
"SLC22A4",1.0161,7.563,2.4246,0.01532,0.0571
"SLC22A5",0.1814,9.1836,0.7217,0.4705,0.6352
"C5orf56",-0.2864,10.2485,-0.9669,0.3336,0.5084
"IRF1",-0.2962,11.4835,-0.9202,0.3575,0.5322
"AC116366.7",0.1025,11.0569,0.7182,0.4726,0.637
"RAD50",0.2216,10.793,1.3398,0.1803,0.3385
"KIF3A",0.4889,9.2613,2.4031,0.01626,0.05953
"CCNI2",0.6039,7.698,2.3568,0.01843,0.06554
"SEPT8",-0.2264,10.8698,-1.8251,0.06799,0.1692
"SOWAHA",0.5468,6.4196,0.8892,0.3739,0.5488
"SHROOM1",0.8869,8.8996,2.7833,0.00538,0.02571
"GDF9",0.9425,8.4016,3.8071,0.0001406,0.001529
"UQCRQ",0.862,11.1154,3.8234,0.0001316,0.001458
"LEAP2",-0.1015,6.6597,-0.3585,0.72,0.8276
"AFF4",0.2095,11.7685,1.2214,0.2219,0.3892
"ZCCHC10",0.3738,9.1998,2.2158,0.02671,0.08607
"HSPA4",-0.371,11.9848,-2.2797,0.02263,0.07632
"FSTL4",-0.2179,8.5499,-0.3976,0.6909,0.807
"C5orf15",0.3279,11.4847,1.7078,0.08767,0.2039
"VDAC1",-0.0076,12.2405,-0.0392,0.9687,0.9827
"TCF7",-0.6197,9.0918,-1.8741,0.06092,0.1563
"SKP1",0.4679,12.4662,2.9089,0.003627,0.01925
"CTD-2410N18.5",0.4186,10.3936,2.7344,0.00625,0.02886
"PPP2CA",-0.0039,12.0721,-0.0372,0.9703,0.9837
"CDKL3",0.4232,7.0123,1.8358,0.06639,0.1662
"UBE2B",0.2072,10.9752,1.2221,0.2217,0.3889
"CDKN2AIPNL",-0.0018,9.3735,-0.0088,0.993,0.996
"JADE2",-0.7358,11.1204,-2.7257,0.006417,0.02944
"SAR1B",0.6311,10.9748,4.3597,1.303e-05,0.0002207
"SEC24A",0.488,10.5457,3.2168,0.001296,0.008783
"CAMLG",0.2252,10.1114,1.3951,0.163,0.3151
"DDX46",0.0908,11.184,0.7537,0.451,0.6186
"C5orf24",0.5334,11.0282,3.471,0.0005184,0.004328
"TXNDC15",0.3856,10.6772,2.1682,0.03014,0.09443
"PCBD2",0.4477,8.4414,2.7159,0.00661,0.03012
"CATSPER3",0.1615,6.4992,0.7681,0.4424,0.6112
"PITX1",-2.3475,8.479,-3.4578,0.0005446,0.004496
"H2AFY",-0.0285,12.6916,-0.2259,0.8213,0.8962
"DCANP1",-0.4842,6.6662,-0.93,0.3524,0.5271
"TIFAB",-0.3455,7.0207,-0.6717,0.5018,0.6623
"CXCL14",0.3065,9.8198,0.4338,0.6644,0.7885
"TGFBI",-0.2572,12.6661,-0.8645,0.3873,0.5606
"SMAD5",-0.1125,11.0432,-0.5724,0.5671,0.7153
"SPOCK1",-1.1353,8.6434,-2.468,0.01359,0.05218
"KLHL3",-0.1519,8.1781,-0.6,0.5485,0.7001
"HNRNPA0",0.0059,12.3286,0.0369,0.9705,0.9838
"MYOT",-0.8871,6.2888,-1.63,0.1031,0.2299
"PKD2L2",0.0226,7.7734,0.1055,0.916,0.9539
"FAM13B",0.06,10.0014,0.2639,0.7919,0.8768
"NME5",3.1877,7.225,6.3399,2.299e-10,1.97e-08
"BRD8",0.2158,10.5707,1.2355,0.2167,0.3827
"KIF20A",-0.5906,9.0285,-1.6979,0.08953,0.2069
"CDC23",-0.1671,10.1495,-1.1744,0.2403,0.4098
"GFRA3",0.7272,7.2467,1.0513,0.2931,0.4673
"CDC25C",-0.0671,7.4355,-0.1965,0.8442,0.911
"FAM53C",-0.3571,10.5094,-2.1249,0.03359,0.1024
"KDM3B",0.1486,11.6883,0.906,0.365,0.5395
"REEP2",-0.5071,7.1367,-1.1072,0.2682,0.4408
"EGR1",0.0688,12.9974,0.1462,0.8837,0.9351
"ETF1",-0.1729,12.1379,-1.494,0.1352,0.2764
"HSPA9",-0.061,12.7342,-0.3757,0.7071,0.8183
"LRRTM2",-1.753,6.5037,-3.8818,0.0001037,0.001201
"CTNNA1",0.331,13.8632,2.2024,0.02764,0.08857
"SIL1",0.5152,10.8527,3.2781,0.001045,0.007425
"MATR3",0.093,13.0656,0.8299,0.4066,0.5782
"PAIP2",-0.0197,11.3865,-0.1386,0.8898,0.9382
"SLC23A1",1.5107,6.6669,2.8821,0.00395,0.02045
"MZB1",-0.8122,9.4049,-1.5117,0.1306,0.2703
"PROB1",-1.2981,7.5857,-4.3015,1.696e-05,0.0002735
"SPATA24",-0.0774,7.15,-0.3557,0.722,0.8291
"DNAJC18",-0.0409,8.5553,-0.1924,0.8474,0.9132
"AC142391.3",0.5156,8.8288,1.9632,0.04963,0.1352
"ECSCR",0.5162,9.0177,2.0021,0.04527,0.127
"TMEM173",-0.2484,11.5116,-0.7987,0.4245,0.5953
"UBE2D2",-0.1279,11.3569,-1.128,0.2593,0.4309
"CXXC5",0.7446,10.3079,3.0035,0.002669,0.01537
"NRG2",1.176,6.5614,2.5074,0.01216,0.0478
"PURA",0.4884,10.2581,2.2954,0.02171,0.07407
"IGIP",0.7218,8.8102,3.6449,0.0002675,0.002563
"CYSTM1",1.1351,10.9168,4.9759,6.494e-07,1.805e-05
"PFDN1",0.121,10.7611,0.8314,0.4057,0.5771
"HBEGF",-0.844,10.4037,-2.3016,0.02136,0.07321
"ANKHD1",0.1569,11.9833,0.9575,0.3383,0.5128
"ANKHD1-EIF4EBP3",0.1594,12.0941,1.0132,0.311,0.4859
"EIF4EBP3",0.1417,8.8804,0.6239,0.5327,0.6877
"SRA1",0.3382,10.3742,2.7747,0.005526,0.02622
"APBB3",0.2031,8.8104,0.8744,0.3819,0.5561
"SLC35A4",0.1913,11.4845,1.3251,0.1852,0.3448
"CD14",0.0427,11.3694,0.1371,0.8909,0.9389
"TMCO6",0.0203,8.6132,0.1044,0.9168,0.9542
"NDUFA2",0.8684,10.4386,3.5964,0.0003226,0.002999
"IK",0.3984,11.3406,3.0665,0.002166,0.01309
"DND1",0.2967,8.2485,2.2224,0.02625,0.08514
"WDR55",0.411,10.4272,3.5614,0.0003689,0.003318
"HARS",5e-04,10.8568,0.0044,0.9965,0.998
"HARS2",0.0943,10.0402,0.6335,0.5264,0.6832
"ZMAT2",0.1693,11.3751,1.163,0.2448,0.4149
"PCDHAC2",1.0883,9.3232,2.6061,0.009157,0.03855
"PCDHA6",0.9466,9.1994,2.2842,0.02236,0.07568
"PCDHA7",0.9482,9.1907,2.3262,0.02001,0.06963
"PCDHA5",0.9957,9.1825,2.4657,0.01367,0.0524
"PCDHA11",0.9804,9.2373,2.3697,0.0178,0.06391
"PCDHA3",0.9619,9.2186,2.3516,0.0187,0.06631
"PCDHA12",0.9859,9.2601,2.4192,0.01555,0.05763
"PCDHA13",1.0396,9.1952,2.5275,0.01149,0.04575
"PCDHAC1",1.0223,9.2982,2.5102,0.01206,0.04753
"PCDHA2",0.9705,9.1836,2.3918,0.01677,0.06106
"PCDHA4",0.9991,9.2566,2.5365,0.0112,0.04494
"PCDHA8",0.9774,9.162,2.3878,0.01695,0.06158
"PCDHA9",0.9852,9.1622,2.4088,0.016,0.05895
"PCDHA10",1.0658,9.3053,2.6565,0.007896,0.03445
"PCDHA1",1.1257,9.1967,2.6879,0.00719,0.0322
"PCDHB2",0.0808,8.4778,0.183,0.8548,0.9174
"PCDHB3",0.1855,7.4355,0.4969,0.6193,0.755
"PCDHB4",0.0343,7.6528,0.0932,0.9258,0.9591
"PCDHB5",-0.3258,8.2378,-0.5767,0.5641,0.7129
"PCDHB6",-1.4272,7.2318,-2.4597,0.0139,0.0531
"PCDHB7",-0.4606,7.6382,-1.2388,0.2154,0.3815
"PCDHB8",-0.297,7.4504,-0.571,0.568,0.716
"PCDHB16",-0.2883,8.2711,-0.767,0.4431,0.6117
"CH17-140K24.5",-0.1498,6.6165,-0.3589,0.7197,0.8276
"PCDHB9",-0.4255,7.4818,-1.0743,0.2827,0.4566
"PCDHB10",-0.7056,7.8085,-2.1153,0.0344,0.1041
"PCDHB11",0.0851,8.063,0.1919,0.8478,0.9134
"PCDHB12",-0.052,7.4036,-0.1777,0.859,0.9199
"PCDHB13",0.508,7.7943,1.492,0.1357,0.2769
"PCDHB14",-0.6916,8.3847,-2.4912,0.01273,0.04962
"CH17-140K24.8",0.3541,6.5774,1.21,0.2263,0.394
"PCDHB15",1.2331,7.634,4.1661,3.098e-05,0.0004455
"TAF7",0.4039,11.8655,2.4529,0.01417,0.05375
"PCDHGA4",-0.6799,11.5957,-3.1077,0.001886,0.01171
"PCDHGA6",-0.6443,11.6145,-2.9917,0.002774,0.01583
"PCDHGA2",-0.6339,11.6215,-2.9122,0.003589,0.01912
"PCDHGA7",-0.658,11.5941,-3.038,0.002381,0.01404
"PCDHGA9",-0.6674,11.597,-3.0652,0.002175,0.01314
"PCDHGB2",-0.6704,11.6098,-3.1354,0.001716,0.01087
"PCDHGA12",-0.6587,11.6073,-3.003,0.002673,0.01539
"PCDHGA11",-0.638,11.5902,-2.8733,0.004063,0.02087
"PCDHGB5",-0.6971,11.6715,-3.0901,0.002001,0.0123
"PCDHGB6",-0.6165,11.6158,-2.7873,0.005314,0.0255
"PCDHGA5",-0.6656,11.592,-3.0614,0.002203,0.01326
"PCDHGB3",-0.6621,11.584,-3.0438,0.002336,0.01387
"PCDHGA3",-0.6629,11.5845,-3.0064,0.002643,0.01525
"PCDHGA10",-0.631,11.6265,-2.8895,0.003859,0.02012
"PCDHGB1",-0.7201,11.6331,-3.3021,0.0009596,0.006986
"PCDHGB7",-0.6102,11.6521,-2.7689,0.005625,0.02663
"PCDHGB4",-0.6237,11.6305,-2.8685,0.004124,0.02108
"PCDHGC4",-0.6797,11.5739,-3.0914,0.001992,0.01226
"PCDHGA8",-0.6355,11.6075,-2.965,0.003027,0.01685
"PCDHGC5",-0.6802,11.5743,-3.0774,0.002088,0.01272
"PCDHGC3",-0.6717,11.8822,-3.1996,0.001376,0.00923
"PCDHGA1",-0.7083,11.6073,-3.2437,0.00118,0.008206
"DIAPH1",0.1642,12.5881,0.9946,0.3199,0.4957
"HDAC3",-0.0561,10.7325,-0.4533,0.6503,0.7789
"RELL2",-0.1228,7.8971,-0.4136,0.6792,0.7984
"FCHSD1",0.2708,9.2297,1.0397,0.2985,0.4728
"ARAP3",-0.159,9.7188,-0.5591,0.5761,0.7224
"PCDH1",1.0044,10.7984,3.0714,0.00213,0.01292
"KIAA0141",0.5235,10.7234,3.1523,0.00162,0.01041
"PCDH12",0.3433,9.5677,1.166,0.2436,0.4134
"RNF14",0.6734,10.6353,4.0405,5.333e-05,0.0006935
"GNPDA1",-0.2382,10.562,-1.479,0.1391,0.2816
"NDFIP1",0.4132,11.9701,2.6015,0.009281,0.03894
"SPRY4",0.2481,10.8961,0.6713,0.502,0.6626
"FGF1",-0.525,7.9351,-1.1353,0.2563,0.4272
"ARHGAP26",0.4976,10.2189,1.6276,0.1036,0.2306
"NR3C1",0.5379,11.5546,2.7191,0.006546,0.0299
"YIPF5",0.421,10.8895,3.3934,0.0006902,0.005401
"KCTD16",0.4702,7.1987,0.9446,0.3449,0.5196
"PRELID2",0.1863,7.6038,0.589,0.5559,0.7058
"SH3RF2",-2.4353,8.9762,-5.4211,5.923e-08,2.268e-06
"LARS",0.0845,11.6393,0.5791,0.5625,0.7116
"RBM27",0.0988,10.4982,0.6136,0.5395,0.6926
"RP11-449H3.3",0.1006,9.4253,0.4816,0.6301,0.7634
"TCERG1",-0.1424,10.5215,-0.9034,0.3663,0.5408
"PPP2R2B",-1.8881,7.2612,-3.7821,0.0001555,0.001655
"STK32A",3.878,7.899,8.0373,9.186e-16,3.248e-13
"DPYSL3",-0.1513,12.5211,-0.5004,0.6168,0.7532
"JAKMIP2",-1.0013,7.9451,-1.6348,0.1021,0.2281
"SPINK1",4.6784,7.3298,7.2333,4.713e-13,9.508e-11
"SCGB3A2",4.7243,10.9727,5.7409,9.42e-09,4.646e-07
"C5orf46",0.729,6.5514,1.3449,0.1787,0.3363
"SPINK5",-0.3819,8.7048,-0.6582,0.5104,0.6695
"FBXO38",0.5732,10.4665,3.7211,0.0001984,0.002021
"ADRB2",-0.3578,8.5052,-0.8806,0.3785,0.5531
"SH3TC2",-1.4922,6.8879,-2.8566,0.004282,0.02166
"ABLIM3",0.3114,9.3517,1.1445,0.2524,0.4234
"AFAP1L1",0.2585,9.3162,0.9662,0.3339,0.5086
"GRPEL2",-0.3037,9.4286,-1.6694,0.09503,0.2162
"PCYOX1L",-0.2749,8.851,-1.0927,0.2745,0.448
"CSNK1A1",-0.1529,12.8617,-1.1778,0.2389,0.4083
"ARHGEF37",-0.1615,8.7992,-0.5189,0.6038,0.7434
"PPARGC1B",-1.4023,8.5621,-4.2988,1.717e-05,0.0002763
"PDE6A",-0.1967,6.4052,-0.5047,0.6138,0.7511
"SLC26A2",0.6943,10.3776,1.9187,0.05503,0.1457
"TIGD6",0.2488,8.2883,1.8158,0.06941,0.1718
"HMGXB3",-0.1244,10.8132,-0.8736,0.3823,0.5564
"CSF1R",-0.027,11.0178,-0.084,0.933,0.9633
"PDGFRB",-0.1665,12.0039,-0.673,0.501,0.6616
"CDX1",-0.8773,6.2994,-2.1321,0.033,0.101
"CAMK2A",0.4203,6.7517,0.8671,0.3859,0.5595
"ARSI",-0.8778,7.9828,-2.7448,0.006054,0.02823
"TCOF1",-0.5072,10.8403,-2.5405,0.01107,0.04458
"CD74",0.0374,16.2324,0.0985,0.9215,0.9573
"RPS14",0.7826,14.0421,2.7912,0.005251,0.02529
"NDST1",-0.3187,12.0545,-1.7116,0.08698,0.2028
"SYNPO",-0.0662,12.1982,-0.2573,0.7969,0.8796
"MYOZ3",0.6332,6.8572,1.6851,0.09196,0.2113
"RBM22",0.1227,10.6154,1.1782,0.2387,0.4081
"DCTN4",-0.0128,11.168,-0.0937,0.9254,0.9588
"SMIM3",0.0582,9.6787,0.1853,0.853,0.9165
"ZNF300",0.1389,7.7044,0.3513,0.7254,0.8317
"GPX3",0.8345,12.6423,2.1492,0.03162,0.09786
"TNIP1",0.0479,12.3254,0.3124,0.7547,0.8524
"ANXA6",-0.3541,11.9912,-1.3087,0.1906,0.3517
"CCDC69",0.202,10.6668,0.7403,0.4591,0.6255
"GM2A",-0.8837,12.2697,-3.5941,0.0003255,0.003022
"SLC36A1",-0.7818,9.4318,-2.96,0.003076,0.01704
"FAT2",-4.5948,8.5838,-6.5197,7.044e-11,7.01e-09
"SPARC",-0.0958,15.2003,-0.341,0.7331,0.8372
"ATOX1",0.2424,10.0701,1.2625,0.2068,0.3718
"G3BP1",-0.2291,12.448,-1.9335,0.05318,0.1421
"NMUR2",-3.1061,6.3212,-4.0301,5.575e-05,0.0007188
"GRIA1",2.181,7.6259,3.8228,0.0001319,0.001461
"FAM114A2",0.6169,9.503,4.343,1.406e-05,0.000235
"MFAP3",0.1652,9.3896,0.9435,0.3454,0.5201
"GALNT10",0.7319,11.3595,2.3978,0.01649,0.06029
"SAP30L",0.0615,10.23,0.3908,0.6959,0.8111
"LARP1",-0.0822,12.715,-0.4282,0.6685,0.7912
"FAXDC2",2.275,10.0679,5.8258,5.683e-09,3.057e-07
"CNOT8",0.7012,11.2727,4.1825,2.883e-05,0.0004195
"GEMIN5",0.0758,9.8356,0.422,0.673,0.7946
"MRPL22",0.5291,9.335,3.0627,0.002193,0.01322
"KIF4B",-0.5924,6.6695,-1.5687,0.1167,0.2501
"SGCD",0.4957,8.6717,1.3977,0.1622,0.314
"PPP1R2P3",-0.3325,7.8805,-1.605,0.1085,0.2377
"TIMD4",0.4327,6.5394,0.7069,0.4796,0.6432
"HAVCR2",0.1614,9.6105,0.4776,0.6329,0.7654
"MED7",0.3786,8.6939,2.4053,0.01616,0.05929
"ITK",-0.0318,8.3307,-0.074,0.941,0.9674
"CYFIP2",0.6917,10.3472,2.2774,0.02276,0.07664
"NIPAL4",-4.0852,6.7608,-7.3744,1.651e-13,3.518e-11
"ADAM19",-1.2839,9.7972,-3.9711,7.156e-05,0.0008822
"SOX30",1.0451,6.3487,1.8786,0.0603,0.1552
"THG1L",-0.0551,8.8329,-0.3424,0.732,0.8364
"LSM11",0.1167,8.2488,0.6897,0.4904,0.653
"CLINT1",0.3615,11.9058,2.4421,0.0146,0.05512
"EBF1",0.0213,8.1497,0.0653,0.9479,0.9712
"RNF145",0.4869,12.3598,2.6771,0.007426,0.03298
"UBLCP1",0.1064,10.2737,0.7822,0.4341,0.6041
"IL12B",1.4983,6.2613,2.9898,0.002792,0.01589
"ADRA1B",-0.7963,6.9265,-1.2792,0.2008,0.3643
"TTC1",0.326,10.5226,2.2787,0.02269,0.07648
"PWWP2A",0.3521,9.3953,2.4295,0.01512,0.05653
"FABP6",-1.2152,7.4023,-1.8444,0.06513,0.1638
"CCNJL",1.3048,9.2966,2.9398,0.003284,0.01792
"C1QTNF2",0.4705,7.2159,1.3742,0.1694,0.3243
"ZBED8",0.0683,8.0365,0.2613,0.7939,0.878
"SLU7",0.4084,10.7267,3.0094,0.002617,0.01513
"PTTG1",-0.5065,8.9955,-1.739,0.08203,0.1937
"ATP10B",-0.0361,7.392,-0.0548,0.9563,0.9758
"GABRB2",0.7751,7.0619,1.2579,0.2084,0.3735
"GABRG2",-1.8373,6.367,-1.7664,0.07733,0.1855
"CCNG1",0.2659,11.0459,1.1199,0.2628,0.4348
"NUDCD2",0.5366,9.7306,2.9697,0.002981,0.01667
"HMMR",-0.0717,8.5969,-0.2215,0.8247,0.898
"MAT2B",0.3693,11.4669,1.8016,0.07161,0.1757
"TENM2",-5.0041,7.9919,-8.9717,2.921e-19,2.111e-16
"WWC1",1.1996,10.8946,5.1018,3.365e-07,1.036e-05
"RARS",0.234,10.8365,1.8824,0.05978,0.1545
"PANK3",-0.0589,11.33,-0.3906,0.6961,0.8111
"SLIT3",0.3711,10.4688,0.9973,0.3186,0.4945
"SPDL1",-0.0303,8.7683,-0.141,0.8879,0.9373
"DOCK2",0.0211,10.1373,0.0593,0.9527,0.9733
"C5orf58",0.0704,7.1124,0.2139,0.8306,0.9024
"LCP2",-0.3305,10.2245,-1.0418,0.2975,0.4718
"KCNMB1",0.2153,7.9462,0.564,0.5728,0.7195
"KCNIP1",0.6607,6.4628,1.6065,0.1082,0.2372
"GABRP",-2.038,7.8718,-2.5449,0.01093,0.04417
"RANBP17",0.4709,8.1275,1.3323,0.1828,0.3416
"NPM1",-0.054,12.7837,-0.2618,0.7934,0.8777
"FGF18",1.1434,7.1031,2.4825,0.01305,0.05064
"FBXW11",0.3456,10.8811,2.5026,0.01233,0.04834
"STK10",-0.135,10.4976,-0.6455,0.5186,0.6764
"UBTD2",0.0758,10.0563,0.4911,0.6234,0.7585
"SH3PXD2B",-0.2551,10.8362,-1.0907,0.2754,0.449
"NEURL1B",0.1246,10.4598,0.4443,0.6568,0.7835
"DUSP1",1.2961,13.3622,2.7508,0.005945,0.02786
"ERGIC1",0.6613,12.6948,3.184,0.001452,0.009586
"RPL26L1",0.2741,8.714,1.3389,0.1806,0.339
"ATP6V0E1",0.3541,12.4374,1.6487,0.09921,0.2231
"CREBRF",0.7355,10.0223,3.1467,0.001651,0.01057
"BNIP1",0.4547,8.5764,2.8971,0.003766,0.01977
"STC2",-0.8412,9.6639,-1.615,0.1063,0.2344
"BOD1",0.0822,10.1963,0.4127,0.6798,0.799
"CPEB4",1.0374,10.7244,4.899,9.631e-07,2.525e-05
"MSX2",-0.4433,7.2078,-1.0739,0.2829,0.4567
"DRD1",1.2624,6.7544,2.4094,0.01598,0.05888
"SFXN1",-0.2912,10.3796,-1.6614,0.09663,0.2188
"HRH2",-1.8017,8.2608,-4.2831,1.843e-05,0.0002903
"CPLX2",0.7437,7.1993,0.593,0.5532,0.7038
"THOC3",-1.1971,9.8418,-5.5805,2.398e-08,1.057e-06
"FAM153B",-0.0233,6.8026,-0.0392,0.9688,0.9827
"SIMC1",0.178,8.8336,0.8281,0.4076,0.5792
"KIAA1191",0.344,11.7768,2.3489,0.01883,0.06664
"NOP16",0.1862,10.1482,0.9314,0.3516,0.5263
"HIGD2A",0.3755,10.665,1.7906,0.07335,0.1786
"ARL10",-0.5225,8.7887,-2.1499,0.03156,0.09776
"CLTB",0.0022,11.0815,0.0097,0.9922,0.9958
"FAF2",0.0273,11.2835,0.2396,0.8106,0.8899
"RNF44",-0.1538,11.0692,-0.8136,0.4159,0.5869
"CDHR2",1.6752,6.6692,3.2579,0.001122,0.007857
"GPRIN1",0.1512,8.1814,0.366,0.7144,0.8235
"TSPAN17",0.0829,10.7035,0.5706,0.5682,0.7162
"UNC5A",-0.899,6.789,-1.6217,0.1049,0.2323
"HK3",-0.011,9.1268,-0.028,0.9776,0.988
"UIMC1",-0.1174,9.6089,-0.9722,0.3309,0.5063
"ZNF346",-0.0376,8.7225,-0.263,0.7925,0.8773
"FGFR4",1.0525,9.4787,2.9095,0.00362,0.01922
"NSD1",-0.1535,11.4436,-0.7806,0.435,0.6049
"RAB24",-0.1944,9.5909,-0.9477,0.3433,0.5178
"PRELID1",0.0958,10.8766,0.5137,0.6074,0.7461
"MXD3",0.0301,10.9962,0.1832,0.8546,0.9174
"LMAN2",0.3535,12.3396,2.5082,0.01214,0.04774
"RGS14",0.3086,9.2815,1.5031,0.1328,0.2731
"F12",0.0375,7.5378,0.0918,0.9268,0.9599
"GRK6",-0.2368,10.4649,-1.6206,0.1051,0.2327
"PRR7",-0.4436,7.0849,-1.0539,0.2919,0.4661
"DBN1",0.0881,11.3687,0.3308,0.7408,0.843
"PDLIM7",-0.3091,10.6098,-1.2199,0.2225,0.3897
"DOK3",-0.2588,9.0892,-0.8885,0.3743,0.5491
"DDX41",0.2024,10.9124,1.6352,0.102,0.228
"FAM193B",0.0496,9.9516,0.22,0.8258,0.8988
"TMED9",0.156,12.595,1.0932,0.2743,0.4477
"B4GALT7",0.0408,9.7913,0.3185,0.7501,0.849
"FAM153A",-0.3213,6.7739,-0.5923,0.5536,0.7042
"FAM153C",-1.6182,6.4878,-2.8175,0.004839,0.02372
"N4BP3",0.0927,8.6327,0.301,0.7634,0.8584
"RMND5B",0.2901,10.9751,2.0833,0.03722,0.1103
"NHP2",0.3894,10.5195,1.9219,0.05462,0.1449
"HNRNPAB",-0.1713,11.892,-1.1622,0.2452,0.4151
"PHYKPL",0.1708,10.3435,1.1167,0.2641,0.436
"COL23A1",-1.1263,7.3785,-2.0348,0.04187,0.1199
"CLK4",0.2067,9.2189,0.8392,0.4014,0.5736
"ZNF354A",-0.1834,8.732,-0.9529,0.3406,0.5154
"ZNF354B",0.0895,8.184,0.4318,0.6659,0.7894
"ZFP2",0.8338,6.7961,2.5167,0.01185,0.04685
"ZNF454",0.9441,6.6431,1.7429,0.08135,0.1925
"ZNF879",0.6135,7.3677,1.9434,0.05197,0.1399
"ZNF354C",0.0385,8.8158,0.1907,0.8487,0.9137
"ADAMTS2",-0.3626,10.1455,-1.0248,0.3055,0.4804
"RUFY1",0.3566,10.6671,2.8942,0.003801,0.0199
"HNRNPH1",-0.0374,13.1097,-0.261,0.7941,0.878
"CANX",0.1442,14.5803,1.0981,0.2721,0.4458
"MAML1",-0.1901,10.9339,-1.457,0.1451,0.2901
"LTC4S",0.4589,7.1561,1.6374,0.1015,0.2272
"MGAT4B",0.1676,11.7463,1.0711,0.2841,0.4579
"SQSTM1",0.4478,13.9695,2.2559,0.02408,0.07984
"MRNIP",0.4125,13.0778,2.0972,0.03597,0.1076
"TBC1D9B",0.049,12.1523,0.3406,0.7334,0.8372
"RNF130",0.3378,11.4408,2.054,0.03998,0.1162
"MAPK9",0.5934,10.6938,5.4853,4.127e-08,1.685e-06
"GFPT2",-0.2946,9.2475,-0.6318,0.5275,0.684
"CNOT6",0.0822,10.7271,0.5956,0.5514,0.7025
"SCGB3A1",1.9818,10.0938,2.8503,0.004368,0.022
"FLT4",0.472,9.5587,1.4463,0.1481,0.2942
"MGAT1",-0.0804,12.6595,-0.5408,0.5887,0.7322
"ZFP62",0.0855,9.591,0.5024,0.6154,0.7523
"BTNL8",-0.0268,6.5403,-0.0611,0.9513,0.9726
"BTNL9",-1.4645,8.8367,-2.9845,0.002841,0.01611
"TRIM7",-1.5972,7.6127,-3.449,0.0005627,0.004586
"TRIM41",0.2038,10.1672,1.067,0.286,0.4596
"RACK1",0.1977,14.6928,1.0567,0.2906,0.4649
"TRIM52",0.1753,9.3291,0.777,0.4372,0.6066
"DUSP22",0.3593,10.6729,1.9557,0.0505,0.137
"IRF4",-1.1333,8.3388,-2.4301,0.0151,0.05647
"EXOC2",-0.0428,10.4463,-0.3442,0.7307,0.8355
"FOXQ1",-0.4178,9.6117,-0.843,0.3992,0.5721
"FOXF2",-1.0312,8.7652,-3.6247,0.0002893,0.002741
"FOXC1",-0.7603,9.2258,-1.9777,0.04797,0.1321
"GMDS",0.0474,9.6129,0.187,0.8517,0.9157
"MYLK4",0.0157,7.0139,0.0516,0.9588,0.9774
"WRNIP1",-0.336,10.8568,-2.0048,0.04498,0.1264
"SERPINB1",0.5176,12.2245,1.3996,0.1616,0.3133
"SERPINB9",-0.1469,9.9966,-0.4555,0.6488,0.7778
"SERPINB6",0.7429,11.6376,3.7104,0.0002069,0.002082
"NQO2",0.2711,10.0755,1.3868,0.1655,0.3186
"RIPK1",0.1308,10.6088,1.053,0.2924,0.4665
"BPHL",0.2787,9.291,1.3123,0.1894,0.3504
"TUBB2A",-0.5945,9.642,-1.6755,0.09384,0.2144
"TUBB2B",-0.3311,9.1671,-0.6528,0.5139,0.6724
"PSMG4",-0.3425,10.3056,-1.271,0.2037,0.3679
"SLC22A23",-0.4847,11.1748,-1.3593,0.174,0.33
"PXDC1",0.072,10.1659,0.2716,0.7859,0.8731
"FAM50B",0.2278,8.7379,0.7961,0.426,0.5966
"PRPF4B",0.0954,11.3413,0.847,0.397,0.5699
"C6orf201",0.2894,8.3826,1.3145,0.1887,0.3494
"ECI2",0.3033,10.1615,1.422,0.155,0.3042
"CDYL",-0.3156,10.1235,-2.0324,0.04211,0.1204
"RPP40",-0.4166,7.901,-1.9177,0.05515,0.1459
"PPP1R3G",-0.4788,7.4155,-1.3069,0.1913,0.3526
"LYRM4",0.0195,9.7412,0.1066,0.9151,0.9533
"FARS2",0.367,9.1866,2.3124,0.02076,0.07168
"NRN1",-2.4367,9.0453,-5.187,2.137e-07,6.924e-06
"F13A1",0.4695,10.3018,1.1744,0.2403,0.4098
"LY86",0.731,8.5747,1.9142,0.05559,0.1466
"RREB1",-0.1642,11.3151,-0.8059,0.4203,0.5911
"SSR1",-0.0854,12.7159,-0.5433,0.5869,0.7309
"RIOK1",-0.4063,9.8599,-2.5777,0.009947,0.04109
"DSP",-1.1153,13.2704,-3.0774,0.002088,0.01272
"SNRNP48",0.1474,9.1666,0.8225,0.4108,0.5819
"BMP6",0.7638,8.4521,1.7968,0.07237,0.1769
"TXNDC5",-0.0756,13.2895,-0.4177,0.6761,0.7968
"BLOC1S5-TXNDC5",-0.0726,13.275,-0.4031,0.6869,0.8035
"BLOC1S5",0.4751,9.2183,3.1678,0.001536,0.01001
"EEF1E1-BLOC1S5",0.3365,8.603,2.0251,0.04286,0.1219
"EEF1E1",0.2447,8.9969,1.3152,0.1884,0.3493
"SLC35B3",0.3272,9.7236,2.2394,0.02513,0.08253
"TFAP2A",-1.2594,8.8803,-2.7668,0.005662,0.02677
"GCNT2",0.4745,10.0523,2.0376,0.04159,0.1194
"C6orf52",0.2704,6.5567,0.5397,0.5894,0.7327
"PAK1IP1",-0.2877,9.3922,-1.7556,0.07915,0.1888
"TMEM14C",0.6438,11.5478,2.8022,0.005076,0.02462
"MAK",1.0158,7.2177,2.3566,0.01844,0.06557
"TMEM14B",0.7447,10.7277,3.2185,0.001289,0.00876
"RP11-637O19.3",0.7957,8.3783,3.3169,0.0009101,0.006711
"SYCP2L",-0.0311,6.9154,-0.0549,0.9562,0.9758
"ELOVL2",0.502,7.0765,0.8953,0.3706,0.5452
"ERVFRD-1",1.0527,6.3732,2.3163,0.02054,0.07113
"SMIM13",-0.5168,9.4758,-2.9402,0.00328,0.01791
"NEDD9",-0.0234,12.2302,-0.0625,0.9502,0.9723
"TMEM170B",0.9168,8.7146,3.0399,0.002367,0.01397
"ADTRP",-1.9014,8.2971,-3.38,0.0007249,0.005623
"HIVEP1",-0.7213,10.3106,-3.035,0.002405,0.01416
"EDN1",0.9644,10.1403,2.2815,0.02252,0.07607
"PHACTR1",0.4559,9.4325,1.2268,0.2199,0.3867
"TBC1D7",0.0653,9.1265,0.3286,0.7425,0.8443
"GFOD1",-1.0372,9.1548,-2.862,0.00421,0.02138
"SIRT5",-0.0303,9.3636,-0.1622,0.8712,0.9273
"NOL7",0.1354,10.5948,1.0241,0.3058,0.4806
"RANBP9",0.1606,10.9324,1.0751,0.2824,0.4563
"MCUR1",-0.2242,10.4442,-1.3722,0.17,0.325
"RNF182",1.2122,7.362,1.9672,0.04916,0.1344
"CD83",-0.6813,10.128,-2.2167,0.02664,0.08602
"JARID2",-1.2109,10.2631,-5.4608,4.74e-08,1.867e-06
"DTNBP1",0.2465,9.3175,1.6664,0.09563,0.2172
"MYLIP",-0.1304,10.2673,-0.5759,0.5647,0.7133
"GMPR",-0.0088,8.3643,-0.0272,0.9783,0.9885
"ATXN1",-0.0426,10.8537,-0.2262,0.821,0.8961
"STMND1",3.3997,6.7963,4.1494,3.334e-05,0.0004708
"RBM24",-0.2833,6.6759,-0.5668,0.5708,0.7181
"CAP2",0.2437,8.5288,0.8821,0.3777,0.5523
"FAM8A1",1.2123,10.7616,6.4908,8.54e-11,8.205e-09
"NUP153",-0.1737,11.2631,-0.9399,0.3473,0.5224
"KIF13A",-0.401,11.2105,-1.8251,0.06799,0.1692
"NHLRC1",-0.3785,7.6957,-1.3709,0.1704,0.3253
"TPMT",0.1285,10.072,0.865,0.387,0.5605
"KDM1B",-0.2577,10.0733,-1.4986,0.134,0.2747
"DEK",-0.2267,12.2025,-1.1713,0.2415,0.4112
"RNF144B",-0.0691,10.7999,-0.238,0.8119,0.8904
"ID4",-0.1188,9.7165,-0.3697,0.7116,0.8217
"MBOAT1",0.3801,8.7975,1.2268,0.2199,0.3867
"E2F3",-0.0646,9.6983,-0.2706,0.7867,0.8736
"CDKAL1",0.4358,9.5423,1.9096,0.05618,0.1476
"SOX4",0.3636,12.2908,1.4031,0.1606,0.312
"DCDC2",3.6401,7.9337,7.1294,1.008e-12,1.745e-10
"KAAG1",3.9978,6.4594,6.4036,1.517e-10,1.378e-08
"MRS2",0.5984,10.2689,3.547,0.0003897,0.003469
"GPLD1",0.6521,7.9524,3.0807,0.002065,0.01264
"ALDH5A1",0.6589,10.0486,2.2971,0.02161,0.07385
"KIAA0319",2.1625,8.0898,3.4302,0.0006032,0.004831
"TDP2",0.6071,10.8164,2.1424,0.03216,0.09914
"ACOT13",0.4517,10.4207,2.1696,0.03004,0.0942
"C6orf62",0.4085,12.6032,2.6502,0.008045,0.03492
"GMNN",0.012,9.1394,0.0479,0.9618,0.9793
"RP3-369A17.6",1.114,6.4751,2.1068,0.03513,0.1055
"FAM65B",0.8465,9.0963,2.3515,0.0187,0.06631
"CARMIL1",-0.1679,10.5082,-0.7243,0.4689,0.6338
"TRIM38",0.1429,10.6016,0.8236,0.4102,0.5815
"HIST1H1C",1.5775,10.2611,5.3134,1.076e-07,3.837e-06
"HFE",0.5156,9.3913,2.1782,0.02939,0.0926
"HIST1H2BC",2.1044,7.8545,5.6934,1.245e-08,5.897e-07
"HIST1H2AC",1.489,10.2869,4.5927,4.377e-06,8.991e-05
"HIST1H1E",-0.1882,6.522,-0.327,0.7436,0.8451
"HIST1H2BD",0.9082,8.9002,2.5624,0.0104,0.04251
"HIST1H2BE",1.789,7.1684,4.5626,5.052e-06,0.0001015
"HIST1H2AD",0.6985,6.4423,1.1197,0.2628,0.4349
"HIST1H3D",0.3213,7.0286,0.6463,0.5181,0.6761
"HIST1H2BF",0.2682,6.4135,0.445,0.6563,0.7832
"HIST1H4E",-1.0188,6.5039,-1.8927,0.05839,0.152
"HIST1H2BG",0.2397,7.3363,0.4552,0.649,0.778
"HIST1H2AE",0.6073,6.8231,1.0949,0.2736,0.4471
"HIST1H3E",-0.5659,7.1987,-1.2926,0.1961,0.3584
"HIST1H1D",-0.6139,6.2286,-1.0633,0.2876,0.4614
"HIST1H2BH",-1.0924,6.9631,-1.8572,0.06328,0.1605
"HIST1H3G",0.7739,6.4327,1.2311,0.2183,0.3848
"HIST1H4H",1.3567,8.0502,3.3844,0.0007134,0.005547
"BTN3A2",0.3105,11.109,1.49,0.1362,0.2776
"BTN2A2",-0.4183,9.4891,-1.4632,0.1434,0.2877
"BTN3A1",0.3136,10.841,1.4362,0.1509,0.2981
"BTN3A3",0.0367,10.3725,0.1433,0.886,0.9366
"BTN2A1",0.1197,10.1306,0.7672,0.4429,0.6116
"HMGN4",0.3274,10.689,1.755,0.07926,0.189
"ABT1",0.2281,10.1538,1.5947,0.1108,0.2408
"ZNF322",0.1609,9.994,0.5647,0.5723,0.7192
"HIST1H2BJ",0.5228,7.1442,1.069,0.2851,0.4586
"HIST1H2AG",0.3657,6.853,0.6582,0.5104,0.6696
"HIST1H4I",0.7558,8.5317,2.7882,0.0053,0.02545
"HIST1H2BK",0.905,10.1222,3.2266,0.001253,0.00858
"PRSS16",0.8831,9.2396,3.4999,0.0004654,0.003987
"ZNF391",-0.0749,7.9485,-0.248,0.8041,0.8855
"ZNF184",0.1898,8.7508,1.1488,0.2506,0.4216
"HIST1H2AI",1.5558,6.4719,2.8172,0.004845,0.02374
"HIST1H3H",0.7428,7.4977,1.7187,0.08567,0.2003
"HIST1H4K",0.4705,7.1429,1.3608,0.1736,0.3294
"HIST1H2BN",1.208,7.1071,3.2365,0.00121,0.008359
"HIST1H3J",0.452,6.3046,1.0048,0.315,0.4904
"HIST1H2AM",0.6344,6.2638,1.4111,0.1582,0.3088
"ZNF165",0.6744,7.699,2.4017,0.01632,0.05971
"ZSCAN16",0.994,7.9409,4.3844,1.163e-05,0.000201
"ZKSCAN8",-0.092,10.1268,-0.3859,0.6996,0.8134
"ZSCAN9",0.58,8.7083,3.017,0.002553,0.01487
"ZKSCAN4",0.2389,8.0261,1.1396,0.2545,0.4255
"NKAPL",0.2047,6.3106,0.5673,0.5705,0.7179
"ZSCAN26",0.0799,8.9089,0.3991,0.6898,0.806
"RP5-874C20.8",0.1648,6.8047,0.7833,0.4334,0.6035
"PGBD1",-0.3305,8.0024,-1.5394,0.1237,0.2608
"ZSCAN31",0.5924,9.3189,1.3722,0.17,0.325
"ZKSCAN3",0.3854,8.2902,1.6736,0.09421,0.2149
"ZSCAN12",0.167,8.4109,0.6269,0.5307,0.6862
"ZSCAN23",-6e-04,6.6725,-0.0013,0.9989,0.9994
"ZBED9",-0.0645,7.5576,-0.1724,0.8631,0.9223
"TRIM27",0.4608,11.0581,3.5724,0.0003537,0.003216
"ZNF311",-0.0042,7.2012,-0.0126,0.9899,0.9944
"UBD",-1.5589,9.968,-2.5442,0.01095,0.04424
"GABBR1",-1.3251,10.8325,-2.8383,0.004536,0.02259
"ZFP57",1.3842,6.3189,1.5459,0.1221,0.2583
"HLA-F",0.2646,11.8011,0.8394,0.4012,0.5735
"HLA-G",-0.227,9.0501,-0.6531,0.5137,0.6723
"HLA-A",0.0581,15.524,0.2324,0.8163,0.8927
"ZNRD1",0.4284,9.3791,2.2607,0.02378,0.07906
"PPP1R11",0.5479,11.3201,2.8978,0.003758,0.01976
"RNF39",0.2428,8.1807,0.7711,0.4407,0.6097
"TRIM31",3.0077,7.1975,4.502,6.732e-06,0.0001289
"TRIM26",-0.085,11.1578,-0.482,0.6298,0.7632
"TRIM39",0.385,9.4795,2.7827,0.005391,0.02575
"TRIM39-RPP21",0.1853,9.5826,1.2468,0.2125,0.3783
"RPP21",0.1088,9.2933,0.5866,0.5575,0.7072
"HLA-E",-0.0073,14.8476,-0.0313,0.975,0.9864
"GNL1",0.1258,11.0985,0.7434,0.4573,0.6241
"PRR3",0.138,9.0151,0.6286,0.5296,0.6854
"ABCF1",-0.1263,11.6202,-0.7067,0.4798,0.6432
"PPP1R10",-0.0575,11.3829,-0.3001,0.7641,0.8587
"MRPS18B",0.3917,10.9421,2.3305,0.01978,0.06906
"ATAT1",0.224,8.6286,0.8755,0.3813,0.5557
"C6orf136",0.1786,9.0229,0.6987,0.4847,0.6478
"DHX16",0.2022,10.6929,1.4483,0.1475,0.2936
"PPP1R18",-0.7069,11.2574,-3.2622,0.001106,0.00776
"NRM",-0.5326,9.2435,-1.9652,0.04939,0.1348
"MDC1",-0.0366,10.6231,-0.129,0.8974,0.9432
"TUBB",-0.4513,14.4997,-1.9809,0.0476,0.1316
"FLOT1",0.5547,12.5361,2.8256,0.004719,0.02324
"IER3",0.2377,11.3316,0.5574,0.5772,0.7234
"DDR1",-0.4274,13.2719,-1.9399,0.05239,0.1406
"GTF2H4",0.0598,9.5386,0.3467,0.7288,0.8341
"VARS2",0.1899,10.851,1.1829,0.2369,0.406
"DPCR1",1.8608,7.6526,2.9959,0.002736,0.01565
"SFTA2",3.4067,10.2711,5.32,1.038e-07,3.726e-06
"MUC21",4.661,7.7949,5.5373,3.071e-08,1.309e-06
"CDSN",-0.8345,7.1743,-1.5589,0.119,0.2536
"PSORS1C2",-0.6084,6.3239,-0.8594,0.3901,0.5634
"PSORS1C1",-0.0468,7.8012,-0.1068,0.915,0.9533
"CCHCR1",0.2662,9.5967,1.1661,0.2436,0.4134
"TCF19",-0.1281,9.6955,-0.3776,0.7057,0.8174
"POU5F1",-0.4814,7.2021,-1.0792,0.2805,0.4544
"HLA-C",0.3199,15.2961,1.1527,0.249,0.4199
"HLA-B",-0.0031,15.9853,-0.0101,0.9919,0.9957
"MICA",0.4515,9.5842,1.957,0.05035,0.1367
"MICB",-0.0866,8.53,-0.2375,0.8123,0.8908
"DDX39B",0.0116,12.8918,0.0708,0.9435,0.9686
"ATP6V1G2-DDX39B",-0.0136,12.4086,-0.0908,0.9277,0.9601
"ATP6V1G2",0.5128,7.4713,2.2816,0.02251,0.07607
"NFKBIL1",0.2906,9.3338,1.5567,0.1195,0.2544
"LTA",-0.8012,6.6127,-1.7294,0.08373,0.1967
"TNF",-1.2855,7.1907,-2.2156,0.02672,0.0861
"LTB",-0.9597,8.5489,-1.9134,0.0557,0.1468
"LST1",0.1083,9.1675,0.3238,0.7461,0.8466
"NCR3",0.4377,6.6698,0.8765,0.3808,0.5551
"AIF1",0.4991,9.8804,1.3438,0.179,0.3365
"PRRC2A",-0.06,13.1645,-0.2733,0.7846,0.8725
"BAG6",0.3604,12.901,2.1269,0.03343,0.102
"APOM",0.6498,7.9751,3.7851,0.0001537,0.00164
"C6orf47",0.162,10.067,1.065,0.2869,0.4605
"GPANK1",0.3192,9.7201,2.0803,0.03749,0.1108
"CSNK2B",-0.037,11.8045,-0.2339,0.8151,0.8923
"XXbac-BPG32J3.22",-0.0332,11.482,-0.2098,0.8338,0.9043
"LY6G5B",0.2113,8.1914,0.7194,0.4719,0.6363
"LY6G5C",0.3946,7.1247,1.8856,0.05935,0.1538
"ABHD16A",0.1685,10.7534,1.2953,0.1952,0.3573
"XXbac-BPG32J3.20",0.154,10.6645,1.1485,0.2508,0.4216
"MPIG6B",-1.1077,6.5693,-2.2377,0.02524,0.08276
"DDAH2",0.1945,10.7361,0.845,0.3981,0.5709
"CLIC1",0.4281,13.3894,2.3762,0.01749,0.06308
"MSH5",0.4322,8.4913,1.4765,0.1398,0.2825
"SAPCD1",0.7359,7.4886,2.5529,0.01068,0.04334
"MSH5-SAPCD1",0.5379,8.7002,2.0486,0.0405,0.1172
"VWA7",1.161,8.1409,3.4643,0.0005316,0.004421
"VARS",0.3951,11.557,1.9895,0.04665,0.1297
"LSM2",0.1656,10.0413,0.6844,0.4937,0.656
"HSPA1L",0.2033,7.4699,1.0352,0.3006,0.4754
"HSPA1A",0.5032,13.489,1.1699,0.2421,0.4118
"HSPA1B",0.2085,13.5337,0.4932,0.6219,0.7573
"C6orf48",0.6039,11.2544,2.2759,0.02285,0.07687
"NEU1",0.5418,11.4002,3.1907,0.001419,0.00945
"SLC44A4",3.0945,10.4047,6.8192,9.155e-12,1.18e-09
"EHMT2",-0.0466,11.0812,-0.2276,0.82,0.8954
"ZBTB12",0.075,7.9879,0.2463,0.8055,0.8862
"C2",0.1464,11.6608,0.4898,0.6243,0.7593
"XXbac-BPG116M5.17",0.9427,12.5079,2.6292,0.008558,0.03662
"CFB",1.1924,11.5501,2.3241,0.02012,0.06996
"NELFE",0.3811,11.0992,2.2369,0.02529,0.08281
"SKIV2L",0.2017,10.8442,1.3909,0.1643,0.3171
"DXO",0.2304,8.9928,1.4279,0.1533,0.3016
"STK19",0.3885,9.5993,2.5079,0.01215,0.04775
"C4A",0.9321,11.1469,2.2441,0.02483,0.08179
"C4B",0.8168,12.1466,2.0225,0.04312,0.1225
"CYP21A2",2.1831,7.4754,4.6922,2.703e-06,5.95e-05
"TNXB",1.9127,10.2316,4.3297,1.493e-05,0.000247
"ATF6B",0.2116,11.7728,1.196,0.2317,0.4001
"FKBPL",0.2148,8.1602,1.2029,0.229,0.3974
"PRRT1",-0.5071,7.391,-2.008,0.04464,0.1257
"PPT2",-0.3327,8.9497,-1.6817,0.09262,0.2122
"EGFL8",-0.1228,8.0612,-0.576,0.5646,0.7133
"PPT2-EGFL8",0.1763,10.6074,1.0703,0.2845,0.4581
"AGPAT1",0.3029,11.4002,1.6797,0.09302,0.213
"RNF5",0.6975,10.1642,4.2789,1.878e-05,0.0002948
"AGER",1.5396,11.2977,2.8734,0.00406,0.02087
"PBX2",0.1879,11.1222,1.1905,0.2339,0.4024
"GPSM3",0.1974,10.0765,0.703,0.4821,0.6454
"NOTCH4",0.2762,9.9329,1.0466,0.2953,0.4693
"HLA-DRA",0.7416,14.9444,1.6857,0.09185,0.2111
"HLA-DRB5",1.3647,12.7201,3.0473,0.002309,0.01375
"HLA-DRB1",0.4063,14.0646,0.9721,0.331,0.5063
"HLA-DQA1",0.3122,12.0859,0.7136,0.4755,0.6395
"HLA-DQB1",1.4559,12.3659,3.5751,0.0003501,0.00319
"HLA-DQA2",-0.2481,10.4141,-0.4946,0.6209,0.7565
"HLA-DQB2",0.6025,9.807,1.1168,0.2641,0.436
"HLA-DOB",-0.3987,8.3255,-0.961,0.3366,0.5111
"TAP2",-0.4049,11.624,-1.7975,0.07225,0.1768
"XXbac-BPG246D15.9",-0.3003,10.9396,-1.2954,0.1952,0.3573
"PSMB8",0.7274,11.532,2.6572,0.00788,0.03439
"TAP1",-0.2758,12.3782,-0.8341,0.4042,0.5759
"PSMB9",0.0551,10.6882,0.1479,0.8824,0.9344
"HLA-DMB",0.8079,11.3203,2.0039,0.04508,0.1266
"XXbac-BPG181M17.5",0.8018,10.1793,2.041,0.04125,0.1187
"HLA-DMA",0.5363,11.6787,1.6741,0.0941,0.2147
"BRD2",-0.059,12.9808,-0.3693,0.7119,0.8217
"HLA-DOA",0.4259,10.6402,0.9603,0.3369,0.5114
"HLA-DPA1",0.4203,13.6192,1.0897,0.2759,0.4495
"HLA-DPB1",0.5674,13.0279,1.4707,0.1414,0.2847
"COL11A2",-0.5752,6.862,-1.3792,0.1678,0.3221
"RXRB",0.2813,10.6836,1.8624,0.06254,0.1593
"SLC39A7",0.3474,12.4081,1.6746,0.09402,0.2146
"HSD17B8",0.5596,9.0943,1.9989,0.04562,0.1277
"RING1",0.2112,10.4859,1.3441,0.1789,0.3365
"VPS52",0.1817,10.9849,1.1256,0.2603,0.4319
"RPS18",0.9451,14.1531,2.9435,0.003245,0.01778
"B3GALT4",0.2604,9.1748,1.3225,0.186,0.3459
"WDR46",0.2734,10.4506,2.1394,0.0324,0.09967
"PFDN6",0.4177,10.0568,2.2771,0.02278,0.07669
"RGL2",0.6312,11.1932,3.3502,0.0008074,0.006133
"TAPBP",-0.6325,13.3468,-2.8922,0.003825,0.02001
"ZBTB22",0.2296,9.9227,1.303,0.1926,0.3544
"DAXX",-0.1315,11.0575,-0.9279,0.3535,0.5281
"KIFC1",0.0085,9.3296,0.0222,0.9823,0.9907
"PHF1",0.3259,10.6996,2.1624,0.03059,0.0956
"CUTA",0.3739,11.4174,2.2012,0.02772,0.08865
"SYNGAP1",0.1072,10.0516,0.5472,0.5843,0.7287
"ZBTB9",0.0195,8.8952,0.1121,0.9108,0.9512
"BAK1",0.2241,9.8961,0.9759,0.3291,0.5046
"ITPR3",0.4428,12.9608,1.5773,0.1147,0.2468
"UQCC2",0.5026,11.4628,2.7138,0.006651,0.03029
"IP6K3",2.9184,7.1169,5.4789,4.279e-08,1.735e-06
"LEMD2",-0.1424,10.6035,-0.9088,0.3634,0.5381
"GRM4",-1.0515,6.6981,-1.4341,0.1516,0.2989
"HMGA1",-0.678,12.217,-2.5017,0.01236,0.04843
"C6orf1",0.2117,9.3816,0.9172,0.359,0.5337
"NUDT3",0.163,11.8739,0.9717,0.3312,0.5064
"RPS10-NUDT3",0.6068,11.8998,2.8498,0.004374,0.02202
"RPS10",0.8146,11.3134,3.012,0.002595,0.01503
"PACSIN1",1.0184,6.9012,2.1103,0.03483,0.1049
"SPDEF",1.7679,8.0389,2.4775,0.01323,0.0512
"C6orf106",-0.2402,12.496,-1.4521,0.1465,0.2921
"SNRPC",0.1077,10.7222,0.6143,0.539,0.6924
"UHRF1BP1",0.1988,10.4073,1.0545,0.2917,0.4658
"TAF11",0.1166,10.0087,0.752,0.4521,0.6195
"ANKS1A",0.0362,11.1084,0.1909,0.8486,0.9137
"SCUBE3",-0.3648,8.3294,-0.66,0.5092,0.6688
"ZNF76",0.2971,10.121,1.8947,0.05813,0.1515
"DEF6",-0.5059,9.645,-2.6983,0.00697,0.03142
"PPARD",-0.2169,10.8537,-1.1586,0.2466,0.4168
"FANCE",-0.9286,8.8366,-4.1539,3.269e-05,0.0004644
"RPL10A",0.6331,13.3516,2.9634,0.003042,0.01692
"TEAD3",-0.3206,10.4943,-1.5346,0.1249,0.2626
"FKBP5",0.1753,11.323,0.4388,0.6608,0.7858
"ARMC12",-0.4088,6.2503,-0.974,0.3301,0.5054
"LHFPL5",0.4777,8.1066,2.1074,0.03508,0.1055
"SRPK1",0.3082,11.1107,1.4995,0.1337,0.2744
"SLC26A8",1.0001,6.2155,2.5134,0.01196,0.04721
"MAPK14",0.273,11.3487,2.1788,0.02934,0.09249
"MAPK13",0.3376,11.8595,1.6825,0.09247,0.2122
"BRPF3",0.6118,10.8338,2.9415,0.003266,0.01784
"PNPLA1",-0.3496,6.3377,-0.5754,0.565,0.7135
"ETV7",-0.0333,8.4474,-0.0848,0.9324,0.9631
"KCTD20",0.2063,11.6076,1.3369,0.1812,0.3397
"STK38",-0.0224,11.2435,-0.1104,0.9121,0.9518
"SRSF3",0.0123,12.9544,0.0914,0.9272,0.96
"CDKN1A",-0.2568,12.2329,-1.1121,0.2661,0.4382
"RAB44",0.0839,6.5555,0.2058,0.8369,0.9064
"CPNE5",-0.9502,8.1402,-2.4722,0.01343,0.05176
"PPIL1",0.1006,10.074,0.5145,0.6069,0.7456
"C6orf89",0.2779,11.8633,2.0998,0.03575,0.1071
"PI16",1.7014,7.132,2.8678,0.004133,0.0211
"MTCH1",0.092,12.6796,0.7054,0.4805,0.644
"FGD2",-0.0333,9.0587,-0.0959,0.9236,0.958
"PIM1",-0.1478,10.9087,-0.6959,0.4865,0.6495
"TMEM217",0.6096,7.1403,3.2804,0.001037,0.007381
"TBC1D22B",0.0655,9.6636,0.5553,0.5787,0.7244
"RNF8",-0.2264,9.5362,-1.5005,0.1335,0.274
"CMTR1",0.1623,10.9542,1.2072,0.2273,0.3954
"CCDC167",0.3608,8.8816,1.4899,0.1362,0.2776
"MDGA1",-2.2615,8.8438,-4.9879,6.103e-07,1.714e-05
"ZFAND3",-0.0481,11.4532,-0.2857,0.7751,0.8663
"BTBD9",1.4188,10.2896,4.8666,1.135e-06,2.89e-05
"GLO1",0.246,12.0776,1.0581,0.29,0.4643
"DNAH8",1.4008,6.2903,2.5337,0.01129,0.04519
"GLP1R",1.3845,6.2795,1.9208,0.05476,0.1452
"SAYSD1",0.3596,9.3195,2.4582,0.01396,0.05326
"KCNK5",2.6617,9.2876,5.4734,4.414e-08,1.764e-06
"KCNK17",0.3025,6.9116,0.7516,0.4523,0.6196
"KIF6",1.3179,6.9945,2.6818,0.007324,0.03262
"DAAM2",0.5981,9.6278,1.9573,0.05032,0.1366
"MOCS1",-0.2355,9.5018,-0.8355,0.4034,0.5753
"UNC5CL",0.9982,7.8258,1.9123,0.05584,0.1471
"OARD1",0.2842,9.8848,1.7882,0.07375,0.1793
"NFYA",0.023,10.382,0.1517,0.8794,0.9326
"TREML1",-0.1685,6.4323,-0.3896,0.6968,0.8117
"TREM2",0.7209,9.2297,1.8281,0.06754,0.1684
"TREML2",0.046,6.6749,0.0966,0.923,0.9576
"TREM1",1.1994,9.9831,2.2424,0.02494,0.08205
"FOXP4",0.3621,11.4054,1.3098,0.1903,0.3513
"MDFI",-0.5178,9.3565,-1.611,0.1072,0.2357
"TFEB",0.2947,9.4653,1.371,0.1704,0.3253
"PGC",2.0852,9.8895,2.6398,0.008295,0.03576
"FRS3",0.2739,8.1747,1.349,0.1773,0.3344
"PRICKLE4",0.5563,8.5275,2.3066,0.02108,0.07255
"TOMM6",0.3478,11.5363,1.6875,0.0915,0.2104
"RP11-298J23.10",0.3664,11.7439,1.9689,0.04897,0.1341
"USP49",0.1219,8.7109,0.477,0.6334,0.7657
"MED20",0.0863,9.6348,0.5207,0.6026,0.7425
"BYSL",-0.0598,9.5342,-0.2672,0.7893,0.8752
"CCND3",0.6241,11.94,2.2955,0.02171,0.07406
"TAF8",0.2572,10.1729,2.0617,0.03924,0.1146
"C6orf132",0.0534,10.0996,0.1769,0.8596,0.9203
"GUCA1B",0.391,6.3556,1.1754,0.2398,0.4095
"MRPS10",0.2228,10.4712,1.3288,0.1839,0.3431
"TRERF1",-0.5316,9.291,-1.8783,0.06034,0.1553
"UBR2",0.304,10.8989,2.1658,0.03032,0.09495
"PRPH2",0.8473,6.7166,1.9308,0.0535,0.1428
"TBCC",0.2543,9.5661,1.5419,0.1231,0.2598
"GLTSCR1L",0.181,9.9813,1.0815,0.2795,0.4532
"RPL7L1",-0.0608,11.9202,-0.498,0.6185,0.7544
"C6orf226",0.3758,7.6958,1.5228,0.1278,0.2664
"PTCRA",0.0317,6.4393,0.0725,0.9422,0.968
"CNPY3",-0.1874,11.2778,-1.4004,0.1614,0.313
"GNMT",0.8592,6.5152,2.0843,0.03713,0.1101
"PEX6",-0.1248,9.9563,-0.4537,0.6501,0.7789
"PPP2R5D",-0.0734,11.0107,-0.4961,0.6199,0.7555
"MEA1",0.1282,10.8835,0.7272,0.4671,0.6323
"KLHDC3",0.0936,11.4858,0.4831,0.629,0.7625
"RRP36",0.0737,10.3292,0.5499,0.5824,0.7273
"CUL7",0.3966,10.8109,2.1611,0.03069,0.09578
"MRPL2",0.2813,9.8237,1.4623,0.1437,0.288
"KLC4",0.8036,10.2323,5.7545,8.692e-09,4.351e-07
"PTK7",-0.2329,12.2945,-0.9435,0.3454,0.5201
"SRF",-0.3929,11.1469,-2.1154,0.0344,0.1041
"CUL9",0.3076,10.2171,1.4816,0.1385,0.2808
"DNPH1",0.7426,9.5322,2.9177,0.003527,0.01888
"TTBK1",-0.9952,6.5066,-2.1523,0.03138,0.09729
"ZNF318",-0.272,10.2264,-1.16,0.246,0.4161
"ABCC10",-0.1716,10.062,-0.9264,0.3543,0.5288
"DLK2",-1.5748,7.576,-3.5699,0.0003571,0.003235
"TJAP1",-0.1127,10.1316,-0.7926,0.428,0.5986
"LRRC73",0.6205,6.8203,1.2512,0.2109,0.3764
"YIPF3",0.416,12.0861,2.7917,0.005243,0.02526
"POLR1C",0.001,9.7338,0.0058,0.9954,0.9973
"XPO5",-0.2842,10.8337,-1.3478,0.1777,0.3349
"POLH",0.3351,9.1303,1.5382,0.124,0.2611
"GTPBP2",0.2244,10.9477,1.3292,0.1838,0.343
"MAD2L1BP",0.4225,9.5629,2.3949,0.01662,0.06064
"RSPH9",0.3238,9.6944,1.6213,0.105,0.2324
"MRPS18A",0.245,10.2141,1.5207,0.1283,0.267
"VEGFA",0.3846,12.9447,1.2386,0.2155,0.3815
"C6orf223",0.698,8.8368,1.3409,0.18,0.338
"MRPL14",0.5655,11.0093,2.5327,0.01132,0.04527
"TMEM63B",-0.1297,11.7382,-0.6791,0.4971,0.6584
"CAPN11",-0.3788,6.3359,-0.9953,0.3196,0.4954
"SLC29A1",0.9411,10.9941,3.5449,0.0003928,0.003489
"HSP90AB1",0.054,15.0687,0.287,0.7741,0.8656
"SLC35B2",0.3992,11.2694,2.2368,0.0253,0.08281
"NFKBIE",-0.2049,9.5692,-0.7407,0.4589,0.6254
"TCTE1",0.638,6.9458,0.9158,0.3598,0.5344
"TMEM151B",-0.4214,7.3162,-0.8665,0.3862,0.5598
"AARS2",-0.2191,9.5008,-1.0666,0.2861,0.4596
"RP11-444E17.6",-0.0348,7.0723,-0.1047,0.9166,0.954
"CDC5L",0.1811,10.9627,1.1456,0.252,0.423
"SUPT3H",-0.3051,8.3414,-1.5007,0.1334,0.2739
"RUNX2",-0.3635,8.8986,-1.2225,0.2215,0.3887
"CLIC5",1.1224,10.3173,2.4873,0.01287,0.05012
"ENPP4",1.9522,10.2511,7.0464,1.836e-12,2.934e-10
"ENPP5",1.636,9.1791,4.873,1.099e-06,2.815e-05
"RCAN2",1.1258,9.2444,3.3903,0.0006982,0.005453
"CYP39A1",1.8616,7.8592,4.7895,1.672e-06,3.969e-05
"SLC25A27",1.1133,7.3812,2.7732,0.00555,0.02633
"TDRD6",0.7911,7.1151,2.2169,0.02663,0.08602
"PLA2G7",0.0995,8.6332,0.2387,0.8113,0.89
"ANKRD66",3.4048,6.6161,3.9047,9.434e-05,0.001109
"MEP1A",1.5713,6.1862,2.5404,0.01107,0.04458
"ADGRF5",2.9741,11.8719,6.6968,2.13e-11,2.476e-09
"ADGRF1",2.1475,8.9771,3.4642,0.0005318,0.004421
"TNFRSF21",-0.0113,11.8581,-0.0444,0.9646,0.981
"CD2AP",1.0698,11.5359,5.1996,1.997e-07,6.572e-06
"ADGRF4",-0.6403,7.3457,-0.9428,0.3458,0.5204
"PTCHD4",-0.013,6.9167,-0.0254,0.9798,0.9892
"MUT",0.5333,10.4133,4.0325,5.518e-05,0.0007126
"CENPQ",-0.1158,8.2727,-0.5188,0.6039,0.7434
"C6orf141",-0.9451,7.3566,-1.4968,0.1344,0.2753
"CRISP2",0.908,6.3334,1.0711,0.2841,0.4579
"CRISP3",1.4101,6.369,1.5499,0.1212,0.257
"PKHD1",0.5891,7.2288,0.923,0.356,0.5305
"MCM3",-0.5622,11.6337,-2.54,0.01109,0.04461
"PAQR8",0.1554,9.3057,0.485,0.6277,0.7614
"EFHC1",0.7342,9.5035,2.3138,0.02068,0.0715
"TRAM2",-0.4758,10.9413,-2.6262,0.008634,0.03687
"TMEM14A",-0.1691,10.0077,-0.6659,0.5054,0.6658
"GSTA2",0.1532,7.0665,0.2334,0.8155,0.8925
"GSTA1",-1.0779,8.7948,-1.5936,0.111,0.2412
"GSTA3",1.8175,6.3307,1.9986,0.04565,0.1278
"GSTA4",-0.748,10.1726,-2.3862,0.01702,0.06172
"ICK",-0.3957,10.326,-1.7589,0.0786,0.1878
"FBXO9",0.1811,10.803,1.2388,0.2154,0.3815
"ELOVL5",-0.1832,11.9813,-1.0487,0.2943,0.4682
"GCLC",0.0296,11.3781,0.0648,0.9483,0.9714
"KLHL31",-0.0344,6.8834,-0.0704,0.9439,0.9689
"LRRC1",-0.8153,10.0579,-3.4838,0.0004944,0.004178
"FAM83B",-1.9059,7.7086,-3.0939,0.001975,0.01218
"HMGCLL1",2.1464,6.9592,4.5166,6.285e-06,0.0001223
"BMP5",1.8753,8.5806,3.9065,9.363e-05,0.001102
"COL21A1",-0.7325,8.5407,-1.3888,0.1649,0.3179
"DST",-1.6112,12.8784,-4.7859,1.702e-06,4.03e-05
"BEND6",-0.6167,7.1748,-1.8934,0.05831,0.1518
"KIAA1586",0.0424,8.2869,0.1924,0.8474,0.9132
"ZNF451",-0.0096,10.3729,-0.0538,0.9571,0.9763
"BAG2",0.1277,9.9653,0.4711,0.6375,0.7689
"RAB23",-0.4883,9.7908,-2.0498,0.04038,0.117
"PRIM2",-0.6623,9.0759,-3.1846,0.00145,0.009576
"KHDRBS2",1.8235,7.1933,2.8263,0.004709,0.02321
"FKBP1C",-0.5075,10.4533,-3.0917,0.00199,0.01226
"LGSN",2.704,7.3665,2.8811,0.003963,0.02049
"PTP4A1",1.4663,13.0169,4.1132,3.902e-05,0.0005328
"PHF3",0.0964,11.4871,0.4556,0.6487,0.7778
"EYS",0.6192,7.7455,2.2962,0.02166,0.07396
"ADGRB3",0.1155,6.8954,0.2242,0.8226,0.8968
"LMBRD1",0.2959,11.059,1.5753,0.1152,0.2475
"FAM135A",-0.4839,9.7157,-2.2648,0.02353,0.07842
"SDHAF4",0.7237,8.3876,2.6124,0.008991,0.03794
"SMAP1",-0.3369,10.4955,-1.8513,0.06412,0.162
"B3GAT2",-0.3682,10.1409,-2.0613,0.03927,0.1146
"OGFRL1",-0.4861,10.8133,-1.7023,0.0887,0.2056
"RIMS1",1.0494,6.606,1.9152,0.05547,0.1463
"KCNQ5",-2.0107,7.2949,-4.4513,8.534e-06,0.0001581
"RP11-257K9.8",-1.3963,6.5902,-3.5241,0.0004249,0.003697
"KHDC1",-0.3202,7.4355,-1.0527,0.2925,0.4666
"OOEP",0.0341,6.3849,0.0461,0.9632,0.9803
"DDX43",0.666,7.103,0.9847,0.3248,0.5007
"MB21D1",-0.3728,8.8522,-1.0968,0.2727,0.4463
"MTO1",-0.2069,9.5209,-1.5615,0.1184,0.2526
"EEF1A1",0.4424,15.7597,1.9022,0.05715,0.1495
"SLC17A5",0.7609,10.0659,3.927,8.601e-05,0.001028
"CD109",-1.5806,10.8526,-4.511,6.454e-06,0.0001249
"COL12A1",-0.426,12.0741,-1.0707,0.2843,0.458
"COX7A2",0.5322,11.4665,1.9716,0.04865,0.1334
"TMEM30A",0.0421,13.1867,0.2137,0.8308,0.9026
"FILIP1",1.3726,9.2247,3.1637,0.001558,0.01011
"SENP6",-0.327,11.252,-2.3392,0.01932,0.06789
"MYO6",0.2362,11.7775,1.0588,0.2897,0.4639
"IMPG1",0.1893,6.2559,0.3998,0.6893,0.8055
"IRAK1BP1",-0.0177,8.615,-0.0734,0.9415,0.9677
"PHIP",-0.1135,11.0886,-0.6226,0.5336,0.6884
"HMGN3",-0.0888,10.9589,-0.3334,0.7388,0.8415
"LCA5",0.3156,8.5518,0.9273,0.3538,0.5283
"SH3BGRL2",1.3669,10.304,3.8464,0.0001199,0.001343
"ELOVL4",-0.7799,7.0822,-1.5736,0.1156,0.2483
"TTK",-1.0907,8.4623,-3.2264,0.001253,0.00858
"BCKDHB",0.1801,9.2635,1.1664,0.2434,0.4133
"FAM46A",1.2032,10.3142,3.8095,0.0001393,0.00152
"IBTK",0.4524,11.014,2.5402,0.01108,0.04459
"TPBG",-0.8588,10.2881,-2.6655,0.007686,0.03377
"UBE3D",-0.1731,7.6506,-0.7257,0.468,0.6331
"DOPEY1",0.0487,10.0577,0.3162,0.7518,0.8503
"PGM3",0.1505,10.8072,0.7537,0.451,0.6186
"RWDD2A",0.5523,8.3507,2.471,0.01347,0.05187
"ME1",-0.741,10.3812,-1.8188,0.06895,0.1711
"PRSS35",-0.7401,6.8926,-1.5341,0.125,0.2627
"CYB5R4",0.3389,9.8436,1.5037,0.1326,0.2729
"MRAP2",-2.7401,7.3673,-5.5442,2.954e-08,1.268e-06
"CEP162",-0.0861,8.6059,-0.4136,0.6792,0.7984
"TBX18",-0.3833,7.2734,-0.5068,0.6123,0.7497
"NT5E",0.7219,9.5999,1.5271,0.1267,0.2653
"SNX14",0.599,10.9361,3.3019,0.0009602,0.006987
"RP11-321N4.5",-0.1997,9.606,-1.3201,0.1868,0.3469
"SYNCRIP",-0.5189,12.3669,-3.536,0.0004063,0.003576
"ZNF292",-0.3165,10.3902,-1.5254,0.1272,0.2654
"GJB7",-1.9904,6.9425,-3.6137,0.0003019,0.002844
"C6orf163",-0.3046,6.385,-0.9147,0.3603,0.5351
"SMIM8",-0.1531,8.3368,-0.7688,0.442,0.6108
"CFAP206",1.3244,7.2061,2.2192,0.02648,0.08567
"RP3-382I10.7",0.7958,9.5651,3.2318,0.00123,0.008472
"SLC35A1",0.7181,10.0638,2.9013,0.003717,0.0196
"RARS2",-0.1856,10.1744,-1.0453,0.2959,0.4699
"ORC3",-0.5287,9.7247,-2.7731,0.005552,0.02633
"AKIRIN2",-0.6123,10.5197,-3.3709,0.0007491,0.005772
"CNR1",0.3517,7.9586,0.6297,0.5289,0.6848
"RNGTT",-0.5135,9.6582,-3.617,0.000298,0.002814
"PNRC1",-0.1449,11.8551,-0.5682,0.5699,0.7173
"SRSF12",-1.2082,7.0325,-3.5243,0.0004246,0.003697
"PM20D2",-0.5333,9.655,-2.3638,0.01809,0.06463
"GABRR1",-2.8247,6.4051,-3.3882,0.0007034,0.005484
"GABRR2",0.1595,6.2711,0.3535,0.7237,0.8303
"UBE2J1",-0.2051,11.4888,-1.1961,0.2316,0.4001
"RRAGD",-0.2246,9.907,-0.7574,0.4488,0.6169
"ANKRD6",-0.362,9.6922,-1.5063,0.132,0.2721
"LYRM2",-0.034,10.6104,-0.2022,0.8397,0.908
"MDN1",-0.2858,10.7291,-1.2431,0.2138,0.3798
"CASP8AP2",-0.3401,9.5152,-1.775,0.0759,0.1833
"BACH2",-1.4714,8.1657,-4.4556,8.365e-06,0.0001557
"MAP3K7",-0.5656,10.6861,-4.3768,1.204e-05,0.0002059
"EPHA7",-2.0392,7.2387,-3.0485,0.0023,0.01372
"MANEA",-0.2871,9.707,-1.451,0.1468,0.2925
"UFL1",0.1034,10.4627,0.7092,0.4782,0.6418
"FHL5",1.2803,7.7135,3.4772,0.0005066,0.004248
"GPR63",-0.543,7.0713,-1.1893,0.2343,0.403
"NDUFAF4",-0.2168,8.9213,-0.8697,0.3845,0.5582
"KLHL32",1.3379,6.8372,2.1527,0.03135,0.09728
"MMS22L",-0.9303,9.0335,-3.9308,8.465e-05,0.001014
"FBXL4",-0.0481,9.8679,-0.2932,0.7694,0.8627
"FAXC",-0.6505,8.3347,-1.6573,0.09745,0.2203
"COQ3",-0.6637,8.2926,-2.8069,0.005002,0.0243
"PNISR",-0.2639,11.1551,-1.4738,0.1405,0.2836
"USP45",-0.2407,8.5776,-1.4615,0.1439,0.2883
"TSTD3",0.7359,6.9538,3.1502,0.001632,0.01047
"CCNC",-0.1467,10.9555,-0.6348,0.5255,0.6823
"ASCC3",-0.1864,10.79,-1.0767,0.2816,0.4555
"GRIK2",-0.0156,6.7385,-0.0231,0.9816,0.9902
"HACE1",-0.0266,8.8357,-0.1331,0.8941,0.9413
"BVES",-0.0262,7.6897,-0.0805,0.9359,0.9644
"POPDC3",0.2252,6.895,0.3215,0.7478,0.8475
"PREP",-0.8679,10.6244,-5.8606,4.611e-09,2.521e-07
"PRDM1",-1.0249,10.1983,-3.573,0.0003529,0.003214
"ATG5",-0.5155,10.6088,-2.6653,0.007692,0.03378
"AIM1",-1.0504,11.0444,-3.7252,0.0001952,0.002
"RTN4IP1",-1.0578,8.2512,-3.7066,0.0002101,0.002111
"QRSL1",-0.1359,9.5008,-0.8665,0.3862,0.5598
"CD24",-0.5284,13.0341,-1.5683,0.1168,0.2502
"C6orf203",-0.2494,8.7476,-1.3929,0.1636,0.3163
"BEND3",-0.2928,8.4356,-1.4335,0.1517,0.299
"PDSS2",0.1572,9.5059,1.273,0.203,0.3671
"SOBP",-0.2213,8.1313,-0.6102,0.5417,0.6944
"SCML4",-0.0102,6.9548,-0.0203,0.9838,0.9912
"SEC63",-0.369,11.735,-2.68,0.007362,0.03273
"OSTM1",-0.0884,10.4247,-0.4147,0.6784,0.7981
"SNX3",-0.3325,12.2561,-1.443,0.149,0.2955
"LACE1",-0.0371,7.8269,-0.2105,0.8332,0.9041
"FOXO3",-1.0321,11.3618,-4.6905,2.725e-06,5.99e-05
"ARMC2",0.0551,7.7453,0.1802,0.857,0.9186
"SESN1",7e-04,9.9887,0.0027,0.9978,0.9987
"CEP57L1",-0.409,8.191,-1.9688,0.04897,0.1341
"CD164",-0.1946,13.4132,-1.0713,0.284,0.4578
"PPIL6",0.9966,8.0694,2.4403,0.01467,0.05528
"SMPD2",-0.348,8.9856,-1.5282,0.1265,0.2649
"MICAL1",-0.0147,10.5186,-0.0659,0.9474,0.971
"ZBTB24",-0.5758,9.3006,-3.4415,0.0005785,0.004683
"AK9",0.8342,8.1538,3.2205,0.00128,0.008707
"FIG4",0.0155,9.7011,0.0899,0.9283,0.9605
"WASF1",-1.9426,8.5901,-4.7795,1.757e-06,4.119e-05
"CDC40",-0.5477,10.0019,-3.2101,0.001327,0.008949
"METTL24",-0.4927,6.5904,-1.251,0.2109,0.3765
"DDO",0.3093,7.3908,0.9366,0.349,0.524
"CDK19",-0.6614,10.0439,-3.0575,0.002232,0.01339
"AMD1",-0.1656,11.6586,-0.7132,0.4757,0.6396
"GTF3C6",-0.1861,9.9665,-1.1048,0.2692,0.4421
"RPF2",-0.6939,9.6857,-3.6101,0.0003061,0.002877
"SLC16A10",-0.5815,8.3428,-1.4393,0.1501,0.297
"MFSD4B",-0.5193,8.2856,-1.878,0.06038,0.1553
"REV3L",-0.3918,10.1872,-1.3135,0.189,0.3499
"TRAF3IP2",-1.8805,10.1931,-5.647,1.633e-08,7.477e-07
"FYN",-0.7626,10.6115,-2.5135,0.01195,0.0472
"WISP3",-1.4551,6.7447,-3.1852,0.001447,0.009565
"TUBE1",-0.494,8.8461,-2.202,0.02766,0.08858
"FAM229B",0.5487,8.4158,1.4354,0.1512,0.2984
"LAMA4",0.0358,11.3892,0.161,0.8721,0.9278
"MARCKS",-1.0718,12.574,-6.9557,3.507e-12,5.025e-10
"HDAC2",-0.7543,11.651,-4.3037,1.68e-05,0.0002722
"HS3ST5",1.031,6.5625,1.3018,0.193,0.355
"FRK",-0.1749,10.1877,-0.6772,0.4983,0.6594
"COL10A1",0.3944,9.32,0.8552,0.3924,0.5655
"NT5DC1",-0.5586,10.5257,-2.8096,0.00496,0.02414
"TSPYL4",-0.1492,9.8107,-0.6471,0.5176,0.6757
"TSPYL1",-0.3602,11.5838,-2.2689,0.02327,0.07776
"DSE",-0.802,11.2372,-4.1223,3.751e-05,0.0005156
"FAM26F",-0.2034,8.1864,-0.4602,0.6454,0.7748
"FAM26E",-0.5123,8.5376,-1.923,0.05448,0.1446
"TRAPPC3L",-2.4437,6.3787,-5.5701,2.546e-08,1.111e-06
"RWDD1",-0.214,10.321,-1.0441,0.2965,0.4705
"RSPH4A",1.7466,7.4905,2.7168,0.006591,0.03005
"ZUFSP",-0.4106,8.5209,-2.5843,0.009759,0.04047
"KPNA5",0.1441,8.8611,0.5936,0.5528,0.7035
"FAM162B",0.9416,7.5844,2.9832,0.002853,0.01616
"ROS1",2.3323,9.953,3.9421,8.077e-05,0.0009769
"DCBLD1",-0.5068,9.7722,-1.6253,0.1041,0.2313
"RP1-179P9.3",0.0896,8.5352,0.409,0.6826,0.8011
"GOPC",-0.3564,10.5723,-2.1974,0.02799,0.08935
"NUS1",-0.3856,10.905,-2.2326,0.02557,0.08345
"SLC35F1",0.3519,6.379,0.6377,0.5236,0.6806
"PLN",1.1941,8.2649,2.8963,0.003776,0.01981
"CEP85L",0.252,8.2718,1.0591,0.2895,0.4637
"ASF1A",-0.5191,9.8203,-2.0895,0.03667,0.1091
"MCM9",-0.3958,9.425,-2.6563,0.0079,0.03446
"FAM184A",1.3512,8.4636,3.5777,0.0003466,0.003164
"MAN1A1",0.2065,11.0948,0.8863,0.3755,0.5502
"TBC1D32",-0.7511,7.9421,-3.0472,0.00231,0.01376
"GJA1",-1.7567,12.7447,-4.9462,7.569e-07,2.056e-05
"HSF2",-0.6425,9.2083,-3.3628,0.0007716,0.005904
"SERINC1",-0.1255,12.9342,-0.7616,0.4463,0.6146
"PKIB",0.6854,8.2487,1.3905,0.1644,0.3172
"SMPDL3A",0.7295,9.0827,2.3634,0.01811,0.06469
"TRDN",-3.2764,6.475,-3.4442,0.0005728,0.004648
"NKAIN2",-0.8084,6.6893,-0.9789,0.3276,0.5032
"RNF217",-1.6702,9.9397,-4.1515,3.302e-05,0.0004682
"TPD52L1",-1.8377,10.0861,-4.1508,3.314e-05,0.0004687
"HDDC2",-0.89,10.5731,-2.7868,0.005323,0.02553
"HEY2",-1.3871,7.5255,-3.6913,0.0002231,0.002218
"NCOA7",0.4374,11.9071,1.2763,0.2018,0.3656
"HINT3",-0.1048,10.649,-0.5862,0.5577,0.7073
"TRMT11",-0.4334,8.8452,-2.3707,0.01775,0.0638
"CENPW",-1.5174,8.3703,-5.2831,1.27e-07,4.428e-06
"RSPO3",1.5429,8.4071,1.9166,0.05529,0.1461
"RNF146",0.2679,10.1185,1.693,0.09046,0.2084
"ECHDC1",0.1925,11.0449,0.8862,0.3755,0.5502
"KIAA0408",2.5596,8.7126,5.1941,2.057e-07,6.716e-06
"SOGA3",2.5441,8.8705,5.1381,2.775e-07,8.718e-06
"THEMIS",-0.065,7.533,-0.1416,0.8874,0.9371
"PTPRK",-0.8263,11.7309,-3.3614,0.0007756,0.005929
"LAMA2",0.3168,10.1044,0.9709,0.3316,0.5067
"ARHGAP18",0.8386,10.6918,3.8184,0.0001343,0.001483
"L3MBTL3",-0.2175,8.5495,-1.1986,0.2307,0.3993
"SAMD3",0.3501,7.1843,0.8585,0.3906,0.564
"TMEM200A",-0.6537,8.789,-1.6307,0.103,0.2297
"EPB41L2",-0.9746,11.0725,-4.0345,5.471e-05,0.0007076
"AKAP7",-0.3676,8.2749,-1.2369,0.2161,0.3821
"MED23",-0.1798,10.1512,-1.2213,0.222,0.3892
"OR2A4",0.2329,6.8219,0.6315,0.5277,0.6842
"CTAGE9",0.3685,7.9688,1.2128,0.2252,0.3927
"ENPP3",1.6222,7.0833,2.6274,0.008604,0.03679
"ENPP1",0.6233,7.8129,1.5478,0.1217,0.2577
"CTGF",0.151,12.6652,0.4339,0.6643,0.7885
"MOXD1",-1.5179,10.3344,-3.3538,0.000797,0.006062
"STX7",0.3634,11.1547,2.1831,0.02903,0.09179
"VNN1",1.9177,7.9552,3.166,0.001546,0.01005
"VNN3",0.243,6.9769,0.3755,0.7073,0.8184
"VNN2",-0.9067,8.0548,-1.7299,0.08364,0.1966
"SLC18B1",-0.5945,9.4167,-2.136,0.03268,0.1003
"RPS12",-0.1588,13.2309,-0.6433,0.52,0.6776
"EYA4",-1.0544,7.6057,-2.105,0.03529,0.1059
"TCF21",1.3078,8.9646,3.4421,0.0005773,0.004676
"TBPL1",-0.9065,9.5559,-4.4094,1.036e-05,0.0001844
"SLC2A12",-1.3796,8.7703,-3.1586,0.001585,0.01023
"SGK1",-1.3104,12.5695,-4.0439,5.256e-05,0.0006857
"ALDH8A1",-1.3963,6.4825,-3.0707,0.002136,0.01295
"HBS1L",-0.631,10.6925,-3.5084,0.0004508,0.003874
"MYB",-0.3856,8.5825,-0.735,0.4623,0.6285
"AHI1",0.1759,9.2541,1.0205,0.3075,0.4821
"PDE7B",-0.802,7.8596,-2.1114,0.03474,0.1048
"MTFR2",-0.8873,7.6397,-2.9435,0.003245,0.01778
"BCLAF1",-0.1699,11.8858,-1.302,0.1929,0.355
"MAP7",-0.1013,10.5848,-0.437,0.6621,0.7869
"MAP3K5",-0.7531,10.5596,-3.0128,0.002588,0.01501
"PEX7",0.0194,8.5558,0.1064,0.9152,0.9534
"IL20RA",-0.5288,8.9695,-1.269,0.2044,0.3689
"IFNGR1",-0.2462,12.2209,-0.8596,0.39,0.5633
"TNFAIP3",-1.6136,11.4903,-4.6455,3.392e-06,7.209e-05
"PERP",-1.9616,13.5277,-6.6835,2.332e-11,2.692e-09
"ARFGEF3",1.16,10.7245,3.1508,0.001628,0.01045
"HEBP2",-0.5249,10.8859,-2.442,0.01461,0.05512
"NHSL1",-1.249,10.6273,-4.4383,9.068e-06,0.000166
"GVQW2",-1.0644,6.4559,-3.2784,0.001044,0.007425
"CCDC28A",0.278,9.7366,1.3712,0.1703,0.3253
"ECT2L",2.0144,7.0601,3.2782,0.001045,0.007425
"REPS1",-1.1414,10.5245,-7.4643,8.376e-14,1.881e-11
"ABRACL",-0.8491,10.2189,-3.0695,0.002144,0.01299
"HECA",-1.173,10.9375,-6.2713,3.58e-10,2.888e-08
"TXLNB",0.0607,7.3502,0.1676,0.8669,0.9249
"CITED2",1.2995,11.6574,4.129,3.643e-05,0.0005041
"VTA1",-0.591,10.7063,-3.8638,0.0001116,0.001275
"ADGRG6",-0.0542,10.2773,-0.1313,0.8956,0.942
"HIVEP2",-0.5524,10.6972,-2.7607,0.005767,0.02716
"AIG1",-0.2197,10.1888,-1.0171,0.3091,0.484
"ADAT2",-0.4607,8.2689,-1.968,0.04906,0.1342
"PEX3",-0.1358,9.127,-0.7546,0.4505,0.6185
"FUCA2",0.2301,11.1525,1.0073,0.3138,0.4891
"PHACTR2",0.4908,10.5515,1.7362,0.08254,0.1945
"RP3-468K18.5",-0.0928,7.5023,-0.405,0.6855,0.8028
"LTV1",-0.6623,9.9286,-3.9403,8.137e-05,0.0009828
"RP3-468K18.7",-0.7027,8.5615,-4.1179,3.823e-05,0.0005247
"PLAGL1",-0.3905,9.5438,-1.2124,0.2254,0.3929
"SF3B5",-0.1924,11.0277,-0.9238,0.3556,0.5301
"STX11",-0.3462,8.9383,-1.1344,0.2566,0.4276
"UTRN",0.4397,12.1431,1.7085,0.08754,0.2037
"EPM2A",-0.2231,8.1753,-1.1105,0.2668,0.439
"FBXO30",-0.4813,9.7037,-2.152,0.0314,0.09734
"SHPRH",-0.2039,9.3616,-1.0523,0.2927,0.4668
"RAB32",0.0805,9.7967,0.2749,0.7834,0.8718
"ADGB",2.7263,6.5082,3.0225,0.002507,0.01466
"STXBP5",0.2177,9.7123,0.9655,0.3343,0.5088
"SAMD5",0.1151,8.468,0.2424,0.8084,0.8882
"SASH1",-0.1234,10.6139,-0.4871,0.6262,0.7606
"UST",-1.8021,9.095,-5.0902,3.578e-07,1.085e-05
"TAB2",-0.4161,11.6981,-2.8441,0.004454,0.0223
"ZC3H12D",-0.3731,7.2945,-0.9945,0.32,0.4957
"PPIL4",-0.2669,9.9963,-1.8139,0.06969,0.1723
"GINM1",-0.5668,10.845,-2.9568,0.003109,0.01718
"KATNA1",-0.5516,9.4095,-3.8777,0.0001055,0.001216
"LATS1",-0.4394,10.4841,-3.0063,0.002644,0.01525
"NUP43",-0.4689,9.9658,-3.3184,0.0009053,0.006678
"PCMT1",-0.407,10.9627,-2.8012,0.005091,0.02465
"LRP11",-0.025,10.9941,-0.0847,0.9325,0.9631
"RAET1E",0.2154,6.8673,0.3093,0.7571,0.8538
"RAET1G",-1.0479,7.0177,-2.124,0.03367,0.1026
"ULBP2",-2.8746,7.7415,-6.7208,1.807e-11,2.115e-09
"ULBP1",-2.3581,7.4088,-5.4101,6.3e-08,2.385e-06
"RAET1L",-4.9847,7.0753,-10.1126,4.858e-24,1.009e-20
"ULBP3",-2.0083,7.0183,-6.2509,4.082e-10,3.185e-08
"PPP1R14C",-1.771,9.921,-5.0062,5.553e-07,1.58e-05
"IYD",3.6334,7.4832,5.6071,2.058e-08,9.169e-07
"PLEKHG1",-0.5353,10.1953,-1.6091,0.1076,0.2364
"MTHFD1L",-0.416,10.079,-1.7886,0.07369,0.1792
"AKAP12",2.1943,10.8731,4.2548,2.093e-05,0.000322
"ZBTB2",-0.461,9.5755,-3.0026,0.002677,0.01539
"RMND1",0.0015,9.2182,0.0113,0.991,0.9951
"ARMT1",0.3313,10.1947,2.1621,0.03061,0.09562
"CCDC170",1.9073,8.0727,3.3841,0.0007141,0.005548
"ESR1",-0.4219,8.0486,-0.8864,0.3754,0.5502
"SYNE1",1.6416,11.0964,4.2675,1.976e-05,0.0003082
"MYCT1",0.5645,8.7624,2.1724,0.02982,0.09368
"FBXO5",-0.4308,8.613,-1.6969,0.08972,0.2072
"MTRF1L",-0.1144,9.16,-0.7458,0.4558,0.6228
"RGS17",2.1157,7.3204,5.1055,3.298e-07,1.019e-05
"IPCEF1",0.8064,8.1316,2.0012,0.04537,0.1272
"CNKSR3",-0.2754,9.5733,-0.8328,0.405,0.5766
"SCAF8",-0.3719,10.8366,-2.7271,0.00639,0.02935
"TIAM2",-0.494,9.4967,-3.7144,0.0002037,0.00206
"TFB1M",-0.1944,8.5529,-1.009,0.313,0.4879
"ARID1B",-0.4168,11.4947,-2.1444,0.032,0.09874
"TMEM242",-0.3729,9.1497,-2.1225,0.0338,0.1029
"ZDHHC14",-0.3044,8.7675,-1.3161,0.1882,0.3488
"SNX9",0.0791,10.9395,0.3556,0.7221,0.8291
"SYNJ2",-0.3126,9.5877,-1.2849,0.1988,0.3618
"SERAC1",-0.0953,8.729,-0.4213,0.6736,0.7949
"GTF2H5",-0.1216,9.8304,-0.6406,0.5218,0.6792
"TULP4",-0.5292,10.4137,-2.3375,0.01941,0.06812
"TMEM181",-0.4231,10.9651,-2.1214,0.03389,0.1029
"DYNLT1",0.0886,11.0704,0.3397,0.7341,0.8376
"SYTL3",0.4504,8.8898,1.4766,0.1398,0.2825
"EZR",0.2956,14.0331,1.3684,0.1712,0.3261
"RSPH3",-0.0317,9.6835,-0.1716,0.8637,0.9227
"TAGAP",-0.2299,8.9414,-0.6663,0.5052,0.6656
"FNDC1",-0.2053,9.434,-0.4548,0.6492,0.7782
"WTAP",-0.4445,11.5013,-2.9281,0.00341,0.01844
"SOD2",0.0355,13.9937,0.1135,0.9096,0.9506
"ACAT2",-0.7585,10.5828,-3.3015,0.0009616,0.006994
"TCP1",-0.579,12.2972,-3.1874,0.001436,0.009509
"MRPL18",-0.2538,10.5422,-1.5284,0.1264,0.2648
"IGF2R",-0.5704,12.9754,-2.4189,0.01557,0.05767
"SLC22A1",-1.8537,6.2595,-4.3338,1.466e-05,0.0002431
"SLC22A3",1.0995,9.3284,2.0892,0.03669,0.1091
"LPA",-2.6071,6.1918,-3.4804,0.0005007,0.004207
"MAP3K4",-0.7276,10.0894,-3.5421,0.0003969,0.003512
"AGPAT4",0.1141,8.8861,0.4187,0.6754,0.7962
"PARK2",0.7663,7.343,1.8007,0.07174,0.1759
"PACRG",0.6394,7.0596,1.0938,0.274,0.4475
"QKI",-0.3909,12.0611,-1.9927,0.04629,0.129
"C6orf118",2.0539,6.6565,2.2169,0.02663,0.08602
"PDE10A",0.2017,7.9293,0.461,0.6448,0.7744
"PRR18",-0.3312,6.3951,-0.407,0.684,0.8019
"SFT2D1",-0.2231,10.3948,-0.9907,0.3219,0.4977
"MPC1",0.7304,9.8305,3.5833,0.0003392,0.003115
"RPS6KA2",1.033,11.332,3.825,0.0001307,0.001452
"RP11-514O12.4",0.4279,9.8757,1.1753,0.2399,0.4095
"RNASET2",0.3658,10.9952,1.031,0.3026,0.4773
"FGFR1OP",-0.2909,9.2069,-1.6037,0.1088,0.2381
"CCR6",0.5042,7.5391,1.0496,0.2939,0.4679
"AFDN",0.1606,11.9569,0.853,0.3937,0.5666
"KIF25",-1.0641,6.3656,-1.7317,0.08332,0.196
"DACT2",-0.3277,8.1835,-0.5481,0.5836,0.7281
"SMOC2",-0.8154,9.9216,-2.0308,0.04227,0.1208
"THBS2",-0.055,11.7308,-0.1464,0.8836,0.9351
"WDR27",-0.4503,8.6777,-1.6366,0.1017,0.2275
"C6orf120",-0.1576,9.7856,-1.1159,0.2645,0.4365
"PHF10",-0.1589,11.0782,-0.9126,0.3615,0.5362
"TCTE3",-0.4673,7.0353,-1.747,0.08063,0.1913
"ERMARD",-0.078,9.1162,-0.4606,0.6451,0.7746
"DLL1",-0.3357,8.8501,-0.7394,0.4596,0.626
"FAM120B",-0.3074,10.379,-1.7408,0.08172,0.1932
"PSMB1",-0.3693,12.0512,-1.9812,0.04756,0.1316
"TBP",-0.3366,9.0517,-2.4531,0.01416,0.05373
"PDCD2",-0.1359,10.3916,-0.7514,0.4524,0.6197
"FAM20C",0.2385,10.3295,0.8693,0.3847,0.5584
"PDGFA",-0.5171,10.1953,-1.6822,0.09253,0.2122
"PRKAR1B",0.0135,9.6882,0.0442,0.9647,0.981
"DNAAF5",0.0597,10.3642,0.2838,0.7766,0.867
"SUN1",-0.0024,12.4458,-0.0128,0.9898,0.9944
"GET4",0.2217,10.5119,1.1798,0.2381,0.4073
"ADAP1",0.8395,9.4781,2.3472,0.01892,0.06686
"COX19",0.4279,9.9257,1.8504,0.06425,0.1622
"CYP2W1",-2.5236,6.3798,-4.2121,2.53e-05,0.0003792
"GPR146",0.0497,8.5189,0.174,0.8619,0.9217
"GPER1",-0.353,7.8573,-0.9369,0.3488,0.5239
"C7orf50",0.5392,10.8328,2.6901,0.007142,0.03206
"ZFAND2A",0.8934,9.2167,2.666,0.007676,0.03374
"MICALL2",-0.5132,10.0589,-1.5961,0.1105,0.2405
"INTS1",0.4048,12.1011,1.5322,0.1255,0.2633
"MAFK",1.6151,11.1529,3.4769,0.0005073,0.004249
"TMEM184A",1.3718,10.5878,3.6297,0.0002837,0.002693
"PSMG3",0.3994,9.975,1.7512,0.07991,0.1902
"ELFN1",-1.2035,7.2673,-3.305,0.0009497,0.00695
"MAD1L1",0.2275,9.9577,1.0151,0.3101,0.4849
"MRM2",0.1502,10.0858,0.8127,0.4164,0.5874
"NUDT1",-0.4855,9.0654,-2.0102,0.04441,0.1253
"SNX8",0.2494,10.3992,1.219,0.2228,0.39
"EIF3B",-0.2037,12.6976,-0.9557,0.3392,0.5139
"CHST12",0.0748,9.9653,0.397,0.6914,0.8071
"LFNG",0.9631,9.9221,2.5197,0.01175,0.04654
"BRAT1",0.0165,10.6195,0.0829,0.9339,0.9634
"IQCE",0.5869,10.2158,2.4553,0.01408,0.05356
"TTYH3",-0.6806,11.6759,-2.742,0.006107,0.02837
"AMZ1",-0.62,6.8646,-1.2595,0.2078,0.373
"GNA12",-0.3925,11.4706,-1.9705,0.04879,0.1337
"CARD11",-0.0662,9.2341,-0.163,0.8705,0.9269
"SDK1",-1.434,10.2164,-3.2857,0.001017,0.00728
"FOXK1",-0.5694,11.1604,-2.2401,0.02508,0.08242
"AP5Z1",-0.223,10.2862,-1.1143,0.2652,0.4373
"RADIL",-0.0861,7.8606,-0.1775,0.8591,0.9199
"RBAK",-0.2603,9.6725,-1.3371,0.1812,0.3397
"RBAK-RBAKDN",0.302,7.3392,1.5491,0.1214,0.2572
"WIPI2",0.0475,11.4094,0.3474,0.7283,0.8338
"SLC29A4",1.2954,8.5019,2.8856,0.003906,0.02032
"TNRC18",0.1195,12.2716,0.5554,0.5787,0.7244
"FBXL18",0.3827,8.1897,1.3262,0.1848,0.3443
"ACTB",-0.1801,17.2583,-1.2704,0.2039,0.3681
"FSCN1",-2.0781,11.9241,-6.2629,3.779e-10,3.02e-08
"RNF216",-0.1788,11.0046,-1.072,0.2837,0.4575
"CCZ1",0.3199,10.3365,2.2568,0.02402,0.07971
"RSPH10B",0.3756,8.6398,1.6499,0.09896,0.2226
"PMS2",-0.1094,9.0707,-0.6125,0.5402,0.6931
"AIMP2",0.2026,10.0683,1.1411,0.2538,0.4249
"ANKRD61",0.8394,6.3555,2.2205,0.02638,0.08545
"EIF2AK1",0.2446,12.7212,1.4348,0.1513,0.2986
"USP42",-0.0782,9.4254,-0.3731,0.7091,0.8198
"CYTH3",0.8418,10.5084,3.479,0.0005032,0.004222
"FAM220A",-0.1492,9.7043,-0.7446,0.4565,0.6236
"RAC1",-0.1559,13.1895,-0.8475,0.3967,0.5697
"DAGLB",0.481,10.2682,2.7289,0.006354,0.02924
"KDELR2",0.3956,13.1781,2.0616,0.03924,0.1146
"GRID2IP",1.0101,6.7699,3.5254,0.0004228,0.003689
"ZDHHC4",0.5034,10.6714,2.6999,0.006937,0.0313
"C7orf26",0.0671,9.9738,0.4617,0.6443,0.774
"ZNF853",0.4529,8.6799,1.1132,0.2656,0.4378
"ZNF316",0.2891,10.1899,1.1816,0.2373,0.4066
"ZNF12",0.0622,10.2001,0.3697,0.7116,0.8217
"RSPH10B2",0.386,9.1639,1.939,0.0525,0.1408
"CCZ1B",0.332,11.2253,2.2515,0.02435,0.08052
"C1GALT1",0.9543,10.5386,4.2974,1.728e-05,0.0002775
"COL28A1",0.6628,7.722,1.0992,0.2717,0.4451
"MIOS",0.2321,10.005,1.2669,0.2052,0.3698
"RPA3",0.3527,9.5643,1.5504,0.121,0.2568
"UMAD1",0.8647,9.4787,4.5055,6.622e-06,0.0001269
"GLCCI1",0.8114,9.7384,2.6417,0.00825,0.03559
"ICA1",1.9843,9.6902,6.0523,1.428e-09,9.345e-08
"NDUFA4",0.8715,11.4174,3.9507,7.793e-05,0.0009454
"PHF14",0.1954,10.5207,1.1073,0.2682,0.4408
"THSD7A",0.4338,8.0959,0.9546,0.3398,0.5145
"TMEM106B",0.9903,11.4335,5.0901,3.579e-07,1.085e-05
"VWDE",-0.6065,7.3132,-1.1108,0.2667,0.4389
"AC005281.1",1.703,6.2692,2.387,0.01698,0.06163
"SCIN",2.1665,8.8974,4.3338,1.466e-05,0.0002431
"ARL4A",-0.2218,9.989,-0.6927,0.4885,0.6513
"ETV1",1.0681,10.3848,3.1713,0.001518,0.009903
"DGKB",-1.4122,6.3248,-2.2744,0.02294,0.07706
"AGMO",-0.809,6.5208,-1.2438,0.2136,0.3796
"MEOX2",0.8545,8.043,2.114,0.03452,0.1043
"ISPD",-0.001,7.5049,-0.0032,0.9975,0.9987
"SOSTDC1",-2.8781,8.718,-3.634,0.0002791,0.002658
"ANKMY2",0.5706,9.6348,2.4729,0.0134,0.05168
"BZW2",0.325,11.3069,1.6491,0.09912,0.2229
"TSPAN13",1.203,12.8887,3.8356,0.0001252,0.001394
"AGR2",2.1526,11.9995,3.726,0.0001945,0.001994
"AGR3",3.1972,9.436,5.4017,6.6e-08,2.493e-06
"AHR",1.1476,12.4272,3.3883,0.0007033,0.005484
"RP11-507K12.1",1.237,11.03,3.2911,0.0009978,0.007173
"SNX13",0.9047,10.7561,3.5243,0.0004247,0.003697
"HDAC9",0.1933,8.6916,0.4449,0.6564,0.7832
"TWIST1",-1.8769,7.2054,-3.4431,0.000575,0.004664
"TWISTNB",0.4288,9.8393,2.2392,0.02515,0.08256
"MACC1",2.7208,10.0321,6.1388,8.312e-10,5.829e-08
"ITGB8",-1.4423,10.1241,-3.1858,0.001444,0.009548
"SP8",0.645,6.4729,0.7713,0.4405,0.6097
"SP4",0.446,9.0805,1.3453,0.1785,0.3361
"DNAH11",0.4956,9.8568,1.6203,0.1052,0.2328
"CDCA7L",-0.1129,10.4627,-0.2825,0.7776,0.8676
"RAPGEF5",0.5417,10.8842,1.5944,0.1109,0.2409
"STEAP1B",-0.8252,7.3809,-1.8579,0.06318,0.1604
"IL6",-1.0708,8.7889,-1.9548,0.05061,0.1372
"TOMM7",0.3306,11.943,1.3087,0.1906,0.3517
"FAM126A",0.2855,10.2128,1.1448,0.2523,0.4233
"KLHL7",0.3042,10.2156,1.5459,0.1221,0.2583
"NUPL2",0.2861,9.6953,1.6559,0.09774,0.2208
"GPNMB",-1.5611,13.634,-4.3859,1.155e-05,0.0001998
"MALSU1",-0.7196,10.0347,-2.1142,0.0345,0.1043
"IGF2BP3",-0.8466,8.9151,-1.6098,0.1074,0.2361
"TRA2A",0.2499,11.2398,1.6227,0.1047,0.232
"CCDC126",0.9331,8.7109,4.1275,3.668e-05,0.0005067
"FAM221A",1.6753,8.1091,5.8826,4.038e-09,2.252e-07
"STK31",1.3082,7.4846,2.7378,0.006186,0.02865
"MPP6",0.1689,8.779,0.4694,0.6388,0.7698
"DFNA5",-0.6096,8.9714,-1.6549,0.09795,0.2211
"OSBPL3",0.4111,10.1191,1.753,0.0796,0.1896
"CYCS",0.3935,11.9288,1.6382,0.1014,0.227
"C7orf31",0.0742,8.1427,0.2985,0.7653,0.8596
"NFE2L3",-1.1776,10.2273,-3.237,0.001208,0.008355
"HNRNPA2B1",-0.099,14.3645,-0.6831,0.4946,0.6566
"CBX3",0.3523,12.1857,2.1496,0.03159,0.09782
"SNX10",0.4272,10.1836,1.3182,0.1874,0.3479
"SKAP2",0.6976,11.0248,3.7924,0.0001492,0.0016
"HOXA1",-1.9065,7.037,-4.2008,2.66e-05,0.000395
"HOXA2",-0.5379,6.7538,-1.3525,0.1762,0.3326
"HOXA4",-1.4553,7.6851,-3.4997,0.0004658,0.003988
"HOXA5",-8e-04,8.3415,-0.0027,0.9978,0.9987
"HOXA6",-0.337,6.71,-0.8149,0.4151,0.5862
"HOXA3",-1.0846,8.2564,-2.6382,0.008334,0.0359
"HOXA7",-0.5349,7.5757,-0.9807,0.3268,0.5026
"HOXA9",-1.6209,6.6325,-3.3029,0.0009568,0.006978
"HOXA10",-1.1792,7.5579,-1.8697,0.06152,0.1576
"HOXA11",-2.0679,6.3732,-2.5723,0.0101,0.04157
"HOXA13",-2.229,6.4233,-2.741,0.006126,0.02844
"HIBADH",0.7331,10.5524,3.8993,9.646e-05,0.001129
"TAX1BP1",0.6198,12.6173,4.1851,2.85e-05,0.0004155
"JAZF1",0.05,9.3712,0.217,0.8282,0.9007
"CREB5",-0.8434,8.4991,-2.3877,0.01695,0.06158
"TRIL",-0.0307,8.6822,-0.0718,0.9427,0.9684
"CPVL",0.4651,10.202,1.2894,0.1973,0.3596
"CHN2",1.5668,8.5199,3.8733,0.0001074,0.001233
"PRR15",1.0757,8.2133,1.8747,0.06084,0.1562
"WIPF3",-0.6763,7.793,-1.331,0.1832,0.3423
"SCRN1",0.2708,11.3479,0.8746,0.3818,0.556
"FKBP14",-0.1797,9.5282,-0.8659,0.3865,0.5599
"PLEKHA8",0.3817,9.0643,1.6698,0.09496,0.2161
"MTURN",1.2766,10.1371,3.6741,0.0002387,0.002332
"ZNRF2",0.3393,9.9098,1.7296,0.08371,0.1967
"GS1-114I9.3",0.2371,8.4718,1.292,0.1964,0.3586
"NOD1",0.5689,9.8176,2.4391,0.01472,0.05539
"GGCT",-0.1628,10.5732,-0.9568,0.3386,0.5132
"RP4-777O23.3",-0.1966,9.5123,-1.2465,0.2126,0.3785
"GARS",-0.0325,11.8094,-0.193,0.847,0.913
"CRHR2",-0.2533,6.333,-0.5254,0.5993,0.74
"INMT",1.7174,10.1679,4.0057,6.182e-05,0.0007813
"INMT-MINDY4",0.8624,9.5589,3.6064,0.0003105,0.002909
"MINDY4",0.7383,9.1431,3.1653,0.001549,0.01006
"RP5-877J2.1",1.2795,11.2141,3.1619,0.001568,0.01015
"AQP1",1.2862,13.0618,2.9845,0.00284,0.01611
"ADCYAP1R1",-2.3273,6.9108,-3.9012,9.57e-05,0.001121
"PDE1C",0.6642,7.8984,1.6959,0.08991,0.2075
"LSM5",0.0205,10.0642,0.1126,0.9103,0.951
"AVL9",0.422,10.974,1.8371,0.06619,0.1658
"KBTBD2",0.1397,11.0838,0.8735,0.3824,0.5564
"FKBP9",-0.5017,12.5289,-2.6898,0.007149,0.03208
"NT5C3A",0.4422,9.7829,2.4813,0.01309,0.05076
"RP9",-0.0063,8.4753,-0.0362,0.9711,0.9841
"BBS9",0.6661,9.1895,2.8468,0.004417,0.02214
"BMPER",-0.2539,7.9924,-0.4369,0.6622,0.7869
"DPY19L1",0.8235,11.0682,3.2808,0.001035,0.007378
"HERPUD2",0.2653,10.4416,2.1495,0.0316,0.09783
"SEPT7",0.1683,12.3621,1.1437,0.2527,0.4238
"EEPD1",-0.8343,8.8969,-3.1163,0.001832,0.01144
"KIAA0895",0.9241,8.9604,3.6779,0.0002351,0.002311
"ANLN",-0.0482,9.8698,-0.1218,0.903,0.9469
"AOAH",-1.4359,9.0279,-3.7419,0.0001826,0.001888
"ELMO1",0.1715,10.0518,0.485,0.6277,0.7614
"GPR141",0.1562,6.6856,0.4366,0.6624,0.7869
"NME8",0.4378,6.2576,0.9931,0.3207,0.4964
"EPDR1",1.3533,10.3481,4.3918,1.124e-05,0.0001957
"SFRP4",0.0602,10.1995,0.1246,0.9009,0.9458
"STARD3NL",0.6219,10.4665,2.9672,0.003005,0.01677
"AMPH",0.458,6.919,1.2171,0.2236,0.3906
"VPS41",0.4133,11.1846,2.5254,0.01156,0.04596
"POU6F2",-0.5482,7.2174,-0.7787,0.4361,0.6056
"YAE1D1",0.5117,8.638,2.1907,0.02847,0.09053
"RALA",-0.1043,11.3994,-0.5699,0.5688,0.7166
"CDK13",0.0352,10.9611,0.2699,0.7872,0.8738
"MPLKIP",0.031,9.6946,0.1793,0.8577,0.9191
"SUGCT",-0.169,7.4619,-0.5668,0.5709,0.7181
"INHBA",-0.0697,10.7212,-0.1878,0.851,0.9156
"GLI3",-2.0419,9.1723,-5.7363,9.674e-09,4.74e-07
"C7orf25",-0.0525,9.1791,-0.3517,0.7251,0.8315
"RP11-111K18.1",-0.1472,11.7978,-0.8629,0.3882,0.5616
"PSMA2",-0.1685,11.7486,-0.946,0.3442,0.5188
"MRPL32",0.2441,10.1492,1.1799,0.238,0.4073
"HECW1",-0.5902,7.0398,-1.0065,0.3142,0.4896
"STK17A",0.016,10.7297,0.073,0.9418,0.9677
"COA1",0.0982,10.4938,0.4357,0.6631,0.7875
"BLVRA",0.2594,10.9566,1.1377,0.2552,0.4262
"MRPS24",0.1812,10.6799,0.9566,0.3388,0.5133
"URGCP-MRPS24",0.1805,10.6514,0.974,0.3301,0.5054
"URGCP",0.1237,10.4472,0.712,0.4765,0.6401
"UBE2D4",0.4538,9.7163,2.7916,0.005244,0.02526
"SPDYE1",-0.0594,6.7438,-0.2107,0.8332,0.9041
"PGAM2",0.8229,7.4202,1.888,0.05903,0.1532
"DBNL",-0.1584,12.2882,-1.1128,0.2658,0.4379
"POLM",0.2041,9.5324,1.0062,0.3143,0.4896
"AEBP1",-0.0787,13.2376,-0.2232,0.8234,0.8972
"POLD2",-0.3966,11.4526,-1.786,0.0741,0.1798
"GCK",-0.4297,6.3419,-0.8726,0.3829,0.5569
"YKT6",-0.1736,11.751,-1.0169,0.3092,0.484
"CAMK2B",2.7173,6.6627,3.9017,9.553e-05,0.00112
"NUDCD3",-0.1097,11.7508,-0.7902,0.4294,0.5998
"DDX56",0.0507,11.128,0.2688,0.7881,0.8746
"TMED4",0.4334,11.9482,3.5389,0.0004018,0.003546
"OGDH",0.1022,12.4182,0.5643,0.5726,0.7193
"ZMIZ2",-0.2156,11.8697,-0.8918,0.3725,0.5472
"PPIA",0.0849,13.2247,0.4422,0.6583,0.784
"H2AFV",0.2164,12.1243,1.1401,0.2542,0.4253
"PURB",-0.2894,11.3415,-1.5704,0.1163,0.2495
"MYO1G",-0.0281,9.7045,-0.0799,0.9363,0.9647
"CCM2",-0.4043,10.6947,-2.7089,0.006751,0.03064
"NACAD",-0.1715,7.8563,-0.4183,0.6757,0.7964
"TBRG4",0.022,10.8538,0.108,0.914,0.9526
"RAMP3",0.4125,9.5217,1.1303,0.2584,0.4298
"ADCY1",-0.3697,7.8072,-0.9351,0.3497,0.5246
"IGFBP3",0.3804,12.8615,0.7566,0.4493,0.6173
"TNS3",0.4539,12.4646,1.7027,0.08862,0.2055
"PKD1L1",0.4751,6.8022,1.0306,0.3027,0.4775
"HUS1",0.0615,9.2586,0.4204,0.6742,0.7954
"C7orf57",2.9215,6.945,4.3806,1.183e-05,0.0002036
"UPP1",0.503,10.3629,1.594,0.1109,0.241
"ABCA13",-1.3414,8.787,-1.9985,0.04567,0.1278
"VWC2",-2.6885,6.4317,-3.7464,0.0001794,0.00186
"IKZF1",-0.2603,9.5712,-0.7265,0.4675,0.6328
"FIGNL1",-0.2562,9.084,-0.9784,0.3279,0.5033
"DDC",3.0659,7.1639,5.347,8.94e-08,3.266e-06
"GRB10",-0.0237,10.8519,-0.086,0.9315,0.9627
"COBL",2.419,9.9168,6.1155,9.628e-10,6.558e-08
"SEC61G",0.1962,10.7184,0.8782,0.3798,0.5543
"EGFR",-0.8711,12.2308,-2.4665,0.01364,0.05232
"LANCL2",-0.5881,9.5816,-2.2862,0.02224,0.07534
"VOPP1",-0.1656,11.3617,-1.195,0.2321,0.4004
"ZNF713",0.5173,7.7396,2.0354,0.04181,0.1198
"RP11-15K19.2",0.0662,8.8559,0.4208,0.6739,0.7952
"MRPS17",0.0714,9.3185,0.4561,0.6483,0.7774
"GBAS",0.5626,11.293,2.9117,0.003595,0.01914
"PSPH",-0.4299,9.1545,-1.7932,0.07294,0.1778
"CCT6A",-0.1779,12.4237,-1.0443,0.2964,0.4704
"SUMF2",0.8275,12.3807,4.6252,3.743e-06,7.854e-05
"PHKG1",0.747,9.9312,3.9551,7.65e-05,0.0009342
"CHCHD2",0.5295,12.1871,2.2371,0.02528,0.0828
"NUPR2",0.3964,6.6712,0.7354,0.4621,0.6284
"ZNF727",0.7345,6.3892,1.144,0.2526,0.4236
"ZNF736",-0.1439,8.8608,-0.5394,0.5896,0.7327
"ZNF680",0.2883,8.8935,1.165,0.244,0.414
"ZNF107",-0.0233,8.72,-0.097,0.9227,0.9575
"ZNF138",-0.039,8.2489,-0.1651,0.8689,0.9257
"ZNF273",-0.3222,8.268,-1.0246,0.3055,0.4804
"ZNF117",0.6278,9.9291,1.5184,0.1289,0.2678
"ERV3-1",1.1076,9.4965,2.5922,0.009537,0.03979
"ZNF92",0.1305,8.547,0.5971,0.5505,0.7018
"VKORC1L1",0.5463,11.449,2.7982,0.005139,0.02484
"GUSB",0.4501,11.6031,2.9754,0.002926,0.01646
"ASL",1.3178,10.4366,6.1338,8.582e-10,5.993e-08
"AC068533.7",0.9911,9.7305,5.3293,9.858e-08,3.562e-06
"CRCP",0.0235,10.5472,0.1486,0.8819,0.9342
"TPST1",-0.5837,9.6248,-2.4458,0.01445,0.05464
"KCTD7",0.2608,9.0746,1.4046,0.1601,0.3114
"RABGEF1",-0.0339,10.4677,-0.2608,0.7942,0.878
"TMEM248",0.0088,12.2495,0.0605,0.9517,0.9727
"SBDS",0.3964,11.4881,1.9006,0.05736,0.1499
"TYW1",0.1818,10.091,1.14,0.2543,0.4253
"AUTS2",-0.2267,10.6902,-0.6607,0.5088,0.6686
"WBSCR17",-1.6235,7.9239,-3.1393,0.001694,0.01076
"TYW1B",0.0269,8.2404,0.1043,0.917,0.9543
"POM121",-0.4293,11.6844,-2.5929,0.009518,0.03974
"TRIM74",-0.6042,6.4388,-1.5956,0.1106,0.2406
"NSUN5",0.1705,9.8992,0.8723,0.3831,0.557
"FZD9",-1.1313,6.5641,-1.7187,0.08567,0.2003
"BAZ1B",-0.3365,11.8933,-2.0894,0.03667,0.1091
"BCL7B",0.2001,10.8351,1.29,0.1971,0.3595
"TBL2",0.0545,10.6709,0.3252,0.7451,0.846
"MLXIPL",-0.1456,7.4103,-0.2771,0.7817,0.8706
"VPS37D",0.3716,7.2953,1.0682,0.2854,0.4591
"DNAJC30",-0.0138,9.068,-0.0839,0.9332,0.9633
"WBSCR22",0.0263,11.3969,0.192,0.8478,0.9134
"STX1A",0.8151,8.2888,2.614,0.00895,0.0378
"ABHD11",0.0446,9.8368,0.2427,0.8083,0.8882
"CLDN3",1.6457,9.432,3.4794,0.0005025,0.004218
"CLDN4",0.6818,12.8936,2.4194,0.01555,0.05763
"WBSCR27",-0.4923,7.6613,-1.3186,0.1873,0.3477
"ELN",0.3686,11.2158,0.9399,0.3473,0.5224
"LIMK1",-0.2391,10.9777,-1.2108,0.226,0.3937
"EIF4H",-0.3714,13.0599,-2.4859,0.01292,0.05029
"LAT2",0.3309,9.333,0.9976,0.3185,0.4943
"RFC2",-0.3927,10.03,-2.2129,0.02691,0.08663
"CLIP2",-1.1306,9.9528,-4.9568,7.166e-07,1.958e-05
"GTF2IRD1",-0.8749,9.9319,-4.0975,4.176e-05,0.0005651
"GTF2I",-0.1936,12.0807,-1.02,0.3077,0.4824
"NCF1",-0.5994,8.877,-1.6635,0.0962,0.2183
"GTF2IRD2",0.4245,9.0756,1.818,0.06906,0.1712
"GATSL2",-0.1948,7.0597,-0.716,0.474,0.6384
"RCC1L",-0.249,10.7576,-1.8928,0.05838,0.152
"GTF2IRD2B",0.5364,9.013,2.3488,0.01883,0.06664
"TRIM73",0.0609,7.322,0.1957,0.8449,0.9112
"POM121C",-0.558,11.1621,-2.8327,0.004616,0.02287
"SPDYE5",-0.4267,6.7224,-1.4977,0.1342,0.275
"HIP1",0.1259,11.2825,0.4506,0.6523,0.7801
"CCL26",-1.4818,6.469,-2.7556,0.005858,0.02752
"CCL24",-0.1865,6.7344,-0.3422,0.7322,0.8364
"RHBDD2",-0.1536,11.9555,-0.8671,0.3859,0.5595
"POR",-0.0798,12.1462,-0.3237,0.7461,0.8466
"TMEM120A",0.3512,10.0158,1.6563,0.09766,0.2207
"STYXL1",0.1676,9.9447,0.7683,0.4423,0.6112
"MDH2",-0.0969,12.4718,-0.4793,0.6318,0.7647
"SRRM3",-0.8245,7.6339,-2.2642,0.02356,0.07849
"HSPB1",-1.7241,13.3443,-5.3739,7.705e-08,2.852e-06
"YWHAG",-0.2895,12.9578,-1.5055,0.1322,0.2723
"SSC4D",-0.5354,7.209,-1.5496,0.1212,0.2571
"ZP3",-0.4634,8.554,-1.3758,0.1689,0.3235
"DTX2",-0.5473,10.3113,-2.1113,0.03475,0.1048
"UPK3B",-0.7301,9.8771,-1.3641,0.1725,0.3281
"SPDYE16",-0.4528,6.602,-1.8495,0.06439,0.1625
"POMZP3",-0.5114,8.983,-1.8067,0.07081,0.1743
"FGL2",0.4419,10.2092,1.1261,0.2601,0.4316
"CCDC146",0.1166,8.3861,0.2602,0.7947,0.8782
"GSAP",0.7312,10.2044,2.7088,0.006753,0.03064
"PTPN12",-0.0126,12.0018,-0.069,0.945,0.9695
"RSBN1L",0.0368,10.3622,0.2035,0.8388,0.9076
"TMEM60",0.2325,9.0659,1.3154,0.1884,0.3492
"PHTF2",-0.0887,10.1527,-0.4935,0.6216,0.7572
"MAGI2",0.4706,8.6095,1.8304,0.06719,0.1677
"GNAI1",-0.4667,10.3043,-1.7013,0.08889,0.2058
"CD36",-0.9299,10.3909,-1.8371,0.0662,0.1658
"SEMA3C",0.2724,11.0469,0.7286,0.4663,0.6315
"HGF",1.0023,8.776,2.9167,0.003537,0.01892
"CACNA2D1",-1.1941,9.1508,-2.7808,0.005423,0.02586
"PCLO",-0.3679,8.5588,-0.8757,0.3812,0.5556
"SEMA3E",1.6854,8.272,2.9496,0.003182,0.01749
"SEMA3A",1.0612,8.7276,2.3034,0.02125,0.07298
"SEMA3D",-0.4428,8.5005,-0.8775,0.3802,0.5545
"KIAA1324L",-0.086,9.9506,-0.3102,0.7564,0.8535
"DMTF1",-0.224,10.5928,-1.2752,0.2022,0.366
"TMEM243",1.072,9.8216,4.3605,1.298e-05,0.0002203
"CROT",-0.9053,9.2837,-3.0157,0.002564,0.0149
"ABCB4",0.9899,6.6073,2.6225,0.00873,0.03713
"ABCB1",0.7988,7.7611,1.9584,0.05019,0.1364
"RUNDC3B",0.5012,6.6203,1.0783,0.2809,0.4547
"SLC25A40",0.186,9.5764,1.0008,0.3169,0.4926
"DBF4",-0.5908,8.7243,-2.8991,0.003742,0.0197
"ADAM22",-0.5114,7.9142,-1.1532,0.2488,0.4197
"SRI",1.1877,11.5114,4.4786,7.512e-06,0.0001416
"STEAP4",2.5742,11.1978,5.0457,4.519e-07,1.322e-05
"STEAP1",0.0763,8.8233,0.1752,0.8609,0.921
"STEAP2",0.3986,9.6529,1.0765,0.2817,0.4556
"CFAP69",0.7754,7.7131,2.2979,0.02157,0.07378
"GTPBP10",-0.0604,9.4986,-0.3449,0.7302,0.8351
"CLDN12",0.5589,10.7236,2.4758,0.01329,0.05136
"CDK14",-0.5075,9.9332,-1.9041,0.05689,0.1489
"FZD1",-0.0085,10.8379,-0.0262,0.9791,0.9889
"MTERF1",-0.4981,8.7394,-2.4268,0.01523,0.05685
"AKAP9",0.5365,11.305,2.2305,0.02572,0.0838
"CYP51A1",-0.3521,11.5987,-1.5254,0.1272,0.2654
"LRRD1",-0.3618,11.5157,-1.5685,0.1168,0.2502
"KRIT1",-0.2212,10.2409,-1.545,0.1224,0.2587
"ANKIB1",-0.1433,10.9742,-1.0417,0.2976,0.4718
"GATAD1",0.1421,10.4856,0.8458,0.3977,0.5705
"PEX1",0.033,9.7762,0.1863,0.8522,0.916
"RBM48",0.0711,8.8434,0.4655,0.6416,0.7718
"FAM133B",-0.3209,8.4974,-2.2112,0.02702,0.08692
"CDK6",-1.2111,10.6268,-4.681,2.854e-06,6.242e-05
"SAMD9",-0.291,10.2857,-0.7652,0.4442,0.6126
"SAMD9L",-0.0462,10.4763,-0.1427,0.8865,0.9367
"HEPACAM2",1.4211,6.4367,1.9486,0.05134,0.1387
"VPS50",0.3187,9.7631,2.1603,0.03075,0.0959
"CALCR",1.6629,6.3962,3.1526,0.001618,0.0104
"TFPI2",2.7299,8.9575,3.6468,0.0002655,0.002546
"GNGT1",1.0435,6.9345,1.7923,0.07309,0.178
"GNG11",1.3403,10.0697,4.5949,4.33e-06,8.939e-05
"BET1",0.7172,9.6731,3.4579,0.0005444,0.004496
"COL1A2",-0.3164,15.2266,-0.9251,0.3549,0.5294
"CASD1",0.6831,9.9482,3.6031,0.0003144,0.002934
"SGCE",0.3821,9.7606,1.2283,0.2194,0.386
"PEG10",0.7059,10.4248,1.2589,0.2081,0.3732
"PPP1R9A",1.7485,9.3491,4.1914,2.773e-05,0.0004078
"PON1",3.0316,6.501,5.1646,2.41e-07,7.718e-06
"PON3",2.9054,9.4492,6.2251,4.814e-10,3.62e-08
"PON2",1.2059,11.958,4.3164,1.586e-05,0.0002602
"ASB4",2.3401,6.4826,5.1642,2.415e-07,7.719e-06
"PDK4",2.4795,10.5693,5.5254,3.287e-08,1.385e-06
"DYNC1I1",-1.1701,7.7295,-2.5454,0.01092,0.04413
"SLC25A13",-0.1656,9.9732,-0.7575,0.4488,0.6169
"SEM1",-0.4804,11.3335,-2.5966,0.009414,0.03939
"DLX6",-2.8162,6.8022,-3.4226,0.0006203,0.004945
"DLX5",-1.4973,7.3974,-2.1104,0.03483,0.1049
"SDHAF3",0.4384,9.012,1.7696,0.0768,0.1848
"ASNS",-0.6435,9.9749,-2.4468,0.01441,0.05456
"LMTK2",0.1101,10.971,0.5204,0.6028,0.7427
"BHLHA15",1.0688,6.7074,2.4757,0.0133,0.05136
"TECPR1",0.3658,10.2492,1.9229,0.0545,0.1447
"BRI3",0.3794,11.8404,2.039,0.04145,0.1191
"BAIAP2L1",0.0092,11.2114,0.0429,0.9658,0.9813
"NPTX2",0.607,7.2114,1.3711,0.1704,0.3253
"TMEM130",1.4721,8.2894,2.9996,0.002703,0.01551
"TRRAP",-0.2047,11.503,-0.9952,0.3196,0.4955
"SMURF1",0.0352,11.2847,0.2037,0.8386,0.9076
"KPNA7",2.5252,6.691,5.6427,1.674e-08,7.644e-07
"ARPC1A",-0.2961,12.0593,-1.8618,0.06263,0.1595
"RP5-900K19.2",0.3255,13.3256,1.7421,0.0815,0.1928
"ARPC1B",0.6301,12.8148,2.5132,0.01197,0.04723
"PDAP1",-0.3327,11.7627,-2.1951,0.02815,0.08981
"BUD31",-0.0254,11.0445,-0.1218,0.903,0.9469
"CPSF4",-0.4487,9.8651,-2.926,0.003434,0.01852
"PTCD1",-0.0773,10.8176,-0.419,0.6752,0.7961
"ATP5J2-PTCD1",0.2371,10.5802,1.0765,0.2817,0.4556
"ATP5J2",0.4327,11.3389,1.6721,0.09451,0.2154
"ZNF394",-0.1664,9.6067,-1.203,0.229,0.3974
"ZNF789",-0.3574,8.6153,-1.794,0.07282,0.1776
"ZKSCAN5",-0.367,9.2803,-2.5128,0.01198,0.04726
"FAM200A",-0.1959,8.6429,-0.9692,0.3324,0.5074
"ZNF655",-0.2131,11.0776,-0.9702,0.3319,0.5071
"GS1-259H13.13",0.3057,7.9407,1.1342,0.2567,0.4277
"GS1-259H13.2",0.1943,6.5301,0.522,0.6017,0.7418
"ZSCAN25",-0.4636,9.424,-2.9566,0.003111,0.01718
"CYP3A5",1.8703,8.0192,3.0413,0.002356,0.01393
"CYP3A7-CYP3A51P",1.0499,6.4902,2.1915,0.02842,0.09038
"CYP3A7",1.0491,6.5993,2.19,0.02853,0.09063
"TRIM4",-0.0138,10.3205,-0.0808,0.9356,0.9643
"AZGP1",2.9439,8.7267,4.382,1.176e-05,0.0002028
"ZKSCAN1",-0.4948,11.2842,-2.2957,0.02169,0.07404
"ZSCAN21",-0.4287,8.6731,-2.9782,0.0029,0.01633
"ZNF3",-0.2103,10.2989,-1.3963,0.1626,0.3147
"COPS6",-0.0847,11.3662,-0.6599,0.5093,0.6689
"MCM7",-0.7272,11.7564,-3.3045,0.0009513,0.006956
"AP4M1",-0.1668,10.6948,-1.461,0.144,0.2885
"TAF6",-0.2446,10.9952,-1.7953,0.0726,0.1772
"CNPY4",-0.5572,8.8302,-3.2501,0.001154,0.008042
"MBLAC1",-0.4059,6.9269,-1.5805,0.114,0.2457
"LAMTOR4",0.0857,10.9304,0.3459,0.7294,0.8345
"C7orf43",-0.1991,9.3367,-1.0728,0.2833,0.4571
"GAL3ST4",-0.5105,8.7281,-1.8827,0.05974,0.1545
"GPC2",-0.0585,6.8296,-0.1206,0.904,0.9474
"STAG3",-0.1795,8.6644,-0.8262,0.4087,0.5802
"PVRIG",-0.4308,7.7269,-1.6107,0.1072,0.2358
"GATS",-0.2883,8.8867,-1.2435,0.2137,0.3796
"SPDYE3",-0.0945,8.1369,-0.5396,0.5895,0.7327
"PILRB",-0.7303,10.2415,-2.7839,0.005372,0.02569
"PILRA",-0.1309,9.306,-0.5155,0.6062,0.7449
"ZCWPW1",-0.049,7.945,-0.1874,0.8514,0.9157
"MEPCE",-0.196,10.8207,-1.0197,0.3079,0.4825
"PPP1R35",0.4331,8.8437,1.931,0.05349,0.1427
"C7orf61",-1.4694,6.3471,-3.639,0.0002737,0.002614
"TSC22D4",-0.2052,10.7434,-1.398,0.1621,0.3139
"NYAP1",-0.9511,6.5343,-1.896,0.05796,0.1511
"AGFG2",0.4115,9.7152,2.0425,0.0411,0.1183
"SAP25",0.7775,7.3585,1.9465,0.0516,0.1392
"LRCH4",0.3405,10.7206,2.0795,0.03758,0.111
"FBXO24",0.3989,6.602,1.3977,0.1622,0.314
"PCOLCE",-0.1423,10.8828,-0.5176,0.6047,0.7441
"MOSPD3",0.1611,9.2121,0.9059,0.365,0.5395
"TFR2",0.451,7.0258,1.1642,0.2443,0.4143
"GNB2",-0.2356,12.6463,-1.633,0.1025,0.2288
"GIGYF1",-0.1813,10.8607,-0.7686,0.4421,0.6109
"POP7",-0.2175,9.6208,-1.1738,0.2405,0.41
"EPHB4",-0.2552,11.8165,-0.9437,0.3453,0.5201
"SLC12A9",-0.1996,10.5825,-1.0458,0.2957,0.4696
"TRIP6",-0.6954,10.8874,-2.4209,0.01548,0.05745
"SRRT",-0.5025,11.507,-3.7454,0.0001801,0.001866
"UFSP1",0.2504,6.8512,0.7798,0.4355,0.6052
"ACHE",-0.2064,7.886,-0.4009,0.6885,0.8048
"MUC3A",3.1652,8.4047,5.6823,1.329e-08,6.22e-07
"MUC12",0.9287,7.0038,1.905,0.05678,0.1487
"TRIM56",-0.004,11.5257,-0.0182,0.9855,0.992
"SERPINE1",-0.7979,11.4746,-1.6151,0.1063,0.2344
"AP1S1",0.3497,10.5014,1.8831,0.05969,0.1544
"PLOD3",-0.3685,11.3658,-1.589,0.1121,0.2429
"ZNHIT1",0.5337,10.9758,2.3524,0.01865,0.06621
"CLDN15",-0.5679,8.2231,-1.5264,0.1269,0.2654
"FIS1",0.6465,11.2002,3.0352,0.002403,0.01415
"IFT22",0.1106,9.6613,0.5232,0.6009,0.7412
"COL26A1",-2.475,6.7854,-4.7299,2.247e-06,5.122e-05
"CUX1",-0.3708,12.3589,-1.9728,0.04852,0.1331
"SH2B2",-0.6473,7.9071,-2.7283,0.006366,0.02929
"SPDYE6",-0.1002,6.6477,-0.3164,0.7517,0.8502
"PRKRIP1",-0.137,9.8499,-0.9892,0.3226,0.4983
"ORAI2",0.2851,10.3026,1.1094,0.2672,0.4395
"ALKBH4",-0.3396,8.8591,-1.9811,0.04758,0.1316
"LRWD1",-0.1553,9.5337,-0.6766,0.4987,0.6597
"POLR2J",-0.004,10.7951,-0.0222,0.9823,0.9907
"RASA4B",0.7173,9.4254,2.5241,0.0116,0.0461
"SPDYE2",-0.2726,7.0495,-0.9278,0.3535,0.5281
"POLR2J3",-0.7852,10.6656,-2.8244,0.004737,0.02331
"RP11-514P8.7",0.0255,8.7431,0.1102,0.9123,0.9519
"RASA4",0.5501,9.2512,1.9525,0.05087,0.1378
"UPK3BL",-0.8289,9.8627,-2.656,0.007907,0.03446
"RP11-514P8.6",-0.3916,10.0467,-1.412,0.158,0.3084
"SPDYE2B",-0.4572,7.1823,-1.3919,0.164,0.3166
"POLR2J2",-0.7045,10.0629,-2.5389,0.01112,0.0447
"FAM185A",0.1749,7.8211,0.8467,0.3972,0.5701
"LRRC17",-0.8187,7.7542,-2.1295,0.03321,0.1015
"FBXL13",-0.6795,7.0155,-1.4302,0.1526,0.3006
"ARMC10",-0.1362,10.179,-0.7572,0.449,0.617
"NAPEPLD",0.3939,9.5921,1.8381,0.06605,0.1656
"PMPCB",0.0599,10.965,0.3608,0.7183,0.8264
"DNAJC2",-0.6094,10.1874,-3.3339,0.0008565,0.0064
"PSMC2",-0.3396,11.5018,-2.3268,0.01998,0.06957
"SLC26A5",0.3493,6.4269,0.6269,0.5307,0.6862
"RELN",1.738,7.7075,3.6397,0.000273,0.002609
"ORC5",-0.2721,9.2856,-1.4533,0.1461,0.2917
"LHFPL3",-0.5706,6.6114,-0.8978,0.3693,0.544
"KMT2E",-0.2575,11.5247,-1.6257,0.104,0.2312
"SRPK2",-0.2525,10.65,-1.4613,0.1439,0.2883
"PUS7",-0.7577,9.485,-3.5427,0.000396,0.003509
"RINT1",-0.0654,9.6869,-0.3548,0.7228,0.8296
"EFCAB10",0.2742,8.3848,1.0823,0.2791,0.453
"ATXN7L1",-0.8258,8.6012,-3.8844,0.0001026,0.001191
"CDHR3",1.4542,8.2042,2.3876,0.01696,0.0616
"SYPL1",-0.6349,12.1173,-3.1108,0.001866,0.01161
"NAMPT",0.1272,12.5097,0.272,0.7856,0.873
"CCDC71L",-0.309,9.9778,-1.5309,0.1258,0.2638
"PIK3CG",0.2212,8.3863,0.528,0.5975,0.7383
"PRKAR2B",1.3707,9.0731,3.5233,0.0004262,0.003707
"HBP1",0.2718,11.6112,1.5841,0.1132,0.2444
"COG5",0.0842,11.3207,0.6045,0.5455,0.6976
"DUS4L",-0.013,8.3847,-0.0636,0.9493,0.9719
"BCAP29",0.3158,10.8417,1.4735,0.1406,0.2837
"SLC26A4",-0.1041,6.9807,-0.255,0.7987,0.8809
"CBLL1",-0.2538,9.9449,-1.4585,0.1447,0.2896
"DLD",-0.2343,11.3966,-1.3706,0.1705,0.3254
"LAMB1",-0.9376,12.5318,-3.9216,8.796e-05,0.001046
"LAMB4",-3.2019,6.553,-5.0981,3.43e-07,1.048e-05
"NRCAM",-1.8952,9.0172,-3.5326,0.0004116,0.003613
"PNPLA8",0.2117,10.5486,1.1676,0.243,0.4128
"THAP5",0.0606,9.7904,0.3112,0.7556,0.8529
"DNAJB9",0.6395,10.6856,2.2908,0.02197,0.07467
"LRRN3",1.7645,7.6326,4.3571,1.318e-05,0.0002222
"IMMP2L",0.744,8.1672,2.9631,0.003045,0.01693
"DOCK4",0.7522,10.2881,2.7966,0.005164,0.02495
"ZNF277",0.53,9.569,2.5629,0.01038,0.04247
"IFRD1",-0.0876,10.2562,-0.3343,0.7382,0.841
"LSMEM1",-0.031,6.744,-0.0878,0.9301,0.9616
"TMEM168",0.0187,10.209,0.1196,0.9048,0.9479
"BMT2",0.1272,9.1882,0.4915,0.6231,0.7583
"GPR85",-0.2084,7.334,-0.6792,0.497,0.6584
"LINC00998",0.1517,10.0443,0.7608,0.4468,0.6149
"FOXP2",0.2074,8.3841,0.4863,0.6268,0.761
"MDFIC",0.6817,10.6279,2.6661,0.007673,0.03374
"TFEC",0.6893,8.7038,1.6617,0.09658,0.2187
"TES",0.2806,11.6728,1.8307,0.06715,0.1676
"CAV2",-0.1985,11.9672,-0.7143,0.475,0.6391
"CAV1",0.1895,12.7674,0.6778,0.4979,0.6592
"MET",0.4432,12.0134,1.6089,0.1076,0.2364
"CAPZA2",0.724,12.0116,3.2967,0.0009784,0.007083
"ST7",0.1592,10.3967,0.9519,0.3412,0.5158
"WNT2",0.2965,8.619,0.7367,0.4613,0.6277
"CFTR",2.0882,8.7986,3.4456,0.0005698,0.004631
"CTTNBP2",-2.1889,7.6957,-4.8296,1.368e-06,3.355e-05
"LSM8",-0.1158,9.7166,-0.7053,0.4806,0.6441
"KCND2",0.4817,7.1357,1.104,0.2696,0.4426
"TSPAN12",2.0619,10.2762,5.4576,4.826e-08,1.887e-06
"ING3",0.3632,8.957,1.8591,0.06301,0.1601
"CPED1",1.35,9.0122,3.5682,0.0003594,0.00325
"WNT16",-2.1754,6.4241,-3.3342,0.0008554,0.006398
"FAM3C",-0.5176,10.9234,-1.8543,0.0637,0.1613
"PTPRZ1",-2.8937,8.9876,-4.5937,4.354e-06,8.957e-05
"AASS",0.4056,8.783,1.1332,0.2571,0.4283
"FEZF1",0.6724,6.7536,0.8659,0.3866,0.5599
"CADPS2",1.4683,10.4279,4.7004,2.597e-06,5.725e-05
"IQUB",1.2189,6.8184,2.297,0.02162,0.07386
"NDUFA5",0.4384,10.7504,2.484,0.01299,0.05048
"WASL",0.2634,11.331,1.7363,0.08251,0.1945
"GPR37",-0.1783,7.4746,-0.4063,0.6845,0.8022
"POT1",5e-04,9.7279,0.0028,0.9978,0.9987
"GRM8",-0.3076,6.6079,-0.6877,0.4916,0.6539
"ZNF800",0.3265,9.6327,2.231,0.02568,0.08372
"ARF5",-0.0994,11.9389,-0.5342,0.5932,0.7352
"GCC1",-0.0326,10.6167,-0.2461,0.8056,0.8863
"FSCN3",-0.086,9.9202,-0.4477,0.6543,0.7816
"LRRC4",-2.453,8.8327,-4.5371,5.704e-06,0.0001126
"SND1",0.0762,12.7591,0.3825,0.7021,0.8152
"RBM28",-0.2765,10.1547,-1.472,0.141,0.2843
"PRRT4",-0.612,6.405,-1.0725,0.2835,0.4573
"IMPDH1",-0.381,10.7328,-1.4497,0.1471,0.293
"HILPDA",0.0628,9.5721,0.1707,0.8644,0.923
"METTL2B",0.213,9.7839,1.4138,0.1574,0.3077
"FAM71F2",-0.6451,6.297,-1.5481,0.1216,0.2576
"CALU",0.0294,12.8275,0.154,0.8776,0.9314
"OPN1SW",0.4033,6.8786,1.5882,0.1123,0.2431
"CCDC136",-0.2755,7.0594,-0.59,0.5552,0.7053
"FLNC",1.0704,9.6143,2.8849,0.003915,0.02033
"ATP6V1F",0.2403,11.517,1.0793,0.2805,0.4544
"RP11-309L24.4",-0.5512,6.9778,-1.3265,0.1847,0.3442
"KCP",0.186,9.6692,0.8103,0.4177,0.5887
"IRF5",-0.4718,9.5598,-1.5793,0.1143,0.246
"TNPO3",-0.3862,11.1469,-2.2346,0.02544,0.08314
"RP11-286H14.4",-0.5073,8.4335,-2.8473,0.004409,0.02212
"TSPAN33",-0.6902,9.1656,-2.3963,0.01656,0.06048
"SMO",-1.7657,9.3556,-5.9164,3.291e-09,1.886e-07
"AHCYL2",1.6858,11.5034,5.3674,7.99e-08,2.951e-06
"STRIP2",0.4751,7.7422,1.1173,0.2639,0.4357
"SMKR1",1.1808,6.8134,2.6231,0.008713,0.03708
"NRF1",-0.1103,9.4991,-1.0425,0.2972,0.4714
"UBE2H",-0.1498,12.4356,-0.8827,0.3774,0.5521
"ZC3HC1",-0.0195,9.14,-0.1245,0.9009,0.9458
"KLHDC10",0.41,10.7839,2.1545,0.0312,0.09693
"TMEM209",0.0319,9.9373,0.2088,0.8346,0.9047
"CPA4",-2.7398,6.7707,-3.291,0.0009983,0.007173
"CEP41",-0.0552,8.9301,-0.26,0.7949,0.8784
"MEST",-0.7337,10.8674,-2.1917,0.0284,0.09035
"COPG2",-0.4025,10.3139,-1.6847,0.09205,0.2115
"TSGA13",0.1049,6.3972,0.3215,0.7479,0.8475
"MKLN1",0.1186,11.0317,0.758,0.4484,0.6167
"PODXL",-0.4861,11.5669,-1.5873,0.1125,0.2434
"PLXNA4",-0.0914,7.9404,-0.2239,0.8228,0.897
"CHCHD3",0.2347,11.6126,1.5081,0.1315,0.2716
"EXOC4",0.1356,11.3076,0.8676,0.3856,0.5593
"LRGUK",0.9864,6.6205,1.8377,0.06611,0.1657
"SLC35B4",-0.2692,9.4761,-1.7632,0.07787,0.1865
"AKR1B1",-0.2758,11.2606,-0.8957,0.3704,0.5452
"AKR1B10",-1.3466,8.9097,-1.3093,0.1904,0.3515
"AKR1B15",-0.9165,7.2959,-0.9506,0.3418,0.5164
"BPGM",-0.224,9.8241,-1.1699,0.2421,0.4118
"CALD1",-0.2564,12.7754,-1.2445,0.2133,0.3793
"AGBL3",0.7432,7.111,2.3164,0.02054,0.07112
"TMEM140",0.0511,10.4274,0.2713,0.7862,0.8733
"C7orf49",0.0542,10.4582,0.2746,0.7836,0.8719
"WDR91",-0.9331,10.1036,-3.6905,0.0002238,0.002219
"CNOT4",-0.2479,9.7232,-1.7467,0.08068,0.1914
"NUP205",-0.4518,11.1716,-2.0629,0.03912,0.1144
"C7orf73",-0.222,10.9782,-1.0881,0.2765,0.4501
"SLC13A4",-0.1692,6.9222,-0.4667,0.6407,0.7713
"FAM180A",0.4704,6.9206,1.201,0.2298,0.3984
"LUZP6",-0.2014,9.2675,-1.3188,0.1872,0.3476
"MTPN",-0.18,12.6858,-1.1276,0.2595,0.431
"CHRM2",1.1835,6.3893,1.6425,0.1005,0.2254
"PTN",-3.3062,8.9843,-8.1169,4.784e-16,1.893e-13
"DGKI",-0.3801,6.5748,-1.1613,0.2455,0.4155
"CREB3L2",0.7357,11.8808,2.8492,0.004383,0.02203
"TRIM24",-0.0652,10.5472,-0.2654,0.7907,0.8762
"SVOPL",0.1811,6.7529,0.3551,0.7225,0.8294
"ATP6V0A4",2.0576,7.38,3.3893,0.0007007,0.00547
"TMEM213",1.9525,7.7608,3.6243,0.0002897,0.002743
"KIAA1549",-0.058,9.3972,-0.1628,0.8706,0.927
"ZC3HAV1L",-0.4162,7.7161,-1.3042,0.1922,0.3539
"ZC3HAV1",0.2261,11.0024,1.4547,0.1458,0.2911
"TTC26",0.3783,8.8539,1.3502,0.177,0.3338
"UBN2",0.1206,9.9234,0.5374,0.591,0.7335
"FMC1",0.813,8.5968,2.9308,0.003381,0.01832
"C7orf55-LUC7L2",-0.1259,11.1443,-0.9196,0.3578,0.5324
"LUC7L2",-0.2315,11.5405,-1.6113,0.1071,0.2357
"KLRG2",-2.9074,7.8493,-5.8946,3.756e-09,2.124e-07
"HIPK2",0.7023,11.5093,2.5664,0.01028,0.04212
"TBXAS1",0.7723,9.7302,2.5053,0.01224,0.04803
"PARP12",-0.4197,10.8581,-1.7794,0.07517,0.1818
"KDM7A",-0.2624,10.3857,-1.0058,0.3145,0.4899
"SLC37A3",0.1912,10.4316,1.1051,0.2691,0.442
"RAB19",2.1578,6.6681,5.7298,1.005e-08,4.872e-07
"MKRN1",-0.0228,11.958,-0.1206,0.904,0.9474
"DENND2A",0.1939,8.9844,0.8483,0.3963,0.5693
"ADCK2",4e-04,10.0757,0.0022,0.9982,0.9989
"NDUFB2",0.505,11.1213,2.666,0.007675,0.03374
"BRAF",-0.0133,10.3144,-0.0654,0.9479,0.9712
"MRPS33",0.336,9.9164,1.5753,0.1152,0.2475
"TMEM178B",-1.547,7.9416,-2.225,0.02608,0.08474
"AGK",-0.1309,9.8966,-0.8332,0.4047,0.5764
"KIAA1147",-0.0035,10.9111,-0.0141,0.9887,0.9941
"TAS2R4",0.1144,6.2968,0.2845,0.776,0.8665
"SSBP1",-0.0799,10.7971,-0.4739,0.6356,0.7677
"TAS2R5",-0.0463,6.3439,-0.1259,0.8998,0.9449
"CLEC5A",0.3558,8.1433,0.7975,0.4252,0.5958
"MGAM",1.0639,7.3047,2.2097,0.02713,0.08723
"PRSS2",0.1874,6.7558,0.2718,0.7858,0.873
"EPHB6",-2.7226,8.6675,-5.2796,1.295e-07,4.502e-06
"TRPV6",-1.7395,6.9228,-3.1439,0.001667,0.01066
"KEL",-4.0842,6.5719,-6.1703,6.818e-10,4.927e-08
"PIP",1.3484,6.3823,1.4553,0.1456,0.2908
"GSTK1",0.364,11.5647,1.5067,0.1319,0.272
"TMEM139",0.7244,8.2429,1.2875,0.1979,0.3604
"CASP2",-0.78,10.6339,-4.1855,2.845e-05,0.0004153
"FAM131B",-0.7326,6.9277,-2.4553,0.01408,0.05356
"ZYX",-0.6912,12.7057,-3.1064,0.001894,0.01174
"EPHA1",-1.1518,10.0407,-4.4552,8.383e-06,0.0001558
"CTAGE15",0.3972,7.2051,1.4078,0.1592,0.3102
"RP11-298A10.1",-0.7765,6.8626,-2.115,0.03443,0.1041
"TCAF2",-0.7725,8.363,-2.3936,0.01669,0.06084
"CTAGE6",0.3429,7.0324,1.1535,0.2487,0.4196
"TCAF1",0.0134,10.7029,0.0639,0.949,0.9718
"CTAGE4",0.4215,7.8355,1.341,0.1799,0.338
"ARHGEF35",0.3607,9.1721,1.2163,0.2239,0.3909
"OR2A7",0.1899,6.8429,0.516,0.6059,0.7446
"CTAGE8",0.2352,7.2997,0.726,0.4679,0.6329
"ARHGEF5",-0.1563,10.4408,-0.6603,0.509,0.6688
"TPK1",0.7431,8.0486,2.4771,0.01325,0.05125
"CNTNAP2",-0.5857,8.0766,-0.7491,0.4538,0.6212
"CUL1",-0.2932,11.2352,-2.387,0.01699,0.06163
"EZH2",-0.3026,8.9611,-0.8649,0.3871,0.5605
"PDIA4",-0.4343,13.2321,-2.2774,0.02276,0.07664
"ZNF786",-0.3394,8.398,-1.8033,0.07134,0.1751
"ZNF425",0.0106,7.3739,0.0468,0.9626,0.9799
"ZNF398",-0.1656,9.5038,-0.972,0.3311,0.5063
"ZNF282",-0.3551,10.2219,-2.0521,0.04016,0.1165
"ZNF212",-0.1488,9.2371,-0.8051,0.4207,0.5915
"ZNF783",-0.3155,9.1472,-1.3198,0.1869,0.347
"ZNF777",-0.3012,9.5002,-1.6902,0.09098,0.2094
"ZNF746",-0.1178,9.8115,-0.6122,0.5404,0.6933
"KRBA1",-0.796,8.5827,-2.99,0.00279,0.01589
"ZNF467",1.2261,8.4749,3.6753,0.0002376,0.002323
"SSPO",-0.367,6.9847,-0.7889,0.4302,0.6005
"ZNF862",0.3636,9.1304,1.5563,0.1196,0.2545
"ATP6V0E2",1.1204,9.8367,3.9277,8.575e-05,0.001026
"ACTR3C",-0.0146,7.9652,-0.0519,0.9586,0.9773
"ZBED6CL",-0.1215,8.7275,-0.4007,0.6886,0.805
"LRRC61",-0.5634,9.1834,-1.9621,0.04975,0.1355
"RARRES2",0.2276,11.1897,0.6381,0.5234,0.6803
"REPIN1",0.2059,11.4541,0.8798,0.379,0.5535
"RP11-511P7.7",0.0472,7.1389,0.1546,0.8771,0.9312
"ZNF775",-0.0606,7.7197,-0.1983,0.8428,0.91
"GIMAP8",0.2728,9.6296,0.9497,0.3423,0.5168
"GIMAP7",0.4248,9.1441,1.244,0.2135,0.3795
"GIMAP4",0.0971,10.1718,0.312,0.755,0.8525
"GIMAP6",0.3579,9.8791,1.1157,0.2645,0.4365
"GIMAP2",0.5845,8.7952,1.681,0.09276,0.2125
"GIMAP1",0.2512,8.7774,0.7762,0.4376,0.6071
"GIMAP1-GIMAP5",0.2108,9.8111,0.6293,0.5292,0.6849
"GIMAP5",0.2223,9.7861,0.6573,0.511,0.6701
"TMEM176B",0.4669,11.2572,1.3908,0.1643,0.3171
"TMEM176A",0.7701,10.5051,2.271,0.02315,0.07753
"AOC1",2.1158,7.8696,3.4317,0.0005998,0.004809
"KCNH2",1.2182,7.9499,1.9948,0.04606,0.1286
"NOS3",0.4472,8.9285,1.0759,0.282,0.456
"ATG9B",-0.1402,8.2654,-0.3221,0.7474,0.8473
"ABCB8",0.2263,10.2263,1.3896,0.1646,0.3176
"ASIC3",0.5349,6.7539,1.2435,0.2137,0.3796
"CDK5",0.0928,8.9851,0.4726,0.6365,0.7684
"SLC4A2",0.55,11.8646,3.03,0.002445,0.01438
"FASTK",-0.0757,10.9569,-0.4335,0.6646,0.7886
"TMUB1",0.048,10.0936,0.2509,0.8019,0.8835
"AGAP3",-0.1774,11.2874,-1.0143,0.3104,0.4854
"ABCF2",-0.2552,10.9286,-1.8804,0.06006,0.1549
"CHPF2",-0.0761,11.2642,-0.5237,0.6005,0.7411
"SMARCD3",0.7595,9.5782,2.5554,0.01061,0.04312
"NUB1",-0.0284,11.439,-0.1661,0.868,0.9254
"WDR86",0.2361,8.7908,1.0883,0.2764,0.45
"RHEB",0.3424,10.6747,1.7457,0.08086,0.1916
"PRKAG2",0.4495,9.7391,2.3148,0.02063,0.07134
"GALNT11",-0.3265,10.8734,-1.4336,0.1517,0.299
"KMT2C",0.1851,11.5186,0.826,0.4088,0.5804
"XRCC2",-1.0132,7.7637,-2.9655,0.003022,0.01683
"ACTR3B",-0.1592,8.3718,-0.7212,0.4708,0.6355
"DPP6",0.9858,6.6964,1.9116,0.05593,0.1472
"PAXIP1",-0.1134,9.5119,-0.5875,0.5569,0.7067
"INSIG1",-0.5453,11.1748,-2.1428,0.03213,0.09904
"EN2",-2.7676,6.3836,-3.9719,7.13e-05,0.0008803
"RBM33",-0.2298,10.8772,-1.3113,0.1897,0.3506
"SHH",-0.0494,7.9526,-0.081,0.9354,0.9642
"RNF32",0.2559,7.6868,0.9,0.3681,0.5427
"LMBR1",-0.2141,10.7822,-1.3109,0.1899,0.3507
"NOM1",-0.2433,9.6597,-1.3147,0.1886,0.3493
"MNX1",1.3695,6.5389,2.0201,0.04337,0.1231
"UBE3C",-0.1867,11.7384,-1.3874,0.1653,0.3184
"DNAJB6",-0.6049,11.2897,-4.5796,4.659e-06,9.513e-05
"PTPRN2",2.9411,8.9975,6.9124,4.766e-12,6.439e-10
"NCAPG2",-0.2062,9.7535,-0.6881,0.4914,0.6537
"ESYT2",0.6492,12.2908,3.543,0.0003957,0.003507
"WDR60",0.6757,9.621,3.6308,0.0002826,0.002684
"VIPR2",1.1332,6.8793,1.7072,0.08778,0.204
"ZNF596",0.1705,7.5127,0.7894,0.4299,0.6002
"FBXO25",0.1179,10.0375,0.6798,0.4966,0.6582
"TDRP",0.2873,9.4757,1.1661,0.2436,0.4134
"ERICH1",-1e-04,9.0621,-4e-04,0.9997,0.9999
"DLGAP2",0.3434,6.2427,0.5376,0.5908,0.7335
"CLN8",0.4076,9.4959,2.1071,0.03511,0.1055
"KBTBD11-OT1",0.6747,10.1365,2.8697,0.004108,0.02103
"ARHGEF10",0.7073,9.9896,2.74,0.006144,0.02851
"KBTBD11",1.4929,8.6102,4.3017,1.695e-05,0.0002735
"MYOM2",-0.2493,7.3188,-0.6847,0.4935,0.6559
"CSMD1",-0.2504,6.7829,-0.3338,0.7385,0.8412
"ANGPT2",-0.4982,8.8372,-1.6291,0.1033,0.2302
"MCPH1",0.0678,9.4485,0.4677,0.64,0.7707
"AGPAT5",0.2648,9.7024,1.2141,0.2247,0.392
"DEFB1",0.2926,7.6104,0.387,0.6987,0.8131
"DEFA3",-0.0059,6.301,-0.0084,0.9933,0.9962
"PRAG1",-0.2725,9.8506,-1.2903,0.1969,0.3594
"CLDN23",0.7312,8.5151,2.431,0.01506,0.05642
"MFHAS1",-0.1858,10.8229,-0.7015,0.483,0.6462
"ERI1",0.1479,9.2765,0.7843,0.4329,0.603
"PPP1R3B",0.6889,10.6032,2.2281,0.02587,0.08413
"TNKS",-0.0758,10.5768,-0.4256,0.6704,0.7926
"MSRA",0.7325,8.687,3.3436,0.0008271,0.006243
"PRSS51",0.7935,6.2866,1.1867,0.2354,0.4045
"RP1L1",-0.8628,6.3449,-1.5881,0.1123,0.2431
"SOX7",-1.4875,9.1303,-3.8912,9.975e-05,0.001164
"CTD-2135J3.4",-0.5185,8.6854,-1.6933,0.0904,0.2083
"PINX1",0.3304,8.5419,1.2058,0.2279,0.3962
"XKR6",-0.6013,6.8969,-1.6272,0.1037,0.2307
"MTMR9",0.1267,9.2233,0.7841,0.433,0.603
"FAM167A",0.7871,8.7893,1.6058,0.1083,0.2373
"BLK",-0.4476,6.8487,-0.8407,0.4005,0.5731
"NEIL2",0.1493,9.1724,0.6794,0.4969,0.6583
"FDFT1",-0.5698,12.1374,-2.6818,0.007323,0.03262
"CTSB",-0.6526,15.3125,-2.3098,0.0209,0.07206
"FAM86B1",-0.0353,7.3478,-0.097,0.9227,0.9575
"FAM86B2",0.0705,6.951,0.1927,0.8472,0.9131
"LONRF1",-0.456,9.4888,-2.3754,0.01753,0.06317
"KIAA1456",1.7518,7.5065,3.6906,0.0002237,0.002219
"C8orf48",1.2419,6.6329,3.0418,0.002352,0.01392
"DLC1",1.1962,11.032,3.5493,0.0003862,0.003444
"TUSC3",-0.9469,10.7136,-3.0764,0.002095,0.01275
"MSR1",0.7223,11.109,1.8539,0.06376,0.1614
"MICU3",0.3196,7.6467,0.9888,0.3228,0.4984
"ZDHHC2",0.5532,10.5013,1.7724,0.07633,0.184
"CNOT7",0.0804,11.2149,0.5392,0.5898,0.7328
"VPS37A",0.3311,10.185,2.7905,0.005262,0.02532
"MTMR7",0.4152,7.2982,1.3171,0.1878,0.3483
"SLC7A2",1.6545,10.6468,2.9874,0.002814,0.016
"PDGFRL",0.5806,9.4316,2.3413,0.01922,0.06762
"MTUS1",0.8188,12.1192,3.0428,0.002344,0.0139
"FGL1",8.3376,7.0481,11.4889,1.5e-30,6.231e-27
"PCM1",0.8613,11.8413,3.8501,0.0001181,0.00133
"ASAH1",1.2386,13.3423,5.922,3.18e-09,1.829e-07
"NAT1",1.1992,8.1376,4.6494,3.329e-06,7.112e-05
"PSD3",-0.0848,10.2067,-0.2888,0.7727,0.8647
"SH2D4A",1.3824,10.1683,4.9577,7.132e-07,1.953e-05
"CSGALNACT1",1.02,9.6494,2.6044,0.009205,0.0387
"INTS10",0.2399,10.6941,1.3132,0.1891,0.3499
"LPL",0.9461,10.1505,2.1625,0.03058,0.09558
"ATP6V1B2",-0.0237,11.8883,-0.1376,0.8906,0.9388
"LZTS1",-0.8118,8.8514,-2.1174,0.03423,0.1036
"GFRA2",0.6052,7.1693,1.4525,0.1464,0.292
"DOK2",0.0649,9.3211,0.1787,0.8582,0.9194
"XPO7",-0.1918,11.3546,-1.403,0.1606,0.312
"NPM2",0.3946,7.2743,0.8531,0.3936,0.5665
"DMTN",0.0576,10.3556,0.1759,0.8603,0.9208
"FAM160B2",-0.008,10.5939,-0.0423,0.9662,0.9816
"NUDT18",0.0163,8.3979,0.0633,0.9496,0.9721
"HR",-3.4857,8.1795,-6.7831,1.176e-11,1.448e-09
"REEP4",-0.9428,10.0558,-4.7029,2.565e-06,5.679e-05
"LGI3",-0.937,8.4331,-1.4506,0.1469,0.2926
"SFTPC",1.3086,13.264,1.6312,0.1029,0.2295
"BMP1",-0.6705,10.4266,-2.6591,0.007835,0.03425
"PHYHIP",0.4404,7.0554,0.8071,0.4196,0.5905
"POLR3D",-0.0476,9.7711,-0.3124,0.7547,0.8524
"PIWIL2",-0.6261,6.4253,-1.5444,0.1225,0.259
"SLC39A14",-0.9122,10.6962,-3.1345,0.001721,0.01089
"PPP3CC",-0.0331,9.1793,-0.1698,0.8651,0.9235
"SORBS3",-0.6253,11.383,-2.9166,0.003538,0.01892
"PDLIM2",0.0219,10.2912,0.0959,0.9236,0.958
"AC037459.4",-0.0345,9.1901,-0.1618,0.8715,0.9274
"C8orf58",-0.3803,8.597,-2.1406,0.03231,0.09945
"CCAR2",-0.1382,11.6845,-0.9282,0.3533,0.528
"BIN3",-0.0543,9.5042,-0.3262,0.7443,0.8454
"EGR3",-1.0772,8.8181,-1.979,0.04781,0.1319
"PEBP4",0.7057,8.916,1.164,0.2444,0.4145
"RHOBTB2",1.2598,11.2935,3.3862,0.0007086,0.005516
"TNFRSF10B",0.1903,11.2132,0.7006,0.4836,0.6468
"TNFRSF10C",2.914,7.8864,7.0314,2.045e-12,3.237e-10
"TNFRSF10D",1.0848,8.8408,2.7301,0.006331,0.02915
"TNFRSF10A",0.4002,9.1529,1.4182,0.1561,0.3058
"CHMP7",0.2523,10.5353,1.6229,0.1046,0.232
"R3HCC1",0.3231,9.8042,1.9817,0.04751,0.1315
"LOXL2",-0.265,10.1642,-0.6383,0.5233,0.6803
"ENTPD4",0.2145,10.6499,1.2007,0.2299,0.3984
"SLC25A37",0.9045,10.5407,3.5574,0.0003745,0.003357
"NKX3-1",-1.0991,7.8532,-3.0954,0.001966,0.01213
"STC1",-0.3789,9.7634,-1.0883,0.2764,0.45
"ADAM28",0.837,9.0299,2.3501,0.01877,0.06648
"ADAMDEC1",-0.2834,8.1219,-0.5076,0.6117,0.7496
"NEFM",0.1092,6.4741,0.1558,0.8762,0.9304
"NEFL",0.3418,7.1109,0.4284,0.6684,0.7911
"DOCK5",0.8957,10.4047,2.6573,0.007877,0.03439
"GNRH1",0.0855,6.6562,0.2743,0.7838,0.872
"KCTD9",0.1979,9.8992,1.337,0.1812,0.3397
"CDCA2",-0.6116,7.9564,-1.7781,0.07539,0.1822
"EBF2",1.0551,6.768,2.5328,0.01131,0.04526
"PPP2R2A",0.1502,10.9788,0.9826,0.3258,0.5016
"BNIP3L",0.33,12.1759,1.6476,0.09944,0.2235
"PNMA2",3.0869,8.9657,6.4831,8.987e-11,8.489e-09
"DPYSL2",0.8635,12.1893,2.6062,0.009154,0.03855
"ADRA1A",-0.1093,6.5506,-0.1579,0.8746,0.9294
"TRIM35",-0.4054,9.4989,-2.0555,0.03983,0.1159
"PTK2B",-0.5071,11.0441,-1.9585,0.05017,0.1363
"CHRNA2",-2.5763,6.1364,-3.4042,0.0006636,0.00522
"EPHX2",-0.2415,9.3417,-0.798,0.4249,0.5956
"CLU",-0.3876,13.1162,-1.0122,0.3115,0.4864
"SCARA3",-1.3277,9.9419,-4.2499,2.139e-05,0.0003277
"CCDC25",-0.3275,10.2325,-2.3719,0.0177,0.06361
"ESCO2",-0.6745,7.9496,-2.1927,0.02833,0.09024
"PBK",-0.2195,8.2762,-0.5217,0.6019,0.7419
"SCARA5",2.7423,8.216,3.917,8.967e-05,0.001063
"NUGGC",-0.4919,7.0337,-1.0636,0.2875,0.4613
"ELP3",0.1477,10.1401,0.9499,0.3422,0.5168
"PNOC",0.1086,6.8259,0.199,0.8423,0.9098
"ZNF395",-0.478,11.2264,-2.4158,0.0157,0.05803
"FBXO16",-0.2025,9.8078,-1.0495,0.294,0.4679
"FZD3",0.1532,8.6519,0.5075,0.6118,0.7496
"EXTL3",-0.6238,10.8389,-3.3224,0.0008925,0.006622
"INTS9",-0.2582,9.4584,-1.7881,0.07376,0.1793
"HMBOX1",0.1826,8.9029,0.9517,0.3412,0.5158
"KIF13B",1.1694,10.8575,3.5378,0.0004035,0.003557
"DUSP4",1.0386,10.1961,1.7389,0.08205,0.1937
"SARAF",0.2103,13.0558,1.3425,0.1794,0.3371
"LEPROTL1",0.2168,10.9762,1.2004,0.23,0.3985
"DCTN6",-0.0907,9.898,-0.4591,0.6462,0.7756
"RBPMS",0.5324,10.8435,1.9082,0.05637,0.1479
"GTF2E2",-0.409,10.0181,-2.1553,0.03114,0.09681
"GSR",0.0587,11.6617,0.1781,0.8587,0.9197
"UBXN8",0.0849,8.4181,0.3213,0.748,0.8476
"PPP2CB",-0.0635,11.6283,-0.4231,0.6723,0.7941
"WRN",-0.4587,9.1838,-2.4359,0.01486,0.05583
"NRG1",-1.8115,8.4128,-4.1039,4.062e-05,0.0005515
"FUT10",-0.1369,8.4209,-0.6586,0.5101,0.6694
"MAK16",-0.1523,9.6772,-0.938,0.3482,0.5234
"TTI2",-0.1234,9.2832,-0.7249,0.4685,0.6335
"RNF122",-0.5291,8.903,-2.1777,0.02943,0.09269
"DUSP26",1.0838,6.7552,2.1221,0.03383,0.1029
"UNC5D",0.3369,6.2701,0.3047,0.7606,0.8566
"ZNF703",-1.266,9.9104,-3.1193,0.001813,0.01136
"ERLIN2",-0.3438,11.2692,-2.6601,0.007812,0.0342
"PROSC",-0.1228,10.8421,-0.4961,0.6199,0.7555
"ADGRA2",0.0592,10.792,0.3036,0.7615,0.8572
"BRF2",0.1408,9.9685,0.6598,0.5094,0.6689
"RAB11FIP1",0.7938,12.7879,2.1838,0.02898,0.09167
"EIF4EBP1",-0.3485,10.1042,-1.021,0.3072,0.4818
"ASH2L",0.2689,10.7957,0.9517,0.3412,0.5158
"STAR",-1.8798,6.8801,-2.3537,0.01859,0.06603
"LSM1",0.1024,9.9431,0.4431,0.6577,0.7839
"BAG4",-0.2242,10.0715,-0.9505,0.3419,0.5164
"PLPP5",0.3948,10.3102,1.7143,0.08648,0.2018
"DDHD2",0.2746,10.6495,0.9265,0.3542,0.5288
"NSD3",-0.5919,11.5896,-3.4359,0.0005906,0.004749
"LETM2",0.2067,7.691,0.5504,0.582,0.7271
"FGFR1",-0.9854,11.1602,-2.4038,0.01622,0.05943
"TACC1",-0.1332,12.1594,-0.4747,0.635,0.7673
"PLEKHA2",-0.323,10.918,-1.4935,0.1353,0.2765
"HTRA4",-0.0216,6.8126,-0.0442,0.9648,0.981
"TM2D2",-0.1999,10.6135,-0.9129,0.3613,0.5361
"ADAM9",0.0923,12.5944,0.4021,0.6876,0.8041
"ADAM32",-0.4547,6.6055,-0.9213,0.3569,0.5315
"IDO1",-1.5637,9.6326,-2.8487,0.00439,0.02205
"IDO2",-1.1688,6.1982,-2.2941,0.02178,0.07423
"C8orf4",1.3254,12.2241,3.1069,0.001891,0.01173
"SFRP1",-1.805,8.5494,-2.6233,0.008707,0.03708
"GOLGA7",0.5441,10.9315,2.188,0.02867,0.09087
"GINS4",-0.3137,8.3357,-0.807,0.4196,0.5906
"GPAT4",0.839,11.2622,3.221,0.001277,0.008698
"ANK1",0.3619,7.0998,0.6453,0.5187,0.6765
"KAT6A",0.1619,11.3037,0.5931,0.5531,0.7037
"AP3M2",-0.4224,9.9133,-1.679,0.09315,0.2132
"PLAT",-1.4556,11.0643,-4.0194,5.834e-05,0.0007435
"IKBKB",0.1643,10.8351,0.6944,0.4874,0.6503
"POLB",0.3084,9.6926,1.0993,0.2716,0.4451
"VDAC3",0.2333,11.4746,0.9996,0.3175,0.4931
"SLC20A2",-0.6907,11.3344,-2.3666,0.01795,0.06429
"SMIM19",-0.0695,9.9398,-0.2738,0.7842,0.8723
"THAP1",0.2681,8.778,1.4495,0.1472,0.293
"RNF170",0.7873,9.8661,4.2249,2.39e-05,0.0003598
"HOOK3",0.596,11.0613,2.706,0.006809,0.03083
"RP11-598P20.5",-0.0202,9.4193,-0.0979,0.922,0.9573
"FNTA",-0.0043,11.3208,-0.0196,0.9844,0.9915
"POMK",0.202,7.5425,0.6254,0.5317,0.687
"HGSNAT",0.4235,12.0252,1.5853,0.1129,0.244
"SPIDR",-0.4264,11.3613,-2.3268,0.01998,0.06957
"CEBPD",0.3513,11.3999,0.9669,0.3336,0.5084
"PRKDC",-0.562,12.8059,-2.7942,0.005202,0.02511
"MCM4",-0.6087,11.1989,-2.2508,0.0244,0.08065
"UBE2V2",-0.109,10.8276,-0.5482,0.5835,0.7281
"EFCAB1",0.9397,7.6346,1.3609,0.1735,0.3293
"SNAI2",-1.8167,9.3545,-4.8209,1.429e-06,3.487e-05
"PXDNL",-1.0897,6.7535,-2.239,0.02516,0.08256
"PCMTD1",0.3462,11.3023,1.8204,0.06869,0.1705
"ST18",1.8723,6.4672,3.0816,0.002059,0.01261
"ALKAL1",2.7733,6.3777,4.7616,1.921e-06,4.457e-05
"RB1CC1",-0.3321,11.3881,-2.2242,0.02614,0.08487
"NPBWR1",-3.7277,6.4343,-4.4565,8.331e-06,0.0001554
"OPRK1",-2.3461,6.4477,-2.6832,0.007291,0.03253
"ATP6V1H",0.1011,10.9089,0.5314,0.5951,0.7363
"RGS20",-0.1352,6.8875,-0.2272,0.8202,0.8955
"TCEA1",0.0635,11.3697,0.4388,0.6608,0.7858
"LYPLA1",0.7623,11.3823,2.8501,0.00437,0.022
"MRPL15",0.3964,10.4211,1.596,0.1105,0.2406
"SOX17",0.2856,7.6628,0.8323,0.4052,0.5769
"RP1",2.3895,7.3198,3.7626,0.0001682,0.001765
"XKR4",-1.4695,6.5806,-1.9635,0.04959,0.1352
"TMEM68",-0.0801,9.7981,-0.4435,0.6574,0.7838
"TGS1",-0.3822,10.1168,-2.405,0.01617,0.05931
"LYN",-0.1027,11.5464,-0.4432,0.6576,0.7839
"RPS20",-0.0096,14.1705,-0.0418,0.9667,0.9816
"PLAG1",-1.0141,8.173,-2.3798,0.01732,0.06261
"CHCHD7",0.1251,10.1006,0.6507,0.5152,0.6735
"SDR16C5",1.2897,10.119,3.0483,0.002302,0.01372
"PENK",-1.3054,7.8828,-2.0236,0.04301,0.1223
"IMPAD1",-0.0994,12.0031,-0.619,0.5359,0.6901
"FAM110B",-0.6039,7.9088,-1.9728,0.04852,0.1331
"UBXN2B",0.2737,10.1522,2.1947,0.02819,0.08988
"SDCBP",0.2831,12.8134,1.4867,0.1371,0.2788
"NSMAF",-0.3526,10.2927,-2.4549,0.01409,0.05359
"TOX",1.5207,8.7755,3.8727,0.0001076,0.001235
"CA8",1.5127,7.9924,2.6089,0.009083,0.03828
"RAB2A",0.2258,12.2425,1.1052,0.2691,0.442
"CHD7",-0.0349,10.0632,-0.1276,0.8985,0.9442
"CLVS1",0.5822,9.5285,1.5754,0.1152,0.2475
"ASPH",0.681,13.1987,1.5825,0.1135,0.245
"GGH",-0.7343,9.8346,-2.1064,0.03517,0.1056
"TTPA",0.0811,6.4001,0.1412,0.8877,0.9372
"YTHDF3",0.1438,11.4891,0.9093,0.3632,0.5379
"BHLHE22",0.3098,7.099,0.8282,0.4075,0.5792
"CYP7B1",0.534,7.9325,1.6236,0.1045,0.2317
"ARMC1",0.0798,10.5351,0.4641,0.6426,0.7727
"MTFR1",0.2757,10.0884,1.1036,0.2698,0.4427
"PDE7A",-0.4659,10.3781,-1.6529,0.09835,0.2218
"DNAJC5B",0.7873,7.2255,1.8722,0.06117,0.1569
"TRIM55",2.016,6.3316,3.1625,0.001564,0.01013
"RRS1",-0.1533,9.5811,-0.6194,0.5357,0.6899
"ADHFE1",0.0806,8.5025,0.4157,0.6776,0.7976
"C8orf46",-0.3741,6.8343,-0.8843,0.3766,0.5514
"MYBL1",0.5117,7.9152,1.6067,0.1081,0.2371
"VCPIP1",0.2491,10.2482,1.5972,0.1102,0.2403
"C8orf44",0.113,7.4017,0.5089,0.6108,0.7489
"C8orf44-SGK3",0.0376,9.0451,0.1809,0.8564,0.9184
"SGK3",0.0479,9.6783,0.2255,0.8216,0.8962
"MCMDC2",0.1701,8.1735,0.6602,0.5091,0.6688
"TCF24",-1.5909,6.3763,-2.7283,0.006366,0.02929
"PPP1R42",-0.0439,8.6431,-0.2073,0.8358,0.9057
"COPS5",-0.0253,10.8933,-0.1322,0.8948,0.9416
"CSPP1",-0.2793,9.3745,-1.0865,0.2773,0.4509
"ARFGEF1",0.0897,11.5073,0.6302,0.5286,0.6847
"CPA6",-0.1671,6.838,-0.2227,0.8238,0.8972
"PREX2",1.0188,8.7004,2.3095,0.02092,0.07211
"C8orf34",1.8442,7.4029,3.5247,0.000424,0.003696
"SULF1",-0.0927,11.7425,-0.2059,0.8369,0.9064
"SLCO5A1",-0.5117,7.0632,-0.9579,0.3381,0.5126
"NCOA2",0.1644,10.9872,0.9356,0.3495,0.5244
"TRAM1",0.8025,13.4007,3.3031,0.0009562,0.006977
"LACTB2",0.9825,9.6506,4.5831,4.582e-06,9.367e-05
"XKR9",0.3651,7.0189,0.7651,0.4442,0.6126
"EYA1",-0.4396,7.1008,-0.6681,0.5041,0.6646
"MSC",-1.4842,8.5638,-3.1659,0.001546,0.01005
"TRPA1",-2.8278,7.6655,-4.4782,7.526e-06,0.0001417
"TERF1",-0.3578,9.672,-2.818,0.004833,0.02369
"SBSPON",-1.2749,8.2079,-3.5138,0.0004418,0.003814
"RPL7",-0.104,11.1,-0.405,0.6855,0.8028
"RDH10",0.3199,11.1842,0.7124,0.4762,0.6399
"STAU2",0.2826,10.6929,1.9519,0.05095,0.1379
"RP11-463D19.2",0.387,8.6088,1.992,0.04638,0.1292
"UBE2W",0.2938,10.7236,1.4724,0.1409,0.2841
"ELOC",0.0423,10.5092,0.1766,0.8598,0.9204
"TMEM70",0.0932,9.8566,0.3926,0.6946,0.81
"LY96",0.7369,8.5174,2.2977,0.02158,0.07379
"JPH1",-0.9844,9.1233,-2.4073,0.01607,0.05914
"GDAP1",-0.3757,8.8507,-1.0904,0.2755,0.4491
"PI15",-1.0224,7.8238,-2.2624,0.02367,0.07881
"CRISPLD1",-0.5605,8.721,-1.4595,0.1444,0.2891
"HNF4G",1.7911,7.3893,3.6762,0.0002368,0.002319
"ZFHX4",0.3951,7.5499,0.6969,0.4859,0.6489
"PEX2",0.7425,10.7805,2.8612,0.00422,0.02142
"PKIA",-0.9988,8.8717,-2.1561,0.03108,0.09666
"ZC2HC1A",-0.1382,9.3084,-0.4709,0.6377,0.7689
"IL7",0.3457,8.1993,1.1389,0.2547,0.4258
"STMN2",-0.122,6.5155,-0.2396,0.8106,0.8899
"HEY1",-1.3538,10.1756,-3.4133,0.0006419,0.00508
"MRPS28",0.0922,9.7666,0.3881,0.6979,0.8125
"RP11-26J3.4",-0.175,10.3822,-0.8537,0.3933,0.5662
"TPD52",-0.3678,11.7734,-1.6422,0.1006,0.2256
"ZBTB10",0.3066,10.0996,1.1966,0.2315,0.4
"ZNF704",0.268,10.42,0.7346,0.4626,0.6286
"PAG1",1.1785,10.1209,3.9914,6.568e-05,0.0008213
"FABP5",-2.9535,8.9201,-6.443,1.171e-10,1.081e-08
"FABP4",1.4494,8.7574,2.9525,0.003152,0.01736
"IMPA1",0.1235,9.6813,0.6417,0.521,0.6784
"SLC10A5",1.0679,6.5576,4.1391,3.487e-05,0.0004866
"ZFAND1",0.1669,10.3253,0.783,0.4337,0.6037
"CHMP4C",0.401,9.5298,1.412,0.1579,0.3084
"SNX16",-0.4553,8.9072,-2.1526,0.03135,0.09728
"LRRCC1",0.0676,9.5787,0.2805,0.7791,0.8686
"E2F5",0.2258,9.8638,0.8889,0.374,0.5489
"C8orf59",0.3373,10.1663,1.3341,0.1822,0.341
"CA13",1.1211,8.348,2.8978,0.003757,0.01976
"CA3",1.523,7.4117,3.067,0.002162,0.01307
"CA2",1.2149,9.7929,2.7534,0.005899,0.02769
"ATP6V0D2",0.1141,7.311,0.2243,0.8225,0.8968
"WWP1",-0.2974,11.0588,-1.3735,0.1696,0.3245
"RMDN1",-0.0258,10.3425,-0.1666,0.8677,0.9253
"CPNE3",-0.1711,12.2027,-0.8622,0.3886,0.562
"CNGB3",-0.6463,6.3284,-0.9751,0.3295,0.5049
"MMP16",0.0336,7.2397,0.0761,0.9393,0.9664
"RIPK2",-0.3995,9.6959,-1.4451,0.1484,0.2946
"OSGIN2",-0.0012,10.4163,-0.0041,0.9967,0.9981
"NBN",-0.2447,11.1326,-1.2949,0.1954,0.3574
"DECR1",0.1805,10.8586,0.7802,0.4352,0.6051
"CALB1",-3.2841,6.759,-6.0024,1.944e-09,1.201e-07
"TMEM64",0.1179,10.2147,0.4333,0.6648,0.7886
"NECAB1",0.5853,8.3102,1.3273,0.1844,0.3437
"C8orf88",0.0665,7.3326,0.1396,0.889,0.9379
"TMEM55A",0.4435,8.4583,1.8637,0.06236,0.1591
"OTUD6B",-0.4525,9.0629,-2.5238,0.01161,0.04611
"LRRC69",-0.5905,6.6149,-1.8268,0.06773,0.1687
"SLC26A7",0.051,6.4706,0.1068,0.9149,0.9533
"RUNX1T1",0.6049,8.1634,1.9786,0.04787,0.132
"TRIQK",1.0626,10.2487,4.1054,4.036e-05,0.0005485
"FAM92A",-0.3335,9.4097,-1.7602,0.07837,0.1875
"RBM12B",-0.1281,9.7953,-0.7245,0.4688,0.6337
"TMEM67",-0.4228,8.9342,-1.3645,0.1724,0.3279
"PDP1",-0.8653,10.2297,-3.0863,0.002027,0.01243
"CDH17",4.4597,7.0708,5.2658,1.396e-07,4.834e-06
"GEM",0.0186,10.0872,0.0432,0.9656,0.9813
"FSBP",-0.6128,8.0951,-2.4226,0.01541,0.05729
"RAD54B",-0.6156,8.2337,-2.4749,0.01333,0.05144
"KIAA1429",-0.1281,11.1426,-0.9468,0.3437,0.5183
"ESRP1",-0.4788,11.6632,-2.5735,0.01007,0.0415
"DPY19L4",-0.0237,10.6371,-0.15,0.8808,0.9334
"INTS8",-0.2757,10.5918,-1.64,0.101,0.2264
"CCNE2",-0.132,8.7281,-0.4281,0.6686,0.7912
"TP53INP1",-0.0642,11.0249,-0.2208,0.8252,0.8983
"NDUFAF6",0.122,8.9409,0.5912,0.5544,0.7048
"PLEKHF2",-0.4648,10.1378,-1.8795,0.06018,0.155
"C8orf37",-0.1502,7.8127,-0.5948,0.552,0.7029
"GDF6",0.1414,6.3443,0.2727,0.7851,0.8727
"UQCRB",0.234,11.9129,1.0221,0.3067,0.4814
"MTERF3",-0.4351,9.3003,-2.1369,0.03261,0.1002
"PTDSS1",-1.3751,11.735,-7.4981,6.477e-14,1.538e-11
"SDC2",-0.3508,11.0923,-1.2435,0.2137,0.3796
"CPQ",0.2086,10.1882,0.7635,0.4452,0.6135
"TSPYL5",-0.7132,10.1954,-2.0958,0.0361,0.1077
"MTDH",-0.0432,12.3564,-0.2229,0.8236,0.8972
"LAPTM4B",-0.4661,12.7827,-1.7477,0.08052,0.1911
"MATN2",-0.7644,10.2613,-1.9738,0.0484,0.133
"RPL30",0.0891,14.2816,0.3784,0.7051,0.817
"ERICH5",0.8697,7.3681,1.4443,0.1487,0.295
"RIDA",-0.4613,9.0401,-1.9194,0.05493,0.1456
"POP1",-0.6531,8.6002,-3.2265,0.001253,0.00858
"NIPAL2",-0.0882,10.1881,-0.3601,0.7188,0.8269
"KCNS2",0.5728,6.2136,1.1242,0.2609,0.4326
"STK3",-0.0879,10.2233,-0.4837,0.6286,0.7623
"OSR2",0.1019,7.7074,0.2491,0.8033,0.8847
"VPS13B",-0.0721,10.5758,-0.3971,0.6913,0.8071
"COX6C",-0.1823,11.3393,-0.7983,0.4247,0.5955
"RGS22",1.5999,7.1302,2.6354,0.008403,0.03612
"FBXO43",-0.7639,6.5827,-1.6015,0.1093,0.2388
"POLR2K",0.1489,10.6296,0.6886,0.4911,0.6536
"SPAG1",-0.0828,9.6445,-0.3069,0.7589,0.8553
"RNF19A",-0.3186,11.5471,-1.0734,0.2831,0.457
"ANKRD46",-0.1391,9.7388,-0.7609,0.4467,0.6149
"PABPC1",-0.3804,15.0197,-1.7806,0.07498,0.1816
"YWHAZ",-0.4841,14.7379,-2.4403,0.01468,0.05528
"ZNF706",-0.5697,11.0214,-3.3611,0.0007764,0.005933
"GRHL2",-0.6533,10.9152,-3.0834,0.002046,0.01254
"NCALD",-0.6513,9.7335,-1.8314,0.06704,0.1675
"RRM2B",0.4233,10.8166,1.9715,0.04867,0.1334
"UBR5",-0.3233,11.917,-2.0586,0.03953,0.1152
"KLF10",-0.2923,11.5799,-1.2168,0.2237,0.3907
"AZIN1",-0.1901,12.5815,-0.9082,0.3638,0.5383
"ATP6V1C1",-0.0295,11.2417,-0.1987,0.8425,0.9099
"BAALC",-1.2401,8.1916,-2.3109,0.02084,0.07189
"FZD6",-1.5272,11.2315,-6.1747,6.627e-10,4.831e-08
"CTHRC1",-0.3656,9.8368,-0.9657,0.3342,0.5088
"SLC25A32",-0.1608,10.0001,-0.9493,0.3425,0.5171
"DCAF13",-0.1854,10.4748,-0.9907,0.3218,0.4977
"RIMS2",0.2266,7.1284,0.3402,0.7337,0.8373
"DCSTAMP",-0.1439,7.0811,-0.2903,0.7716,0.8643
"DPYS",1.5647,6.3582,2.6469,0.008123,0.03518
"LRP12",-0.5406,9.6099,-2.1488,0.03165,0.09789
"ZFPM2",0.2698,8.3215,0.7342,0.4628,0.6288
"OXR1",0.5603,10.6727,3.2993,0.0009692,0.007034
"ANGPT1",1.0578,9.2225,2.9784,0.002898,0.01633
"RSPO2",1.6609,7.1847,2.9013,0.003716,0.0196
"EIF3E",0.2457,12.7968,1.1996,0.2303,0.3988
"EMC2",-0.0723,10.503,-0.4506,0.6523,0.7801
"NUDCD1",0.1388,9.8918,0.6864,0.4924,0.6545
"ENY2",0.0835,10.7666,0.4506,0.6523,0.7801
"PKHD1L1",0.6399,7.5688,1.2185,0.223,0.3902
"EBAG9",0.049,10.0341,0.2724,0.7853,0.8729
"SYBU",1.1664,9.2323,2.4848,0.01296,0.05042
"TRPS1",-0.5257,9.5088,-1.6828,0.09241,0.2121
"EIF3H",0.0227,12.7804,0.1181,0.906,0.9484
"UTP23",-0.0905,10.0659,-0.58,0.5619,0.7111
"RAD21",-0.346,12.9937,-1.8113,0.0701,0.1732
"AARD",-0.9962,7.1709,-1.6566,0.09761,0.2206
"SLC30A8",-0.8636,6.3434,-1.1224,0.2617,0.4336
"MED30",-0.3516,8.7727,-1.8714,0.0613,0.1571
"EXT1",-1.0699,11.4448,-6.5257,6.77e-11,6.779e-09
"SAMD12",-0.2789,9.8872,-0.874,0.3821,0.5563
"TNFRSF11B",0.2207,8.3107,0.3669,0.7137,0.8231
"COLEC10",-0.2864,6.5843,-0.61,0.5419,0.6945
"MAL2",0.2835,13.1305,1.1019,0.2705,0.4436
"NOV",-0.8254,8.0141,-2.3529,0.01863,0.06615
"ENPP2",-0.3663,10.7861,-1.1647,0.2441,0.4141
"TAF2",-0.262,10.3016,-1.7487,0.08035,0.1909
"DSCC1",-0.3964,8.2252,-1.2918,0.1964,0.3587
"DEPTOR",0.8693,9.0793,2.2822,0.02248,0.07602
"COL14A1",0.1597,10.3884,0.3788,0.7048,0.8169
"MRPL13",0.1574,10.066,0.616,0.5379,0.6916
"MTBP",-0.1369,8.6372,-0.6129,0.5399,0.6929
"SNTB1",1.2877,10.4359,3.5198,0.0004319,0.003744
"HAS2",-0.6054,8.515,-1.4078,0.1592,0.3102
"ZHX2",-0.6853,10.5614,-3.3188,0.000904,0.006676
"DERL1",-0.2719,11.8653,-1.4538,0.146,0.2915
"TBC1D31",-0.1509,9.4406,-0.7351,0.4623,0.6284
"FAM83A",1.6693,9.4685,2.0033,0.04515,0.1268
"C8orf76",0.2468,9.5001,1.0535,0.2921,0.4663
"ZHX1-C8orf76",0.2228,9.2827,1.0002,0.3172,0.4929
"ZHX1",-0.0157,10.4534,-0.0971,0.9226,0.9575
"ATAD2",-0.3402,10.3759,-1.1971,0.2313,0.3999
"WDYHV1",-0.2803,8.8103,-1.2608,0.2074,0.3725
"FBXO32",-0.7537,10.1911,-2.4844,0.01298,0.05045
"KLHL38",-0.0514,6.2264,-0.114,0.9093,0.9504
"ANXA13",2.0144,6.3794,2.4556,0.01407,0.05356
"FAM91A1",-0.2891,11.0769,-1.7658,0.07744,0.1857
"FER1L6",-1.0806,6.6534,-1.3083,0.1908,0.3519
"TMEM65",0.0667,10.1155,0.2646,0.7913,0.8765
"TRMT12",-0.083,9.0581,-0.491,0.6235,0.7585
"RNF139",0.0955,10.3843,0.486,0.6269,0.7611
"TATDN1",0.0042,10.0185,0.0215,0.9828,0.9907
"NDUFB9",0.0637,11.8368,0.2791,0.7802,0.8693
"MTSS1",-1.4105,10.8519,-4.0737,4.627e-05,0.0006141
"ZNF572",-0.5411,7.2543,-1.9075,0.05646,0.1481
"SQLE",-1.443,11.3504,-5.7046,1.166e-08,5.569e-07
"WASHC5",-0.1142,10.9685,-0.7254,0.4682,0.6333
"NSMCE2",0.2911,9.4219,1.3115,0.1897,0.3505
"TRIB1",-0.2616,11.5836,-0.6489,0.5164,0.6745
"FAM84B",0.703,11.2081,2.9105,0.003609,0.01919
"POU5F1B",-0.432,6.7227,-0.9877,0.3233,0.4991
"MYC",-0.2642,11.3082,-0.7272,0.4671,0.6323
"GSDMC",-1.0367,7.9282,-1.7387,0.08209,0.1937
"FAM49B",-0.0366,11.4587,-0.1908,0.8487,0.9137
"ASAP1",-0.8775,11.0581,-4.3997,1.084e-05,0.0001912
"ADCY8",-2.9195,6.6627,-4.0029,6.258e-05,0.0007903
"EFR3A",-0.2066,11.6715,-1.2779,0.2013,0.365
"KCNQ3",2.397,8.4761,5.1223,3.019e-07,9.396e-06
"LRRC6",1.3507,7.72,3.0399,0.002366,0.01397
"TMEM71",-0.2813,7.6573,-0.5377,0.5908,0.7335
"PHF20L1",-0.3686,10.778,-2.1979,0.02795,0.08924
"SLA",0.1958,10.0445,0.5354,0.5924,0.7344
"TG",-0.9424,6.9986,-1.7068,0.08786,0.2041
"WISP1",-0.3808,8.5389,-1.147,0.2514,0.4224
"NDRG1",-0.8804,14.4686,-2.9379,0.003305,0.01801
"ST3GAL1",-0.2331,11.3841,-0.7201,0.4715,0.6361
"ZFAT",-0.247,9.0357,-1.4938,0.1352,0.2764
"KHDRBS3",-0.7431,8.8245,-2.1347,0.03279,0.1005
"COL22A1",-2.2753,7.579,-3.9338,8.361e-05,0.001005
"TRAPPC9",0.0038,10.4695,0.0197,0.9842,0.9915
"CHRAC1",-0.4227,10.496,-2.3583,0.01836,0.06536
"AGO2",-0.7472,11.199,-3.2246,0.001261,0.008623
"PTK2",-0.3213,12.1386,-1.925,0.05423,0.1441
"DENND3",-0.0489,10.8595,-0.1482,0.8822,0.9344
"SLC45A4",0.4335,10.5088,1.2878,0.1978,0.3603
"GPR20",0.4364,6.4549,0.8713,0.3836,0.5573
"PTP4A3",0.162,10.5899,0.5442,0.5863,0.7305
"TSNARE1",-0.5851,9.0032,-2.0676,0.03868,0.1135
"ADGRB1",-0.54,7.2088,-1.2449,0.2132,0.3793
"ARC",-2.5436,7.3117,-4.0721,4.66e-05,0.0006166
"JRK",0.1099,9.5365,0.2922,0.7701,0.8633
"PSCA",1.2916,7.8989,1.7414,0.08162,0.193
"LY6K",-0.875,8.2386,-1.6561,0.0977,0.2207
"THEM6",0.0982,10.2651,0.3421,0.7323,0.8364
"LYPD2",-4.2822,6.3623,-5.283,1.271e-07,4.428e-06
"LYNX1",-1.4302,9.0706,-3.5895,0.0003313,0.003052
"LY6D",-4.6179,7.9433,-5.4817,4.212e-08,1.711e-06
"LY6E",-0.6834,13.2015,-1.8962,0.05793,0.1511
"LY6H",0.3847,6.4924,0.6764,0.4988,0.6598
"GPIHBP1",0.7679,8.166,1.4919,0.1357,0.2769
"ZFP41",0.0214,9.0333,0.1165,0.9072,0.949
"RP13-582O9.6",0.0077,8.4959,0.0495,0.9606,0.9785
"GLI4",-0.1874,8.8055,-0.864,0.3876,0.561
"ZNF696",-0.1027,8.1075,-0.5376,0.5909,0.7335
"TOP1MT",-0.5443,9.8833,-2.8282,0.004682,0.0231
"RHPN1",1.3157,9.1364,3.7938,0.0001484,0.001593
"ZC3H3",-0.3213,10.0154,-1.5275,0.1266,0.2651
"GSDMD",0.0729,11.1284,0.307,0.7589,0.8553
"MROH6",0.1918,9.0865,0.4762,0.6339,0.7663
"NAPRT",-0.5424,10.6,-1.4829,0.1381,0.2802
"EEF1D",0.0985,13.2354,0.516,0.6058,0.7446
"TIGD5",-0.3921,8.8132,-1.8464,0.06484,0.1633
"PYCRL",-0.1037,9.2368,-0.4727,0.6364,0.7683
"TSTA3",0.3717,11.2421,1.5485,0.1215,0.2574
"ZNF623",-0.2731,10.2191,-1.5654,0.1175,0.2511
"ZNF707",-0.2849,8.8409,-1.5883,0.1122,0.2431
"MAPK15",1.1309,8.1933,2.231,0.02568,0.08372
"FAM83H",-0.3817,11.7752,-1.2715,0.2036,0.3677
"FAM83H-AS1",-0.2593,9.9392,-0.7434,0.4572,0.6241
"SCRIB",-0.3672,11.4391,-1.4777,0.1395,0.282
"PUF60",-0.2075,12.2078,-1.0491,0.2941,0.468
"NRBP2",0.1377,10.0772,0.5758,0.5647,0.7134
"EPPK1",-0.066,9.6639,-0.1485,0.882,0.9343
"PLEC",-0.3624,13.9953,-1.0543,0.2917,0.4659
"GRINA",-0.6903,12.7305,-2.5804,0.00987,0.04085
"PARP10",0.014,11.1373,0.0538,0.9571,0.9763
"SPATC1",-0.4725,6.304,-1.3309,0.1832,0.3423
"OPLAH",-0.1427,9.5825,-0.4663,0.641,0.7716
"EXOSC4",-0.2969,9.4172,-1.3162,0.1881,0.3488
"GPAA1",0.1036,11.8807,0.5513,0.5815,0.7268
"CYC1",0.1081,11.6856,0.3901,0.6965,0.8114
"MAF1",-0.1645,11.8232,-0.9068,0.3645,0.539
"SHARPIN",0.1537,10.9849,0.77,0.4413,0.6102
"WDR97",-1.0259,6.7629,-2.2928,0.02186,0.07441
"HGH1",-0.2355,9.8538,-1.2197,0.2226,0.3898
"MROH1",-0.055,10.7001,-0.2449,0.8065,0.8871
"SCX",0.6484,6.6184,1.7989,0.07204,0.1765
"BOP1",-0.5606,10.4459,-2.1621,0.03061,0.09562
"HSF1",-0.4781,11.5543,-2.2975,0.02159,0.07381
"DGAT1",0.1247,10.6522,0.4803,0.631,0.7642
"GS1-393G12.13",0.0254,7.1516,0.0993,0.9209,0.9568
"FBXL6",-0.0222,9.8122,-0.0942,0.9249,0.9586
"SLC52A2",-0.1535,10.8967,-0.5841,0.5591,0.7084
"ADCK5",0.0186,8.518,0.0776,0.9382,0.9655
"CPSF1",-0.0909,11.3754,-0.4266,0.6697,0.792
"SLC39A4",0.4027,9.8103,1.146,0.2518,0.4227
"VPS28",0.1674,11.5935,0.8703,0.3841,0.5579
"TONSL",-0.3781,9.3078,-1.2501,0.2113,0.3768
"CYHR1",-0.2544,10.7564,-1.4849,0.1376,0.2796
"KIFC2",-0.0663,9.3597,-0.2075,0.8356,0.9055
"FOXH1",0.0113,8.3539,0.0363,0.971,0.9841
"PPP1R16A",0.3069,10.2477,1.261,0.2073,0.3725
"GPT",1.4986,7.0879,3.2221,0.001273,0.008668
"MFSD3",0.4567,9.0621,1.6505,0.09883,0.2225
"RECQL4",-0.529,9.0804,-1.5828,0.1135,0.2448
"LRRC14",-0.1031,10.071,-0.5956,0.5515,0.7025
"LRRC24",-0.0163,8.2816,-0.0731,0.9418,0.9677
"C8orf82",-0.0139,9.3526,-0.0614,0.951,0.9726
"ARHGAP39",0.1033,8.8985,0.2879,0.7734,0.8651
"ZNF251",0.0226,9.165,0.0976,0.9222,0.9574
"ZNF34",0.0939,8.0913,0.4666,0.6408,0.7714
"RPL8",0.27,15.2345,1.0734,0.2831,0.457
"ZNF517",0.0425,8.7574,0.2214,0.8248,0.898
"ZNF7",-0.0581,9.72,-0.3729,0.7092,0.8198
"COMMD5",0.1322,10.0394,0.6881,0.4914,0.6537
"ZNF250",0.2592,8.6925,1.3844,0.1662,0.3197
"ZNF16",-0.343,8.721,-2.1462,0.03186,0.09843
"C8orf33",0.0042,10.7613,0.0248,0.9803,0.9895
"WASHC1",0.0304,9.0308,0.1728,0.8628,0.9222
"FOXD4",1.0302,6.2496,2.3743,0.01758,0.06332
"CBWD1",-0.1876,9.8999,-1.213,0.2251,0.3926
"C9orf66",1.2194,6.6363,3.3704,0.0007507,0.005781
"DOCK8",0.4622,10.6277,1.3586,0.1743,0.3303
"KANK1",-0.2059,10.3486,-0.7503,0.4531,0.6206
"DMRT3",-1.9566,6.3312,-2.2949,0.02174,0.07413
"DMRT2",-2.9914,7.1483,-4.8059,1.54e-06,3.7e-05
"SMARCA2",-0.2087,11.8925,-0.7669,0.4431,0.6117
"VLDLR",-0.6426,9.924,-1.8052,0.07104,0.1746
"PUM3",-0.3805,9.8067,-2.3523,0.01866,0.06621
"RFX3",0.5161,8.9291,1.6574,0.09743,0.2203
"GLIS3",0.8779,9.2206,2.3541,0.01857,0.06598
"SLC1A1",1.6649,9.406,4.6771,2.91e-06,6.346e-05
"PLPP6",-0.1259,8.7949,-0.6844,0.4937,0.656
"SPATA6L",1.2386,7.82,4.8723,1.103e-06,2.815e-05
"CDC37L1",0.3369,9.3497,1.9783,0.0479,0.132
"AK3",0.2537,11.0731,1.1931,0.2328,0.4012
"RCL1",-0.6216,9.2931,-3.4608,0.0005386,0.00446
"JAK2",-0.5294,9.5998,-1.757,0.07891,0.1884
"RLN2",1.7657,6.3558,3.6183,0.0002965,0.002803
"PLGRKT",-0.0753,9.0619,-0.34,0.7339,0.8374
"CD274",-1.6122,9.0071,-4.3375,1.441e-05,0.00024
"PDCD1LG2",-0.3168,8.2159,-0.9344,0.3501,0.5249
"RIC1",-0.1998,9.9762,-1.3683,0.1712,0.3261
"ERMP1",-1.2093,10.8339,-3.6909,0.0002235,0.002219
"KIAA2026",-0.238,9.9451,-1.3437,0.179,0.3365
"RANBP6",0.3122,9.6104,1.6941,0.09025,0.2081
"IL33",0.828,10.0392,1.8534,0.06382,0.1615
"UHRF2",-0.0775,10.0282,-0.5181,0.6044,0.7439
"GLDC",-0.2768,7.1171,-0.44,0.66,0.7853
"KDM4C",0.1007,9.7973,0.6069,0.5439,0.6961
"TMEM261",0.4347,9.7567,1.8145,0.0696,0.1722
"PTPRD",-0.8472,8.5539,-1.9625,0.0497,0.1354
"TYRP1",-0.2741,7.5537,-0.55,0.5824,0.7273
"LURAP1L",-0.1181,9.3972,-0.3826,0.702,0.8152
"MPDZ",0.3913,9.7403,1.708,0.08763,0.2038
"NFIB",0.0638,11.0946,0.1834,0.8545,0.9174
"ZDHHC21",0.8959,9.7608,4.06,4.907e-05,0.0006447
"FREM1",-0.5442,7.6023,-1.3584,0.1743,0.3304
"TTC39B",0.1674,9.865,0.5247,0.5998,0.7405
"SNAPC3",0.1171,10.0655,0.8288,0.4072,0.5789
"PSIP1",-0.1401,10.7794,-0.6913,0.4894,0.6522
"CCDC171",0.4711,7.5006,1.6857,0.09184,0.2111
"BNC2",-0.0651,8.5072,-0.2059,0.8369,0.9064
"CNTLN",-0.5861,8.551,-2.2905,0.02199,0.0747
"SH3GL2",0.883,6.7256,1.3992,0.1618,0.3134
"ADAMTSL1",-1.4206,7.8065,-2.8949,0.003793,0.01988
"RRAGA",-0.0464,11.1034,-0.3232,0.7466,0.847
"HAUS6",-0.6309,9.3821,-4.5346,5.771e-06,0.0001136
"PLIN2",0.2803,11.2666,0.8722,0.3831,0.557
"DENND4C",0.5362,10.6051,2.6561,0.007906,0.03446
"RPS6",0.6186,14.9692,2.104,0.03538,0.1061
"ACER2",0.4918,7.503,1.4224,0.1549,0.304
"SLC24A2",-0.2416,6.5851,-0.4563,0.6482,0.7773
"MLLT3",0.266,9.6288,1.0331,0.3015,0.4764
"FOCAD",0.2562,10.3579,1.1964,0.2315,0.4
"HACD4",0.3483,9.6635,1.4472,0.1478,0.294
"KLHL9",0.0231,10.2935,0.0971,0.9226,0.9575
"MTAP",-0.2848,10.011,-0.8117,0.417,0.5881
"CDKN2A",-1.1471,8.369,-1.7804,0.07501,0.1816
"CDKN2B",-0.5282,10.0643,-1.1801,0.238,0.4072
"RP11-145E5.5",-0.0892,7.5124,-0.2361,0.8133,0.8913
"DMRTA1",0.5874,7.7468,1.215,0.2244,0.3916
"ELAVL2",-0.2271,6.273,-0.2914,0.7708,0.8637
"TUSC1",-0.3957,8.6799,-1.4595,0.1444,0.2891
"CAAP1",0.5077,9.3695,2.1468,0.03181,0.0983
"PLAA",-0.0507,10.1286,-0.2519,0.8011,0.8829
"LRRC19",1.2919,6.2935,2.4062,0.01612,0.05921
"IFT74",0.0855,8.7891,0.3814,0.7029,0.8159
"TEK",0.4826,9.3446,1.5958,0.1105,0.2406
"MOB3B",-0.5732,9.5917,-1.9927,0.04629,0.129
"C9orf72",-0.4236,9.3846,-1.5199,0.1285,0.2672
"LINGO2",-0.4438,6.1976,-0.5556,0.5785,0.7243
"ACO1",1.4139,11.0249,4.5099,6.485e-06,0.0001253
"DDX58",0.5799,10.1866,1.5638,0.1179,0.2518
"TOPORS",0.5451,9.9013,2.0968,0.03601,0.1076
"TOPORS-AS1",1.0299,7.6282,3.8485,0.0001188,0.001334
"GVQW1",0.3957,6.7764,1.8422,0.06545,0.1644
"NDUFB6",0.288,10.0699,1.5329,0.1253,0.2632
"TAF1L",0.2426,7.3955,1.0898,0.2758,0.4494
"APTX",-0.2539,9.8429,-1.4734,0.1406,0.2837
"DNAJA1",0.2467,12.5823,1.5731,0.1157,0.2485
"SMU1",-0.0387,10.9922,-0.304,0.7611,0.857
"B4GALT1",0.3488,13.0414,1.0618,0.2883,0.4622
"BAG1",0.6797,11.4094,2.7584,0.005809,0.02733
"CHMP5",0.7088,11.4544,3.2687,0.00108,0.007615
"NFX1",-0.0302,10.7906,-0.1716,0.8638,0.9227
"AQP7",4.3138,6.9877,8.3393,7.473e-17,3.357e-14
"AQP3",0.4727,12.7422,0.8351,0.4037,0.5755
"NOL6",-0.1368,11.0416,-0.6608,0.5088,0.6686
"ANKRD18B",-0.1814,6.695,-0.2352,0.8141,0.8918
"PRSS3",0.378,6.4025,0.5753,0.5651,0.7135
"UBE2R2",-0.3201,11.4366,-1.8908,0.05865,0.1525
"UBAP2",-0.6893,10.6094,-3.6803,0.000233,0.002294
"DCAF12",0.2667,11.2866,1.5563,0.1196,0.2545
"UBAP1",0.3549,11.3735,2.0655,0.03887,0.1139
"KIF24",-0.4552,8.3104,-1.4535,0.1461,0.2916
"NUDT2",-0.0212,8.8699,-0.0695,0.9446,0.9693
"KIAA1161",0.6058,9.7633,1.6179,0.1057,0.2335
"C9orf24",3.2358,7.3432,4.3888,1.14e-05,0.000198
"FAM219A",-0.3693,9.7595,-1.9596,0.05004,0.136
"DNAI1",2.6348,6.9649,3.413,0.0006426,0.005081
"ENHO",0.0698,6.6884,0.1175,0.9065,0.9485
"CNTFR",-1.9103,6.799,-2.8651,0.004169,0.02121
"RPP25L",0.1164,9.1289,0.5225,0.6013,0.7415
"DCTN3",0.1429,10.2735,0.7463,0.4555,0.6226
"SIGMAR1",-0.5401,10.7015,-2.0677,0.03867,0.1135
"GALT",-0.6516,9.7019,-2.2553,0.02411,0.07992
"RP11-195F19.29",0.1996,8.5558,1.1424,0.2533,0.4243
"IL11RA",0.3919,8.8302,1.4038,0.1604,0.3118
"RP11-195F19.5",0.2721,7.1185,0.9895,0.3224,0.4982
"CCL19",-1.6706,8.7151,-2.6514,0.008017,0.03484
"CCL21",0.3439,10.5535,0.7348,0.4625,0.6286
"PHF24",-3.1875,6.82,-6.2265,4.768e-10,3.602e-08
"DNAJB5",-0.6243,8.679,-2.6754,0.007463,0.03307
"VCP",-0.4385,13.48,-2.3784,0.01739,0.06278
"FANCG",-0.3625,9.1824,-1.4607,0.1441,0.2886
"PIGO",-0.1451,10.5945,-0.7388,0.46,0.6262
"STOML2",-0.0659,11.1823,-0.3111,0.7558,0.8529
"FAM214B",0.0519,9.7092,0.2806,0.779,0.8686
"UNC13B",1.4511,11.5183,5.7388,9.537e-09,4.689e-07
"RUSC2",0.2873,9.8867,1.1488,0.2507,0.4216
"FAM166B",2.2962,7.1055,3.5891,0.0003318,0.003056
"TESK1",-0.298,10.3027,-1.3921,0.1639,0.3166
"CD72",-0.1245,8.9913,-0.6743,0.5001,0.6608
"SIT1",0.3572,7.4009,0.7197,0.4717,0.6362
"CCDC107",0.7401,9.5071,3.8259,0.0001303,0.001447
"ARHGEF39",0.2211,9.8612,1.0724,0.2835,0.4573
"CA9",-1.04,8.0646,-1.2704,0.2039,0.3681
"TPM2",0.52,11.6166,1.6751,0.09392,0.2145
"TLN1",0.1904,13.6859,0.9137,0.3609,0.5356
"CREB3",0.4415,10.5836,2.1847,0.02891,0.09151
"GBA2",0.389,10.6282,2.3766,0.01747,0.06304
"MSMP",0.3278,8.1186,1.5614,0.1184,0.2526
"RGP1",0.2814,10.563,1.3219,0.1862,0.3461
"NPR2",-0.1386,8.7284,-0.5616,0.5744,0.7211
"SPAG8",1.0741,7.5348,2.8091,0.004968,0.02416
"HINT2",0.2776,9.423,1.3558,0.1752,0.3314
"TMEM8B",0.1516,9.4094,0.6459,0.5183,0.6763
"HRCT1",1.4468,7.0195,3.2268,0.001252,0.00858
"SPAAR",0.2855,6.98,0.8791,0.3794,0.5539
"RECK",0.3367,9.0825,1.5242,0.1275,0.2658
"GLIPR2",-0.0887,10.5742,-0.3221,0.7474,0.8473
"CCIN",0.14,6.2944,0.321,0.7482,0.8477
"GNE",-0.044,9.9803,-0.16,0.8729,0.9283
"CLTA",-0.2126,11.8226,-1.1396,0.2545,0.4255
"RNF38",-0.2088,10.6029,-1.2504,0.2111,0.3767
"MELK",-0.7612,8.5831,-2.0093,0.0445,0.1254
"PAX5",-0.6599,7.1863,-1.1046,0.2693,0.4422
"ZCCHC7",0.0043,9.4516,0.0255,0.9797,0.9891
"GRHPR",0.0104,10.9982,0.0531,0.9577,0.9767
"ZBTB5",-0.4696,9.6656,-3.1968,0.00139,0.009298
"POLR1E",-0.2834,9.288,-1.9128,0.05577,0.1469
"FBXO10",-0.32,8.5377,-1.6755,0.09385,0.2144
"RP11-613M10.8",-0.0554,9.6638,-0.3021,0.7625,0.858
"TOMM5",-0.0085,10.3368,-0.0388,0.9691,0.9828
"FRMPD1",-1.1219,6.3246,-1.6088,0.1077,0.2364
"TRMT10B",-0.139,8.2951,-0.7777,0.4367,0.6063
"EXOSC3",-0.3729,9.1029,-2.0792,0.0376,0.111
"DCAF10",-0.1608,10.3218,-0.9425,0.3459,0.5205
"SLC25A51",0.3568,8.5354,2.2162,0.02668,0.08607
"RP11-613M10.9",-0.2698,10.744,-1.4847,0.1376,0.2797
"SHB",-0.6157,10.2448,-2.5315,0.01136,0.04537
"ALDH1B1",-0.1777,9.8698,-0.854,0.3931,0.566
"IGFBPL1",1.0776,6.5812,2.1011,0.03563,0.1068
"RP11-392E22.9",-0.0837,6.8083,-0.1513,0.8797,0.9327
"ANKRD18A",0.2415,6.8811,0.5506,0.5819,0.727
"CNTNAP3",-2.5498,7.4246,-4.7801,1.752e-06,4.119e-05
"CBWD7",-0.3375,9.2108,-2.0432,0.04103,0.1182
"CNTNAP3B",-1.6636,7.5037,-3.3933,0.0006905,0.005401
"CH17-296N19.1",-2.6266,6.7765,-4.7029,2.564e-06,5.679e-05
"ANKRD20A4",-0.5707,6.2077,-1.1978,0.231,0.3995
"CBWD5",-0.4945,8.8581,-2.4382,0.01476,0.0555
"ZNF658",-0.4671,7.7492,-1.7019,0.08878,0.2057
"ANKRD20A1",-0.6246,6.3864,-1.2949,0.1953,0.3574
"CBWD3",-0.4835,9.2987,-3.2152,0.001304,0.008827
"PGM5",1.7099,8.6696,5.2045,1.946e-07,6.429e-06
"FAM122A",-0.2262,9.6716,-1.4637,0.1433,0.2875
"PIP5K1B",0.4447,8.8247,1.193,0.2329,0.4012
"FXN",-0.4548,8.4011,-2.9234,0.003462,0.01862
"TJP2",0.1354,11.7505,0.5823,0.5603,0.7095
"FAM189A2",0.2204,9.0674,0.4786,0.6322,0.765
"APBA1",0.3587,8.2938,1.1502,0.2501,0.4211
"PTAR1",0.6449,10.4751,3.2404,0.001194,0.008277
"C9orf135",3.8544,6.7019,4.8594,1.177e-06,2.983e-05
"MAMDC2",1.0703,8.944,2.0332,0.04203,0.1202
"SMC5",-0.0258,10.4869,-0.1471,0.883,0.9347
"KLF9",0.3708,11.0515,1.2245,0.2208,0.3878
"TRPM3",-4.8863,6.4922,-6.9836,2.876e-12,4.23e-10
"TMEM2",0.374,11.8054,1.3584,0.1744,0.3304
"ABHD17B",-0.4575,9.3282,-2.0531,0.04006,0.1164
"C9orf85",-0.2959,8.4242,-1.7479,0.08047,0.1911
"GDA",-2.5986,7.3136,-3.1402,0.001689,0.01074
"ZFAND5",0.0154,12.7043,0.0973,0.9225,0.9575
"ALDH1A1",-0.7684,12.1697,-1.7002,0.08909,0.2062
"ANXA1",-0.7364,13.4477,-2.0078,0.04467,0.1257
"RORB",0.0151,7.2331,0.0243,0.9806,0.9896
"TRPM6",-1.4679,6.7006,-3.1508,0.001628,0.01045
"C9orf40",0.1811,7.8176,0.6536,0.5134,0.672
"CARNMT1",0.0926,9.4834,0.5688,0.5695,0.717
"NMRK1",-0.1263,9.6564,-0.5178,0.6046,0.744
"OSTF1",-0.6454,10.887,-2.7954,0.005184,0.02504
"PCSK5",-0.3766,9.159,-1.0555,0.2912,0.4655
"RFK",1.1829,9.97,4.7181,2.381e-06,5.34e-05
"GCNT1",-0.4632,9.1891,-1.2226,0.2215,0.3887
"PRUNE2",1.4482,8.524,3.1043,0.001907,0.01182
"VPS13A",0.3268,10.2824,1.3906,0.1643,0.3171
"GNA14",2.0619,8.3939,5.4868,4.093e-08,1.68e-06
"GNAQ",0.3848,11.6903,2.2692,0.02326,0.07774
"CEP78",-0.5782,9.4173,-2.4127,0.01583,0.05844
"PSAT1",-1.1527,9.4648,-3.1377,0.001703,0.0108
"TLE4",-0.8001,9.8561,-2.6665,0.007663,0.03372
"TLE1",0.0968,10.1206,0.4366,0.6624,0.7869
"RASEF",1.4684,9.852,4.5894,4.446e-06,9.111e-05
"FRMD3",1.2216,8.1139,3.3773,0.0007321,0.00567
"IDNK",0.9846,7.8522,4.7253,2.298e-06,5.196e-05
"UBQLN1",-0.236,12.2063,-1.9055,0.05671,0.1485
"GKAP1",0.8291,7.6825,3.6851,0.0002287,0.002258
"KIF27",0.4881,7.8758,1.809,0.07044,0.1737
"C9orf64",0.8409,9.3914,6.2509,4.081e-10,3.185e-08
"HNRNPK",-0.1938,13.8419,-2.4382,0.01476,0.0555
"RMI1",-0.2863,9.0998,-1.3697,0.1708,0.3256
"SLC28A3",-1.5611,7.8357,-2.6494,0.008064,0.03499
"NTRK2",-6.6534,10.2768,-13.2451,4.817e-40,8.006e-36
"AGTPBP1",-0.2595,9.7924,-1.2886,0.1975,0.36
"NAA35",0.072,9.5103,0.5108,0.6095,0.7479
"GOLM1",1.6233,11.8705,5.0602,4.187e-07,1.241e-05
"ISCA1",0.0436,9.8933,0.2425,0.8084,0.8882
"ZCCHC6",-0.1093,10.1569,-0.6952,0.487,0.6498
"GAS1",-1.2174,8.8063,-2.4714,0.01346,0.05182
"DAPK1",1.2613,11.5128,3.104,0.001909,0.01183
"CTSL",1.3152,12.1762,3.3144,0.0009185,0.006764
"CDK20",0.5889,8.2881,2.3732,0.01763,0.06345
"SPIN1",-0.2097,11.6491,-1.599,0.1098,0.2398
"NXNL2",0.7638,6.2355,1.5024,0.133,0.2733
"C9orf47",-0.0319,6.4518,-0.0787,0.9373,0.9649
"S1PR3",-0.7845,9.4348,-2.3921,0.01675,0.06101
"SHC3",1.1336,8.4987,2.3378,0.0194,0.06809
"CKS2",-0.1575,9.5839,-0.5387,0.5901,0.7331
"SECISBP2",0.2172,10.5525,1.5766,0.1149,0.247
"SEMA4D",-0.5999,10.7176,-2.6573,0.007876,0.03439
"GADD45G",1.3005,8.5552,3.5303,0.000415,0.003637
"DIRAS2",-0.6335,6.3522,-0.7425,0.4578,0.6245
"SYK",-0.1897,11.1703,-0.6608,0.5088,0.6686
"AUH",0.4132,8.7642,2.3026,0.0213,0.0731
"NFIL3",-0.0388,10.5055,-0.1406,0.8882,0.9375
"ROR2",-0.9623,8.6109,-2.2657,0.02347,0.07829
"SPTLC1",0.0994,10.7872,0.715,0.4746,0.6388
"IARS",-0.2417,11.8707,-1.6513,0.09868,0.2222
"NOL8",-0.4289,10.0133,-3.3469,0.0008171,0.006198
"OGN",1.3184,8.2543,2.3686,0.01786,0.06408
"OMD",0.5267,7.5988,1.1177,0.2637,0.4356
"ASPN",0.7492,9.616,1.8004,0.0718,0.176
"ECM2",0.313,9.1038,1.0176,0.3089,0.4837
"CENPP",-1.0311,9.3907,-5.2967,1.179e-07,4.171e-06
"IPPK",-0.8966,9.3671,-4.2986,1.719e-05,0.0002763
"BICD2",-1.59,10.9706,-5.9419,2.818e-09,1.643e-07
"ZNF484",0.4201,8.0547,1.9321,0.05335,0.1425
"FGD3",-0.011,9.2767,-0.0406,0.9676,0.9822
"SUSD3",-0.1292,7.7022,-0.347,0.7286,0.834
"CARD19",-0.2054,9.2451,-1.0002,0.3172,0.4929
"NINJ1",-0.5047,10.8381,-2.1325,0.03297,0.1009
"WNK2",-2.2091,8.9042,-4.1842,2.861e-05,0.0004168
"C9orf129",-0.624,7.2054,-2.2715,0.02312,0.07749
"FAM120AOS",-0.089,10.7869,-0.594,0.5525,0.7033
"FAM120A",-0.0903,12.8008,-0.7075,0.4793,0.6428
"PHF2",-0.275,10.99,-1.511,0.1308,0.2706
"BARX1",0.5215,7.2912,0.6266,0.5309,0.6863
"PTPDC1",0.3164,8.7437,2.0626,0.03915,0.1144
"ZNF169",0.0178,7.3363,0.0839,0.9331,0.9633
"MFSD14B",-0.4316,11.5229,-2.8908,0.003842,0.02006
"FBP2",-2.7738,6.2985,-5.4006,6.642e-08,2.503e-06
"FBP1",1.4246,11.0238,4.0396,5.354e-05,0.0006951
"C9orf3",-0.1268,10.4735,-0.5496,0.5826,0.7273
"FANCC",-0.4295,9.1294,-1.9658,0.04933,0.1347
"PTCH1",-0.6648,9.5547,-1.999,0.0456,0.1277
"ERCC6L2",-0.1472,9.1644,-0.6573,0.511,0.6701
"HSD17B3",-3.7365,6.5172,-6.7557,1.421e-11,1.724e-09
"SLC35D2",0.1988,9.6336,0.9116,0.362,0.5366
"ZNF367",-0.6916,8.2509,-2.0919,0.03645,0.1086
"HABP4",0.1449,8.9309,0.7048,0.4809,0.6444
"CDC14B",-0.0125,9.9188,-0.0627,0.95,0.9723
"AAED1",0.1696,9.2412,0.7834,0.4334,0.6035
"ZNF510",0.107,8.8036,0.544,0.5864,0.7305
"ZNF782",0.106,7.5339,0.4604,0.6453,0.7747
"NUTM2G",0.0213,6.3203,0.0589,0.953,0.9736
"MFSD14C",-0.3999,8.1968,-1.9778,0.04795,0.1321
"CTSV",-0.9444,8.3608,-1.9769,0.04806,0.1322
"CCDC180",1.1724,8.0327,2.8665,0.004151,0.02116
"TDRD7",0.3805,9.7782,1.7925,0.07306,0.178
"TMOD1",-0.0928,9.6232,-0.4907,0.6236,0.7586
"TSTD2",-0.1704,9.8965,-1.2127,0.2253,0.3927
"NCBP1",-0.3921,10.4003,-2.622,0.008742,0.03716
"XPA",-0.2373,8.801,-1.2083,0.2269,0.3949
"FOXE1",-4.6049,7.6857,-5.7765,7.629e-09,3.925e-07
"TRMO",0.1085,8.8302,0.5285,0.5971,0.738
"ANP32B",-0.5369,12.0037,-3.4362,0.0005899,0.004748
"NANS",0.1071,10.6894,0.4891,0.6248,0.7598
"TRIM14",-0.374,11.1494,-1.8282,0.06752,0.1684
"CORO2A",-0.4186,10.8697,-1.3553,0.1753,0.3315
"TBC1D2",-0.3396,10.985,-1.0679,0.2855,0.4592
"GABBR2",-1.5227,6.8151,-2.7534,0.005898,0.02769
"ANKS6",-0.1332,10.0365,-0.616,0.5379,0.6916
"GALNT12",0.8434,9.7515,2.832,0.004626,0.02288
"COL15A1",-0.0688,10.7019,-0.1863,0.8522,0.916
"TGFBR1",1.1122,11.1958,3.3466,0.000818,0.006202
"ALG2",0.141,10.3059,0.8338,0.4044,0.576
"SEC61B",0.1217,11.08,0.6522,0.5142,0.6727
"NR4A3",0.6746,9.0555,1.4019,0.161,0.3125
"STX17",-0.0447,9.3314,-0.259,0.7956,0.8788
"ERP44",-0.3444,11.4535,-2.1347,0.03279,0.1005
"INVS",-0.5822,8.9211,-3.3038,0.000954,0.006969
"TEX10",-0.7133,9.8113,-4.1854,2.846e-05,0.0004153
"MSANTD3",-0.4146,9.6378,-2.3743,0.01758,0.06332
"TMEFF1",-0.3498,7.7011,-1.2194,0.2227,0.3899
"MSANTD3-TMEFF1",-0.3921,8.0246,-1.6674,0.09543,0.217
"MURC",-0.224,6.6025,-0.793,0.4278,0.5984
"PLPPR1",-0.4124,7.6522,-0.6913,0.4894,0.6522
"BAAT",3.4823,6.7699,5.0994,3.407e-07,1.043e-05
"MRPL50",0.0858,9.7803,0.4508,0.6521,0.7801
"ZNF189",0.2679,9.7482,1.1058,0.2688,0.4417
"TMEM246",-1.1347,9.3481,-2.3784,0.01739,0.06278
"RNF20",-0.3377,10.8888,-2.149,0.03163,0.09787
"GRIN3A",0.0952,6.7747,0.2564,0.7976,0.8801
"SMC2",-0.373,10.0848,-1.6135,0.1066,0.235
"NIPSNAP3A",0.1854,9.7064,0.6978,0.4853,0.6484
"NIPSNAP3B",0.4548,6.9332,1.6906,0.09091,0.2092
"ABCA1",-0.6118,11.119,-2.4104,0.01593,0.05875
"SLC44A1",-0.3122,12.2538,-1.5242,0.1275,0.2658
"FSD1L",0.4959,8.0631,1.5019,0.1331,0.2735
"FKTN",-0.0074,9.4517,-0.0471,0.9624,0.9797
"TMEM38B",-0.4097,9.0754,-1.74,0.08185,0.1934
"ZNF462",-1.054,9.6153,-2.5765,0.009981,0.04121
"RAD23B",-0.2558,12.5343,-1.5577,0.1193,0.2541
"KLF4",-0.6985,11.0504,-1.8507,0.06421,0.1622
"IKBKAP",-0.3604,10.5988,-2.4104,0.01594,0.05875
"FAM206A",-0.241,9.4935,-1.9165,0.0553,0.1461
"CTNNAL1",-0.3742,10.6441,-1.1815,0.2374,0.4066
"TMEM245",0.5778,11.886,3.4573,0.0005456,0.0045
"FRRS1L",-1.5732,6.4491,-2.1194,0.03406,0.1032
"EPB41L4B",0.2171,9.8225,0.8322,0.4053,0.5769
"PTPN3",-0.2697,10.4128,-1.2396,0.2151,0.3811
"PALM2",0.0186,7.0203,0.0616,0.9509,0.9726
"AKAP2",0.2833,11.9452,1.1959,0.2317,0.4001
"PALM2-AKAP2",0.2788,11.9593,1.1842,0.2363,0.4054
"C9orf152",2.7715,8.7072,5.2582,1.455e-07,5.009e-06
"TXN",-0.1558,12.0009,-0.4464,0.6553,0.7824
"SVEP1",0.301,10.0236,0.8636,0.3878,0.5612
"MUSK",1.1086,6.4581,1.9445,0.05183,0.1397
"LPAR1",-0.103,9.8512,-0.3284,0.7426,0.8443
"KIAA0368",-0.1236,11.835,-0.6589,0.51,0.6693
"ZNF483",1.0411,6.7665,2.6043,0.009205,0.0387
"PTGR1",0.4569,10.6874,0.8521,0.3942,0.5671
"DNAJC25",-0.1024,8.6532,-0.6432,0.5201,0.6776
"DNAJC25-GNG10",0.4266,10.2513,1.9886,0.04674,0.1299
"GNG10",0.4179,10.333,1.9652,0.04939,0.1348
"C9orf84",0.0731,6.7497,0.197,0.8438,0.9108
"UGCG",0.2319,11.33,1.1276,0.2595,0.431
"SUSD1",0.401,9.5798,2.0394,0.04141,0.119
"PTBP3",-0.1236,12.3621,-0.8449,0.3982,0.5709
"HSDL2",0.0909,10.7589,0.4852,0.6276,0.7614
"KIAA1958",0.4349,8.9395,1.9264,0.05405,0.1439
"INIP",0.0675,9.9304,0.4511,0.6519,0.7801
"SNX30",0.9591,10.9905,2.892,0.003828,0.02002
"SLC46A2",1.9982,8.0342,3.8906,1e-04,0.001165
"ZNF883",0.8961,6.9888,2.2449,0.02478,0.08168
"ZFP37",0.1994,7.4437,0.5783,0.563,0.7121
"SLC31A2",-0.1319,9.9214,-0.4741,0.6354,0.7677
"FKBP15",-0.0588,11.5452,-0.3692,0.712,0.8217
"SLC31A1",0.0295,11.2386,0.1652,0.8688,0.9257
"CDC26",0.4097,7.9268,2.2021,0.02766,0.08858
"PRPF4",-0.3865,10.3825,-2.2267,0.02597,0.08442
"RNF183",0.5938,6.5022,0.8772,0.3804,0.5547
"WDR31",0.6791,7.9835,2.87,0.004105,0.02103
"BSPRY",1.4601,9.404,6.6561,2.811e-11,3.136e-09
"HDHD3",0.4069,9.6095,1.7477,0.08051,0.1911
"ALAD",0.165,10.6857,1.0022,0.3163,0.492
"POLE3",-0.4414,11.177,-2.467,0.01362,0.05228
"C9orf43",-0.3271,7.4721,-1.6255,0.104,0.2312
"RGS3",0.7127,10.8104,3.1278,0.001761,0.0111
"ZNF618",-0.1237,9.9416,-0.4747,0.635,0.7673
"AMBP",3.3663,6.6191,6.8106,9.72e-12,1.243e-09
"KIF12",3.2236,7.6239,6.9402,3.916e-12,5.424e-10
"COL27A1",-0.8947,9.7362,-2.1214,0.03389,0.1029
"ORM1",2.8035,7.4922,4.7111,2.463e-06,5.503e-05
"ORM2",2.3978,7.0982,4.1587,3.201e-05,0.0004578
"AKNA",0.1156,10.573,0.4083,0.683,0.8014
"WHRN",-0.2104,8.554,-0.5957,0.5514,0.7025
"ATP6V1G1",0.2711,11.8102,1.4774,0.1396,0.2821
"TMEM268",-0.6483,9.7894,-2.9638,0.003039,0.0169
"TNFSF15",2.0733,9.069,4.5119,6.424e-06,0.0001247
"TNFSF8",0.3519,7.4073,0.8401,0.4009,0.5733
"TNC",-1.9552,12.5505,-4.3415,1.415e-05,0.0002361
"PAPPA",-0.3714,8.1582,-0.8404,0.4007,0.5731
"TRIM32",-0.141,9.5155,-0.795,0.4266,0.5973
"ASTN2",-0.185,7.7817,-0.4766,0.6337,0.766
"TLR4",0.4376,9.6078,1.4772,0.1396,0.2822
"BRINP1",3.934,6.8134,5.0185,5.207e-07,1.5e-05
"CDK5RAP2",-0.2266,11.088,-1.0223,0.3066,0.4813
"MEGF9",0.6139,11.2095,2.1198,0.03403,0.1032
"FBXW2",0.0482,11.3642,0.2959,0.7673,0.8611
"RP11-27I1.4",0.1974,7.3515,0.8131,0.4161,0.5872
"PSMD5",-0.0695,10.5004,-0.3954,0.6926,0.8082
"PHF19",0.1422,9.8786,0.6141,0.5392,0.6925
"TRAF1",-1.5,9.2996,-3.8739,0.0001071,0.001232
"C5",2.8333,9.3599,5.78,7.469e-09,3.868e-07
"CNTRL",-0.0226,9.8552,-0.0858,0.9316,0.9627
"RAB14",-0.0301,12.2774,-0.2208,0.8252,0.8983
"GSN",-0.3283,14.0223,-1.1133,0.2656,0.4377
"STOM",0.5788,13.2852,2.0112,0.04431,0.1252
"DAB2IP",-0.8519,11.3538,-2.819,0.004817,0.02365
"TTLL11",0.4766,7.5475,2.2422,0.02495,0.08208
"NDUFA8",-0.0034,10.24,-0.0169,0.9865,0.9929
"MORN5",2.5185,6.7102,3.133,0.00173,0.01092
"LHX6",-0.6122,7.6571,-1.6079,0.1079,0.2367
"RBM18",0.0152,10.2217,0.1114,0.9113,0.9514
"MRRF",-0.2455,9.8535,-1.6602,0.09687,0.2193
"PTGS1",-0.1776,9.7951,-0.578,0.5633,0.7123
"PDCL",0.1076,9.9674,0.767,0.4431,0.6117
"RC3H2",-0.3862,10.9085,-2.8284,0.004679,0.0231
"ZBTB6",0.1719,9.1299,0.9487,0.3428,0.5174
"ZBTB26",-0.1222,8.5569,-0.736,0.4617,0.628
"RABGAP1",-0.2439,11.1597,-1.5519,0.1207,0.2563
"STRBP",-0.365,10.1981,-1.6029,0.109,0.2384
"CRB2",-1.0041,7.731,-2.4216,0.01545,0.05739
"DENND1A",-0.3548,9.9928,-1.797,0.07234,0.1769
"LHX2",-2.6304,6.5656,-3.817,0.0001351,0.001489
"NEK6",0.6467,10.7518,2.8726,0.004071,0.02089
"PSMB7",-0.2391,11.5751,-1.7018,0.08879,0.2057
"NR6A1",-0.1024,8.0428,-0.3564,0.7215,0.8289
"OLFML2A",-1.4287,10.4707,-4.3245,1.529e-05,0.0002516
"WDR38",1.3463,7.4643,2.2305,0.02571,0.0838
"RPL35",0.3528,12.9542,1.4574,0.145,0.2898
"ARPC5L",-0.0427,10.6693,-0.2565,0.7976,0.8801
"GOLGA1",-0.0827,9.9124,-0.536,0.5919,0.7342
"SCAI",0.2003,9.385,0.8724,0.383,0.557
"PPP6C",-0.0753,11.2673,-0.6563,0.5116,0.6708
"RABEPK",-0.1554,9.5139,-0.8989,0.3687,0.5435
"HSPA5",-0.2021,14.6311,-1.4409,0.1496,0.2963
"GAPVD1",0.356,11.0803,1.5475,0.1218,0.2578
"MAPKAP1",-0.2771,11.3847,-2.2549,0.02414,0.08
"PBX3",0.7932,9.6865,2.9817,0.002866,0.01621
"MVB12B",0.6078,9.9699,1.809,0.07045,0.1737
"LMX1B",0.9508,6.6122,1.1829,0.2369,0.406
"ZBTB43",-0.1648,9.5725,-0.817,0.4139,0.5852
"ZBTB34",-0.0747,9.3318,-0.3361,0.7368,0.8397
"ANGPTL2",-0.1368,10.7347,-0.4106,0.6814,0.8003
"RALGPS1",0.7426,9.0456,3.339,0.0008407,0.006316
"GARNL3",-0.4284,7.8841,-1.6084,0.1077,0.2366
"SLC2A8",-0.627,9.3225,-2.9057,0.003665,0.0194
"ZNF79",0.0044,7.9638,0.0212,0.9831,0.9909
"RPL12",0.2196,12.8648,1.1592,0.2464,0.4165
"LRSAM1",0.1341,9.5366,0.7889,0.4301,0.6005
"FAM129B",0.3304,13.5594,1.1783,0.2387,0.4081
"STXBP1",0.3883,10.8244,1.1906,0.2338,0.4023
"CFAP157",0.6173,8.738,1.6517,0.09859,0.2221
"PTRH1",0.2802,8.3744,1.0578,0.2901,0.4644
"TTC16",1.1936,6.9396,2.372,0.01769,0.06361
"TOR2A",-0.1231,9.0723,-0.6418,0.521,0.6784
"SH2D3C",0.1369,9.7428,0.4989,0.6178,0.7538
"CDK9",-0.0301,10.9335,-0.1951,0.8453,0.9116
"FPGS",0.1134,10.7894,0.5362,0.5918,0.7341
"ENG",0.4102,12.2769,1.5815,0.1138,0.2453
"AK1",1.3377,10.7432,5.0526,4.358e-07,1.287e-05
"ST6GALNAC6",0.188,11.0007,0.9327,0.351,0.5258
"ST6GALNAC4",0.3222,10.0639,1.3823,0.1669,0.3206
"PIP5KL1",1.3271,7.5639,4.2425,2.21e-05,0.0003364
"DPM2",0.1429,10.6026,0.8534,0.3934,0.5663
"FAM102A",-0.2797,11.518,-1.0945,0.2737,0.4472
"NAIF1",0.0126,8.775,0.0889,0.9291,0.9612
"SLC25A25",-0.2289,10.2701,-0.6542,0.513,0.6719
"PTGES2",-0.1773,10.2568,-0.9546,0.3398,0.5145
"LCN2",0.5302,10.3066,0.7614,0.4464,0.6148
"C9orf16",-0.1705,10.1911,-0.8592,0.3902,0.5635
"CIZ1",-0.1903,11.452,-1.0973,0.2725,0.4462
"DNM1",-0.3485,9.0093,-0.925,0.355,0.5294
"GOLGA2",0.25,11.5319,1.2894,0.1973,0.3596
"SWI5",-0.0237,9.1394,-0.1423,0.8868,0.9369
"TRUB2",0.0454,10.155,0.2996,0.7644,0.859
"COQ4",0.0367,10.3786,0.2245,0.8224,0.8967
"SLC27A4",-0.1542,10.1451,-0.7339,0.463,0.6289
"URM1",0.0229,10.7423,0.162,0.8713,0.9274
"CERCAM",-0.7813,10.4291,-2.6138,0.008955,0.03781
"ODF2",-0.3151,10.5327,-1.5156,0.1296,0.269
"GLE1",-0.0354,10.5966,-0.2393,0.8109,0.8899
"SPTAN1",0.2349,13.2691,1.1141,0.2652,0.4374
"WDR34",0.6279,10.9081,3.0915,0.001992,0.01226
"SET",-0.4362,12.9774,-2.9395,0.003287,0.01793
"PKN3",0.4105,8.9148,1.5567,0.1195,0.2544
"ZDHHC12",-0.1014,10.294,-0.5445,0.5861,0.7305
"ZER1",0.0858,11.0686,0.4966,0.6195,0.7552
"TBC1D13",0.224,10.2383,1.0579,0.2901,0.4644
"ENDOG",-0.0326,9.2024,-0.1722,0.8633,0.9224
"SPOUT1",-0.2257,10.3452,-1.469,0.1418,0.2854
"KYAT1",-0.4393,8.0099,-2.1107,0.0348,0.1049
"LRRC8A",-1.0969,11.6091,-3.7554,0.0001731,0.001805
"PHYHD1",0.2234,8.531,0.5997,0.5487,0.7002
"DOLK",-0.2193,9.5284,-1.2533,0.2101,0.3755
"RP11-101E3.5",-0.0519,7.4798,-0.2233,0.8233,0.8972
"NUP188",-0.512,11.2482,-2.3858,0.01704,0.06178
"SH3GLB2",0.193,11.0021,1.1414,0.2537,0.4248
"MIGA2",-0.038,9.3534,-0.2083,0.835,0.905
"DOLPP1",-0.1704,9.4701,-0.9898,0.3223,0.4981
"CRAT",-0.0209,10.2118,-0.1008,0.9197,0.9561
"PTPA",-0.0337,12.1895,-0.2295,0.8185,0.8943
"IER5L",0.3177,8.8849,0.8568,0.3916,0.5648
"NTMT1",0.2163,9.779,1.1856,0.2358,0.4048
"ASB6",-0.152,10.3016,-0.9961,0.3192,0.495
"PRRX2",-0.7397,7.5983,-2.0312,0.04223,0.1207
"PTGES",0.2115,9.6158,0.4215,0.6734,0.7948
"TOR1B",-0.0901,10.1249,-0.5276,0.5978,0.7386
"TOR1A",-0.1649,10.4961,-1.1199,0.2628,0.4348
"C9orf78",-0.2456,10.9203,-2.0964,0.03605,0.1077
"USP20",-0.0824,10.1222,-0.4607,0.645,0.7746
"FNBP1",-0.2299,10.94,-1.168,0.2428,0.4126
"GPR107",-0.1311,12.1679,-0.6591,0.5098,0.6692
"NCS1",-1.1279,9.6489,-3.3656,0.0007638,0.00586
"HMCN2",-0.9032,7.6742,-1.762,0.07807,0.1869
"ASS1",-0.2182,11.5448,-0.569,0.5694,0.717
"FUBP3",-0.0698,10.9541,-0.5379,0.5906,0.7334
"EXOSC2",-0.3893,9.5933,-2.7191,0.006546,0.0299
"ABL1",-0.0066,11.5883,-0.0328,0.9738,0.9857
"QRFP",-0.4341,6.3503,-1.2618,0.207,0.3721
"FIBCD1",0.1798,7.0905,0.3274,0.7434,0.845
"LAMC3",-0.3036,9.4482,-0.7139,0.4753,0.6393
"AIF1L",-0.0429,9.5592,-0.122,0.9029,0.9469
"NUP214",-0.2465,11.2552,-1.4117,0.158,0.3085
"FAM78A",-0.0995,8.7368,-0.3437,0.7311,0.8358
"PLPP7",0.379,6.9325,1.1407,0.254,0.4251
"PRRC2B",-0.4712,12.9814,-1.9241,0.05434,0.1444
"POMT1",0.2922,9.896,1.7064,0.08794,0.2043
"UCK1",-0.1004,9.9378,-0.577,0.5639,0.7128
"RP11-40A7.2",4.4868,6.9678,9.7284,2.282e-22,3.448e-19
"RAPGEF1",-0.4262,11.8963,-2.1358,0.03269,0.1004
"MED27",-0.2596,8.9961,-1.5698,0.1165,0.2497
"NTNG2",-0.4118,7.2499,-1.4579,0.1449,0.2898
"SETX",-0.0933,11.5953,-0.5306,0.5957,0.7369
"TTF1",-0.0323,9.2634,-0.2288,0.819,0.8949
"CFAP77",1.691,6.7788,2.1088,0.03496,0.1052
"DDX31",-0.101,9.2283,-0.6652,0.5059,0.6662
"GTF3C4",-0.1835,10.5997,-0.8771,0.3804,0.5547
"AK8",0.3649,7.5367,0.8245,0.4096,0.5812
"SPACA9",0.6655,8.4985,1.9018,0.0572,0.1496
"TSC1",0.018,10.2587,0.0996,0.9207,0.9567
"GFI1B",-0.9766,6.4172,-2.3677,0.0179,0.06418
"GTF3C5",-0.1378,10.814,-0.7793,0.4358,0.6053
"CEL",-4.0726,7.3349,-6.2075,5.383e-10,3.994e-08
"RALGDS",-0.339,11.3514,-1.665,0.09591,0.2178
"GBGT1",0.4348,8.5623,1.7036,0.08846,0.2052
"ABO",-0.2113,9.3816,-0.4217,0.6732,0.7947
"SURF6",-0.2236,10.272,-1.2364,0.2163,0.3823
"MED22",-0.1846,10.1721,-1.0333,0.3015,0.4764
"RPL7A",0.1015,13.0424,0.5398,0.5893,0.7327
"SURF1",0.3833,10.3168,2.0476,0.0406,0.1174
"SURF2",-0.1689,8.8815,-1.0479,0.2947,0.4686
"SURF4",0.0102,13.1852,0.0566,0.9549,0.9749
"STKLD1",0.6885,6.6028,2.5686,0.01021,0.04193
"REXO4",-0.2372,9.8108,-1.8071,0.07074,0.1742
"ADAMTS13",0.4159,7.327,1.1622,0.2452,0.4151
"CACFD1",0.8484,10.139,4.1149,3.873e-05,0.0005293
"SLC2A6",-1.4711,8.8324,-3.9165,8.984e-05,0.001063
"ADAMTSL2",0.6386,9.3404,1.9222,0.05458,0.1448
"DBH",0.6656,6.4763,1.3059,0.1916,0.3531
"SARDH",0.106,7.6687,0.3223,0.7473,0.8473
"VAV2",0.1495,10.815,0.4579,0.647,0.7763
"LINC00094",0.032,10.2764,0.1725,0.8631,0.9223
"BRD3",-0.2694,10.8364,-1.3525,0.1762,0.3326
"WDR5",-0.4533,10.4349,-2.4395,0.01471,0.05536
"RXRA",-0.6064,11.6705,-2.1713,0.02991,0.09388
"COL5A1",-0.3253,12.5885,-0.9316,0.3516,0.5263
"FCN1",0.9185,8.805,2.049,0.04046,0.1172
"OLFM1",-2.067,9.3526,-3.7744,0.0001604,0.001696
"PPP1R26",0.5263,10.1069,2.2179,0.02656,0.08589
"C9orf116",1.2592,7.6806,2.5529,0.01068,0.04334
"MRPS2",-0.3066,10.1851,-1.776,0.07573,0.1829
"PAEP",3.7393,6.7084,4.4581,8.268e-06,0.0001544
"KCNT1",1.4491,6.4626,2.0099,0.04444,0.1253
"CAMSAP1",-0.4725,10.5983,-2.3595,0.0183,0.0652
"UBAC1",-0.4007,10.4077,-2.3921,0.01675,0.06101
"NACC2",0.4287,10.1863,1.9392,0.05248,0.1407
"C9orf69",-0.2115,10.4515,-0.9906,0.3219,0.4977
"QSOX2",-0.2613,9.8236,-1.2561,0.2091,0.3744
"CCDC187",2.0934,7.2162,2.9235,0.003461,0.01862
"GPSM1",0.1304,9.3008,0.4761,0.634,0.7663
"DNLZ",0.439,8.1258,2.099,0.03582,0.1072
"CARD9",0.1913,8.7037,0.9289,0.3529,0.5276
"SNAPC4",0.0114,9.2667,0.0481,0.9616,0.9792
"SDCCAG3",0.0163,9.8903,0.1085,0.9136,0.9524
"PMPCA",0.1721,10.584,1.1802,0.2379,0.4072
"INPP5E",-0.3187,9.2078,-1.793,0.07298,0.1778
"SEC16A",0.366,12.1395,1.6081,0.1078,0.2367
"NOTCH1",-1.2684,11.3856,-4.6452,3.398e-06,7.212e-05
"EGFL7",1.0942,10.3865,3.6346,0.0002784,0.002654
"AGPAT2",1.0094,11.2234,3.4505,0.0005596,0.004572
"FAM69B",1.3684,8.824,3.7648,0.0001667,0.001754
"LCN10",1.2758,6.5856,2.6594,0.007828,0.03424
"RP11-216L13.16",1.1733,6.6751,2.4279,0.01519,0.05673
"LCN6",0.606,6.1987,0.9123,0.3616,0.5362
"TMEM141",0.9838,10.5757,3.5522,0.000382,0.003413
"RP11-216L13.17",0.9869,9.3764,3.5327,0.0004114,0.003613
"CCDC183",1.4617,7.3316,4.2834,1.841e-05,0.0002903
"RABL6",0.1892,11.6125,0.8579,0.3909,0.5643
"C9orf172",0.7425,7.5577,2.3741,0.01759,0.06332
"PHPT1",0.6914,10.796,3.2226,0.00127,0.008667
"MAMDC4",0.124,8.4684,0.5416,0.5881,0.7319
"EDF1",0.0822,12.3779,0.4636,0.6429,0.773
"TRAF2",-0.0928,9.7525,-0.3293,0.7419,0.8438
"FBXW5",-0.1193,11.5776,-0.4735,0.6359,0.7678
"C8G",-0.2829,6.3706,-0.7158,0.4741,0.6385
"LCN12",0.6784,6.6292,1.5638,0.1179,0.2518
"PTGDS",0.3494,10.8705,0.7662,0.4435,0.6121
"RP11-229P13.28",0.3165,10.7054,0.6892,0.4907,0.6533
"LCNL1",0.0963,6.3979,0.1786,0.8583,0.9194
"C9orf142",-0.1066,9.6226,-0.5501,0.5823,0.7272
"CLIC3",-0.1652,9.3901,-0.4369,0.6621,0.7869
"ABCA2",-0.2029,10.6703,-0.6297,0.5289,0.6848
"FUT7",-0.2952,6.6918,-0.5992,0.549,0.7004
"RP11-229P13.27",0.5124,8.2205,1.6025,0.1091,0.2385
"NPDC1",0.4114,10.1451,1.1967,0.2314,0.4
"ENTPD2",-0.5719,7.6434,-1.0287,0.3036,0.4783
"SAPCD2",-0.5793,8.7824,-1.462,0.1437,0.2881
"UAP1L1",-0.8418,9.3156,-2.9767,0.002914,0.01641
"MAN1B1",-0.1503,11.4391,-0.7522,0.452,0.6194
"DPP7",0.0768,11.5441,0.3588,0.7198,0.8276
"GRIN1",1.5472,6.5212,2.8509,0.00436,0.02197
"ANAPC2",0.1246,10.1393,0.6496,0.516,0.6741
"SSNA1",0.1674,10.4631,0.9624,0.3359,0.5106
"TPRN",0.4596,9.5051,1.7602,0.07837,0.1875
"TMEM203",-0.0998,10.2393,-0.6601,0.5092,0.6688
"NDOR1",-0.2622,8.9385,-1.2313,0.2182,0.3848
"RNF208",0.2032,7.9229,0.6932,0.4882,0.651
"CYSRT1",0.0285,6.8551,0.0618,0.9507,0.9725
"RNF224",1.5135,6.3241,3.1442,0.001666,0.01065
"TUBB4B",-0.2614,13.2023,-1.0266,0.3046,0.4792
"FAM166A",-0.2723,8.9926,-1.034,0.3011,0.4761
"STPG3",1.0498,6.2471,1.8674,0.06185,0.1583
"NELFB",-0.1844,11.1648,-1.1322,0.2575,0.4287
"TOR4A",1.488,9.8157,3.817,0.0001351,0.001489
"NRARP",-1.8725,8.3874,-5.4938,3.934e-08,1.619e-06
"EXD3",0.3361,8.6391,1.5295,0.1261,0.2644
"NOXA1",1.091,8.0843,3.4614,0.0005373,0.004456
"ENTPD8",2.955,6.7595,4.9002,9.572e-07,2.513e-05
"NSMF",0.0424,10.1246,0.1668,0.8676,0.9253
"PNPLA7",1.4195,8.2035,4.1428,3.431e-05,0.0004809
"MRPL41",0.3061,9.5204,1.4239,0.1545,0.3035
"DPH7",-0.1994,9.2653,-1.3118,0.1896,0.3505
"ZMYND19",-0.3593,9.2072,-1.8625,0.06254,0.1593
"ARRDC1",0.3375,10.5415,1.7115,0.08699,0.2028
"EHMT1",-0.3412,10.9403,-1.7464,0.08074,0.1915
"CACNA1B",-1.581,7.1036,-1.5935,0.111,0.2412
"MT-ND1",-0.2813,15.8902,-0.7536,0.4511,0.6187
"MT-ND2",-0.3178,16.2064,-0.9014,0.3673,0.542
"MT-CO1",0.0596,18.0088,0.1816,0.8559,0.918
"MT-CO2",-0.5145,16.5235,-1.4897,0.1363,0.2777
"MT-ATP8",-0.3279,14.655,-0.9079,0.3639,0.5384
"MT-ATP6",-0.4569,16.5012,-1.2685,0.2046,0.3691
"MT-CO3",-0.3239,16.8229,-1.0287,0.3036,0.4783
"MT-ND3",-0.0749,14.3966,-0.2394,0.8108,0.8899
"MT-ND4L",-0.3867,14.3946,-1.1603,0.2459,0.416
"MT-ND4",-0.4817,17.4906,-1.4057,0.1598,0.3111
"MT-ND5",0.1142,15.7111,0.323,0.7467,0.847
"MT-ND6",0.2231,14.4795,0.5512,0.5815,0.7268
"MT-CYB",-0.3691,16.3147,-1.0959,0.2731,0.4467
"PLCXD1",-0.3021,9.7278,-1.046,0.2956,0.4695
"GTPBP6",-0.2136,10.3667,-1.2997,0.1937,0.356
"PPP2R3B",-0.4411,8.5625,-2.2729,0.02303,0.07729
"CRLF2",1.5443,6.3116,2.858,0.004264,0.0216
"CSF2RA",1.0937,8.887,2.7321,0.006294,0.02905
"IL3RA",-0.0254,8.8721,-0.0831,0.9338,0.9634
"SLC25A6",0.0091,13.6883,0.0389,0.969,0.9828
"ASMTL",-0.0265,9.8692,-0.1495,0.8811,0.9337
"P2RY8",-0.424,8.2464,-1.1395,0.2545,0.4255
"AKAP17A",-0.1922,10.3065,-1.0673,0.2858,0.4594
"ZBED1",-0.0057,11.3238,-0.0326,0.974,0.9857
"DHRSX",0.3086,9.6296,1.458,0.1448,0.2898
"CD99",-0.4032,12.4852,-1.6219,0.1048,0.2323
"XG",-2.5575,7.1234,-4.2834,1.841e-05,0.0002903
"GYG2",0.4482,8.1264,1.223,0.2213,0.3884
"ARSD",0.9169,11.3199,2.7307,0.006319,0.02913
"ARSE",1.459,8.1322,2.0527,0.0401,0.1164
"MXRA5",-0.9022,11.6357,-2.691,0.007125,0.03199
"PRKX",-2.132,10.2529,-6.8086,9.856e-12,1.243e-09
"NLGN4X",-0.55,7.5928,-1.2042,0.2285,0.3969
"PUDP",0.009,9.6955,0.042,0.9665,0.9816
"STS",1.2255,10.0699,3.8007,0.0001443,0.001559
"PNPLA4",-0.1968,9.3684,-0.7569,0.4491,0.6171
"ANOS1",-0.084,10.8231,-0.2235,0.8231,0.897
"TBL1X",-0.6222,10.5154,-2.1483,0.03169,0.09801
"GPR143",-0.9503,7.4627,-1.9894,0.04666,0.1297
"SHROOM2",-1.163,9.7022,-3.6898,0.0002245,0.002223
"WWC3",-0.0799,11.4102,-0.3806,0.7035,0.8162
"CLCN4",0.5574,8.9386,1.5725,0.1158,0.2488
"MID1",-0.8036,10.4031,-3.3454,0.0008215,0.006209
"HCCS",-0.0249,9.674,-0.1394,0.8892,0.9379
"ARHGAP6",0.1915,8.1412,0.6198,0.5354,0.6899
"MSL3",-0.3378,9.9972,-2.0522,0.04015,0.1165
"PRPS2",-0.3567,10.6515,-1.8783,0.06034,0.1553
"TLR7",0.2419,8.1983,0.5965,0.5509,0.7021
"TLR8",0.3317,8.4186,0.7723,0.4399,0.6091
"TMSB4X",0.1234,15.295,0.4782,0.6325,0.7652
"EGFL6",-1.3265,9.5284,-4.4233,9.72e-06,0.000175
"TCEANC",-0.1968,7.6516,-0.9315,0.3516,0.5263
"RAB9A",-0.2309,9.9896,-1.0678,0.2856,0.4592
"TRAPPC2",-0.1793,9.0021,-0.9688,0.3326,0.5075
"OFD1",-0.2603,10.1569,-1.5034,0.1327,0.273
"GPM6B",-1.0824,9.0543,-3.0491,0.002295,0.01371
"GEMIN8",0.1954,9.0507,1.2409,0.2146,0.3804
"FANCB",-1.2109,6.9409,-4.8533,1.214e-06,3.046e-05
"MOSPD2",-0.061,9.6611,-0.3663,0.7141,0.8234
"ASB9",0.4944,7.7683,1.5397,0.1236,0.2607
"PIGA",0.2095,9.773,0.746,0.4557,0.6227
"VEGFD",1.6502,8.3339,3.2279,0.001247,0.008569
"PIR",-0.6149,9.5156,-1.8434,0.06527,0.1641
"BMX",-0.0627,6.9855,-0.1599,0.873,0.9284
"ACE2",-0.6468,7.7152,-1.4457,0.1483,0.2943
"TMEM27",-0.558,7.1372,-1.4581,0.1448,0.2898
"CA5B",-0.5964,8.8552,-2.2158,0.02671,0.08607
"ZRSR2",-0.2415,8.6537,-1.5932,0.1111,0.2413
"AP1S2",-0.2745,9.7009,-0.8714,0.3835,0.5573
"CTPS2",0.1622,9.8658,0.8929,0.3719,0.5466
"SYAP1",0.1794,11.3321,0.8859,0.3757,0.5504
"TXLNG",-0.277,9.8084,-1.6324,0.1026,0.229
"RBBP7",-0.4024,11.7894,-2.3392,0.01932,0.06789
"REPS2",0.4905,9.534,1.597,0.1103,0.2403
"NHS",0.0424,8.8732,0.126,0.8997,0.9449
"SCML1",-0.0316,8.53,-0.151,0.88,0.9329
"RAI2",0.0838,9.1395,0.2845,0.776,0.8665
"SCML2",-0.8766,7.2047,-1.8989,0.05757,0.1504
"CDKL5",0.0299,9.8131,0.1321,0.8949,0.9416
"RS1",1.8594,6.755,3.9919,6.555e-05,0.0008209
"PPEF1",0.6769,6.5879,1.6939,0.09028,0.2081
"PHKA2",-0.4096,10.0721,-2.4758,0.01329,0.05136
"ADGRG2",1.314,7.4237,2.7404,0.006136,0.02848
"PDHA1",-0.2613,10.9459,-1.5803,0.114,0.2457
"MAP3K15",0.101,8.3464,0.5096,0.6103,0.7485
"SH3KBP1",0.6238,10.7158,3.0267,0.002472,0.01449
"CXorf23",0.4562,8.9745,2.2658,0.02346,0.07829
"MAP7D2",-0.0672,7.674,-0.1076,0.9143,0.9528
"EIF1AX",-0.1625,11.4359,-0.8063,0.4201,0.591
"RPS6KA3",0.7106,11.7002,2.8731,0.004064,0.02087
"CNKSR2",0.0779,7.4346,0.1526,0.8787,0.9322
"YY2",-0.3614,7.2792,-1.8488,0.06448,0.1627
"MBTPS2",0.0792,9.9319,0.4872,0.6261,0.7606
"SMS",-0.982,10.9016,-3.6728,0.0002399,0.00234
"PHEX",-0.4881,7.6349,-1.0696,0.2848,0.4583
"PTCHD1",0.6483,6.9434,0.8925,0.3721,0.5468
"PRDX4",0.357,11.3642,1.6197,0.1053,0.233
"ACOT9",0.1686,10.3506,0.8807,0.3785,0.553
"SAT1",0.1091,14.0008,0.3421,0.7323,0.8364
"APOO",-0.156,8.7895,-0.6058,0.5446,0.6966
"CXorf58",0.0799,6.5392,0.2342,0.8149,0.8921
"KLHL15",-0.1484,9.0621,-0.7658,0.4438,0.6123
"EIF2S3",0.0349,12.2643,0.1604,0.8725,0.9282
"ZFX",-0.25,10.2952,-1.1863,0.2355,0.4045
"PDK3",-0.6822,8.6242,-2.8834,0.003935,0.0204
"PCYT1B",-2.0852,7.3512,-4.1335,3.572e-05,0.0004964
"POLA1",-0.5029,9.6283,-2.6271,0.008612,0.03681
"ARX",3.3217,6.6459,4.5545,5.252e-06,0.000105
"CXorf21",0.2148,7.5445,0.5672,0.5706,0.7179
"GK",1.209,9.1056,3.7468,0.0001791,0.001859
"TAB3",-0.117,10.3094,-0.7797,0.4356,0.6052
"DMD",-0.4924,9.4688,-1.218,0.2232,0.3904
"TMEM47",0.1788,9.9121,0.6643,0.5065,0.6667
"CFAP47",0.6233,6.8446,0.7496,0.4535,0.621
"PRRG1",0.6523,8.5581,2.5317,0.01135,0.04536
"LANCL3",-0.0113,7.1149,-0.0231,0.9816,0.9902
"XK",1.1859,7.827,2.9241,0.003455,0.01861
"CYBB",0.1669,11.5607,0.4237,0.6717,0.7937
"DYNLT3",-0.3577,10.3444,-1.7268,0.0842,0.1975
"SYTL5",-0.0523,7.3615,-0.0908,0.9277,0.9601
"SRPX",0.3067,8.7655,0.8689,0.3849,0.5586
"RPGR",0.3947,8.8152,1.6744,0.09406,0.2147
"OTC",1.8622,6.1871,2.5056,0.01222,0.048
"RP5-972B16.2",-1.1552,9.205,-2.3461,0.01897,0.067
"TSPAN7",-0.3964,10.4303,-0.9287,0.353,0.5277
"MID1IP1",0.4003,11.2413,1.5875,0.1124,0.2433
"BCOR",0.117,10.7197,0.5937,0.5527,0.7034
"ATP6AP2",-0.1535,12.4641,-1.0109,0.312,0.487
"CXorf38",0.081,9.948,0.4924,0.6224,0.7578
"MED14",-0.4226,11.0271,-2.8092,0.004967,0.02416
"USP9X",-0.2289,12.295,-1.2499,0.2113,0.3769
"DDX3X",-0.0442,13.381,-0.2718,0.7858,0.873
"GPR34",0.9285,8.1984,2.4278,0.01519,0.05673
"GPR82",0.413,6.6087,0.8159,0.4146,0.5856
"CASK",-0.6395,11.0039,-2.8398,0.004514,0.02252
"MAOA",0.6812,11.938,1.5393,0.1237,0.2608
"MAOB",0.0716,9.4164,0.2034,0.8389,0.9076
"EFHC2",1.3486,7.4383,2.2427,0.02492,0.08202
"FUNDC1",-0.1288,9.0729,-0.6196,0.5355,0.6899
"KDM6A",-0.2967,10.2158,-1.4404,0.1498,0.2965
"CXorf36",0.2713,9.1063,0.9125,0.3615,0.5362
"KRBOX4",-0.043,8.8501,-0.2677,0.7889,0.875
"ZNF674",0.0045,7.6198,0.0264,0.979,0.9888
"CHST7",-1.9787,8.095,-6.5882,4.453e-11,4.655e-09
"SLC9A7",-0.7338,9.6696,-3.1409,0.001684,0.01074
"RP2",0.358,9.8188,1.7683,0.07701,0.1851
"JADE3",0.2133,9.3214,1.2533,0.2101,0.3755
"RGN",2.1833,7.8573,6.2295,4.68e-10,3.568e-08
"NDUFB11",0.0913,11.1658,0.4928,0.6222,0.7575
"RBM10",-0.3682,10.9363,-2.3838,0.01713,0.06207
"UBA1",-0.2242,13.4247,-1.5846,0.1131,0.2443
"CDK16",-0.3944,11.7126,-2.304,0.02123,0.07292
"USP11",-0.4707,11.495,-2.3288,0.01987,0.06929
"ZNF41",0.1984,8.9397,1.2343,0.2171,0.3832
"ARAF",0.231,11.3536,1.4048,0.1601,0.3113
"TIMP1",0.0227,13.0074,0.0638,0.9491,0.9719
"SYN1",-0.3653,7.0196,-0.9268,0.354,0.5286
"CFP",0.0479,7.8595,0.1374,0.8907,0.9388
"ELK1",-0.5217,10.2941,-4.0349,5.462e-05,0.000707
"UXT",0.3577,10.5295,1.5388,0.1239,0.2609
"ZNF81",-0.049,8.1028,-0.2146,0.8301,0.9021
"ZNF182",0.2656,8.5405,1.8631,0.06245,0.1592
"ZNF630",0.4132,7.6499,2.47,0.01351,0.05197
"SLC38A5",-0.7453,9.3916,-1.9146,0.05554,0.1465
"FTSJ1",-0.0384,10.3521,-0.2649,0.7911,0.8764
"PORCN",-0.7203,8.8799,-2.4915,0.01272,0.0496
"EBP",-0.0715,10.6243,-0.3129,0.7543,0.8523
"TBC1D25",-0.1703,9.618,-1.2969,0.1947,0.357
"RBM3",0.5974,12.7461,2.5861,0.009708,0.0403
"WDR13",0.3873,11.1726,3.0448,0.002328,0.01384
"WAS",-0.2547,9.1159,-0.835,0.4037,0.5755
"SUV39H1",-0.1583,8.8624,-0.7467,0.4552,0.6225
"GLOD5",2.6179,6.5154,6.2564,3.94e-10,3.104e-08
"GATA1",0.1426,6.2192,0.3498,0.7265,0.8323
"HDAC6",0.1816,10.7639,1.1351,0.2563,0.4272
"PCSK1N",2.2113,7.2993,3.3728,0.0007441,0.005739
"TIMM17B",0.342,10.2922,1.9733,0.04846,0.133
"PQBP1",0.1304,10.6556,0.7975,0.4252,0.5958
"SLC35A2",0.2381,10.681,1.1487,0.2507,0.4216
"PIM2",-0.68,10.7154,-1.9169,0.05526,0.146
"OTUD5",-0.0902,11.1511,-0.8018,0.4227,0.5935
"KCND1",-0.6682,7.7454,-2.4891,0.01281,0.04988
"GRIPAP1",0.1521,10.8265,1.0311,0.3025,0.4772
"TFE3",-0.2131,11.2714,-1.6657,0.09578,0.2175
"CCDC120",0.1022,9.4388,0.5166,0.6054,0.7444
"PRAF2",-0.1441,9.64,-0.7159,0.4741,0.6385
"WDR45",0.108,10.807,0.9649,0.3346,0.5091
"GPKOW",0.189,9.7735,1.5029,0.1329,0.2731
"MAGIX",1.2087,8.0306,4.7796,1.756e-06,4.119e-05
"PLP2",-0.5497,12.0745,-1.7728,0.07627,0.1839
"PRICKLE3",-0.9754,9.0219,-6.0425,1.518e-09,9.854e-08
"SYP",0.808,7.6641,1.8468,0.06478,0.1632
"CACNA1F",0.2476,6.8021,0.6038,0.546,0.6979
"CCDC22",-0.1363,9.7219,-1.1676,0.243,0.4128
"FOXP3",-1.1223,7.7652,-3.4536,0.0005532,0.004534
"PPP1R3F",0.4096,7.7583,1.8009,0.07172,0.1759
"USP27X",0.5236,8.0464,2.0901,0.03661,0.1089
"CLCN5",-0.5195,9.1167,-2.1858,0.02883,0.0913
"CCNB3",1.9074,6.5992,5.0938,3.51e-07,1.07e-05
"SHROOM4",1.1397,9.9059,3.1539,0.001611,0.01038
"NUDT10",-2.728,6.577,-5.4472,5.118e-08,1.988e-06
"NUDT11",-1.9925,7.2377,-4.8271,1.386e-06,3.387e-05
"GSPT2",0.0645,8.8826,0.196,0.8446,0.9112
"MAGED1",0.0955,12.7371,0.4889,0.6249,0.7599
"MAGED4B",-0.2683,8.7923,-0.6261,0.5313,0.6867
"MAGED4",-0.253,8.728,-0.6311,0.528,0.6844
"XAGE2",2.1909,6.6586,3.0948,0.001969,0.01214
"XAGE1A",3.6741,7.13,3.67,0.0002425,0.002361
"XAGE1B",3.7655,7.369,3.9889,6.637e-05,0.0008294
"FAM156B",-0.288,9.521,-1.5341,0.125,0.2627
"FAM156A",-0.1783,8.5241,-0.9866,0.3238,0.4997
"GPR173",-0.0284,7.3451,-0.0788,0.9372,0.9649
"TSPYL2",0.1214,9.9209,0.5584,0.5766,0.7228
"KANTR",-0.1992,8.3219,-0.7004,0.4837,0.6469
"KDM5C",-0.2297,11.9222,-1.241,0.2146,0.3804
"IQSEC2",0.1573,9.6142,0.8239,0.41,0.5814
"SMC1A",-0.43,11.9629,-2.1794,0.0293,0.0924
"RIBC1",1.1366,7.403,2.56,0.01047,0.04274
"HSD17B10",-0.123,10.8195,-0.8984,0.369,0.5436
"HUWE1",-0.1933,13.2034,-1.1105,0.2668,0.439
"PHF8",-0.444,10.5611,-2.6058,0.009165,0.03856
"FAM120C",-0.3864,8.8303,-1.4679,0.1421,0.2859
"WNK3",0.0058,7.0943,0.0113,0.9909,0.9951
"TSR2",-0.1976,10.5711,-1.1492,0.2505,0.4215
"FGD1",-0.6885,9.0111,-2.6714,0.007553,0.03337
"GNL3L",0.1949,8.8026,0.8753,0.3814,0.5557
"ITIH6",-1.8895,6.1113,-2.2097,0.02713,0.08723
"MAGED2",0.6981,12.2535,4.5937,4.355e-06,8.957e-05
"TRO",-0.5993,8.2087,-1.4053,0.1599,0.3112
"APEX2",-0.6332,10.188,-4.8124,1.492e-06,3.598e-05
"ALAS2",0.0658,6.3208,0.11,0.9124,0.952
"FAM104B",-0.0034,8.7396,-0.0191,0.9848,0.9918
"MAGEH1",0.2317,9.5806,1.2408,0.2147,0.3805
"USP51",-0.5414,7.8034,-1.738,0.08221,0.1939
"RRAGB",-0.1838,8.97,-1.0093,0.3128,0.4878
"KLF8",-0.6176,8.7017,-1.8665,0.06198,0.1584
"UBQLN2",-0.2802,10.9561,-1.7491,0.08028,0.1908
"NBDY",-0.1993,9.8308,-0.7384,0.4603,0.6265
"SPIN3",0.1411,8.7475,0.6882,0.4913,0.6537
"SPIN2B",0.1846,7.6557,0.9395,0.3475,0.5226
"SPIN2A",0.0235,7.02,0.1165,0.9073,0.949
"FAAH2",1.0285,8.7633,3.9526,7.73e-05,0.0009404
"ZXDB",0.2267,9.2699,1.4431,0.149,0.2955
"ZXDA",0.2406,8.1078,1.1239,0.2611,0.4328
"SPIN4",0.409,8.75,1.4371,0.1507,0.2979
"ARHGEF9",0.2939,9.5851,1.2857,0.1986,0.3614
"AMER1",-0.9375,8.7323,-4.0807,4.49e-05,0.0005993
"MTMR8",0.3516,6.7399,0.9972,0.3187,0.4946
"ZC4H2",0.9011,7.9731,2.9792,0.00289,0.0163
"ZC3H12B",0.5349,7.1045,2.2485,0.02454,0.08109
"LAS1L",-0.2548,10.4966,-1.6468,0.0996,0.2237
"MSN",-0.484,14.2362,-2.1294,0.03322,0.1015
"VSIG4",0.9035,10.754,2.4306,0.01508,0.05642
"HEPH",0.2891,9.4516,1.1461,0.2518,0.4227
"EDA2R",1.9616,7.3975,4.8883,1.017e-06,2.636e-05
"AR",-0.6104,8.4516,-1.3676,0.1714,0.3264
"OPHN1",1.0705,9.1013,3.4871,0.0004883,0.004141
"YIPF6",0.5603,11.3451,3.4752,0.0005106,0.004268
"STARD8",0.488,9.0469,1.7761,0.07571,0.1829
"EFNB1",-2.3205,10.7485,-7.2323,4.748e-13,9.508e-11
"PJA1",-0.1124,10.0706,-0.8942,0.3712,0.5459
"FAM155B",-0.1139,6.9623,-0.18,0.8572,0.9188
"EDA",-0.6757,8.1118,-1.8615,0.06268,0.1595
"IGBP1",0.3568,10.9026,2.0325,0.0421,0.1204
"RAB41",0.4143,6.2667,1.1426,0.2532,0.4243
"PDZD11",0.0668,9.9825,0.3081,0.758,0.8545
"KIF4A",-0.656,8.8134,-1.942,0.05214,0.1402
"DLG3",0.4217,10.7521,2.3181,0.02044,0.0709
"SNX12",-0.1331,11.0097,-1.1502,0.2501,0.4211
"FOXO4",0.4056,9.4701,2.201,0.02774,0.08868
"CXorf65",-0.7861,6.2007,-1.5186,0.1289,0.2678
"IL2RG",-1.2015,10.3491,-2.7848,0.005356,0.02564
"MED12",-0.2721,11.0056,-1.7056,0.08809,0.2046
"NLGN3",0.0494,6.9818,0.141,0.8879,0.9373
"GJB1",1.4074,7.762,1.6879,0.09144,0.2102
"ZMYM3",0.0077,10.6835,0.0388,0.9691,0.9828
"NONO",-0.3274,13.3042,-2.6004,0.009312,0.03903
"ITGB1BP2",-0.0922,6.4233,-0.2982,0.7656,0.8598
"TAF1",0.0133,10.5627,0.0716,0.9429,0.9685
"OGT",0.1209,12.0165,0.5651,0.572,0.7189
"GCNA",0.2822,6.6918,1.035,0.3007,0.4755
"CXCR3",-0.8404,7.6385,-1.8882,0.059,0.1531
"RGAG4",-0.024,8.678,-0.06,0.9521,0.973
"NHSL2",0.2646,9.8276,1.4676,0.1422,0.286
"ERCC6L",-0.8675,7.6079,-2.8902,0.00385,0.02008
"RPS4X",0.2013,14.6513,0.7925,0.4281,0.5986
"PIN4",0.1775,8.9645,0.9289,0.3529,0.5276
"CITED1",-0.2551,6.31,-0.6077,0.5434,0.6955
"HDAC8",0.2199,9.351,1.4641,0.1432,0.2874
"PHKA1",0.4601,9.2157,1.7678,0.07709,0.1852
"DMRTC1B",0.3527,6.1874,0.6637,0.5069,0.6669
"DMRTC1",0.8246,6.4277,1.458,0.1448,0.2898
"NAP1L6",0.9514,6.1691,1.3676,0.1714,0.3264
"NAP1L2",-0.7057,7.5494,-1.6786,0.09323,0.2132
"CHIC1",0.3352,8.7145,1.2041,0.2286,0.3969
"SLC16A2",0.1095,9.0535,0.3432,0.7314,0.836
"RLIM",0.0719,11.0268,0.4121,0.6803,0.7994
"KIAA2022",-0.1262,7.3322,-0.1803,0.8569,0.9186
"ABCB7",0.0714,9.588,0.4723,0.6367,0.7684
"UPRT",0.0891,8.7359,0.3471,0.7285,0.834
"ZDHHC15",0.0394,7.3445,0.081,0.9355,0.9642
"MAGEE2",-0.4544,6.0858,-0.7658,0.4438,0.6123
"PBDC1",-0.1653,9.6331,-1.0488,0.2943,0.4682
"MAGEE1",0.0558,7.8248,0.1995,0.8419,0.9096
"ATRX",0.2908,11.3447,1.4028,0.1607,0.312
"MAGT1",-0.1482,12.1762,-0.7608,0.4468,0.6149
"COX7B",0.4841,11.235,1.6007,0.1094,0.2391
"PGAM4",-0.178,9.46,-0.9774,0.3284,0.5038
"ATP7A",0.4027,9.7823,1.8488,0.06448,0.1627
"PGK1",0.0181,14.1682,0.0825,0.9342,0.9636
"TAF9B",-0.5586,9.9126,-2.4785,0.01319,0.0511
"CYSLTR1",0.1539,8.2783,0.3239,0.746,0.8466
"P2RY10",0.0725,7.2487,0.1504,0.8805,0.9332
"GPR174",-0.134,6.6115,-0.276,0.7825,0.871
"ITM2A",0.2044,9.6492,0.5029,0.615,0.7521
"BRWD3",-0.0386,9.6685,-0.1711,0.8642,0.9229
"HMGN5",0.0149,8.1454,0.044,0.9649,0.981
"SH3BGRL",0.3681,11.9317,1.6102,0.1074,0.236
"RPS6KA6",0.525,7.9706,1.0864,0.2773,0.451
"HDX",0.2423,7.4385,0.903,0.3665,0.5411
"APOOL",0.2715,9.8561,1.8682,0.06173,0.158
"SATL1",0.2682,7.4901,1.65,0.09894,0.2226
"ZNF711",-0.6447,8.0597,-1.3274,0.1844,0.3437
"POF1B",-0.8626,8.8686,-1.8132,0.0698,0.1725
"CHM",0.2423,9.9233,1.5876,0.1124,0.2433
"KLHL4",0.5743,7.0857,1.5096,0.1311,0.271
"PABPC5",0.1165,6.7494,0.2928,0.7697,0.8629
"NAP1L3",0.4652,7.2323,1.2752,0.2022,0.366
"DIAPH2",0.1141,10.0223,0.4547,0.6493,0.7782
"PCDH19",-2.6381,7.5005,-3.8486,0.0001188,0.001334
"TSPAN6",-0.0074,10.6469,-0.0274,0.9781,0.9883
"SRPX2",0.0263,9.7661,0.0909,0.9275,0.9601
"SYTL4",0.1056,8.877,0.4453,0.6561,0.7831
"CSTF2",-0.4143,9.5139,-2.999,0.002709,0.01553
"NOX1",-0.5426,6.6129,-1.1241,0.261,0.4327
"XKRX",2.8549,7.5947,5.125,2.975e-07,9.277e-06
"TRMT2B",0.0485,9.7206,0.2708,0.7865,0.8735
"TMEM35A",0.2742,7.0535,0.575,0.5653,0.7137
"CENPI",-0.5044,7.7635,-1.5049,0.1323,0.2725
"DRP2",0.6533,6.4579,1.5085,0.1314,0.2714
"TIMM8A",-0.0806,8.1086,-0.4947,0.6208,0.7565
"BTK",0.1696,9.0939,0.4415,0.6588,0.7844
"RPL36A",0.0958,8.0803,0.4479,0.6542,0.7815
"GLA",-0.0407,9.9986,-0.1403,0.8884,0.9376
"RPL36A-HNRNPH2",0.2776,9.4357,2.061,0.0393,0.1146
"HNRNPH2",0.1502,11.7994,1.4123,0.1579,0.3084
"ARMCX4",0.5477,8.5359,1.8993,0.05752,0.1503
"ARMCX1",0.6623,9.099,2.5096,0.01209,0.04759
"ARMCX6",0.0581,9.4767,0.2589,0.7957,0.8788
"ARMCX3",0.278,10.9298,1.5463,0.122,0.2582
"ARMCX2",0.2656,9.7036,0.9749,0.3296,0.5049
"ZMAT1",0.643,8.3263,1.6263,0.1039,0.231
"TCEAL2",1.445,7.1993,2.7858,0.005339,0.02559
"TCEAL6",0.3598,6.4127,1.1393,0.2546,0.4256
"BEX5",0.4892,7.5903,1.2366,0.2162,0.3822
"TMSB15A",0.2741,6.822,0.5803,0.5617,0.711
"ARMCX5",0.4732,9.2431,3.107,0.00189,0.01173
"GPRASP1",0.6369,8.3115,2.1555,0.03112,0.09679
"GPRASP2",0.2591,8.8161,1.0156,0.3098,0.4847
"BHLHB9",-0.1238,8.1515,-0.5445,0.5861,0.7305
"BEX1",2.4676,6.9185,3.7997,0.0001449,0.001564
"NXF3",0.3087,6.9578,0.453,0.6506,0.7791
"BEX4",-0.1938,9.9964,-0.5612,0.5746,0.7212
"TCEAL8",0.3452,10.4459,1.8422,0.06544,0.1644
"TCEAL5",0.2744,6.3683,0.5957,0.5514,0.7025
"BEX2",-0.591,8.8079,-1.2705,0.2039,0.3681
"TCEAL7",0.699,7.1913,2.0574,0.03965,0.1155
"TCEAL9",-0.1132,10.7625,-0.6127,0.5401,0.693
"BEX3",-0.4361,11.4012,-1.7959,0.07251,0.1771
"RAB40A",0.5942,7.0921,2.0094,0.0445,0.1254
"TCEAL4",0.076,10.9583,0.367,0.7136,0.823
"TCEAL3",0.3886,9.3857,1.7533,0.07955,0.1895
"TCEAL1",1.0194,9.0923,5.1167,3.109e-07,9.657e-06
"MORF4L2",0.2916,12.7219,1.9155,0.05542,0.1463
"RAB9B",1.1657,6.8858,2.9479,0.003199,0.01756
"RP11-722G7.1",-0.2741,7.4035,-0.7816,0.4345,0.6043
"ZCCHC18",0.7218,6.4292,1.9659,0.04931,0.1347
"SLC25A53",0.4124,7.3809,2.3884,0.01692,0.06153
"FAM199X",0.1727,10.7938,1.1809,0.2376,0.4069
"NRK",0.6983,7.1972,1.0663,0.2863,0.4597
"MUM1L1",1.0952,7.1385,1.5964,0.1104,0.2405
"CXorf57",0.1365,7.6217,0.3002,0.764,0.8587
"RNF128",1.0348,9.1418,2.0675,0.03869,0.1135
"TBC1D8B",0.5552,9.0007,2.6504,0.008041,0.03491
"CLDN2",1.0228,7.2593,1.7296,0.0837,0.1967
"MORC4",-0.6442,9.9694,-2.8244,0.004737,0.02331
"RBM41",0.2304,8.7976,1.3718,0.1701,0.3252
"NUP62CL",0.707,7.3635,1.9932,0.04624,0.1289
"PIH1D3",2.6111,6.409,2.6058,0.009165,0.03856
"FRMPD3",1.3901,6.9831,2.6285,0.008577,0.03668
"PRPS1",-0.1171,10.3846,-0.8229,0.4106,0.5817
"TSC22D3",0.5645,12.4373,1.6232,0.1045,0.2319
"NCBP2L",0.7206,6.5079,1.8576,0.06322,0.1604
"MID2",-0.7119,8.579,-3.0504,0.002285,0.01365
"VSIG1",2.7586,7.3619,4.0909,4.297e-05,0.0005767
"PSMD10",-0.1523,10.6771,-0.8676,0.3856,0.5593
"ATG4A",0.2583,9.3248,1.4947,0.135,0.2761
"COL4A6",-3.4876,8.0962,-5.8826,4.039e-09,2.252e-07
"COL4A5",-2.3025,10.3288,-5.3065,1.118e-07,3.966e-06
"NXT2",0.1043,9.7699,0.3999,0.6892,0.8055
"ACSL4",0.9534,11.8657,3.5103,0.0004476,0.003852
"TMEM164",0.5204,11.3458,1.9918,0.0464,0.1292
"AMMECR1",-0.509,9.6918,-2.7822,0.0054,0.02578
"CHRDL1",1.2221,9.5655,2.1582,0.03092,0.09626
"PAK3",-0.4529,6.9314,-0.7277,0.4668,0.632
"CAPN6",-1.15,7.3952,-1.5472,0.1218,0.2579
"LINC00890",0.2128,6.3129,0.2476,0.8044,0.8857
"ALG13",0.1092,9.802,0.5565,0.5779,0.7238
"LHFPL1",-0.8353,6.3065,-1.2377,0.2158,0.3819
"AMOT",0.179,9.6294,0.3584,0.72,0.8276
"HTR2C",0.6915,6.6079,0.7261,0.4678,0.6329
"IL13RA2",-0.7976,6.5596,-1.5972,0.1102,0.2403
"LRCH2",1.2521,7.9194,3.1655,0.001548,0.01005
"PLS3",0.5999,13.3776,2.4143,0.01577,0.05822
"AGTR2",-0.4061,7.6338,-0.5693,0.5692,0.7169
"SLC6A14",1.3857,10.5098,2.243,0.0249,0.08197
"CT83",0.6566,6.6912,0.5403,0.589,0.7323
"KLHL13",-2.2898,8.1309,-4.6057,4.112e-06,8.542e-05
"WDR44",0.0743,9.6069,0.5655,0.5717,0.7186
"DOCK11",0.7972,9.735,2.6905,0.007134,0.03203
"IL13RA1",0.1604,12.3757,0.9264,0.3542,0.5288
"ZCCHC12",1.1579,6.4263,1.9062,0.05662,0.1484
"LONRF3",1.9089,8.051,4.3369,1.445e-05,0.0002404
"PGRMC1",0.0383,12.1003,0.2374,0.8123,0.8908
"SLC25A43",-0.1906,9.9802,-0.9997,0.3174,0.4931
"SLC25A5",0.1168,13.2691,0.5379,0.5906,0.7334
"CXorf56",-0.276,9.5343,-1.8797,0.06016,0.155
"UBE2A",0.0322,11.3254,0.1727,0.8629,0.9222
"NKRF",-0.2067,9.1898,-1.5367,0.1244,0.2617
"SEPT6",0.2547,10.3066,1.2538,0.2099,0.3754
"SOWAHD",0.2347,6.9518,0.6992,0.4844,0.6476
"RPL39",0.8647,11.4644,2.6034,0.009231,0.03878
"UPF3B",-0.6653,9.2187,-3.2467,0.001167,0.008125
"RNF113A",0.2883,9.0399,1.8861,0.05929,0.1536
"NDUFA1",0.3571,11.0938,1.5116,0.1306,0.2703
"AKAP14",1.7908,6.4842,1.9807,0.04762,0.1316
"NKAP",0.1199,9.6468,1.052,0.2928,0.4669
"ZBTB33",-0.2194,10.3996,-1.2722,0.2033,0.3674
"TMEM255A",-0.8035,7.813,-1.7319,0.08329,0.1959
"LAMP2",-0.4165,12.8398,-2.7437,0.006075,0.0283
"CUL4B",0.0046,11.3051,0.0328,0.9738,0.9857
"MCTS1",0.2683,9.9444,1.5345,0.1249,0.2626
"C1GALT1C1",0.6276,9.9328,3.5086,0.0004505,0.003873
"GLUD2",0.1058,9.8599,0.6178,0.5367,0.6907
"GRIA3",-0.8994,6.3501,-1.6675,0.09541,0.217
"THOC2",-0.0752,11.2358,-0.443,0.6577,0.7839
"XIAP",0.3853,11.2741,2.7895,0.005279,0.0254
"SH2D1A",0.1438,7.5822,0.2898,0.772,0.8643
"STAG2",-0.0752,11.9377,-0.4345,0.6639,0.7881
"TENM1",1.523,7.2513,2.416,0.01569,0.05803
"DCAF12L2",-0.9767,6.5437,-1.3254,0.185,0.3447
"SMARCA1",0.8529,10.9954,3.2422,0.001186,0.008239
"OCRL",0.14,10.6891,0.8367,0.4027,0.5746
"APLN",0.3591,8.9078,0.7455,0.4559,0.6229
"XPNPEP2",-0.4558,6.6617,-0.9715,0.3313,0.5064
"SASH3",-0.21,9.7816,-0.5702,0.5685,0.7165
"ZDHHC9",0.8663,11.5338,3.1564,0.001597,0.0103
"UTP14A",-0.0283,9.6523,-0.1901,0.8492,0.914
"BCORL1",0.1781,9.572,0.7328,0.4637,0.6293
"ELF4",-0.7557,10.6788,-3.6436,0.0002689,0.002574
"AIFM1",0.1269,10.3903,0.7808,0.4349,0.6049
"RAB33A",0.1078,6.7622,0.3094,0.757,0.8538
"ZNF280C",-0.5807,8.2065,-2.5074,0.01216,0.0478
"SLC25A14",0.2181,8.3219,1.1224,0.2617,0.4336
"RBMX2",-0.0829,9.428,-0.5382,0.5905,0.7334
"ENOX2",-0.6376,9.3549,-4.0531,5.055e-05,0.0006615
"IGSF1",0.4261,6.9902,0.8241,0.4099,0.5813
"STK26",0.4151,9.9925,1.7044,0.0883,0.2049
"RAP2C",0.1051,10.3892,0.6048,0.5453,0.6974
"MBNL3",0.4418,9.7354,1.3405,0.1801,0.3381
"HS6ST2",0.499,8.6362,0.8986,0.3689,0.5436
"GPC4",-0.0901,11.3452,-0.2317,0.8168,0.8931
"GPC3",-2.9424,10.737,-4.9743,6.548e-07,1.816e-05
"CCDC160",2.1487,6.5289,3.2693,0.001078,0.007603
"PHF6",-0.3435,10.1612,-1.8837,0.05961,0.1543
"HPRT1",-0.638,10.0748,-2.6381,0.008336,0.0359
"PLAC1",-0.3909,6.2665,-0.583,0.5599,0.709
"FAM122B",0.0526,10.342,0.2644,0.7915,0.8766
"FAM122C",0.513,7.606,2.5825,0.009809,0.04066
"MOSPD1",0.3773,9.1095,1.8106,0.0702,0.1733
"SMIM10",0.7774,7.7155,2.824,0.004742,0.02332
"FAM127C",-0.8562,9.3205,-3.8047,0.000142,0.001541
"FAM127A",-0.3634,11.1691,-2.1481,0.03171,0.09805
"FAM127B",-0.1737,10.387,-0.7725,0.4398,0.609
"SMIM10L2B",-0.1081,7.2668,-0.3731,0.7091,0.8198
"ZNF75D",0.4859,9.3013,2.9236,0.00346,0.01862
"ZNF449",0.0615,8.1705,0.3401,0.7338,0.8373
"SMIM10L2A",0.1606,8.2876,0.3764,0.7066,0.8179
"INTS6L",-0.2862,8.6538,-1.0061,0.3144,0.4896
"MMGT1",0.0772,10.6267,0.5168,0.6053,0.7444
"SLC9A6",-0.2413,9.9587,-1.4066,0.1596,0.3108
"FHL1",0.2534,10.97,0.7772,0.437,0.6065
"MAP7D3",-0.8279,8.8337,-3.8537,0.0001163,0.001316
"HTATSF1",-0.0144,11.3567,-0.1033,0.9177,0.9548
"VGLL1",0.0687,7.3002,0.1318,0.8952,0.9417
"CD40LG",0.1712,6.9734,0.3244,0.7456,0.8465
"ARHGEF6",0.0756,9.9563,0.2855,0.7753,0.8663
"RBMX",-0.0231,12.2003,-0.2046,0.8379,0.9072
"FGF13",-0.053,7.8504,-0.1088,0.9133,0.9524
"ATP11C",-0.1622,9.7051,-0.6394,0.5225,0.6798
"CDR1",1.5782,6.4736,3.3843,0.0007136,0.005547
"LDOC1",-0.2338,9.7695,-0.6506,0.5153,0.6736
"SLITRK4",1.0272,7.0688,1.8615,0.06267,0.1595
"SLITRK2",-3.7451,6.7424,-5.577,2.447e-08,1.076e-06
"FMR1",-0.2767,10.9479,-2.0942,0.03624,0.1081
"AFF2",-2.4783,7.983,-5.9829,2.192e-09,1.316e-07
"IDS",0.1197,12.5035,0.7338,0.4631,0.629
"AF011889.5",0.2505,10.774,1.4435,0.1489,0.2953
"RP5-937E21.8",-0.2866,6.8873,-1.6093,0.1075,0.2363
"CXorf40A",0.0486,9.4258,0.3648,0.7153,0.8243
"HSFX2",-0.4167,6.6819,-1.5168,0.1293,0.2685
"TMEM185A",-0.659,9.1476,-4.4536,8.444e-06,0.0001568
"XX-FW81066F1.2",-0.3665,6.8055,-1.7474,0.08057,0.1912
"CXorf40B",-0.2505,9.6052,-1.8957,0.058,0.1512
"MAMLD1",-0.2819,8.1271,-0.7862,0.4318,0.6018
"MTM1",0.0256,9.3924,0.1661,0.868,0.9254
"MTMR1",-0.9277,10.5948,-4.8129,1.487e-06,3.596e-05
"CD99L2",1.1211,11.0167,4.7485,2.049e-06,4.711e-05
"HMGB3",0.9692,11.2247,2.8488,0.004389,0.02205
"VMA21",-0.3203,10.8493,-1.7149,0.08636,0.2016
"PRRG3",-2.0641,7.2725,-3.7151,0.0002031,0.002057
"MAGEA4",-0.9741,7.7203,-0.6987,0.4847,0.6478
"GABRE",-1.8752,9.471,-4.4755,7.624e-06,0.0001433
"GABRA3",-2.234,7.3006,-3.3212,0.0008963,0.006636
"GABRQ",-2.4145,6.883,-3.1924,0.001411,0.009421
"MAGEA3",0.1209,7.7654,0.0956,0.9239,0.9581
"CSAG2",-0.2964,6.6762,-0.2677,0.7889,0.875
"CSAG1",0.7831,6.7192,0.6454,0.5187,0.6765
"MAGEA12",1.0325,6.7776,0.7792,0.4358,0.6054
"CSAG3",-0.41,6.6299,-0.4401,0.6599,0.7853
"MAGEA6",-0.131,7.5012,-0.0968,0.9229,0.9575
"CETN2",0.3207,11.0253,1.2998,0.1937,0.3559
"NSDHL",-0.6949,10.0625,-4.8407,1.294e-06,3.204e-05
"ZNF185",-0.3805,10.6775,-1.2237,0.2211,0.3881
"PNMA3",-0.286,6.7617,-0.4348,0.6637,0.788
"PNMA6A",0.0038,6.928,0.0077,0.9939,0.9966
"MAGEA1",-0.8649,6.8993,-0.6066,0.5441,0.6962
"ZNF275",-0.3884,9.8944,-2.2557,0.02409,0.07987
"ZFP92",-0.0748,7.6064,-0.2311,0.8173,0.8934
"TREX2",-0.2749,8.8441,-1.4603,0.1442,0.2887
"HAUS7",-0.2541,8.8982,-1.3463,0.1782,0.3356
"BGN",-0.0029,13.9065,-0.009,0.9928,0.9959
"FAM58A",-0.2271,9.3264,-0.9484,0.3429,0.5174
"DUSP9",-2.2514,7.0375,-3.461,0.0005382,0.004459
"PNCK",-1.5796,7.5924,-2.423,0.01539,0.05727
"SLC6A8",-1.7373,10.8744,-4.3449,1.393e-05,0.0002332
"BCAP31",-0.3581,13.141,-1.8167,0.06927,0.1716
"ABCD1",0.054,9.4965,0.2573,0.7969,0.8796
"PLXNB3",0.4721,8.9018,1.0702,0.2845,0.4581
"SRPK3",0.5977,8.1365,1.6326,0.1026,0.2289
"IDH3G",-0.0497,10.7038,-0.3265,0.7441,0.8454
"SSR4",0.3345,12.6205,1.3483,0.1776,0.3347
"PDZD4",0.3619,7.8074,0.6987,0.4847,0.6478
"AVPR2",1.5993,6.7784,3.1338,0.001726,0.01091
"L1CAM",-0.3569,8.0202,-0.7331,0.4635,0.6292
"ARHGAP4",0.1726,10.9432,0.8162,0.4144,0.5855
"NAA10",0.0638,10.4621,0.3327,0.7393,0.842
"RENBP",0.1713,9.0662,0.6181,0.5365,0.6905
"HCFC1",-0.2739,11.9081,-1.3213,0.1864,0.3464
"TMEM187",0.2453,8.6015,1.1747,0.2401,0.4096
"IRAK1",-0.2564,12.0643,-1.4637,0.1433,0.2875
"MECP2",-0.245,11.0365,-1.6931,0.09043,0.2084
"TKTL1",0.6981,6.5357,0.8538,0.3932,0.5661
"FLNA",-0.3466,15.2226,-1.1939,0.2325,0.4009
"EMD",-0.4179,10.8127,-3.0454,0.002324,0.01383
"RPL10",0.3963,13.8067,1.9632,0.04963,0.1352
"DNASE1L1",0.4315,10.4618,1.9781,0.04791,0.1321
"TAZ",-0.2105,9.7367,-1.3147,0.1886,0.3493
"ATP6AP1",-0.1356,12.7198,-1.0923,0.2747,0.4481
"GDI1",-0.2014,12.0999,-1.3293,0.1837,0.3429
"FAM50A",0.0711,10.977,0.3845,0.7006,0.8141
"PLXNA3",-0.126,10.5939,-0.5356,0.5922,0.7343
"LAGE3",0.2272,9.1467,1.0914,0.2751,0.4486
"UBL4A",0.252,10.8711,1.6633,0.09626,0.2183
"SLC10A3",-0.3933,10.3939,-2.6702,0.007581,0.03346
"FAM3A",-0.1597,10.5571,-0.9406,0.3469,0.5219
"G6PD",0.1486,11.96,0.3613,0.7178,0.8262
"IKBKG",-0.2626,10.0517,-1.297,0.1946,0.357
"GAB3",0.2449,8.34,0.7273,0.4671,0.6323
"DKC1",-0.7154,11.1419,-3.9928,6.53e-05,0.0008197
"MPP1",0.2712,9.8201,1.0692,0.285,0.4585
"F8A1",-0.3554,9.6931,-1.8755,0.06073,0.156
"F8",0.6552,9.7054,2.2643,0.02355,0.07848
"FUNDC2",0.6521,10.8812,2.8287,0.004673,0.0231
"CMC4",-0.1443,8.8651,-0.7542,0.4507,0.6185
"BRCC3",0.1053,9.7319,0.7799,0.4355,0.6052
"MTCP1",-0.1263,8.9645,-0.7006,0.4836,0.6468
"VBP1",-0.0905,10.6698,-0.5535,0.5799,0.7255
"RAB39B",-0.0373,7.1341,-0.0734,0.9415,0.9677
"CLIC2",0.419,9.914,1.0697,0.2848,0.4583
"F8A2",-0.241,8.4319,-1.241,0.2146,0.3804
"TMLHE",-0.4152,8.3965,-1.7105,0.08718,0.2031
"SPRY3",0.6503,7.5935,2.6383,0.008333,0.0359
"VAMP7",0.0457,10.7317,0.3394,0.7343,0.8377
"IL9R",-0.3512,6.5048,-1.1011,0.2708,0.4441
"RPS4Y1",0.7087,9.2634,0.5901,0.5552,0.7053
"ZFY",0.3132,7.4654,0.3236,0.7462,0.8466
"USP9Y",0.2909,7.7519,0.2346,0.8145,0.8919
"DDX3Y",-0.0864,8.4862,-0.0706,0.9437,0.9687
"UTY",-0.1147,7.5366,-0.0916,0.927,0.9599
"TMSB4Y",0.0768,6.3797,0.0643,0.9487,0.9717
"NLGN4Y",-1.2027,7.1767,-1.4366,0.1508,0.298
"KDM5D",0.7219,8.1385,0.5925,0.5535,0.7041
"EIF1AY",0.374,7.5231,0.3098,0.7567,0.8537
