"gene","S01","S02","S03","S04","S05","S06","S07","S08","S09","S10","S11","S12"
"GENE0001",3.506,3.4884,2.9441,3.5768,3.128,3.938,3.5977,3.345,3.4154,3.9709,3.8045,3.0914
"GENE0002",6.7228,5.3136,6.8159,6.0808,6.7009,5.8849,8.7126,7.3391,7.578,4.8857,7.2836,6.3009
"GENE0003",8.9428,7.4852,9.0177,7.8648,7.9456,7.8147,8.6111,7.4153,7.8075,6.8755,7.9756,7.8959
"GENE0004",1.5674,1.9154,1.3493,0.822,1.9626,1.2221,0.4156,-0.0439,1.1915,0.6578,2.4438,0.027
"GENE0005",7.3251,6.3276,6.6539,6.9784,7.3906,6.3535,7.1969,5.9808,6.8707,6.6749,6.3066,6.6029
"GENE0006",7.2043,7.9696,6.9881,7.4379,7.0992,7.0905,6.9688,7.4748,7.0348,7.6471,6.5401,7.6789
"GENE0007",3.916,6.1385,3.8333,5.0179,3.771,5.5655,5.0364,5.5937,4.9012,5.3529,4.2772,5.7403
"GENE0008",4.893,5.7168,5.1998,4.9184,4.8211,5.2593,4.8314,5.1386,4.6494,4.7213,4.9518,5.2251
"GENE0009",4.1558,5.0543,4.4812,5.3166,4.8751,5.1684,4.4982,4.8088,4.621,5.4228,4.0506,4.4175
"GENE0010",4.5294,3.3069,4.1421,3.6941,4.5123,3.0922,3.5711,3.9809,4.9773,4.4887,4.5085,4.1415
"GENE0011",4.5053,4.4054,5.1835,4.6373,4.8661,4.4485,5.6176,5.4364,6.081,4.7722,5.6184,5.103
"GENE0012",3.441,4.2319,3.3909,3.4574,4.6802,4.2055,4.5569,4.304,4.3397,4.0893,3.761,3.0582
"GENE0013",4.6903,4.4736,3.0956,3.4333,5.2563,2.1886,3.2791,6.0595,6.198,5.0498,5.3715,5.5695
"GENE0014",6.4076,5.5455,6.4557,6.2787,6.0991,5.0892,5.7488,5.9427,5.404,6.3271,6.2485,5.7787
"GENE0015",7.2812,8.7412,7.2494,8.1196,8.3751,7.2423,6.2405,7.6444,7.5287,9.2225,6.978,6.9141
"GENE0016",5.5166,6.3796,5.9281,6.0294,4.9263,6.6435,5.3983,5.4379,5.4135,5.9544,4.7233,5.246
"GENE0017",4.3135,5.185,3.7511,3.251,5.2681,1.9253,5.2771,4.0209,4.4849,4.4947,5.2168,4.3632
"GENE0018",4.0101,4.888,5.2229,5.7751,4.1811,3.9855,3.7913,3.5087,4.3816,4.0194,5.8118,3.9289
"GENE0019",4.7208,4.1572,3.4712,2.2593,4.4324,5.1901,9.0343,7.342,6.3121,6.6189,7.2504,5.7875
"GENE0020",10.8291,11.0485,10.6488,10.3629,11.3891,10.6916,11.2087,11.8679,9.9497,10.0595,9.6025,9.6447
"GENE0021",6.1251,7.5237,5.7039,5.3849,6.6452,6.9838,6.432,5.3344,6.932,7.2053,6.5296,4.9423
"GENE0022",4.6053,5.0647,3.7707,3.7375,4.5714,4.6811,5.1196,4.6137,4.9985,4.3049,6.4224,5.2918
"GENE0023",5.7758,3.8329,5.8325,4.8092,3.9016,4.65,2.7264,4.0417,6.681,3.6381,3.2217,4.1195
"GENE0024",7.2299,7.2215,6.5542,7.1266,7.043,7.0452,7.2502,5.7226,7.1414,7.1211,6.7069,7.1861
"GENE0025",5.1072,3.9789,5.1829,4.387,5.1118,3.7067,4.0806,3.2642,4.4354,4.2568,4.3463,3.4798
"GENE0026",2.1055,2.6815,3.3462,4.6517,1.5941,4.0861,4.1044,2.1515,3.0652,3.1355,2.889,3.5949
"GENE0027",7.1373,7.8734,7.5273,6.7062,8.2038,7.1415,7.3841,5.9055,7.103,5.702,7.4151,8.0888
"GENE0028",3.6687,5.4055,2.7147,2.9068,2.8206,3.8264,4.4134,3.5476,4.4907,3.4397,3.4104,4.6018
"GENE0029",5.6238,4.5405,6.2433,4.5057,5.5969,5.6427,7.4689,8.0943,8.2662,8.0651,8.6114,8.523
"GENE0030",3.6908,4.0681,4.1374,3.702,3.1062,4.4772,2.5766,3.9537,5.1283,4.0312,3.3811,4.5443
"GENE0031",8.1335,7.3776,8.3848,7.3909,8.4152,7.9585,8.3497,8.1559,9.0989,8.503,7.978,7.5832
"GENE0032",5.8971,5.6011,4.7721,6.8141,4.5933,5.9844,4.5974,4.8043,5.1207,4.8689,4.8874,6.1171
"GENE0033",4.5784,4.7324,4.2247,5.1953,4.8179,5.2309,4.1385,4.4702,4.9502,4.1519,5.0724,4.4393
"GENE0034",6.2235,5.54,4.4001,6.9834,5.0124,5.5963,4.7239,3.8841,4.114,4.9556,4.4358,6.0044
"GENE0035",1.9749,2.7222,2.5874,2.6962,2.3728,2.4521,2.9602,3.2948,2.1203,2.5305,3.0662,3.4939
"GENE0036",2.335,2.4435,5.6048,5.049,4.3757,3.0081,3.5874,3.8496,5.369,4.5692,2.8391,3.7334
"GENE0037",2.7448,2.0686,2.0262,3.3811,1.492,3.5334,2.4686,2.7407,0.4251,3.6536,0.3533,4.4242
"GENE0038",3.6661,2.5004,3.9808,2.4452,3.1689,2.5304,2.052,2.4343,2.8417,2.2114,3.2399,2.833
"GENE0039",4.7977,5.6718,4.9001,3.6926,5.8068,5.0212,6.0059,5.5138,4.9376,4.3223,5.7627,5.2464
"GENE0040",5.4743,4.9203,4.8628,6.5404,5.1225,4.8917,3.8069,3.5223,5.8294,4.0526,3.46,4.4791
"GENE0041",8.735,9.4644,9.4541,7.8093,8.7634,9.0501,8.4806,9.2914,8.6455,9.3495,10.0221,9.7827
"GENE0042",2.5258,3.3334,5.0398,1.7485,4.7506,1.7881,3.4612,3.3362,3.7732,2.2126,4.3214,3.8046
"GENE0043",4.3799,4.2978,3.9827,4.2334,3.5168,5.003,5.1405,6.0773,4.421,5.4055,4.4849,4.406
"GENE0044",7.0044,6.3488,5.3694,6.1337,5.2745,6.323,2.1507,4.1318,4.7068,5.572,3.9247,4.8055
"GENE0045",4.2226,5.5293,5.289,4.1697,4.0328,4.245,2.9537,5.8823,4.1308,6.2865,3.7433,4.3158
"GENE0046",3.7082,2.6049,3.4999,2.8343,5.2703,2.2916,5.2676,2.3866,4.0437,3.3166,3.7437,4.3162
"GENE0047",3.5864,3.8747,4.0549,4.0839,4.2856,4.1285,4.1071,2.8699,3.4781,3.4533,3.971,2.6721
"GENE0048",3.4393,3.6949,3.8644,3.0737,3.3951,3.1676,3.6061,5.4489,2.601,2.7849,3.9626,5.1235
"GENE0049",5.1918,4.687,4.5554,5.1386,4.9895,4.575,5.9155,5.3772,5.4305,5.7493,5.6808,5.9535
"GENE0050",4.9553,5.25,5.4499,6.0191,5.2006,5.1919,5.0625,6.0449,5.2023,4.9076,4.398,4.8172
"GENE0051",0.7404,2.3626,1.195,1.6887,2.229,2.7552,1.0188,1.132,2.5293,0.7297,3.8877,0.8277
"GENE0052",2.0558,5.5177,4.9268,3.73,5.2512,5.527,4.4661,5.7591,3.216,4.4487,4.467,5.8992
"GENE0053",3.9758,3.2759,4.2165,4.2093,1.9211,3.8428,1.1737,1.3934,0.4616,0.1814,0.5942,-0.3018
"GENE0054",3.5936,4.624,4.5579,3.9219,3.6947,4.3364,3.695,4.3049,3.5925,3.7302,4.321,3.6901
"GENE0055",5.0016,5.8071,5.6548,6.5833,5.1805,6.9352,4.8426,6.5243,4.9494,6.1171,5.3189,6.9738
"GENE0056",7.0253,6.8347,7.5023,7.3133,6.9516,6.7208,6.9506,7.2517,7.1028,6.9325,6.4376,7.5124
"GENE0057",9.7747,9.4617,7.5255,9.2563,9.3067,7.6618,9.4645,8.3005,8.0664,9.9711,8.5373,8.2857
"GENE0058",6.1572,3.5746,3.5075,4.7731,4.5639,5.0957,5.3137,3.6167,4.0281,2.7788,4.2963,4.9132
"GENE0059",8.9397,9.0693,9.4015,9.5918,9.6347,8.845,10.3011,10.4706,10.5088,10.3278,9.6726,10.1806
"GENE0060",4.6346,2.7315,3.5975,2.7451,3.569,3.3723,3.7375,2.2436,4.4701,4.3606,3.5685,3.1921
"GENE0061",7.6574,6.5188,7.8859,8.0212,8.7618,7.1042,7.0311,7.1331,8.0514,7.2897,7.5496,6.6317
"GENE0062",11.9649,12.0013,10.2017,11.6692,11.4385,10.0639,10.0708,8.9261,8.8687,10.3373,10.6669,9.9523
"GENE0063",6.1835,6.7136,5.205,4.1995,7.1701,5.6361,6.2741,7.397,5.6408,5.8676,6.6119,4.6009
"GENE0064",4.6172,4.8334,4.8807,4.1508,4.9631,4.9354,4.2209,5.0565,4.4169,5.1095,4.1453,3.9478
"GENE0065",5.8521,5.0566,6.6471,6.483,6.0926,6.9332,6.3777,6.5404,6.436,5.7196,6.2944,5.5193
"GENE0066",10.4409,10.51,10.1788,10.4254,9.2383,8.81,8.6462,10.0703,7.1868,8.7452,9.0523,10.2611
"GENE0067",2.212,2.6929,3.1681,2.0479,6.2376,3.2495,5.7275,5.5079,5.7091,3.7454,7.2872,7.0519
"GENE0068",10.1125,9.4562,7.5227,9.9254,10.1012,8.4922,10.3251,8.3821,6.636,8.9649,7.5996,8.0052
"GENE0069",8.6809,8.4679,8.8719,8.4529,8.5182,9.1491,8.5373,8.7989,7.5996,8.7409,7.8839,8.2395
"GENE0070",6.5094,7.192,6.3283,7.4732,6.4233,7.4231,8.3974,8.4842,7.7953,8.3761,8.3237,8.552
"GENE0071",6.4168,6.071,6.3795,5.8573,5.338,5.3916,6.0198,5.2736,5.7661,5.8609,5.4522,5.7532
"GENE0072",5.2382,4.395,5.4541,4.18,4.8569,5.2289,5.2858,4.8017,3.8714,5.0001,4.8572,5.5968
"GENE0073",5.3849,4.2131,5.4694,3.542,4.244,4.61,5.3635,3.8921,4.6277,4.2149,4.2951,4.3804
"GENE0074",5.5586,6.5234,7.3657,6.4017,6.9826,7.661,7.0212,7.5995,8.021,7.0889,6.9771,6.4668
"GENE0075",10.4012,10.4172,8.4916,12.6289,11.3226,11.5185,9.3302,11.9136,10.9262,11.6034,9.7505,11.6907
"GENE0076",6.6098,6.1573,4.4362,7.9007,5.7059,7.2277,8.2716,8.7634,7.6824,9.4843,8.2952,9.085
"GENE0077",2.7238,3.7212,2.9295,3.3683,3.407,4.7358,3.566,3.1388,3.2978,3.2285,3.2587,4.302
"GENE0078",5.0893,4.7046,3.8777,4.1306,4.4179,5.1886,4.6837,4.495,3.7971,3.6739,5.1225,4.3075
"GENE0079",6.5987,5.8609,6.7512,6.4669,6.1294,6.2516,5.3759,5.9638,5.5788,5.3139,5.9346,6.2949
"GENE0080",5.2256,5.4583,5.3768,5.7704,4.6828,6.2877,6.5687,5.5837,4.8892,6.4238,4.4211,6.2707
"GENE0081",5.1317,6.8657,6.0214,4.9716,5.3684,5.4823,5.5608,5.6107,5.8334,6.4381,5.8466,4.032
"GENE0082",7.8729,5.1724,5.0001,5.9311,4.8082,5.0858,5.416,5.6776,6.2715,5.0955,3.0508,5.8823
"GENE0083",2.9437,4.278,4.6249,3.0125,4.1242,2.7596,3.6572,2.9194,4.1805,3.9047,2.4868,2.4965
"GENE0084",5.3259,6.4749,5.3777,5.289,3.919,4.5241,6.5935,4.3884,6.1107,5.6073,6.0796,5.5281
"GENE0085",6.8116,7.3428,6.7387,6.9383,7.0775,5.9335,11.5414,9.4668,10.0106,10.9194,9.9139,10.427
"GENE0086",7.3864,6.4532,7.3473,6.8513,7.2792,6.9616,7.635,7.0353,7.2668,7.1523,7.975,7.4727
"GENE0087",7.7089,6.9627,6.2186,8.1372,6.6653,7.7802,6.3336,6.785,6.5835,8.5252,7.0884,8.9351
"GENE0088",5.3534,5.3384,5.8149,4.9759,5.8512,4.6633,5.3011,4.8304,5.9092,6.2428,5.5383,4.8687
"GENE0089",5.2349,5.0778,5.8566,6.181,5.3908,5.7638,5.7166,6.0395,5.7236,5.9235,5.5283,5.549
"GENE0090",2.1283,2.6894,2.9772,3.1115,3.827,3.5935,2.7011,3.3884,2.6274,3.3821,4.2021,4.8152
"GENE0091",5.7087,5.9734,6.7328,5.9656,6.5664,4.4036,3.6682,4.9525,6.2757,4.1634,4.9946,2.7574
"GENE0092",6.8288,6.9329,6.5925,6.4484,7.1211,6.3089,5.945,6.8321,6.4941,6.384,6.4793,6.4439
"GENE0093",10.3883,9.339,11.0982,8.2263,10.2027,8.7318,10.1149,11.0713,9.6883,10.622,11.5189,9.9944
"GENE0094",7.8495,9.9989,9.1689,8.3042,7.8143,7.4963,7.9233,8.2516,7.8045,7.5423,8.3946,7.6372
"GENE0095",5.2392,4.9124,4.6957,5.2985,5.1104,4.4706,5.6233,4.7926,4.909,4.6954,4.207,5.6531
"GENE0096",7.1846,5.832,6.6315,6.2774,7.107,6.7905,6.982,6.3244,6.9136,6.8807,6.604,6.3956
"GENE0097",3.921,4.2172,4.7878,3.898,3.0568,4.2054,4.389,4.6677,2.7779,3.7232,3.7452,4.4978
"GENE0098",8.1093,8.1685,7.4869,9.1145,7.0911,7.3269,9.0283,8.2765,6.9823,9.0508,8.414,8.1032
"GENE0099",7.7424,8.2758,9.5742,8.1576,7.6982,7.8521,5.4636,7.3434,6.3427,6.932,6.072,7.1563
"GENE0100",9.5236,10.132,11.1557,10.4912,10.6168,10.0506,8.9621,10.8251,10.8502,10.9313,9.2903,9.706
"GENE0101",7.4794,7.4801,7.0109,5.736,7.0624,7.0441,7.8988,5.6171,8.2929,5.4178,8.541,7.1883
"GENE0102",5.6105,5.1761,3.8708,4.6244,5.722,6.0465,4.8059,4.6556,4.7729,5.3568,3.452,5.5129
"GENE0103",6.4959,6.3903,6.0055,5.6878,6.319,5.5352,5.2145,5.5594,6.3274,6.5054,5.6504,6.4433
"GENE0104",4.6569,4.9531,5.3767,4.0949,4.8885,4.5696,5.2652,4.7181,5.458,4.5384,5.3352,4.5005
"GENE0105",3.9143,4.5491,4.344,3.8742,4.4086,3.6861,4.2001,2.3787,4.9628,3.998,3.3753,3.1809
"GENE0106",6.0039,7.127,5.5305,6.9986,4.9583,6.7671,7.9548,4.3157,6.3288,6.3074,5.8244,6.2438
"GENE0107",4.4964,2.9757,2.9979,4.5396,4.8593,5.2842,5.2933,4.7673,5.1422,3.5322,3.6742,4.6456
"GENE0108",7.9773,5.6978,5.6803,5.8495,7.4147,7.4417,8.7214,6.4454,5.3398,6.9555,7.8762,6.1622
"GENE0109",6.6263,6.0051,5.8909,6.1774,6.7847,7.2563,7.0899,6.4207,6.578,5.9552,6.9743,6.6594
"GENE0110",4.4217,5.9524,6.2291,6.6196,5.8221,5.6151,5.7993,7.0218,5.3591,6.3329,4.6394,5.2098
"GENE0111",5.8579,5.4756,4.4286,5.745,6.1506,5.3491,4.6129,5.3513,5.4126,4.9538,6.0565,5.3148
"GENE0112",4.9977,5.6593,4.5656,4.8207,4.6941,5.0062,5.2962,4.4968,4.2612,4.2297,4.6361,4.4621
"GENE0113",2.5909,4.1102,3.8509,3.3793,3.627,3.3019,3.7709,4.175,3.8794,3.326,4.0795,3.5975
"GENE0114",7.6621,7.3842,7.7627,8.9246,7.2621,8.4987,8.0693,6.4809,8.6074,8.5452,8.5615,8.0221
"GENE0115",6.2359,6.9933,6.3151,6.2829,5.6952,6.0057,5.6545,6.1976,5.5903,5.9083,5.3662,5.4018
"GENE0116",7.7961,8.7697,7.265,7.6785,9.4898,7.6591,8.6501,7.6172,8.3219,5.6707,7.2229,7.9893
"GENE0117",1.458,1.5781,2.406,1.9038,5.5942,1.9884,1.7522,0.9155,4.2719,3.1468,2.7457,2.739
"GENE0118",6.7051,7.0874,6.8681,7.7438,6.8062,6.5591,6.6726,7.6021,6.1658,7.2794,6.5172,7.4341
"GENE0119",7.3217,8.3324,7.1901,8.174,7.1312,7.9178,7.5665,6.0249,5.9128,7.6606,7.4326,8.5114
"GENE0120",4.8482,6.0334,5.4511,6.1885,5.9413,6.0297,6.6336,6.2452,6.3614,5.1416,6.1969,6.0011
"GENE0121",5.5912,5.3407,3.943,5.0946,7.1668,4.6478,5.8547,5.0768,7.3087,4.5575,4.9061,4.4735
"GENE0122",4.2991,5.1654,4.0141,4.6795,3.3031,5.1153,3.4234,4.9045,4.4686,4.4053,3.8148,4.5925
"GENE0123",9.2385,8.9755,10.5614,8.9766,9.4782,9.1703,10.7473,9.551,10.2178,9.9645,9.75,8.9889
"GENE0124",8.6049,7.9545,7.6864,7.5493,7.2304,8.4185,7.0278,8.3131,7.7361,9.049,8.2916,7.1529
"GENE0125",9.516,10.8381,9.7311,9.6479,9.0467,9.6908,8.6625,9.4586,9.9568,9.1265,8.741,10.1427
"GENE0126",6.7812,5.137,6.166,5.0867,6.5119,5.2373,5.9281,5.8604,6.0109,5.8553,6.4942,5.7253
"GENE0127",4.1745,5.5766,4.6284,4.9164,4.9896,4.8406,5.054,5.5791,5.3847,4.7072,4.4891,5.1439
"GENE0128",2.2674,3.0894,2.6362,3.1728,2.7467,3.0926,2.7763,2.9002,2.4503,3.0885,2.8605,3.5846
"GENE0129",4.3773,4.717,3.3794,5.0419,3.852,5.1647,4.5811,5.7154,4.5312,4.5487,4.3571,4.4088
"GENE0130",6.4965,6.4217,6.5734,6.4204,6.0377,6.8933,7.4328,6.1503,6.4629,6.4815,6.5047,5.9926
"GENE0131",7.857,7.4437,7.676,9.3831,7.2375,7.8108,7.7342,8.1885,7.7876,8.6441,8.7001,8.5905
"GENE0132",5.1153,8.3358,6.8741,6.1246,6.3716,8.7663,5.5138,8.443,6.2801,6.8958,7.31,6.6939
"GENE0133",2.7005,3.2406,3.9672,5.4274,3.8705,3.9713,2.6258,2.4904,2.9681,2.1212,4.6079,3.995
"GENE0134",7.656,6.4355,7.5537,5.8525,6.7852,5.4871,6.8477,5.5765,7.5016,6.0408,8.8512,5.7457
"GENE0135",2.3531,4.0807,2.9553,3.4573,2.8282,3.4963,3.6404,2.8482,3.2588,2.7263,2.4693,4.1299
"GENE0136",4.9173,4.7206,4.5355,4.7168,5.2865,6.1177,3.7813,4.9142,5.67,4.7244,5.0936,4.8918
"GENE0137",4.2498,5.522,5.1643,5.4419,4.6228,5.2823,4.9701,5.3179,5.8675,5.2851,4.6312,5.0681
"GENE0138",1.8976,2.118,2.3285,2.828,1.5264,1.4699,3.0771,3.2914,3.0659,1.815,2.6813,2.7799
"GENE0139",7.2187,8.1125,7.9665,7.632,8.1656,8.0855,10.9943,9.9695,9.4343,9.7695,10.4462,9.7522
"GENE0140",5.2064,5.494,3.9065,5.3254,4.4038,4.7991,4.4618,5.5426,4.5589,4.4159,5.3103,5.1489
"GENE0141",4.8151,5.2068,4.929,4.8868,7.1533,5.5518,5.7823,5.3713,6.1794,5.9951,4.8725,5.5631
"GENE0142",8.8786,8.8836,7.9441,10.3117,7.6036,9.1688,9.2993,9.0251,9.0297,9.3252,9.1301,9.5341
"GENE0143",7.6521,5.9001,6.6939,6.741,6.3995,6.627,7.7391,6.8865,6.3837,6.5002,7.1817,6.5287
"GENE0144",5.6547,6.9534,5.5999,6.3118,5.7641,5.1737,4.1122,3.7,5.2477,4.5771,4.6095,3.4605
"GENE0145",6.3908,6.3793,6.4235,7.7844,6.5719,5.1989,6.2618,5.7803,7.5387,8.9321,8.6646,5.4902
"GENE0146",7.7313,6.6655,8.2154,8.3395,8.1749,6.8418,6.7539,6.0759,7.4127,7.2163,7.7602,7.6382
"GENE0147",9.2148,9.9321,8.9324,9.486,10.1214,8.7589,9.3224,9.7372,9.4195,10.7823,9.9389,9.9771
"GENE0148",6.2595,7.4597,5.5584,5.8161,7.0991,4.6657,6.8948,6.0677,7.4148,7.4433,6.4941,6.8656
"GENE0149",6.0813,7.0015,6.637,8.0768,8.2836,6.7862,7.5544,7.7362,6.0678,5.886,8.5265,7.773
"GENE0150",6.2797,5.6665,7.1453,6.2054,5.7427,6.0485,5.9832,4.8434,6.7299,6.6487,6.4487,5.737
"GENE0151",6.3777,4.9706,5.2884,4.2997,6.5042,3.551,5.2081,5.9317,4.9445,4.7269,6.1336,5.3356
"GENE0152",5.4907,6.6624,7.7076,5.506,5.0886,7.7032,7.3648,7.244,8.1806,7.1865,8.0458,8.5246
"GENE0153",9.2694,9.1077,9.0421,9.4132,9.6431,9.5131,7.6172,7.1524,8.6492,7.8021,8.2698,7.5539
"GENE0154",4.8207,4.3303,5.0343,2.0223,5.2976,4.7464,3.1098,5.1643,4.2882,4.8599,5.0887,3.154
"GENE0155",6.5367,6.9839,6.0743,5.9637,6.6424,6.9201,7.2376,8.431,7.5631,8.5818,8.126,8.5446
"GENE0156",8.7641,8.8682,8.8935,8.236,8.8173,7.9353,9.8685,8.8108,9.0102,8.9856,9.3316,8.7371
"GENE0157",6.0706,6.4837,5.8403,5.6926,5.508,6.2776,6.3446,5.9964,5.5805,5.4443,5.0858,6.1708
"GENE0158",3.3132,4.1455,4.4022,4.0191,3.617,3.4073,4.3131,2.5057,3.7358,3.318,3.8425,4.1837
"GENE0159",4.5258,4.276,5.4686,4.8247,4.0339,2.9885,5.0783,3.6927,5.6412,3.429,3.2696,3.9618
"GENE0160",4.7493,4.5655,4.7121,5.0235,6.0833,5.5834,4.6319,5.242,5.2779,5.939,5.4207,4.5092
"GENE0161",3.7059,4.7864,4.1776,4.2781,4.4873,3.476,4.1363,4.0774,4.0731,4.0459,3.9779,4.9747
"GENE0162",5.8434,5.1651,5.9145,4.983,5.0507,4.993,5.7987,5.6287,5.7216,5.6083,6.3996,4.9139
"GENE0163",5.5463,5.7737,4.9879,5.7031,4.9041,4.8803,5.6023,6.5566,6.5146,6.4621,4.9667,5.5281
"GENE0164",6.0031,4.4848,6.9116,6.7456,7.9178,4.5081,5.5414,6.5395,5.3337,4.9388,5.6617,5.1396
"GENE0165",6.6538,7.0429,6.78,8.1259,6.8102,6.7169,7.4836,6.7192,6.1592,8.4769,6.8579,6.1749
"GENE0166",8.014,7.7174,6.5026,7.7471,7.526,7.8779,7.3823,8.6941,6.5702,7.3435,7.4936,7.6106
"GENE0167",9.248,9.8362,10.6725,9.4428,9.6344,9.6692,9.1272,9.048,9.8659,10.3722,11.0533,10.4585
"GENE0168",6.0106,4.6763,5.6545,5.1624,5.814,5.2926,5.9904,4.9746,6.6793,6.0528,6.5651,5.3589
"GENE0169",5.6,5.5185,5.9013,4.926,6.2633,4.2057,5.2317,5.0266,5.5979,5.6742,5.1161,4.8667
"GENE0170",8.471,11.7793,10.2562,7.7792,10.8736,8.9483,8.192,7.8372,10.6344,9.3051,10.4167,7.3363
"GENE0171",10.5656,7.9108,11.068,10.345,9.8326,9.8137,9.3044,10.8168,10.0588,9.7731,9.3906,10.1306
"GENE0172",5.645,7.9729,6.494,4.942,7.3693,7.2613,7.3533,7.4636,5.7133,6.0443,5.194,4.9732
"GENE0173",5.5831,5.6005,5.4534,5.2326,5.7422,4.8727,5.3984,4.6867,5.7374,4.3177,6.4883,4.5029
"GENE0174",2.984,4.4047,2.7086,3.4498,2.0067,1.5886,1.3398,1.2344,3.0653,2.9937,2.7199,2.2894
"GENE0175",8.9702,9.2182,8.3973,9.2731,9.2052,8.803,8.5353,9.5695,9.9221,10.0644,7.8933,7.8648
"GENE0176",3.0736,4.339,5.4498,5.2733,3.6052,2.856,5.2996,5.0228,4.612,2.4891,4.2417,3.7468
"GENE0177",4.1747,2.9067,4.8202,4.1721,3.3774,3.3267,3.8453,4.4757,3.6215,4.0453,3.5709,4.0176
"GENE0178",10.7954,12.4321,12.3507,11.7098,12.5593,12.1978,12.4766,12.3279,12.0599,12.0946,11.9772,12.4927
"GENE0179",6.4664,5.0792,6.8798,5.3629,7.0822,6.7395,4.5129,7.091,6.6983,7.4918,6.4394,9.0031
"GENE0180",6.0673,5.4293,7.0299,6.7344,5.882,6.8384,5.1338,4.9859,4.8463,4.8967,6.1205,5.0107
"GENE0181",-0.1826,0.6348,0.5246,1.1722,1.1241,0.2854,0.1351,-0.291,-0.091,0.0832,-0.5087,0.3113
"GENE0182",5.8431,6.5232,5.7122,5.6223,7.5499,6.3638,5.3427,5.0939,5.9058,5.6757,4.8044,5.9345
"GENE0183",7.8991,7.8499,7.7679,9.7645,8.6148,8.1586,7.9822,7.9766,8.0368,7.1775,7.7217,8.5804
"GENE0184",6.8908,6.7411,4.8608,6.662,5.3996,7.0433,8.9726,7.2349,8.2012,9.532,7.6444,7.8373
"GENE0185",7.0389,7.5575,7.1131,7.0302,7.8553,7.1286,6.7113,10.5572,8.7672,10.4532,7.3373,8.948
"GENE0186",9.2778,10.4705,9.5223,11.2175,11.097,10.7058,10.6977,9.9219,8.564,10.0865,10.2401,10.2841
"GENE0187",7.6207,5.8098,6.7393,7.865,8.2853,7.4711,8.3753,8.3678,7.9795,7.3104,8.4715,5.8896
"GENE0188",4.1909,5.982,4.6366,5.9871,3.641,6.2196,4.3991,6.0119,4.4526,5.1752,3.6344,6.5344
"GENE0189",6.957,7.073,7.1242,6.99,7.1963,6.6928,7.0186,8.0497,8.1033,7.5307,7.5104,7.2534
"GENE0190",4.6332,6.0375,6.7188,6.1166,5.4134,5.2939,6.2317,6.8463,7.2394,7.1796,5.7953,8.4522
"GENE0191",4.2448,4.4498,5.1039,3.8866,5.2772,6.3261,5.2255,5.5906,4.1973,3.9591,6.0825,4.9918
"GENE0192",0.1703,-0.9295,0.5467,0.4603,1.0307,-0.437,1.1094,0.0745,0.1694,-0.4975,0.8428,-0.2432
"GENE0193",4.1643,4.5795,3.9145,4.6952,4.3591,4.5586,5.1216,4.4756,4.4749,4.5579,4.5869,4.0436
"GENE0194",6.9592,8.7481,6.8892,6.5621,7.9042,7.2862,7.3055,6.0754,7.3614,6.9345,5.6357,8.0209
"GENE0195",10.3874,9.6643,10.3648,9.1782,8.7896,9.0917,9.3316,9.1784,11.1039,9.5443,9.6515,9.2862
"GENE0196",6.4219,7.117,6.9967,5.7514,6.708,6.7418,6.8778,7.5328,7.061,6.8489,7.1065,6.8343
"GENE0197",7.8959,8.5405,7.0689,7.5996,8.1064,7.5681,6.0329,5.3213,7.6155,8.4064,7.6877,6.6646
"GENE0198",3.8056,3.9122,3.5389,4.2383,3.3067,3.3527,4.2975,4.1936,5.0521,4.906,4.4969,3.5841
"GENE0199",6.736,6.9544,6.4647,6.5057,6.1656,6.4267,6.316,6.5401,6.2574,6.7259,6.5389,6.7547
"GENE0200",0.1968,2.9595,2.6449,0.8343,1.1556,2.4131,1.63,1.3772,-0.1089,1.2843,0.697,2.4338
"GENE0201",7.1181,6.4155,6.4588,5.2943,6.6214,5.3927,6.5554,7.057,7.0382,8.055,7.784,5.7279
"GENE0202",8.0394,7.0558,8.4957,7.9332,7.4779,5.9022,7.1474,6.8222,6.8927,7.8647,7.3206,7.6551
"GENE0203",6.2404,5.1313,6.5302,5.6479,6.3807,5.6163,6.2899,5.5558,5.8207,4.9322,7.1703,6.7261
"GENE0204",6.7592,7.7177,7.9928,8.7977,7.7495,7.3799,7.2305,7.8578,7.7195,8.2546,8.7746,8.2139
"GENE0205",7.2057,8.3014,6.5996,7.7765,6.6824,5.7266,7.8431,7.0332,6.7748,7.4505,6.2624,6.6369
"GENE0206",7.4685,6.6512,7.1395,10.7246,7.429,8.5288,8.0335,8.7545,7.0256,8.9348,8.5424,6.5042
"GENE0207",9.5455,9.8631,9.7773,9.966,9.4801,9.7283,10.1152,9.4361,9.352,8.6071,10.0814,10.2671
"GENE0208",9.6859,8.2045,9.0755,9.4481,7.8425,8.3797,7.7573,7.9966,9.2092,8.6213,7.7146,8.0655
"GENE0209",5.1005,5.2694,6.9455,6.3475,6.8378,5.822,7.5448,7.2881,8.2249,8.0339,7.9202,7.8615
"GENE0210",3.5883,3.0818,3.9707,3.4538,3.2146,3.1194,3.9923,3.8697,4.1909,3.4098,3.9108,2.7152
"GENE0211",6.4843,6.2897,7.8095,6.9992,4.892,7.3448,7.6806,6.3639,6.17,6.2028,6.9455,5.7189
"GENE0212",5.3169,4.3333,5.3818,4.0862,5.2231,5.1175,4.11,4.3176,4.8432,4.8358,4.5059,4.6398
"GENE0213",9.0151,9.6261,9.1034,9.4186,8.9606,8.8682,8.0183,9.3548,9.0646,8.8741,9.6086,9.7979
"GENE0214",4.0096,3.2219,3.2326,2.2952,2.9129,3.1506,2.918,2.3099,3.25,3.4158,3.3477,3.4514
"GENE0215",5.1817,3.5695,4.4699,5.3258,5.7596,4.7065,6.2327,5.287,4.7542,4.7573,5.9278,6.5212
"GENE0216",7.8979,6.9371,6.724,5.7427,6.1285,5.2218,7.3715,6.6548,6.8521,5.796,7.5843,6.8418
"GENE0217",6.2304,5.2644,6.4698,4.9106,6.7658,5.6816,5.8565,6.4804,6.4022,6.0872,6.2182,6.9211
"GENE0218",5.2957,4.7838,4.37,4.4698,5.1896,3.8715,5.4215,3.2668,4.6115,3.7516,4.5662,3.9576
"GENE0219",5.8052,4.9463,6.3201,4.5938,5.4225,5.051,5.782,5.1505,5.4771,4.1003,5.8836,5.9718
"GENE0220",7.0209,7.8266,7.2467,7.567,7.3613,6.9022,7.6653,6.8794,7.3601,7.3921,6.6172,6.4951
"GENE0221",8.8733,6.8447,8.6595,6.3278,8.9766,7.7896,5.7554,5.4276,6.7571,3.9526,5.4072,6.4402
"GENE0222",7.5994,7.4783,7.4649,7.12,7.6077,7.6208,6.8797,7.6124,7.2136,7.6188,7.2813,7.9543
"GENE0223",10.4897,9.1353,10.9249,9.3296,10.7696,11.0138,10.7087,12.1413,12.0305,10.9004,12.4208,10.9297
"GENE0224",8.8047,10.094,7.5825,7.6027,9.8525,8.1747,8.9868,7.3572,11.1728,8.6802,6.6234,8.6945
"GENE0225",7.0737,5.61,6.8812,6.2379,6.8933,5.2877,6.6541,5.9715,6.9526,5.8405,7.6761,5.9277
"GENE0226",4.721,4.9158,4.2812,5.989,4.5965,4.5853,4.3598,5.0771,4.9335,5.2281,4.7561,4.3715
"GENE0227",11.4512,12.2425,11.4463,11.3558,11.9985,12.0092,12.1314,10.7082,11.8893,11.4601,11.813,11.4899
"GENE0228",6.4997,7.1556,7.43,7.325,6.2301,8.584,7.0226,8.4781,6.3015,8.505,6.6844,8.1469
"GENE0229",5.8569,4.0324,4.512,4.8603,4.1034,5.2732,3.823,3.4767,5.3874,4.5927,5.2727,4.8954
"GENE0230",6.4051,5.2994,5.5847,5.9815,6.256,5.7459,6.1003,6.2333,5.9144,5.382,6.924,5.5552
"GENE0231",5.8686,5.9531,5.6187,5.2472,5.5628,3.5975,5.8006,5.0633,6.6567,4.8998,5.0526,5.0548
"GENE0232",4.9485,5.4874,5.2769,5.6201,5.5392,5.0415,5.2482,5.4834,5.7898,5.1872,5.617,4.7978
"GENE0233",4.2243,3.8721,3.2159,3.5776,4.6688,4.5363,3.8493,5.0192,4.4598,4.8966,5.2565,4.9467
"GENE0234",5.9636,7.0263,6.1687,6.3641,5.5926,6.104,5.8655,4.5851,5.675,6.0726,5.7959,4.6985
"GENE0235",6.4858,7.1969,6.6137,6.7781,6.3162,6.0722,6.8198,6.9541,6.948,6.6302,7.1081,6.3134
"GENE0236",3.5535,4.1351,3.4286,4.3282,4.2755,3.4185,4.3519,4.2933,3.6263,3.7551,3.4489,4.2029
"GENE0237",0.1287,-0.3046,-0.1859,-1.7997,-0.8663,-2.2599,1.3822,-1.1875,-0.3622,-1.8266,0.7919,-2.4575
"GENE0238",5.4113,4.3718,5.9827,5.1252,5.1443,4.5849,5.6419,4.9289,4.8561,4.5015,5.2517,4.5506
"GENE0239",6.2165,5.5265,6.5666,5.0962,5.1929,5.3587,5.8035,5.548,5.6308,5.1698,5.7151,5.4948
"GENE0240",7.8693,8.6382,7.8999,7.0746,6.9394,7.0533,6.9678,8.5373,7.3438,7.0603,6.7338,7.3786
"GENE0241",6.8051,5.8232,6.4146,6.2516,5.4193,6.321,5.3686,5.6729,6.209,4.973,6.0443,6.7621
"GENE0242",7.2739,6.6665,6.4423,6.1111,7.1705,6.3468,7.2709,5.6796,6.7111,6.7172,7.0306,6.4364
"GENE0243",3.7441,3.5426,3.8068,4.2879,2.8906,4.1243,3.8961,4.8769,4.1856,4.3988,4.0899,3.8811
"GENE0244",7.4585,6.8185,7.3633,7.223,7.245,6.8496,7.288,7.5822,7.6345,6.9013,7.6289,6.758
"GENE0245",7.4297,8.5187,7.1145,8.2806,6.3741,7.7686,7.2566,7.4049,7.4334,7.9813,7.4799,9.2679
"GENE0246",5.1324,6.5246,6.8367,5.5834,6.66,7.3361,7.6457,6.6159,7.3564,5.9022,6.0596,7.8091
"GENE0247",8.4935,7.4202,8.5877,7.8341,8.3182,7.5031,7.9908,6.26,7.5173,7.1179,8.2353,8.0541
"GENE0248",6.4422,6.2262,5.6963,7.1828,6.8157,6.0243,7.7018,6.8393,7.1409,6.1002,6.9365,5.8073
"GENE0249",6.3602,6.0912,7.1017,6.6485,6.4755,6.7371,5.3215,5.8442,6.7807,5.9506,6.4397,7.063
"GENE0250",5.7208,6.7985,7.2371,7.2191,6.7952,6.5455,6.861,6.5043,5.4113,6.4973,6.5451,6.1164
"GENE0251",4.7037,6.5381,6.6856,6.0605,6.8318,7.8302,7.26,6.0879,7.1108,5.4956,7.483,5.8613
"GENE0252",7.2441,7.722,8.3508,9.7527,9.6126,7.3084,8.6982,8.0467,8.5718,6.1479,6.491,8.2505
"GENE0253",7.4917,6.2322,7.1476,5.6594,6.3847,6.7719,6.4563,7.0298,7.1107,5.6487,7.1783,6.0342
"GENE0254",7.2926,8.2344,7.9112,7.4439,5.7873,8.8826,7.0937,7.6454,8.868,8.9399,6.7537,8.3484
"GENE0255",3.9239,3.1576,4.1356,3.0806,3.9667,3.4154,3.3727,2.4004,2.5262,3.4326,3.7138,3.2342
"GENE0256",4.4471,5.9857,6.5338,5.758,5.1192,4.9413,5.4894,5.568,5.4666,4.8006,5.1857,4.7917
"GENE0257",8.5337,9.4533,8.898,8.7802,9.1349,8.3103,10.0947,9.8531,10.0683,10.5541,9.4575,9.0329
"GENE0258",2.9701,2.8533,3.5802,2.9829,3.0425,3.3115,3.2459,3.963,4.2613,3.3391,3.5184,3.0309
"GENE0259",6.3621,7.5042,6.0575,7.1037,5.8828,5.7327,6.6314,7.3568,6.0025,6.7335,5.5104,6.1032
"GENE0260",7.4227,7.6945,6.984,5.4021,6.9654,5.8656,7.7931,8.0735,7.1166,7.2261,5.8988,7.7041
"GENE0261",8.2787,8.7741,8.373,7.8746,7.612,8.3904,8.3988,7.7871,7.2208,9.6834,8.7455,9.3238
"GENE0262",5.7918,6.6553,5.3366,6.0883,5.6658,6.6107,5.5893,5.4922,5.433,5.9666,5.4071,6.1616
"GENE0263",6.1365,6.9195,6.0343,6.3974,6.3228,6.68,6.9317,6.5764,6.4248,5.9781,5.8464,6.4755
"GENE0264",2.0892,2.0041,3.0046,2.5075,1.6281,1.8511,2.0727,1.7444,2.1343,2.1689,2.2487,3.3079
"GENE0265",5.3617,5.479,7.3854,5.9674,6.6008,5.53,7.709,5.0905,7.3534,4.5804,6.7581,5.3385
"GENE0266",4.8832,5.5723,3.5494,3.9855,4.3384,4.739,5.2668,6.0635,4.6325,4.6817,3.8533,3.9166
"GENE0267",5.3482,5.7434,5.216,6.2254,5.477,5.4413,5.176,6.1735,4.9527,6.1458,5.7178,5.9421
"GENE0268",3.155,5.1525,3.6861,4.0636,4.0233,3.5833,3.2188,4.6572,3.5132,4.3633,3.2815,4.5173
"GENE0269",7.3956,6.8054,6.5205,6.7503,6.2331,7.5666,7.0543,6.8551,6.7677,6.1586,7.0171,6.7147
"GENE0270",7.1837,6.8358,7.4233,8.1277,7.1605,9.0302,5.8967,8.0948,7.2285,7.4693,8.4828,6.3477
"GENE0271",4.7971,5.2561,4.1682,6.5087,4.9564,5.2172,3.7997,3.0072,3.389,4.3047,2.9649,3.5782
"GENE0272",10.7738,9.191,9.3193,8.1206,9.3031,10.4681,9.3526,9.7285,8.3437,9.3395,8.4214,9.4463
"GENE0273",7.6062,7.8486,6.9595,6.5795,7.0921,7.7464,7.8167,7.5491,6.8243,6.9411,7.0005,7.6981
"GENE0274",8.1958,7.6575,8.3873,8.4948,7.1852,7.988,7.1163,8.7429,8.1599,8.5155,7.8932,7.8784
"GENE0275",10.7799,11.1138,9.6616,10.1071,10.9923,10.679,8.954,8.006,9.3281,7.8577,8.5011,9.1398
"GENE0276",4.7026,5.3598,5.194,5.001,4.5365,4.7188,4.9628,4.6565,4.7231,5.5814,4.6007,5.8469
"GENE0277",8.3167,8.1633,7.4898,8.3723,7.9367,8.0317,7.6081,7.5061,7.1069,8.9649,7.9756,8.3097
"GENE0278",8.5287,8.4247,7.5485,9.0698,7.2014,7.7905,10.4638,11.1555,10.7728,10.2876,11.2969,10.0715
"GENE0279",5.7907,6.4835,7.1542,4.3956,6.795,4.6452,5.3884,5.8108,6.065,4.063,5.1977,5.5775
"GENE0280",7.0864,5.9371,6.9609,7.1602,6.6162,6.1904,6.9573,7.4853,7.1284,7.0719,8.7552,8.6677
"GENE0281",4.7721,5.27,5.4072,3.4934,3.1053,4.5852,4.5865,5.593,4.8473,5.8631,3.1277,4.7733
"GENE0282",6.7092,6.8282,6.9673,5.6901,7.2185,7.686,5.8303,7.2851,8.1175,7.0914,5.363,7.9222
"GENE0283",4.2956,3.4904,3.8766,3.4934,4.3328,3.9516,4.9579,3.2985,4.049,5.3295,3.5163,5.448
"GENE0284",6.9136,8.605,6.656,8.6111,7.8466,7.2305,6.0556,8.3537,7.8126,6.6142,6.3812,6.0054
"GENE0285",4.7368,3.4076,5.773,4.0339,2.6302,5.1983,3.9866,2.2499,4.7759,4.3814,4.93,3.5351
"GENE0286",8.5514,7.5798,5.979,6.2192,6.484,6.0311,6.5093,6.7206,7.1261,7.5643,5.4676,7.0607
"GENE0287",4.1003,4.0278,4.3613,4.1528,4.0469,5.735,3.5641,4.4786,4.0601,3.1649,5.0406,4.8284
"GENE0288",6.1817,6.1166,5.8655,4.9824,5.6644,5.9621,5.4443,5.7246,5.899,4.8128,5.6042,6.0839
"GENE0289",2.368,2.7031,1.9245,1.0132,2.1843,3.693,0.9345,0.874,0.5014,-0.101,2.0546,-1.4763
"GENE0290",4.1873,7.3329,7.6199,6.6617,7.0165,7.0486,7.6315,6.4154,6.3725,6.8125,6.0791,5.2366
"GENE0291",7.8397,8.672,8.5398,6.525,8.8718,5.3737,3.4729,3.2622,3.3566,4.8647,3.5013,1.6211
"GENE0292",6.4697,4.8092,4.6487,5.737,5.5474,5.2866,6.4087,6.1808,6.1005,6.5008,6.9675,6.6845
"GENE0293",3.7362,2.8088,0.4599,0.8478,2.872,1.7285,2.2567,3.8458,1.2068,1.7574,2.7662,2.9658
"GENE0294",5.036,5.5533,4.3879,5.761,4.9434,6.3498,4.606,5.6043,4.9975,5.7976,4.8205,6.1744
"GENE0295",8.5893,8.9827,9.6551,11.1236,9.737,9.1726,9.2468,9.7091,9.7947,8.814,10.953,9.0059
"GENE0296",9.4109,8.8665,10.059,10.7975,9.079,9.2836,8.9917,9.4575,9.4945,8.3028,8.7564,9.4763
"GENE0297",3.3777,3.5305,3.4654,3.2991,4.2947,3.8249,3.1533,3.6096,2.6176,2.938,3.2603,3.8159
"GENE0298",4.2846,5.7151,4.2014,5.283,5.0386,4.3054,5.2491,4.9107,4.5675,4.7203,6.365,4.5152
"GENE0299",6.0403,5.6427,7.1382,6.0879,7.1439,6.3093,8.6319,8.2765,8.0313,7.3278,7.7976,7.3458
"GENE0300",5.7311,6.848,7.2404,7.4382,6.5281,6.6343,6.2192,6.8482,6.4997,7.9793,6.1876,5.9515
"GENE0301",3.8147,6.2848,4.5103,5.3464,4.0887,5.2155,3.919,6.0498,5.9994,3.0906,6.4159,4.3338
"GENE0302",5.8725,3.7932,3.4561,3.4111,3.3074,2.8711,3.641,3.3841,2.2384,4.8528,3.6588,4.7793
"GENE0303",6.1738,4.3194,5.2819,5.3788,5.1939,3.3432,6.6069,5.0876,6.2128,4.2698,3.9927,5.4248
"GENE0304",7.1682,7.5696,9.9889,8.1652,8.0725,8.5239,8.698,7.6291,7.6171,8.3283,6.8304,7.2593
"GENE0305",6.0259,5.5422,6.0504,5.7587,6.8536,5.8986,6.1595,6.4772,6.3634,7.4228,6.0552,5.6965
"GENE0306",4.6546,4.8026,4.3762,5.4197,4.6571,5.095,4.6158,5.1017,4.3653,4.8092,4.5974,4.653
"GENE0307",5.3882,4.0169,4.5794,5.7026,5.5963,5.2508,4.7587,4.473,6.1394,4.5163,4.9548,4.7796
"GENE0308",8.4991,8.5143,9.1297,10.0203,8.2226,8.3961,8.9293,7.9406,9.4328,8.4178,10.8128,8.2657
"GENE0309",4.4358,4.7539,5.4829,5.4655,4.8913,5.4097,4.7982,5.4726,5.5205,5.8934,5.2211,4.8938
"GENE0310",8.2283,6.6116,7.5976,7.1647,6.2361,7.2203,7.7787,7.6383,7.1717,7.9517,6.5487,6.468
"GENE0311",9.2607,8.4935,9.0384,7.5643,9.4552,9.1936,8.3983,8.9888,9.9957,8.4113,8.6932,8.7032
"GENE0312",6.6633,7.6414,7.3082,6.8282,7.1896,8.281,6.8318,6.6078,7.8842,7.6517,7.3616,7.2832
"GENE0313",6.866,6.1406,3.4816,4.6021,3.9764,3.8753,5.8314,4.0073,5.4099,5.3654,5.8686,4.3069
"GENE0314",5.4777,6.1901,6.5351,6.7478,5.935,5.2806,5.2048,5.6147,6.627,5.917,6.486,6.963
"GENE0315",5.1961,4.8506,5.2776,4.9658,4.9811,4.9799,4.3849,4.8293,4.8001,4.3706,5.3237,4.9021
"GENE0316",6.6148,8.764,10.0215,9.4104,8.347,7.7107,6.6415,8.0565,7.4907,8.6769,7.8073,8.4119
"GENE0317",7.6281,6.0362,4.7452,3.8314,5.6029,5.1511,4.5574,5.5331,4.0551,6.5274,6.806,6.2926
"GENE0318",9.0504,8.952,9.3178,8.6703,9.4173,8.363,9.4772,9.6957,8.2067,8.8535,8.9251,9.0645
"GENE0319",4.1718,4.8326,4.8002,5.5479,4.6247,5.1035,4.3859,5.2523,5.4074,6.2543,5.3099,4.7479
"GENE0320",5.0429,4.4114,3.9315,4.5438,5.7138,5.6847,4.1234,3.7729,5.1727,5.1151,4.0298,5.0674
"GENE0321",6.4142,5.6597,6.0525,6.098,5.1037,5.4126,6.2746,5.1822,5.3037,6.0208,5.4197,5.8753
"GENE0322",7.4338,4.6969,6.1514,6.3835,6.4785,6.7793,6.3007,5.929,5.375,5.5814,5.8211,7.3468
"GENE0323",5.1895,5.1188,4.3259,4.2275,5.4859,4.6393,5.0829,4.2502,4.7759,5.0147,5.4668,6.1325
"GENE0324",3.2604,4.0349,2.235,3.0597,2.7705,4.07,2.7575,2.6483,2.616,2.3851,2.6222,2.5612
"GENE0325",6.065,6.1012,5.6372,7.1598,6.3603,6.4638,5.3764,6.8866,5.8865,6.4049,5.7424,6.7975
"GENE0326",6.0891,5.0128,3.2066,4.5268,5.0136,6.368,4.3453,5.3444,5.1562,5.0683,5.2868,6.6705
"GENE0327",7.9718,9.1731,8.9393,9.0292,7.9103,8.1659,8.1925,8.7789,8.658,8.9645,7.9236,8.9301
"GENE0328",3.7572,5.1365,4.9088,4.0744,4.9017,5.0876,4.278,3.6431,4.3361,3.3227,4.7664,3.7021
"GENE0329",7.9417,7.7879,8.2042,7.4986,9.3949,9.7315,8.2241,8.1239,9.0569,6.971,9.2465,9.4989
"GENE0330",5.5768,4.2903,6.2124,4.3497,4.3417,5.4168,5.2382,4.4697,4.1423,5.3151,3.7271,3.5114
"GENE0331",7.0452,6.641,7.3053,6.3822,6.5481,7.5078,6.5242,7.1983,6.3582,7.1753,5.9274,7.3844
"GENE0332",7.6629,8.4793,7.8846,8.173,8.1642,7.4942,7.7342,7.9818,7.2846,8.1015,8.3878,8.3896
"GENE0333",5.1618,4.9327,4.5309,5.233,4.7132,5.3609,5.3869,6.3789,4.6941,5.9501,6.3748,5.1136
"GENE0334",8.3984,7.7675,6.2178,8.3217,7.5518,8.4788,6.8406,8.371,7.0238,7.6121,7.3982,7.3558
"GENE0335",6.9931,6.5758,6.2546,6.3717,6.2841,6.2297,5.0174,6.6883,6.507,6.1845,6.8343,6.3134
"GENE0336",4.6477,3.5898,4.1565,3.8633,3.408,4.4807,3.5347,3.7214,3.4742,3.9746,3.4863,3.3747
"GENE0337",5.4952,5.3054,5.9776,5.0164,4.9111,4.8458,3.3629,5.0765,5.1939,6.2144,4.4839,6.1635
"GENE0338",9.7996,8.81,9.8024,9.5085,9.4403,8.9605,10.0423,8.1432,9.8394,8.8656,9.3844,9.8795
"GENE0339",5.4469,5.3461,5.8693,5.1339,5.536,5.5459,6.2933,4.7469,5.8435,4.634,5.3392,5.8815
"GENE0340",4.0102,4.936,4.2731,4.8228,4.3346,4.5056,3.5167,3.6808,4.6005,4.3832,4.9136,4.9954
"GENE0341",6.4491,4.5759,6.8089,5.64,6.5158,4.142,6.0697,5.4241,4.4206,4.413,5.2814,6.104
"GENE0342",6.7563,5.7992,6.7898,6.2402,6.9374,6.2644,7.3621,6.9372,6.7685,4.9807,7.8736,5.151
"GENE0343",7.404,8.5215,7.7937,8.8428,8.2575,8.3896,7.8507,8.5885,7.9614,8.8545,7.8744,8.8176
"GENE0344",8.363,5.754,8.5036,7.6552,7.3343,7.7826,8.5977,7.5581,8.0582,8.6826,8.5153,7.8629
"GENE0345",5.5433,6.825,5.8762,6.8614,6.1125,7.0728,7.3989,7.0563,5.0157,6.5529,6.21,6.8524
"GENE0346",8.3989,8.4784,9.7045,9.017,8.2389,8.0791,7.5195,9.1201,9.6233,8.4483,9.0484,8.1842
"GENE0347",4.6768,4.9301,3.9381,5.1602,4.948,4.8351,4.4754,6.6819,6.0469,5.1898,4.8244,5.4249
"GENE0348",2.0681,1.8153,2.1355,0.7368,1.0236,1.5346,2.3943,1.5744,0.9439,1.7322,1.9036,2.9463
"GENE0349",5.4019,5.099,4.3547,4.9964,5.1437,4.5275,5.4171,5.489,5.7153,4.5977,4.8223,4.792
"GENE0350",5.1794,3.9942,5.8153,6.2955,4.9297,5.3035,5.3506,5.6675,4.8898,6.5809,4.2234,4.3378
"GENE0351",2.4896,0.2325,1.3961,1.5465,0.4147,2.1618,1.6804,1.5486,1.7323,1.7589,0.7103,1.2329
"GENE0352",6.8519,6.5229,7.021,6.5788,7.431,6.9206,6.6943,6.4809,7.5664,6.9982,7.4473,6.6267
"GENE0353",4.3812,2.3163,3.7327,4.2997,4.6065,3.4744,3.5267,3.1952,3.3893,4.2118,4.7228,3.7794
"GENE0354",5.0705,5.9372,5.5548,5.3955,5.359,6.2925,5.3646,5.9956,5.4245,6.2774,6.4576,5.0974
"GENE0355",3.119,1.9732,2.163,1.655,4.8836,1.6773,3.2526,3.7716,3.5536,3.3714,3.4548,4.1688
"GENE0356",6.2356,6.9783,7.5086,7.0707,7.16,6.9561,6.2394,6.6233,6.1455,8.05,5.8886,7.5492
"GENE0357",9.9561,10.3746,9.409,9.6762,10.3482,9.4848,10.5738,8.613,9.8507,9.0185,9.4188,9.1376
"GENE0358",3.8925,3.1839,5.3835,4.5585,3.5759,2.3365,4.5227,2.5377,5.3737,3.5989,4.4073,3.358
"GENE0359",5.8876,5.097,5.0304,5.3774,5.9552,5.359,6.5863,6.5521,5.7787,7.0896,6.4557,5.1858
"GENE0360",8.2356,12.9468,9.4311,11.1128,9.7117,9.5414,9.5038,9.852,8.5382,10.1378,10.225,9.6486
"GENE0361",8.4471,8.3216,8.2531,7.9966,7.7864,7.633,7.1328,7.9004,8.2912,7.6856,8.7337,8.2222
"GENE0362",9.2158,9.9609,10.8777,8.8073,10.0891,9.5451,10.7891,11.1854,10.107,10.3098,10.3622,9.2057
"GENE0363",5.6394,4.5671,5.5188,6.8132,5.3562,5.0841,5.0077,6.7417,5.8943,6.8608,6.244,5.2249
"GENE0364",4.9104,7.1224,3.8943,6.5978,6.019,7.7076,5.4793,7.6395,6.592,6.6171,5.4797,6.2676
"GENE0365",5.3556,4.87,3.8145,5.2443,3.8505,4.7638,4.1673,4.7875,5.4767,4.9016,4.865,4.8211
"GENE0366",8.8855,8.8445,8.8874,8.4543,8.3205,8.6378,8.7355,8.55,8.6278,9.0781,8.7337,9.2371
"GENE0367",2.8036,3.8935,5.5194,3.2989,4.6034,2.5567,4.0638,2.4914,3.4529,2.6278,3.4644,3.3541
"GENE0368",6.4437,6.4943,5.4921,5.95,6.7486,5.3363,7.2378,7.7384,6.445,6.5843,6.8863,5.6058
"GENE0369",5.7584,6.2196,5.4962,5.9396,5.1502,6.0715,6.3039,5.984,5.8745,5.6483,5.6378,6.8006
"GENE0370",11.0211,11.0429,10.1965,9.9625,10.5283,10.3115,10.4085,10.1832,10.1746,11.3484,10.4585,10.4775
"GENE0371",5.127,4.6046,4.8389,4.8413,4.8583,5.068,4.9144,5.1321,4.7161,4.8287,5.2226,4.9359
"GENE0372",3.6939,0.2908,2.3519,0.5755,2.6974,1.8863,2.9272,2.9782,3.6372,2.2286,2.5754,2.0124
"GENE0373",6.801,5.7929,7.7979,5.0762,7.0503,6.6838,5.9042,7.1166,5.698,7.2617,6.8866,6.744
"GENE0374",5.6841,6.4101,4.9692,6.8241,5.2413,4.7755,6.2253,5.1811,6.7459,6.5753,5.8456,5.6562
"GENE0375",2.784,3.9116,4.2136,5.2415,4.3022,6.0686,4.61,3.4549,4.4732,4.7341,2.8944,4.6472
"GENE0376",6.1149,4.8969,5.7094,6.2701,5.9131,6.0588,6.9638,6.4129,7.0303,5.3607,5.7378,6.3426
"GENE0377",5.4477,3.7394,6.4315,6.0567,5.9879,4.6742,5.3327,5.5749,5.6723,4.9552,4.9416,5.3213
"GENE0378",5.196,5.7339,4.5124,6.003,3.9936,2.3664,5.2472,3.9653,4.2128,4.1601,4.0359,5.4441
"GENE0379",6.7515,7.1475,7.2476,6.8309,7.524,5.4764,7.7925,6.2528,7.2082,6.3404,7.1075,4.9149
"GENE0380",4.3757,3.9406,5.8954,4.5633,7.3098,6.5575,6.4023,6.1412,5.0704,6.9752,4.4408,7.3727
"GENE0381",2.2647,2.6148,3.3412,1.1791,2.4271,1.5446,2.7807,1.9931,0.2286,2.6534,3.4544,3.0629
"GENE0382",0.6766,0.3547,0.6433,1.0505,0.1086,1.8695,0.3649,0.2142,0.7917,1.5019,1.1407,0.7974
"GENE0383",4.6905,4.4949,6.1327,5.6776,5.3427,6.6447,5.9473,4.4238,4.2293,4.4317,4.8841,4.5972
"GENE0384",9.6605,9.0738,8.0319,8.4688,8.6846,8.0515,8.8374,8.8232,8.5461,9.2794,9.6104,9.5826
"GENE0385",6.8964,7.8266,8.2608,7.7826,7.0836,7.4777,6.392,7.918,6.9759,8.0328,7.6656,6.6479
"GENE0386",7.8015,8.5619,8.6349,8.6856,7.8882,8.4939,8.6206,9.7485,8.51,9.4386,9.167,8.6017
"GENE0387",8.2281,8.325,7.9644,7.2337,7.4842,8.2947,7.8501,8.12,7.3759,8.9863,8.0891,7.491
"GENE0388",6.6959,6.3806,6.5043,6.3471,6.5019,6.3546,6.7355,6.3365,7.1671,5.9183,5.8997,7.1168
"GENE0389",2.136,2.8217,3.8739,2.4009,3.0341,1.6138,2.9457,1.594,2.9601,1.9655,2.8198,1.4065
"GENE0390",5.7809,5.814,6.3473,6.2502,6.2963,6.3992,6.4794,6.6993,6.6181,6.4311,6.1934,6.3341
"GENE0391",9.1146,8.0356,9.4131,8.9003,7.8789,9.0393,7.8963,9.0578,9.5567,8.9096,9.882,9.2707
"GENE0392",-2.1931,-0.7969,-0.4116,-0.8424,-0.2957,-0.5,-1.1914,-0.7047,-1.065,0.0371,-0.8699,0.3119
"GENE0393",4.7167,4.3974,4.4821,4.6812,4.8026,3.9164,4.3137,3.6113,4.2056,4.2039,5.0891,4.9296
"GENE0394",8.3555,9.3741,9.3073,9.0498,8.7274,9.6662,9.0196,8.9921,9.1108,7.8871,9.6316,7.5879
"GENE0395",7.463,7.7268,7.8923,6.3531,6.9593,6.7451,6.64,6.7573,7.025,6.4885,6.3104,6.312
"GENE0396",7.9058,6.5019,7.8575,7.5629,8.7269,7.9163,7.5798,7.7199,6.9373,6.3839,8.0443,6.4722
"GENE0397",6.0406,6.0247,7.8121,4.9776,7.5211,7.2073,8.9866,7.0845,7.5905,5.4816,6.9428,5.1809
"GENE0398",7.1854,6.8788,6.9404,6.515,7.0039,6.4648,6.9799,7.0965,7.5125,6.7412,7.2898,6.3137
"GENE0399",6.9065,6.8738,6.0655,5.9197,5.0986,6.8621,8.6663,7.2635,7.6683,7.2334,7.8105,6.0638
"GENE0400",3.2068,3.6547,3.6279,4.2745,5.127,5.0264,4.5776,3.9365,4.288,3.9958,4.9557,3.8291
"GENE0401",3.4558,3.6162,3.389,3.4322,3.0361,3.6266,3.1195,3.3042,3.1367,2.9969,2.5853,3.7264
"GENE0402",5.4513,4.6633,5.3444,5.0419,6.6304,5.4663,6.0461,5.0722,6.1559,5.1122,6.315,5.3398
"GENE0403",5.1609,4.9457,4.5656,5.4836,4.9825,4.0984,5.1187,6.0787,4.329,5.6101,4.6913,5.6857
"GENE0404",4.585,3.7961,5.6084,3.7903,3.6269,3.2187,4.6353,3.5729,4.0523,3.0058,5.2041,5.1352
"GENE0405",6.4147,6.4209,6.8528,6.8955,6.9415,7.0944,7.1254,6.8683,6.5431,6.8444,6.133,6.4562
"GENE0406",6.5311,6.4283,7.0717,7.5482,6.1895,6.0538,6.5119,6.4462,7.4502,5.5986,6.1018,5.6355
"GENE0407",8.6477,9.5334,8.0495,9.4452,9.0579,9.7566,8.2904,8.6086,8.1183,8.6014,8.9584,9.3387
"GENE0408",3.5014,4.0137,3.7746,3.8441,3.1947,3.9826,3.5524,3.8145,3.774,3.7097,3.7089,4.2827
"GENE0409",4.9015,5.7187,7.0205,5.3679,4.6392,6.8499,5.1923,5.3467,4.2242,6.6091,4.4076,4.4558
"GENE0410",7.3856,5.4436,4.473,4.8589,5.9288,7.1853,6.7617,6.0267,5.4166,5.9966,5.5993,7.7871
"GENE0411",2.4693,5.1856,3.4072,3.0386,1.6072,3.1863,2.4512,4.1986,3.0577,4.5439,2.5457,3.6208
"GENE0412",5.7259,4.6764,5.1934,5.6216,5.021,4.1518,6.143,5.2834,5.9462,4.9038,5.6004,5.3001
"GENE0413",4.7189,4.246,4.7553,4.3214,4.9969,4.2889,5.651,4.6032,4.3842,2.9928,6.3147,4.3182
"GENE0414",2.3328,2.806,1.444,2.6927,1.9403,1.6531,1.4358,2.6157,1.0905,1.6915,0.4971,1.5771
"GENE0415",4.7451,5.1394,5.6423,5.6825,6.7371,5.7053,6.1535,4.7088,4.7286,5.0204,4.0293,4.9539
"GENE0416",5.5592,5.7905,4.3594,5.0352,3.9197,3.5872,5.5751,4.9884,3.9056,5.0733,4.7979,5.3578
"GENE0417",8.2369,7.2237,7.5346,8.7522,7.268,7.706,8.0001,8.4035,9.5856,8.1934,8.733,8.4547
"GENE0418",4.8882,5.4666,4.4981,4.533,4.59,4.7417,4.4088,5.1354,5.4923,4.9423,5.4372,5.536
"GENE0419",7.4464,8.7716,5.8465,7.3744,5.6929,6.1219,9.2112,9.316,7.6783,7.475,6.9571,7.8407
"GENE0420",5.2343,5.7979,5.7332,6.7681,6.191,6.445,6.6361,7.0301,5.8583,6.1719,5.4677,5.8942
"GENE0421",3.4258,3.3797,3.3318,3.2742,3.7335,3.5931,4.3234,2.8252,3.9763,3.8356,3.8148,4.7247
"GENE0422",6.204,6.4514,6.6336,7.2022,7.9561,7.8519,6.0988,7.1908,7.2472,7.5089,6.8964,7.3696
"GENE0423",6.0074,6.2235,6.3038,5.1816,5.6557,5.8063,7.0774,5.6217,7.574,5.5506,7.2025,4.1723
"GENE0424",6.7125,6.0929,5.85,6.6388,5.8644,6.2355,7.6322,7.2892,7.0098,7.1744,7.2573,7.51
"GENE0425",7.2256,6.5376,5.1326,6.871,6.738,7.6729,8.6488,5.9888,6.9131,6.6113,6.783,7.2382
"GENE0426",4.6389,5.9212,6.1674,6.1217,7.6014,5.5715,7.1418,5.8923,6.2573,6.8215,7.0604,5.513
"GENE0427",8.6224,10.6157,9.501,10.1773,9.7034,10.4764,9.1551,10.019,8.6582,10.1579,9.6638,9.6675
"GENE0428",6.7933,6.2461,4.706,6.7649,7.4964,5.4868,6.42,5.1833,6.8084,4.601,6.1312,5.2702
"GENE0429",2.6667,4.9295,3.635,4.5238,3.2454,3.281,3.2357,3.2893,4.1781,3.1357,3.7418,3.12
"GENE0430",7.7967,7.1019,8.2405,6.9589,7.5881,7.864,7.4318,6.6048,7.0881,6.8609,7.8187,7.0829
"GENE0431",4.9307,3.8726,3.5549,2.8063,2.7585,3.4915,4.0731,3.8213,3.572,2.911,3.4748,4.2315
"GENE0432",2.2506,1.6798,2.2174,2.3547,2.4521,2.1979,1.5013,1.855,2.8976,1.4046,2.8125,2.3435
"GENE0433",4.3541,4.4648,3.9952,3.4036,4.6834,3.9281,4.383,3.4414,3.3472,3.5772,4.5608,3.6233
"GENE0434",3.8463,4.6529,4.4477,3.2757,3.3336,3.9622,4.3183,3.672,5.1017,5.3156,4.1905,3.6987
"GENE0435",4.772,5.4643,4.8205,5.2825,4.3156,4.7308,5.4326,5.0192,4.5449,5.1249,5.6955,4.6331
"GENE0436",8.5861,9.03,10.7723,9.9187,9.5849,9.6691,7.9824,8.0895,8.3317,8.7108,8.2054,9.0478
"GENE0437",8.4743,8.3435,8.7719,9.221,9.5922,9.1287,10.1592,9.0562,9.078,10.5801,9.8019,10.4986
"GENE0438",7.0325,6.6053,6.7266,6.9557,6.6062,7.7334,6.7682,6.7785,7.392,7.5361,7.0206,8.2799
"GENE0439",4.2826,4.1545,2.4977,3.5127,2.6359,3.9693,3.1983,2.4979,3.8677,4.21,2.8952,2.5503
"GENE0440",6.3697,5.5097,5.8586,6.6158,6.08,4.5081,5.2611,6.2738,5.2877,6.9107,6.2641,6.2426
"GENE0441",6.5691,6.7245,7.0968,6.5853,6.6245,6.2299,6.8869,7.1212,7.3896,6.6636,7.454,6.254
"GENE0442",5.9986,6.081,4.5963,4.3309,5.1562,5.4893,5.9247,6.2093,5.3396,5.615,6.1134,7.4212
"GENE0443",6.1931,6.6863,6.9994,6.5356,6.6295,6.7991,6.3501,6.5776,6.0198,7.2039,5.9868,7.0254
"GENE0444",3.3116,4.3898,4.0544,4.5946,3.9469,4.058,1.7781,3.0808,1.9547,1.9961,2.0534,2.3129
"GENE0445",3.7914,3.5353,3.4662,2.7518,3.0559,2.4307,1.0263,0.0758,1.0794,-0.1969,-0.2026,-0.1548
"GENE0446",8.9945,8.1449,8.8626,9.4804,8.9976,10.0181,9.9254,8.2673,11.4363,8.167,9.6242,8.0333
"GENE0447",6.1042,6.5607,7.5611,6.7184,5.9102,6.4102,5.1279,6.978,5.7587,5.7894,6.3823,7.4222
"GENE0448",4.1189,5.0818,5.6052,6.9983,4.8734,6.7476,5.7399,5.8086,5.0777,4.4483,5.7053,6.7112
"GENE0449",6.3319,6.119,6.1342,6.4994,6.3651,5.6966,5.5886,6.0943,6.2039,5.34,6.9053,6.3566
"GENE0450",10.5546,10.3321,10.2149,10.6546,9.5087,10.4258,9.3199,10.0215,9.9335,11.0216,9.9636,11.2727
"GENE0451",7.4054,7.3539,8.3658,6.7815,6.0919,5.9591,6.1163,7.0088,7.2747,6.691,6.4514,5.8999
"GENE0452",9.9841,9.3278,9.7175,9.5672,8.1666,9.4694,9.4091,10.132,8.4654,10.7099,8.3417,9.6886
"GENE0453",9.4247,8.9208,9.0558,8.5737,8.2639,8.9127,8.7035,8.05,9.0188,9.0803,8.3892,8.8501
"GENE0454",4.5346,5.6237,5.6475,4.734,5.3635,3.9537,5.2521,4.6887,5.6413,2.7479,5.4886,4.4683
"GENE0455",8.2937,7.6793,6.8984,7.0073,6.9035,6.9029,7.4361,8.3487,6.4792,7.0488,7.9418,7.0859
"GENE0456",4.7244,5.3043,4.3283,4.9059,5.554,5.4876,5.0107,2.7625,6.0459,4.4916,4.5929,5.9153
"GENE0457",2.5432,3.6264,3.7446,1.966,1.8923,2.6125,2.6997,2.4552,3.7703,2.8995,2.9182,2.2391
"GENE0458",3.5186,2.6634,4.0893,3.9472,4.5281,3.0646,4.1356,2.0021,3.4748,3.0081,4.8843,3.792
"GENE0459",5.4941,6.9196,4.9626,5.9896,4.744,7.3043,6.2814,6.3798,6.474,7.0477,6.5899,6.6984
"GENE0460",8.8679,9.7045,9.5213,9.7512,9.2889,9.7285,9.4583,9.7244,9.4379,9.4285,9.4782,9.9052
"GENE0461",6.2626,6.7372,6.7009,6.121,5.8279,5.9874,5.8756,6.4806,6.1508,7.0944,6.5992,5.8022
"GENE0462",5.0133,4.5906,4.9364,3.7463,5.2168,3.6047,4.0021,4.9876,3.9827,3.7845,3.5436,4.501
"GENE0463",6.0382,6.1886,7.0988,5.596,6.7037,5.523,6.0078,5.7011,6.8265,6.804,7.0458,5.8403
"GENE0464",7.1861,5.3737,6.4657,5.8286,6.7325,7.0804,7.4077,3.9337,7.7075,6.3493,7.9131,6.4778
"GENE0465",3.6174,2.4214,3.1284,2.618,3.4764,4.0531,2.4368,2.3356,3.8212,3.0539,3.268,4.2364
"GENE0466",3.757,4.6527,3.9259,4.3812,3.5112,4.4274,2.762,3.0098,4.1121,4.2972,3.2436,5.6051
"GENE0467",2.8493,2.0287,1.6187,1.0852,2.3832,1.3409,2.3196,1.3986,1.9584,1.0412,1.9993,1.8224
"GENE0468",3.0584,3.4164,3.7552,3.7496,3.3422,3.2164,3.7591,3.8494,3.8029,4.4093,3.7021,3.5203
"GENE0469",4.6853,3.4353,4.4556,5.2147,3.4552,3.8302,5.5717,5.3187,5.5403,7.6195,4.8695,5.6626
"GENE0470",5.3216,5.0331,5.8898,4.5734,5.2435,4.2446,6.6283,4.8861,4.9001,4.7418,5.8479,5.6283
"GENE0471",8.171,8.3078,8.7095,10.0556,7.3853,7.5155,8.6181,10.0621,8.6102,7.6665,8.7362,8.626
"GENE0472",5.9772,7.5128,7.7271,9.0272,8.1171,9.8855,7.7258,6.4894,6.4847,7.8562,6.7873,8.1685
"GENE0473",6.2597,5.5291,7.2877,5.6967,7.7265,5.0813,4.8833,7.8225,4.5659,7.3351,7.0132,6.3715
"GENE0474",5.7717,5.0218,3.2734,5.9752,4.4474,6.548,4.5985,5.4187,2.9796,4.7984,6.8233,5.3883
"GENE0475",6.7739,5.4227,6.3342,5.1834,6.2627,5.664,6.8054,5.5894,6.4922,7.4519,6.1299,5.2223
"GENE0476",6.5426,5.4664,7.1076,5.4748,6.7817,7.6431,6.6945,8.0835,7.4733,7.4074,7.5904,6.7225
"GENE0477",5.4744,4.2325,4.6614,5.0563,5.3408,7.2098,4.8191,6.0418,4.8698,8.1018,4.5447,4.233
"GENE0478",8.4418,8.5516,8.0296,8.3081,7.4688,8.3657,8.1439,8.3973,8.4447,8.2454,8.0818,8.4682
"GENE0479",8.781,6.6434,7.9446,8.4976,8.8288,8.3762,5.542,5.4431,6.2074,6.2194,4.2751,5.2284
"GENE0480",2.7741,4.1756,4.2224,2.1343,4.4569,3.6199,4.2928,2.7468,3.434,3.503,3.3338,2.0422
"GENE0481",5.6631,3.9415,4.5717,4.4582,4.9152,3.1976,5.1662,3.6073,4.6919,2.6439,5.6313,4.3587
"GENE0482",7.4811,7.4557,8.3308,7.6114,7.4684,8.5029,8.2357,9.154,8.4337,7.428,7.2498,7.8927
"GENE0483",3.251,2.3048,1.1983,1.5451,2.3944,3.7876,4.0025,3.3964,1.7089,0.4993,1.6507,2.0605
"GENE0484",7.6585,7.5641,6.438,6.2917,6.8101,7.5601,6.485,7.0794,7.0395,6.9182,6.8485,7.4671
"GENE0485",6.8469,6.1669,6.0087,6.6203,6.3475,6.6879,6.4526,7.2102,7.211,8.6432,7.7688,7.2377
"GENE0486",11.7084,11.5983,12.5495,11.6725,13.0636,11.7169,13.1641,12.5231,12.0783,12.4445,12.6947,11.9887
"GENE0487",0.6915,-0.0776,0.3414,0.1717,0.3676,0.3281,0.1078,-0.2873,0.3318,0.3051,0.3472,0.6623
"GENE0488",3.7088,3.2816,5.1389,4.1353,4.4519,5.0009,3.779,4.7758,5.3839,6.1473,5.0806,5.5605
"GENE0489",7.1121,6.8208,7.9504,6.4193,7.48,8.7427,7.6539,8.53,7.1046,8.7295,6.8405,9.769
"GENE0490",8.8854,9.0706,9.9792,8.93,9.0734,9.7786,8.2922,9.4497,8.5659,11.2216,9.0624,11.2366
"GENE0491",8.7168,8.0503,5.6906,8.3845,7.2493,9.1178,5.436,7.2022,7.3399,4.9235,7.3107,6.5474
"GENE0492",2.6611,3.4651,3.3848,2.6129,2.7283,1.6743,3.12,3.5603,4.0493,3.3775,3.848,4.1914
"GENE0493",10.9215,10.5432,10.2201,11.5747,9.5774,8.8166,10.7838,10.2111,10.5167,10.3322,10.0275,10.6595
"GENE0494",2.4473,2.3319,2.4525,2.1272,1.3656,1.3866,2.9573,2.2062,1.7997,2.0254,2.4677,2.4387
"GENE0495",2.4935,3.176,4.7411,3.5073,1.7972,3.2716,5.9152,3.5011,2.8343,2.5835,1.706,2.1526
"GENE0496",5.6818,7.9776,5.3246,7.2588,6.2465,6.8053,5.6007,6.8396,5.6137,6.7056,5.6471,7.064
"GENE0497",10.7074,9.0284,9.8581,10.3207,11.1109,9.9804,12.017,9.4498,10.9341,10.3389,10.0604,9.6263
"GENE0498",6.451,5.5141,6.2692,6.0871,7.6514,6.4107,7.3061,7.7243,8.0311,7.3077,7.3755,8.5266
"GENE0499",7.8674,8.7025,6.7751,6.3316,5.8823,8.0688,7.0897,6.8016,6.8111,8.0385,8.1443,5.8524
"GENE0500",9.2922,8.1875,9.0182,8.8045,9.6026,8.8487,9.6992,10.0782,10.1689,9.2412,8.9287,9.0405
"GENE0501",9.9997,7.0423,7.1572,7.6337,7.9115,8.0547,7.8201,7.1811,6.7667,5.2824,8.7911,5.3608
"GENE0502",3.0527,3.9296,4.3034,3.63,3.2047,2.8051,3.0721,4.3542,3.3542,4.0633,3.4137,4.3187
"GENE0503",7.0963,7.7819,6.9264,8.4057,7.3096,6.8978,8.744,6.4789,7.9236,5.7861,7.8687,6.999
"GENE0504",5.2308,4.6439,6.5671,5.5148,7.4859,5.4954,6.9951,4.4686,5.9875,6.5428,4.4444,6.5266
"GENE0505",10.113,8.1292,9.2429,9.3702,10.3041,10.4694,9.6672,8.9232,9.4446,10.3423,9.8613,9.2828
"GENE0506",6.5841,5.2437,5.6942,6.5868,8.067,5.2823,4.3963,6.7799,5.356,5.5539,7.4698,6.0388
"GENE0507",3.5537,2.6561,2.9167,3.0088,2.9422,2.3056,3.2212,3.1786,2.1365,3.1883,1.4673,3.2839
"GENE0508",6.1204,7.616,6.3284,7.0024,7.5534,7.7297,7.9393,7.6902,6.6497,7.4209,4.9937,7.1718
"GENE0509",8.0651,6.6449,6.9141,5.5717,5.7915,6.9057,6.5475,7.8973,7.2785,5.8011,7.5607,7.3956
"GENE0510",5.7193,5.6969,6.2117,6.541,6.1709,5.9686,6.5953,6.4781,6.0731,5.7868,5.8094,6.5633
"GENE0511",4.4231,3.7718,3.8607,3.3965,4.1656,3.9478,4.4473,4.7431,3.5402,4.6741,3.8809,3.7405
"GENE0512",4.4779,6.0155,3.6959,5.5931,4.8999,5.3257,5.3131,4.3905,4.6425,4.6907,3.5245,5.7984
"GENE0513",5.6303,6.5422,6.1828,5.7344,6.4713,7.6871,5.8885,5.971,5.457,9.4557,6.4745,8.4336
"GENE0514",9.3308,7.2463,7.5622,9.2283,8.035,8.6385,8.6384,7.7691,8.6145,6.6585,8.2076,7.7975
"GENE0515",6.2171,3.6337,3.2846,4.1539,3.9464,4.1006,4.4002,5.8652,5.2939,6.4917,5.0319,4.1604
"GENE0516",4.6883,4.2976,4.2067,4.485,3.2472,4.034,4.0965,4.1311,4.4,3.586,3.3649,4.0159
"GENE0517",1.0262,0.9086,0.7565,0.9177,0.222,0.0385,0.1737,0.4074,1.6665,0.9294,0.6507,0.2958
"GENE0518",7.4539,6.7567,7.0241,6.3024,7.2246,7.2634,7.2238,7.1282,6.9949,7.2132,7.2979,6.7426
"GENE0519",7.1026,5.4863,7.0983,6.0549,5.2375,6.632,7.377,6.3375,7.214,6.5153,5.9256,8.5692
"GENE0520",8.5146,8.8496,7.3729,8.6993,8.0977,6.4152,10.0641,8.24,9.3159,6.3941,8.5432,8.8254
"GENE0521",8.9681,9.9887,8.3364,8.7006,8.322,8.9527,8.8927,8.4386,8.4486,9.5152,8.8427,8.6801
"GENE0522",5.2472,6.0948,5.5679,6.1274,6.1339,5.4889,5.7036,5.2793,6.1543,5.771,4.7337,4.7011
"GENE0523",8.8464,8.9907,8.2947,8.8196,8.6736,8.9405,7.8715,9.0576,8.9195,8.852,8.2476,8.4421
"GENE0524",5.2803,5.3806,7.1007,5.3365,6.5129,4.891,6.4243,5.3132,6.3073,5.8814,6.1633,4.794
"GENE0525",4.7002,4.6665,4.5758,4.7588,4.6571,4.786,4.63,5.2788,4.7784,4.371,4.6584,4.7032
"GENE0526",4.3838,3.8422,5.1071,4.6519,4.1439,4.3589,4.5644,4.7629,3.3407,4.8896,4.6244,5.1997
"GENE0527",5.8808,4.6092,6.3208,4.898,5.0315,5.265,5.7657,5.3379,5.3353,5.703,4.7071,5.573
"GENE0528",5.2434,6.4428,6.6375,6.5473,6.9826,5.1718,6.5232,6.5432,6.2845,6.3997,8.0034,6.4033
"GENE0529",6.6898,6.2707,4.8954,5.8146,6.3009,5.94,6.412,5.8142,5.7841,6.5135,7.0768,5.8738
"GENE0530",7.0008,7.2832,5.2182,7.2237,6.6151,5.5015,7.715,6.4988,7.5156,8.709,8.0104,7.6519
"GENE0531",6.1683,5.7942,6.004,7.6843,7.7046,6.2686,6.0655,5.7342,7.3577,6.5114,6.5837,5.6225
"GENE0532",7.4598,7.4041,8.0407,7.7012,8.1459,7.8742,7.9475,6.7767,7.9505,7.634,8.132,7.562
"GENE0533",4.7467,4.4023,4.8914,4.2504,5.9058,4.4432,5.9564,4.6437,5.6911,4.7239,4.2028,5.0029
"GENE0534",8.5298,9.8346,9.3691,9.6764,9.1235,9.5504,9.3124,9.6409,9.0774,10.216,9.4419,10.1847
"GENE0535",5.7815,6.4421,6.2013,6.2428,6.7536,7.3336,6.9373,6.3267,8.8331,7.6928,6.1162,7.1947
"GENE0536",3.6862,4.9628,3.1608,5.5696,4.5148,3.1315,4.2486,4.5298,4.6089,4.4869,3.523,3.3433
"GENE0537",5.7074,4.9112,5.7929,5.2843,4.7434,4.8915,7.0411,5.3886,6.5,6.5317,6.3003,6.9944
"GENE0538",7.166,8.2228,7.245,7.9051,7.748,6.5269,6.3277,6.6917,7.6439,6.3698,7.2408,6.9329
"GENE0539",4.8588,4.5689,4.6291,4.6347,5.4371,4.0738,2.7766,0.8306,2.8357,2.4242,2.8929,2.3419
"GENE0540",5.957,7.3794,7.1832,8.4276,7.2657,7.5492,6.9627,8.266,6.3732,7.5665,6.7534,7.0217
"GENE0541",6.1283,6.3159,6.818,6.8001,6.3719,6.692,6.2227,6.7126,7.6989,6.6586,6.702,6.3603
"GENE0542",8.5909,9.0711,7.8397,9.6813,9.8812,9.2632,6.5069,7.8437,7.2295,6.5064,6.8851,6.4788
"GENE0543",4.1459,5.4731,4.4228,5.2052,3.848,5.8476,5.104,4.5264,4.5196,5.3115,4.5501,4.9755
"GENE0544",6.4162,7.0238,5.9335,6.3817,6.5199,7.6515,6.0955,6.9239,5.1296,5.8937,6.5125,5.699
"GENE0545",5.2044,5.3211,4.8045,5.3683,4.659,6.4042,5.3874,6.3633,5.4198,5.5074,4.3575,5.6272
"GENE0546",3.7131,3.3609,4.0261,2.966,4.1283,3.5358,4.7605,3.0331,4.7981,3.6475,4.5239,2.5213
"GENE0547",2.4117,1.9187,2.0003,1.959,2.3886,2.1471,2.1427,2.5371,2.1859,2.6267,2.5298,2.2544
"GENE0548",7.3033,5.2404,6.3892,5.3785,4.7484,4.6005,5.7684,6.7601,6.953,7.1676,6.0012,7.0151
"GENE0549",7.8389,7.1893,7.4371,7.5218,7.2601,7.7243,8.1162,7.1428,7.6494,6.9745,6.9932,7.6065
"GENE0550",7.3854,6.1154,7.9509,8.8223,4.8573,7.2861,7.8226,8.2775,6.2121,7.4567,5.8062,5.8987
"GENE0551",3.0721,2.8387,2.9703,3.2136,3.5219,3.6997,3.4475,3.1172,3.7073,2.6022,3.0601,3.4701
"GENE0552",4.1365,3.2504,3.6876,3.3943,3.2304,3.1307,5.6726,4.7065,5.2214,4.7125,4.507,3.8344
"GENE0553",4.1162,3.6333,2.8023,4.4492,3.9622,2.9118,3.215,3.6458,3.7015,2.8322,3.3485,3.2431
"GENE0554",4.9118,4.9649,4.601,4.5444,4.0446,4.3502,4.1526,4.6666,4.1333,4.9122,4.2763,4.8817
"GENE0555",7.759,7.4192,6.9754,6.2993,6.5611,6.3736,6.2951,7.0859,6.4553,7.0387,7.0288,5.5475
"GENE0556",6.6157,6.6759,6.7145,8.0016,7.0355,7.2756,7.1687,7.9454,6.8762,7.8214,7.2445,6.7535
"GENE0557",4.1947,4.3658,4.7065,5.2632,4.8878,4.4114,4.8679,5.0794,4.7224,4.4302,5.1534,5.1169
"GENE0558",-0.0429,0.7366,0.4164,0.4156,0.1627,0.6308,0.4135,0.1767,0.2567,-0.3586,0.2704,0.2201
"GENE0559",8.0017,6.8006,8.3453,8.0264,7.3643,7.8613,8.3632,6.9291,7.4523,9.1026,8.1164,6.3727
"GENE0560",6.1551,6.9887,7.5832,6.5919,6.8594,7.1635,7.08,7.9799,7.6968,6.7073,7.6762,6.9902
"GENE0561",5.8632,4.3198,3.9975,5.3089,3.5317,4.9364,6.0529,5.5339,7.3807,4.7855,3.0533,4.9276
"GENE0562",4.6914,4.7417,4.0718,3.5012,3.6908,4.5538,5.0089,4.2771,2.6305,3.1918,2.545,3.3339
"GENE0563",5.3923,5.2138,5.2336,6.5233,4.1648,6.0901,5.8731,5.2442,5.8158,4.3388,6.1394,5.4626
"GENE0564",5.0271,5.727,6.2351,7.8773,6.3748,7.1878,6.1526,5.8893,7.0886,7.3657,6.4456,5.9547
"GENE0565",7.3116,6.9877,7.375,7.3304,7.0267,8.5215,6.559,7.1454,7.7916,7.5186,8.193,7.7061
"GENE0566",9.01,7.7921,9.3105,8.34,8.7476,7.7474,8.5193,8.3239,9.0653,8.2232,8.7756,8.1792
"GENE0567",5.8681,4.7478,3.4282,5.1388,3.2291,5.5009,4.3056,5.2444,4.0279,3.4789,4.7159,3.7731
"GENE0568",8.2428,7.0125,7.6595,6.96,7.649,6.203,6.2334,6.3965,6.9012,6.994,7.6643,8.0025
"GENE0569",8.6704,8.5734,9.3753,8.8995,8.7447,9.0232,11.7295,11.6722,11.4184,11.2107,11.5698,11.6576
"GENE0570",3.8562,3.7885,4.3883,4.5395,3.9885,4.6623,4.2191,3.9522,4.3853,4.5068,3.9409,4.1266
"GENE0571",6.2725,6.1163,4.6746,5.6507,5.1107,5.5908,5.9497,5.5587,5.1909,5.7611,5.7651,4.9856
"GENE0572",3.6348,3.1471,2.7508,3.7164,0.8893,2.4984,2.1888,4.0843,1.9632,2.8453,1.8421,3.8619
"GENE0573",7.2055,6.6078,6.6562,5.6573,6.41,6.6609,6.9132,6.8198,6.2763,6.2036,7.2106,5.7645
"GENE0574",5.1794,5.5888,5.0616,5.7855,3.8306,4.9319,5.2449,4.9755,4.9942,5.9719,4.2969,5.6844
"GENE0575",2.1435,5.3864,3.794,3.729,4.5992,4.3653,4.2672,5.5912,4.1108,4.16,4.579,4.3496
"GENE0576",4.4829,4.2547,4.9271,4.4705,4.6523,5.3031,4.1944,5.7625,3.9785,4.7508,3.7156,4.1572
"GENE0577",6.4311,6.0982,7.4732,7.9934,6.6331,9.1605,7.4106,5.8616,6.271,5.7112,5.8907,7.78
"GENE0578",1.9684,1.3191,0.8702,2.3515,2.5183,2.4249,1.7879,1.8995,-0.3548,0.6737,1.5835,1.2675
"GENE0579",5.6323,6.1189,6.985,6.031,3.7817,4.3362,6.152,4.4765,4.4064,6.3946,6.323,4.7633
"GENE0580",4.2639,4.0022,3.5106,3.7306,3.0693,4.1045,3.4985,3.316,4.298,3.7768,3.8547,3.4041
"GENE0581",3.8502,2.6745,4.4196,3.2921,4.606,2.4744,4.1657,2.5167,3.702,3.3259,4.249,3.4246
"GENE0582",6.8982,7.648,6.979,7.1012,7.1531,7.0173,6.659,6.7325,6.8375,7.1847,6.6631,6.3035
"GENE0583",6.6048,6.3764,6.2459,6.6088,7.1566,5.8975,6.51,6.6023,6.5199,6.0647,7.1407,6.1336
"GENE0584",5.6315,5.2118,5.9287,5.4985,5.2655,6.0794,5.7755,6.8271,5.6909,5.9069,5.2938,5.7644
"GENE0585",7.3773,7.3683,6.926,8.0184,7.3853,7.2107,6.279,6.6572,8.7278,6.1022,5.3294,7.5334
"GENE0586",4.4867,5.022,4.6473,5.7498,4.6156,5.7062,5.2072,5.6062,5.1061,4.5144,4.2464,5.3047
"GENE0587",1.4388,1.2001,2.8056,1.7731,2.4785,1.3704,-1.8294,-1.1764,-1.721,-1.662,-0.4729,-2.0324
"GENE0588",8.0803,9.1428,9.3462,8.4397,8.3287,7.9357,9.2949,10.0667,9.6414,9.0105,7.988,9.0936
"GENE0589",5.2044,5.4853,5.5554,5.5954,6.1447,4.5257,5.3585,5.6792,5.8471,5.7609,5.6286,4.8379
"GENE0590",5.5401,6.0775,5.2972,5.2205,5.1699,5.8782,5.5737,6.0363,5.9207,5.7671,5.0361,4.9132
"GENE0591",6.0513,5.7588,6.8244,6.2136,6.524,6.4953,6.6822,5.9424,6.565,6.279,6.2728,5.8083
"GENE0592",8.1307,7.526,8.9825,5.763,7.5346,9.1818,7.8654,6.5186,8.1295,8.0521,6.5894,7.2928
"GENE0593",6.5268,7.3635,7.2867,7.6602,6.6366,8.7268,5.5893,8.069,5.9891,7.9211,6.9936,6.9516
"GENE0594",7.9396,7.3207,6.8427,7.1995,7.6297,8.0082,7.8525,7.8535,7.7025,6.5461,7.9727,7.8697
"GENE0595",5.593,6.2955,5.9322,6.0845,6.9369,7.5678,6.1328,6.4687,7.2827,7.4254,7.1749,6.4328
"GENE0596",4.6104,4.3294,4.6451,4.6262,5.1172,4.6549,4.7274,4.4694,5.0333,4.8341,4.8009,4.3528
"GENE0597",5.5121,5.2241,6.0559,5.1507,6.1089,5.1734,5.2546,5.5424,4.8263,5.2789,5.5433,5.8735
"GENE0598",7.7593,8.5166,8.3592,7.8257,8.2961,6.7289,7.0069,7.8632,7.3101,8.5862,7.5769,8.2461
"GENE0599",5.8495,5.4901,5.1258,3.8898,3.5174,4.3898,5.4885,4.3547,6.8,5.3355,4.6315,4.3075
"GENE0600",4.4109,5.5795,4.0326,6.741,4.0199,4.811,4.1264,4.8303,4.6612,3.8283,3.4014,3.6103
"GENE0601",7.6295,7.9037,7.3984,6.6455,6.4735,7.9682,6.5022,7.1064,7.5348,6.7645,5.7814,7.0037
"GENE0602",8.0101,6.5654,7.017,8.6313,7.0918,7.5276,6.0533,8.3975,8.626,8.4431,5.4098,7.5551
"GENE0603",2.4872,3.1904,2.3985,2.5868,2.1963,1.3321,2.5865,4.2254,2.1815,2.5668,3.1851,3.1224
"GENE0604",6.2314,8.0423,7.699,8.5982,9.8882,6.6902,7.5081,7.5632,5.633,6.1249,6.3565,7.5657
"GENE0605",5.9549,5.7951,5.2688,5.369,6.6032,5.5586,5.9915,6.0129,6.077,5.6259,6.3657,5.2532
"GENE0606",5.0667,7.8982,6.235,6.2472,6.8203,5.587,4.9575,6.3912,6.2473,3.9555,5.8953,5.5989
"GENE0607",8.5594,7.9952,8.3982,7.6137,8.8583,8.2302,8.8341,6.7513,8.4254,8.1347,8.5719,6.5948
"GENE0608",8.8798,8.3986,8.9129,9.1925,8.8472,8.1548,8.442,8.1112,8.5726,8.5243,9.3906,8.0001
"GENE0609",4.9703,3.6436,4.8964,4.7467,4.7642,4.1939,2.6622,2.7925,2.5862,3.7004,2.1208,3.3962
"GENE0610",6.7152,8.2898,7.7406,7.5354,7.9761,7.6945,9.0692,10.4965,10.3118,9.805,10.5228,10.8142
"GENE0611",5.3461,4.1755,5.4058,5.5065,6.8709,5.5922,3.6172,4.4883,4.5039,2.9644,3.5612,7.2432
"GENE0612",6.6678,6.4202,5.1494,6.4843,6.0582,6.3024,8.9536,9.0962,8.4471,9.0872,9.0975,8.9874
"GENE0613",7.3985,7.5412,6.6101,7.6524,7.452,6.7377,7.8646,7.57,7.3846,7.8615,7.165,7.2346
"GENE0614",5.054,6.502,7.4785,6.7009,7.388,5.7991,5.604,6.3393,7.1312,4.9619,6.4015,7.1963
"GENE0615",4.0016,2.4113,3.0635,2.5162,4.5225,2.5171,4.2285,4.0521,5.3309,3.1737,5.4208,4.8385
"GENE0616",5.3733,4.1681,5.1514,5.7475,4.1312,5.1765,5.2885,4.4562,4.8949,5.3185,3.5629,5.536
"GENE0617",9.201,7.979,9.0397,8.2707,8.439,7.6714,8.6297,7.9678,8.2235,8.1476,9.0758,8.8479
"GENE0618",6.2282,6.7039,6.3508,5.8319,6.319,5.5859,6.2406,5.6826,6.177,6.273,5.9885,6.4679
"GENE0619",2.4919,3.8883,4.0789,6.205,4.191,4.9804,6.8142,6.1056,5.1684,5.989,4.733,5.78
"GENE0620",4.3501,4.4067,4.3136,4.137,5.0014,4.199,4.7514,4.9007,5.3053,4.8271,5.0414,4.6183
"GENE0621",7.0581,6.6443,9.0094,8.5913,7.7308,6.564,8.8185,8.7671,9.1855,9.6281,9.1365,7.1474
"GENE0622",7.3884,6.7678,6.3516,7.1033,9.2051,5.0907,8.7836,6.3717,6.7756,8.7198,6.1777,5.5982
"GENE0623",4.1951,4.5844,5.7343,4.3879,3.923,5.353,4.5508,3.2255,5.6583,5.5738,3.8912,4.3193
"GENE0624",6.1394,6.3941,6.0304,6.3937,5.6993,5.7976,5.3021,5.9958,5.7724,6.3779,5.9916,5.6327
"GENE0625",6.2055,7.7675,7.018,6.8749,6.0822,6.6915,5.3113,6.8337,6.1801,5.0391,6.3988,3.5946
"GENE0626",9.6478,8.1851,8.5449,8.9486,9.149,8.2593,9.6046,9.0789,9.0227,9.7364,10.227,10.3827
"GENE0627",4.9935,4.7002,5.0231,5.1485,4.0293,2.8478,2.7708,3.9484,3.7748,5.8796,4.767,4.6001
"GENE0628",3.8989,4.7795,4.8646,4.4682,5.1037,3.6611,5.3733,4.1131,4.3562,4.0388,5.273,4.8524
"GENE0629",7.8778,8.0584,8.0708,7.7397,8.9397,8.9896,8.1979,8.7059,8.0828,8.3892,8.3255,7.9918
"GENE0630",4.446,5.5828,5.6713,5.3716,5.3645,3.845,4.1973,5.1269,5.2472,5.531,5.1995,5.946
"GENE0631",9.3222,8.3235,9.9347,9.2781,6.7279,8.4602,9.663,9.2208,8.4692,7.8027,9.4162,8.7857
"GENE0632",8.4035,8.0991,8.8199,8.2729,8.2317,8.9447,7.4332,7.9585,7.7324,7.9387,8.8329,8.795
"GENE0633",3.3917,2.4993,2.0588,2.9597,1.8397,2.8352,3.9662,0.2257,2.6663,1.3681,5.2165,1.0089
"GENE0634",7.3979,6.5051,5.9682,6.5515,6.7256,6.8769,6.4758,6.3847,7.2196,7.5211,6.9611,6.3248
"GENE0635",2.5349,3.3173,2.8009,3.2089,3.6582,2.4654,3.3738,4.4535,3.3486,2.1834,2.9291,3.5576
"GENE0636",3.3922,3.0405,3.6067,2.2578,2.6653,2.4097,3.0711,2.7258,2.6565,2.3311,3.714,1.8728
"GENE0637",6.5918,5.8188,6.1218,5.2724,6.7707,4.2252,5.4305,5.1427,5.8553,4.2594,6.2332,6.8131
"GENE0638",5.9913,4.2097,6.6021,5.9521,4.7745,6.1939,6.4291,4.865,5.3676,7.0494,5.5144,4.1522
"GENE0639",5.6574,6.4325,5.9697,6.0056,5.2186,5.6868,5.5068,6.1068,6.1864,6.3699,6.4353,5.6733
"GENE0640",8.9354,8.0973,8.3176,8.5726,8.7164,7.6045,8.2603,8.3607,7.3435,8.4143,8.6415,8.412
"GENE0641",6.7219,6.2108,6.3841,6.3875,6.9343,6.358,6.3365,6.6218,6.8273,6.5093,6.7625,6.3775
"GENE0642",4.8555,4.1826,4.8972,4.1074,5.0091,4.1517,4.5258,3.912,4.7088,4.154,4.5612,4.5796
"GENE0643",5.1788,6.6569,6.0581,7.57,6.4201,7.5416,5.9747,5.523,7.2021,6.2129,5.6435,6.5531
"GENE0644",5.797,4.4303,5.7206,3.3245,4.515,4.4084,6.8187,5.3509,4.2454,4.967,4.4491,4.773
"GENE0645",6.7194,6.433,5.983,5.9141,5.6642,5.6939,6.2354,5.8359,5.2987,5.0174,6.3849,5.665
"GENE0646",2.9251,2.8968,3.2015,3.544,3.1513,4.2661,3.0335,3.6703,3.7441,3.3056,2.7786,3.5869
"GENE0647",6.5531,5.1682,4.9596,4.7318,5.8816,5.587,4.3639,5.5106,3.9272,3.3867,4.756,4.6801
"GENE0648",5.2437,6.3079,5.0081,7.461,7.996,8.0307,8.7514,6.3918,6.8765,6.6627,7.1933,6.0612
"GENE0649",5.178,4.737,4.3648,5.3546,4.7163,4.6124,3.9799,6.5716,5.4343,5.2013,3.3138,4.3553
"GENE0650",5.6502,4.8424,5.633,6.2603,6.6291,7.6025,7.5749,6.0321,5.6312,7.3035,5.4523,5.0968
"GENE0651",5.1176,4.7318,4.2357,4.7413,4.9522,3.647,4.9543,5.2126,4.5426,4.6558,4.5675,3.8977
"GENE0652",4.352,5.2371,5.0409,4.5949,5.2393,4.3104,4.2153,5.3641,5.28,4.1928,5.076,4.2275
"GENE0653",6.1263,5.7183,4.9204,5.3263,5.204,5.0924,4.8173,5.3149,5.3667,5.6732,5.9488,4.9598
"GENE0654",7.5171,5.4174,6.9584,4.945,6.7582,6.1404,6.7451,4.7934,6.1437,4.9723,6.2122,3.9931
"GENE0655",4.9466,5.2053,5.7288,5.6306,6.1123,3.6624,5.2504,3.9569,6.5523,4.8628,6.0277,5.0611
"GENE0656",6.9249,5.6693,6.803,5.31,8.0731,7.0559,5.7374,6.4786,6.5397,5.5859,6.2523,6.9593
"GENE0657",7.148,8.9772,7.7844,7.3926,8.2981,8.1876,7.8149,8.2124,8.9711,8.5799,7.86,8.5196
"GENE0658",5.0323,5.4327,5.7777,5.6938,6.0341,5.0202,2.4459,4.6975,1.6505,3.3323,3.2882,3.4405
"GENE0659",5.6082,5.8922,5.2662,6.4852,5.6061,7.0222,5.0127,5.2766,7.2232,5.7682,5.5155,6.0979
"GENE0660",6.8419,6.3821,8.0068,6.7193,6.4403,7.605,7.8632,7.8052,6.6282,8.2329,7.3789,8.5933
"GENE0661",3.2019,5.4353,3.7934,3.8571,4.3278,4.1021,2.7277,4.0426,3.8912,2.9691,4.2182,4.5247
"GENE0662",7.4902,7.6398,6.2745,7.6724,7.1695,8.0212,7.5717,7.8339,6.7423,6.8752,7.8398,7.7344
"GENE0663",4.8925,4.4091,5.0297,4.7835,4.4432,4.5987,5.767,4.3489,4.6504,5.1687,6.0254,4.4443
"GENE0664",3.8025,3.458,4.1652,3.0803,4.8625,1.921,4.7116,5.4992,5.3216,2.8726,4.5829,5.159
"GENE0665",2.466,2.9819,2.6494,2.7962,2.2468,2.581,2.1147,2.3503,2.6135,2.178,1.4566,2.4812
"GENE0666",4.4759,4.3118,4.9644,3.9532,4.6929,4.3306,5.5449,3.9683,4.3912,4.3589,4.8726,3.905
"GENE0667",1.8808,4.1369,4.0891,2.9781,3.7325,2.7309,2.788,2.466,2.9247,2.2672,4.2091,3.491
"GENE0668",3.8974,4.1543,3.7225,3.3269,3.1896,3.9982,4.0181,4.464,3.8359,4.4121,3.6021,3.6858
"GENE0669",8.1538,8.6296,8.4631,7.8727,10.9492,9.075,9.3099,7.6568,8.7811,8.5858,9.5214,9.4984
"GENE0670",3.3541,5.2468,3.5382,3.6839,4.8419,4.7704,4.7642,4.9077,1.7891,2.8234,3.5699,3.2746
"GENE0671",8.0586,8.4078,7.3785,8.4886,8.007,8.184,8.7626,7.708,7.8533,8.4674,7.5145,8.3501
"GENE0672",6.635,7.6475,5.956,7.1732,7.0746,7.5151,5.8231,8.002,6.6124,6.9157,7.8178,8.7235
"GENE0673",4.22,5.1053,3.5447,5.036,4.5261,5.3797,4.2879,5.2253,4.1146,4.5975,4.4535,4.8985
"GENE0674",4.5744,4.526,5.3153,4.3586,4.5806,3.8649,4.8695,4.4769,5.156,5.4798,5.456,5.2479
"GENE0675",5.7589,5.2689,5.2587,5.3042,4.4966,5.1922,5.0536,5.5562,5.5372,4.5472,6.4474,4.6376
"GENE0676",7.1621,5.721,6.7653,4.8491,7.0992,6.0471,5.658,6.6488,5.581,5.434,8.1865,4.1233
"GENE0677",2.7752,5.6399,4.5981,6.0028,6.486,4.2685,5.5245,4.8506,5.6217,5.4658,3.9101,5.7251
"GENE0678",7.8875,7.8822,7.0189,7.6301,7.998,8.4172,7.7115,8.0648,7.8577,7.6083,6.7436,7.397
"GENE0679",6.5824,5.8497,4.9301,4.4974,4.6989,5.6997,4.4248,6.1851,4.5525,5.7341,4.9125,5.5667
"GENE0680",2.9306,-0.6446,0.8665,1.4118,1.9786,1.268,2.1449,2.0804,1.6948,0.1294,0.5832,0.7144
"GENE0681",5.4567,6.099,5.471,5.7946,5.2259,6.4987,5.7047,5.757,5.4894,6.3328,5.861,5.6779
"GENE0682",1.2442,2.5809,2.4213,2.6023,2.5665,1.2154,4.4334,3.4629,3.5395,2.5476,2.6976,2.5943
"GENE0683",8.4457,8.6522,8.8134,8.0659,7.8655,7.4927,8.4157,8.0221,8.2573,8.7454,9.0842,8.5714
"GENE0684",4.8507,4.7545,5.1507,4.7516,4.169,4.6824,4.8711,4.1157,4.6093,5.5052,4.5584,4.7923
"GENE0685",4.3565,2.6476,3.9495,2.8984,3.6749,3.9303,3.8547,3.3646,3.8491,3.3205,3.7476,3.6418
"GENE0686",4.7472,4.9442,5.1622,5.0408,4.3789,4.4247,4.7246,4.0041,4.5558,4.4054,4.3596,4.4762
"GENE0687",7.7306,7.698,7.3696,7.3544,7.0152,7.9053,5.8251,5.7549,6.43,7.1077,8.731,7.6016
"GENE0688",2.6837,1.3375,2.3985,1.719,2.595,1.7179,1.7244,1.0977,2.0201,1.4663,2.2162,2.0392
"GENE0689",7.5817,6.0098,6.2865,6.7687,6.0306,8.0693,6.5235,7.0188,7.2988,7.0963,4.8061,6.6242
"GENE0690",2.7219,4.5017,4.2837,3.6739,5.6728,4.9548,4.3125,4.2706,4.0087,3.4985,4.628,3.9991
"GENE0691",6.5701,6.8058,6.2487,6.7773,4.9464,6.0353,5.6211,7.4637,4.7826,5.2697,6.9148,6.3057
"GENE0692",7.0768,7.4506,6.2018,8.3781,7.7847,7.5732,7.0723,9.1678,7.2239,8.8754,8.2329,6.8145
"GENE0693",7.2844,7.1127,7.8683,7.0124,8.1496,6.4807,7.465,7.0886,6.5145,6.7111,6.9817,7.3289
"GENE0694",8.6376,8.7367,7.7325,8.6863,9.0593,7.9263,8.9146,8.5763,9.0556,8.3053,9.4051,8.5327
"GENE0695",6.5051,6.3775,4.5056,6.8658,7.8016,5.3233,7.4115,5.4183,5.039,4.0967,5.1492,5.6087
"GENE0696",4.8949,4.2752,5.693,4.2366,4.2887,4.474,4.7121,4.8688,4.5686,4.106,5.1223,4.9686
"GENE0697",9.8013,9.8351,10.3312,10.2484,10.7119,10.0741,12.1992,11.6301,10.135,11.0805,10.8074,9.6412
"GENE0698",6.1666,5.371,4.6986,7.1221,6.0261,8.3611,4.6538,6.7542,4.8978,5.892,5.32,7.1931
"GENE0699",8.6097,6.889,7.8833,7.2143,7.9842,8.0339,6.5629,6.8365,7.8042,8.1933,7.1276,8.4342
"GENE0700",7.7585,7.9017,6.6126,8.0825,6.6105,7.5714,8.1848,9.5019,6.8027,9.2815,8.3029,8.4404
"GENE0701",6.6273,6.5652,7.3187,7.4196,7.098,6.0253,7.4231,6.9277,8.8531,8.1615,8.1637,10.1838
"GENE0702",9.7066,8.3318,9.1584,7.5336,9.1498,9.4006,7.0932,6.2847,5.7851,4.9069,6.5173,5.5167
"GENE0703",5.7677,5.9205,6.5773,5.3255,4.4743,5.3355,6.5844,6.196,6.595,6.0943,6.6342,6.2741
"GENE0704",3.6779,3.2664,3.1471,2.395,4.3388,3.9544,2.6247,3.3093,3.6392,5.2107,1.9516,2.202
"GENE0705",4.9415,5.4389,5.9412,5.3991,5.8974,5.3227,4.8553,5.6751,5.4101,5.8221,5.0235,5.9784
"GENE0706",4.8011,6.6933,3.8192,5.8476,5.522,5.6083,3.7316,4.8496,4.9034,6.0217,4.4102,5.9047
"GENE0707",7.9076,6.7233,6.6615,7.4976,6.3419,7.2978,7.3969,6.8388,6.3974,7.6838,5.608,6.2352
"GENE0708",4.573,2.8901,4.1224,2.6784,3.4253,3.4842,4.2006,2.8416,3.6325,2.9344,4.6372,3.3435
"GENE0709",6.9581,6.7069,7.6325,6.3841,6.7638,6.3352,7.4173,6.2619,7.515,6.2855,7.2931,6.8471
"GENE0710",3.1412,4.1637,3.9308,3.5278,4.0551,4.0874,4.8477,4.431,3.4708,4.4981,3.4071,4.7457
"GENE0711",8.359,9.7284,9.2811,10.733,9.0707,9.0386,9.0451,8.5989,10.5531,8.8799,10.2978,10.3527
"GENE0712",8.5934,8.1697,9.5546,8.7059,8.6539,8.5015,8.4802,9.0943,9.685,9.1524,8.3471,8.874
"GENE0713",4.9747,4.5432,5.4818,5.2862,4.3213,4.8217,5.4935,5.1307,6.1608,4.8267,5.1302,4.3263
"GENE0714",6.7448,6.608,6.3126,4.9956,6.1447,6.7092,5.9017,6.0548,4.7636,6.2365,6.2692,5.994
"GENE0715",6.1973,4.5183,4.4355,5.0131,4.6644,4.6462,6.5979,5.1094,5.3536,4.4929,4.4667,5.9001
"GENE0716",3.853,2.1682,3.3702,2.6116,3.9056,2.5018,3.0227,3.5119,3.8725,2.9376,3.9643,2.929
"GENE0717",0.7548,0.6034,1.036,-0.8044,1.0186,-0.1261,0.1419,0.5097,-0.021,0.7047,-0.923,0.3697
"GENE0718",5.0246,7.5984,6.2911,5.9146,5.3054,6.1581,5.7885,6.4535,6.5968,7.5039,6.2658,6.6055
"GENE0719",5.8871,6.2581,6.6892,6.2665,5.8953,6.6379,6.6849,4.8216,5.508,6.8001,5.4925,6.6662
"GENE0720",8.9669,9.63,9.4578,9.5232,9.1122,8.862,8.1075,8.6579,8.2491,8.1436,8.2068,8.0265
"GENE0721",1.6151,1.5494,1.9631,1.26,2.3079,2.3401,3.9002,1.6774,3.0068,1.2365,2.3621,1.6401
"GENE0722",4.9324,4.8529,4.61,4.5104,4.5314,4.1428,4.252,4.6067,4.7883,4.5116,4.6103,4.899
"GENE0723",8.2598,7.9583,7.6564,8.2101,7.1872,7.6458,7.8931,8.7204,6.352,7.9875,7.5071,7.021
"GENE0724",8.2393,6.0138,6.4883,6.0664,6.3136,6.3307,6.6974,7.7068,7.8665,7.5673,6.7017,8.4525
"GENE0725",6.8398,6.504,5.956,4.4366,6.0775,5.6708,7.0033,6.1408,5.6001,5.619,5.9074,5.7892
"GENE0726",4.5494,5.6472,3.9688,5.5566,5.2025,6.6655,5.5498,7.0668,4.6859,5.316,5.2684,5.7352
"GENE0727",6.7478,5.7076,6.4136,5.9463,6.0242,6.4531,7.0372,5.9326,6.7824,5.6927,6.3954,6.1531
"GENE0728",6.0107,5.6089,5.6933,6.4373,4.2185,5.7034,5.5486,4.784,5.4836,5.7228,5.3407,5.379
"GENE0729",6.0568,6.3319,6.2593,6.4432,6.0947,5.9766,5.4733,6.5159,6.4498,6.6273,6.0126,6.7166
"GENE0730",5.2655,3.6664,5.1767,4.5986,4.3442,4.3643,4.399,6.1659,4.2992,5.2963,4.6209,4.7302
"GENE0731",8.7411,9.5067,8.4257,9.247,7.8202,8.5046,10.2303,11.4449,9.6475,12.2119,10.3659,11.5255
"GENE0732",6.8865,7.7613,8.3253,7.1089,9.4332,7.9802,7.5257,8.0033,8.9728,6.7793,6.9324,6.793
"GENE0733",8.0811,8.2416,7.7353,7.9853,8.0301,6.2579,7.7432,8.5849,9.9577,7.946,8.3225,7.859
"GENE0734",5.1823,5.0198,6.2573,4.4362,4.8543,5.8296,6.2611,5.4229,5.6194,5.663,5.9675,5.6009
"GENE0735",4.743,5.4217,4.7397,6.7614,5.6874,4.9411,5.3365,5.8618,4.7027,5.3266,5.1243,5.4831
"GENE0736",4.0823,4.527,5.6174,6.2615,5.4132,6.2057,7.2406,6.8911,5.4141,5.281,4.1479,5.2597
"GENE0737",9.5278,7.8342,8.4702,6.8102,9.0791,8.1628,8.0551,8.7941,9.8951,8.3425,7.3728,7.1977
"GENE0738",4.184,4.678,4.427,4.6347,5.2659,4.345,5.493,4.5413,5.0691,5.0529,5.2938,4.4932
"GENE0739",6.4994,6.6084,5.9935,5.8929,5.429,7.3847,5.3396,6.1591,6.662,7.4508,5.5653,5.8674
"GENE0740",7.3123,7.3496,6.2737,6.6373,6.7964,6.8712,7.3103,6.221,7.5972,7.5,6.274,7.5185
"GENE0741",7.437,7.396,7.1752,7.5646,7.086,7.2501,8.7082,8.7546,8.5244,7.7339,8.1226,8.6838
"GENE0742",5.3772,5.5249,5.5684,4.7098,5.4404,4.6312,5.3969,5.5319,5.2166,5.6976,5.1875,5.1166
"GENE0743",11.1631,10.3654,10.5056,11.733,10.6438,9.6872,10.865,10.5722,9.5848,10.7974,10.1464,10.8684
"GENE0744",4.8482,5.1977,4.4291,3.3989,4.2815,4.7545,3.0258,4.1838,3.6967,5.4383,1.227,3.4736
"GENE0745",3.7897,3.642,3.3178,3.8267,4.0539,3.6854,2.4388,2.9219,3.3259,2.8311,3.0227,3.2735
"GENE0746",4.7559,6.921,5.312,6.3242,7.4796,5.2492,5.9424,6.0506,5.4858,5.3733,6.0126,6.4987
"GENE0747",8.8122,10.0972,10.2274,10.2336,8.5032,10.5221,10.3988,9.6704,9.962,9.2074,10.0578,8.2064
"GENE0748",6.1091,6.4741,4.7913,6.6671,6.1681,6.9043,5.9019,7.2579,6.1817,6.5453,7.2224,7.0164
"GENE0749",6.819,6.5477,6.3312,2.9025,8.4229,5.8533,4.7994,6.7448,5.8396,7.4479,6.4501,6.7528
"GENE0750",7.772,7.8865,7.9712,7.1668,8.0818,7.5653,9.9795,8.4446,9.0148,9.1472,8.7298,9.0333
"GENE0751",5.7232,5.3251,5.2803,5.859,5.6336,5.3633,5.7822,5.3067,5.4925,5.0453,4.9264,5.4312
"GENE0752",5.8489,6.973,6.0066,5.7253,6.62,7.4566,6.2331,6.1338,4.9842,6.7229,5.8061,4.8461
"GENE0753",7.749,8.3273,7.9016,8.6732,9.1156,9.2137,7.5351,8.3767,8.3936,7.2231,8.314,8.027
"GENE0754",6.7038,6.6211,6.8826,6.5109,7.1868,5.4018,6.346,4.9479,6.2489,7.1791,6.0243,5.5767
"GENE0755",5.274,5.5198,4.039,5.2176,4.1928,5.9609,4.1164,5.0561,4.2363,4.7526,4.5948,4.7114
"GENE0756",6.5872,6.4986,7.2909,7.2156,6.9428,6.2284,6.7623,7.2018,6.9215,7.3893,6.7815,5.852
"GENE0757",4.453,3.3373,3.6886,4.9182,4.5626,2.0304,3.8005,2.614,3.6853,4.4778,3.306,4.1103
"GENE0758",3.4424,3.6405,3.5341,3.1247,3.8435,3.1843,2.827,3.3377,3.2012,3.0527,2.7112,3.2139
"GENE0759",5.7207,4.881,8.2796,6.2355,6.1783,7.0598,5.1455,5.9931,6.3183,3.9487,4.0051,5.9182
"GENE0760",4.5713,3.2656,3.2768,4.6498,3.7986,4.6377,3.0062,2.6461,2.9314,2.7986,4.432,4.1506
"GENE0761",6.7399,7.4048,7.9446,6.8908,8.0249,6.1932,6.1301,4.8465,8.0596,6.0605,6.5993,5.9433
"GENE0762",6.062,6.6558,5.8333,6.7692,5.1725,6.4304,5.0914,7.4732,5.3728,6.5565,5.4914,6.3709
"GENE0763",4.2678,4.3739,4.7313,5.3213,3.9946,3.8275,4.1477,4.5513,3.4962,3.7582,3.678,4.036
"GENE0764",8.1759,9.6403,9.7576,9.1977,8.7815,9.3893,10.0735,8.9129,8.7663,9.0351,9.7937,8.721
"GENE0765",4.6143,8.2289,5.5672,4.659,4.9406,7.2102,2.7467,5.9735,6.1514,6.2124,7.6737,4.1384
"GENE0766",8.5178,8.7001,8.1189,8.1267,9.0734,8.9168,8.7248,8.6072,8.6766,8.3614,9.0356,8.99
"GENE0767",6.5994,5.1648,6.739,5.3119,5.5681,5.8533,4.7478,5.1407,5.3677,5.6927,6.0638,5.0787
"GENE0768",6.7167,5.0222,4.3051,4.934,6.3799,4.4722,5.5296,5.8234,6.2501,6.3001,6.2521,4.9191
"GENE0769",6.8357,6.2965,6.3647,6.7884,7.1908,7.0345,6.5881,6.1386,6.4807,6.3251,6.0767,5.9803
"GENE0770",8.2711,7.6964,8.4738,7.7784,8.4879,7.9733,7.5093,7.8615,8.8073,7.9251,8.0429,8.056
"GENE0771",10.5004,11.2755,12.1785,13.0997,11.7562,13.2515,11.0832,11.3547,10.3662,12.7339,11.2777,12.5932
"GENE0772",3.254,3.3767,3.6227,4.0065,3.5217,3.3553,6.804,6.5436,6.9213,6.8611,6.9729,6.3001
"GENE0773",5.5069,4.9871,6.5981,4.7897,6.0083,6.0106,6.0299,5.9167,5.9851,5.566,6.5226,5.7092
"GENE0774",8.1255,9.2788,9.6668,9.1454,7.4918,9.1123,8.361,7.9257,8.4219,7.4975,6.3723,6.9575
"GENE0775",6.6226,6.1062,6.992,5.4316,6.7058,5.9396,6.7956,5.6758,6.5366,6.0967,7.2542,5.6221
"GENE0776",4.7046,5.7175,5.8304,6.1679,4.93,4.6236,4.9421,5.5589,4.9956,5.2974,4.5575,6.3145
"GENE0777",2.6136,4.2824,3.3699,3.0131,3.4532,2.3317,2.8469,3.1711,4.3297,3.06,4.4243,4.5077
"GENE0778",5.27,6.2308,5.9567,4.8644,5.591,4.789,4.8835,5.9666,5.5621,6.2781,5.7152,5.0928
"GENE0779",6.1299,5.3079,6.2303,5.1666,4.713,4.8593,5.7747,4.8456,5.0088,4.9784,5.9903,5.5489
"GENE0780",7.061,6.5758,5.2544,5.6906,5.0998,5.5045,6.2274,6.547,6.332,5.7797,5.3242,6.6283
"GENE0781",8.5044,9.6871,9.5452,8.8488,9.603,9.7771,9.0955,8.1666,9.0952,7.9571,9.528,9.3698
"GENE0782",5.3176,5.4692,5.1403,5.5123,4.4553,5.2456,4.9136,4.6418,4.7509,5.0089,4.4477,4.894
"GENE0783",3.4812,3.4702,1.5629,4.0629,2.7017,3.8091,2.3129,3.2674,2.4175,3.4199,3.0396,3.6553
"GENE0784",6.4679,6.6476,7.3364,6.4571,6.5733,7.0499,6.5227,7.3909,6.6146,7.0779,6.025,6.8808
"GENE0785",5.829,7.6515,4.8752,7.6009,5.6359,7.8605,8.457,8.6229,7.5038,9.0241,8.7602,9.0271
"GENE0786",5.6778,5.3041,5.8515,5.2277,5.7438,5.3094,5.8465,5.3658,5.8578,5.6391,5.4527,5.0638
"GENE0787",7.6342,7.8173,7.078,7.1944,6.0063,8.1407,7.1667,7.4708,7.3587,8.7765,6.811,7.9188
"GENE0788",1.0681,0.5058,-0.4006,0.7257,-0.0745,0.1546,0.2751,-0.38,2.0618,0.8051,0.7527,0.4635
"GENE0789",3.9782,5.0554,5.1917,5.8385,4.6169,5.3843,3.9236,4.5209,4.6379,4.1421,4.3578,4.3934
"GENE0790",6.53,3.7009,5.3478,4.8875,5.0824,5.2786,5.995,6.3338,4.4891,5.8573,5.5466,7.8298
"GENE0791",7.5097,5.6245,8.2091,7.3963,5.1918,9.997,5.237,6.7188,6.4645,5.6637,4.9217,5.7811
"GENE0792",5.047,4.167,5.6803,5.2112,7.7103,5.7321,5.9202,3.9391,6.9702,5.8382,6.2834,6.2953
"GENE0793",4.0945,3.5378,3.888,3.1418,4.0152,4.3846,3.8652,4.8278,5.2929,4.7487,4.379,3.4656
"GENE0794",8.5985,4.8093,6.8399,6.9678,6.1115,7.2328,6.8269,7.2877,6.2801,6.4785,6.8,6.7366
"GENE0795",6.06,7.5661,6.4139,5.9659,5.1598,6.562,6.1322,6.6346,5.7763,7.4024,6.5679,6.4917
"GENE0796",5.6286,5.8421,6.9809,4.7371,5.9589,6.5536,5.4318,5.6347,6.89,7.002,5.1991,7.0823
"GENE0797",7.46,8.1072,9.0847,7.2856,7.3808,8.0267,8.7174,8.0018,8.523,8.7288,8.1443,8.8917
"GENE0798",3.5048,3.3552,5.4391,4.1671,4.9873,4.0817,3.5368,3.1605,1.008,1.4632,3.6829,4.0228
"GENE0799",3.1881,3.2657,3.4107,3.2145,3.3071,2.5846,3.0883,3.1235,3.2621,3.0578,3.2936,3.5736
"GENE0800",6.3964,1.9096,2.9275,3.9336,4.6631,2.0862,4.8543,3.0065,3.3239,2.4871,4.0849,1.783
"GENE0801",3.8541,3.4483,4.433,4.3649,3.7437,3.2848,4.0348,4.3891,3.602,3.7065,4.1854,3.5409
"GENE0802",3.8304,4.6445,3.8109,3.9028,2.5218,3.734,3.5796,4.7333,4.0007,4.4805,3.9576,5.0108
"GENE0803",5.3547,6.5344,6.2833,5.8994,5.4778,6.4196,5.7465,6.8498,5.7919,5.5348,5.9591,6.4232
"GENE0804",10.838,10.9812,9.285,10.6961,8.5168,11.0227,12.5738,11.8699,11.9867,12.161,11.5972,12.1887
"GENE0805",5.1524,5.6629,6.3228,4.7744,6.9229,6.1149,6.3897,7.1268,4.6965,6.4153,5.8331,4.3001
"GENE0806",6.6761,8.3494,6.2609,8.0665,7.3832,9.5889,6.8186,9.2648,8.867,9.0002,7.1626,9.3483
"GENE0807",3.0578,3.2282,4.3054,5.3228,3.677,6.6165,3.7763,5.995,6.29,4.9272,3.2697,4.6503
"GENE0808",5.4034,4.8963,4.5956,4.9665,5.6822,5.9523,2.316,1.8318,2.9981,2.4352,1.8942,2.7532
"GENE0809",6.2079,7.7459,7.2667,7.5379,5.5523,7.7441,7.5362,8.6442,9.7635,8.4756,7.4032,8.3079
"GENE0810",5.8055,6.9633,5.9987,4.3112,5.9272,5.216,5.4975,5.2652,5.2567,5.4962,4.4251,5.5327
"GENE0811",7.99,6.7693,7.0394,6.3856,6.864,6.6543,7.3361,7.1887,7.2159,7.0654,7.5965,6.6531
"GENE0812",8.3568,7.1949,7.9333,7.6282,8.4544,8.01,7.3908,8.0309,7.1186,6.4915,7.5546,7.633
"GENE0813",4.9604,4.466,4.2798,2.9566,2.8295,5.6409,4.5192,4.5242,4.504,4.6468,4.2899,5.5368
"GENE0814",4.5017,4.0885,4.3554,4.4052,4.6491,5.1408,5.1172,4.7518,4.1351,4.6085,4.5398,4.3117
"GENE0815",10.8242,10.4021,10.7439,10.3327,10.015,10.9444,11.1273,10.7842,10.412,11.0374,11.4126,11.0434
"GENE0816",5.5988,6.41,5.4578,4.9617,5.894,5.5808,5.887,6.0243,5.5161,5.4506,5.673,6.2668
"GENE0817",6.8716,5.6727,6.4613,5.2914,5.0509,6.2073,6.3499,6.3034,5.5504,5.1436,5.97,6.0165
"GENE0818",6.3767,5.4712,6.7691,7.7329,5.1278,5.6455,6.0561,6.7592,6.8666,6.5063,6.7358,6.1041
"GENE0819",5.221,5.1461,4.5819,5.1345,4.8284,4.649,4.944,4.9625,4.3567,5.0717,4.6365,4.3894
"GENE0820",4.8926,4.2274,4.0684,3.0765,4.1051,3.8692,4.8866,4.2245,4.7837,3.9855,4.1758,4.2282
"GENE0821",3.8171,3.314,3.8154,3.602,3.8353,2.8045,3.354,3.7648,3.6508,3.1984,4.1875,2.9317
"GENE0822",10.5179,7.2471,7.1461,7.4844,6.674,6.9755,8.9785,7.9044,7.4978,7.0935,7.3213,6.6479
"GENE0823",4.1451,4.1961,3.329,4.1251,3.9971,3.5299,3.5876,4.5357,4.4116,2.7984,4.7982,3.6716
"GENE0824",7.0111,7.2907,7.2966,7.6362,8.0005,7.0237,10.5379,11.6503,10.6178,11.0692,10.6452,10.4018
"GENE0825",8.3238,8.6215,8.9644,8.4256,8.6565,10.2495,9.6172,8.6597,10.5088,8.5511,9.1407,7.7666
"GENE0826",7.6756,8.5802,7.994,9.849,8.0493,8.5543,7.862,8.7864,8.6754,7.8715,7.7616,8.5559
"GENE0827",5.1702,5.9868,4.7781,6.2879,6.5809,5.7664,6.2908,6.1098,5.5859,5.4586,4.8263,5.6632
"GENE0828",5.4135,3.8406,4.1023,4.9167,5.1483,3.7936,4.9518,4.0561,5.8442,4.3752,5.0508,3.8832
"GENE0829",4.4736,4.3686,2.5509,4.1905,2.5394,4.8855,4.0528,4.6673,5.1141,4.4764,3.7076,5.8927
"GENE0830",5.2321,6.5814,5.9277,6.4405,6.1766,6.3753,6.2428,8.0805,6.8749,7.3336,7.0163,7.3565
"GENE0831",5.3656,5.7327,6.779,5.3921,5.3977,7.4586,4.8636,5.3148,5.3751,5.6725,5.6231,6.7874
"GENE0832",6.0251,6.4224,5.6269,6.9492,6.6897,7.2,5.9172,6.5094,6.0648,6.9413,6.8877,6.9062
"GENE0833",4.5624,4.8665,4.6107,4.079,4.819,4.0003,4.33,3.6828,4.8967,3.7976,4.5737,3.4896
"GENE0834",6.4804,7.4848,5.9811,7,6.2668,7.3206,6.7685,5.5953,6.2756,6.37,6.2968,4.6895
"GENE0835",7.524,7.6851,7.5721,8.6616,7.3897,7.875,7.4163,7.5248,7.7172,7.7946,7.1019,7.4881
"GENE0836",8.4604,8.1738,7.6211,8.8484,9.2874,9.5006,7.3052,7.3908,9.1657,8.2747,8.5329,7.2901
"GENE0837",10.5904,10.5411,10.2765,10.2911,10.2282,10.5841,10.7806,10.6127,9.9304,11.385,10.029,10.6974
"GENE0838",6.8404,6.625,6.4084,5.5961,6.3416,6.1744,6.2589,6.3519,5.6406,5.8292,6.617,6.8532
"GENE0839",5.087,3.7565,4.8935,4.7045,5.2097,4.0508,5.5611,4.4368,5.7195,4.3158,5.1541,4.2906
"GENE0840",5.9021,6.2259,5.3372,5.5011,6.7347,5.407,5.6995,6.0026,5.1811,6.1764,5.0415,5.3516
"GENE0841",1.8294,2.6883,3.5782,1.6333,2.2569,2.5304,3.6415,2.365,2.913,3.0166,2.8118,2.0071
"GENE0842",7.5745,5.9021,6.9507,5.5774,7.3599,6.8404,6.6455,5.9151,6.5998,6.1463,6.5935,5.4959
"GENE0843",6.3134,5.5342,5.065,4.1576,5.9598,3.6521,5.4162,6.2213,6.0592,3.7043,4.7629,4.0769
"GENE0844",6.7634,7.0482,7.4994,6.4941,6.0665,6.6844,7.316,7.2519,6.3466,6.4526,7.15,6.9112
"GENE0845",6.0768,5.5779,4.6254,5.6309,6.1331,5.3988,6.1455,5.2224,3.9223,5.4269,6.103,6.4657
"GENE0846",3.0572,3.1598,3.0763,2.7197,4.0197,3.0096,2.5867,3.2972,3.8639,3.0734,4.196,2.4387
"GENE0847",6.6172,6.0537,6.8873,5.1523,5.5353,5.7977,5.4904,6.0864,5.9188,6.6823,5.6861,6.1329
"GENE0848",2.7546,3.5537,2.712,3.3669,3.3588,3.9932,1.9812,2.1011,1.5836,1.6821,1.5202,1.9102
"GENE0849",7.0058,7.982,6.8753,6.5552,8.4896,7.441,8.0126,7.1662,7.1288,8.2526,7.67,8.3499
"GENE0850",1.2113,-1.2183,2.0635,1.1047,3.8542,1.1754,2.5186,1.4436,2.9423,2.2396,1.9594,0.6625
"GENE0851",6.0426,6.5425,5.8449,6.2998,3.8693,6.7294,4.9341,6.5311,4.2425,7.207,6.239,6.1841
"GENE0852",6.0007,8.5033,5.9894,7.9059,8.2716,7.7857,6.2399,8.296,7.2241,5.9554,5.6283,7.2907
"GENE0853",3.1486,3.1627,2.8232,3.7091,3.2611,3.6759,1.5537,1.9929,2.0393,3.5664,2.1172,2.3229
"GENE0854",10.0391,9.8775,7.6173,8.2786,7.4719,10.8528,9.4111,9.1827,8.0986,9.7841,8.6059,9.7453
"GENE0855",3.8468,4.409,4.4729,4.602,3.5601,3.6192,3.6937,4.0481,4.9912,5.1352,4.0097,4.2162
"GENE0856",5.9745,4.7413,5.4137,4.4014,4.7591,4.8658,2.8515,3.202,3.1611,3.6196,3.1155,3.4838
"GENE0857",5.8896,7.3954,6.0879,5.7994,5.2576,5.0992,7.2617,6.7075,7.1649,6.4571,5.6769,6.93
"GENE0858",4.2828,3.1277,6.4654,3.3573,6.1084,5.5329,5.9192,5.3778,5.5887,6.3103,5.0921,5.2308
"GENE0859",4.3703,4.5891,3.6972,4.889,3.5505,4.2008,3.838,4.8738,3.4846,4.9136,3.498,4.4504
"GENE0860",6.4572,7.2427,6.9771,6.7461,5.8668,7.6825,6.8148,8.0516,6.6369,8.1571,5.9859,7.9868
"GENE0861",5.6104,6.7095,4.3063,4.09,6.5911,4.2378,5.2191,3.4865,3.5976,3.2128,5.2812,4.4512
"GENE0862",7.0944,7.3966,6.9284,7.6509,6.9305,6.8791,7.6135,7.9285,6.913,7.1683,6.5299,6.8644
"GENE0863",4.515,5.2942,5.0066,4.2485,4.2377,5.7262,5.4184,4.841,5.5984,4.3333,4.6274,4.7069
"GENE0864",3.905,2.9611,3.4616,4.1024,4.4083,3.3306,4.0636,3.785,4.636,3.255,4.782,3.3882
"GENE0865",6.0496,6.7716,5.9455,6.5252,5.7707,6.6221,6.2931,5.7676,5.5909,5.8504,5.9005,5.8965
"GENE0866",7.0255,5.6377,8.1145,7.4582,6.5927,6.1581,6.3292,7.7643,6.0446,6.8177,6.769,7.6861
"GENE0867",5.3896,7.3909,6.9929,6.1431,7.0236,5.814,6.3987,6.9062,6.2707,6.0265,6.042,6.9725
"GENE0868",5.128,5.3285,6.51,4.6381,5.6483,6.2353,6.4111,5.3598,4.7196,4.697,6.1748,5.0646
"GENE0869",1.2724,2.4788,1.9676,2.3771,2.2345,1.7098,1.4592,3.6936,1.4099,1.5777,1.555,2.1091
"GENE0870",9.183,7.4839,8.722,8.3645,8.5821,8.3382,9.6356,7.7349,8.2205,9.5613,9.4301,8.9817
"GENE0871",6.4612,5.8404,6.3997,5.8572,6.3079,5.8867,6.2755,5.9768,6.2847,6.1512,4.9953,5.0254
"GENE0872",4.4491,4.6441,3.8812,3.7494,4.3175,4.0491,4.3609,4.686,4.5603,4.064,4.8104,4.3196
"GENE0873",5.6084,5.4407,5.612,5.6806,5.1729,5.0707,5.7295,5.7392,5.5783,5.7225,6.0195,5.3556
"GENE0874",7.4442,7.233,6.2079,6.1665,6.2101,7.0423,7.0966,6.3278,6.8811,7.1716,7.1693,6.6187
"GENE0875",2.9609,3.8196,3.4027,3.1497,2.6963,3.6088,3.4185,3.1798,2.8835,3.1662,3.055,3.5099
"GENE0876",7.9256,8.3786,7.0091,8.2314,6.2005,8.0933,8.6333,6.9656,7.3536,8.5039,8.3405,7.7396
"GENE0877",6.7559,7.0986,6.4235,6.0188,6.1514,7.4779,7.6384,7.4444,6.0387,6.7392,6.2319,6.7282
"GENE0878",8.1328,7.3185,7.7091,9.1412,8.1646,6.9906,7.1889,9.1604,7.8258,8.3512,8.6433,8.1493
"GENE0879",6.608,8.4805,7.9054,9.1208,8.6347,7.3356,8.5086,9.5624,7.9448,9.1443,7.7994,8.8754
"GENE0880",5.9034,4.6395,5.6137,4.0971,5.6322,3.4844,6.0371,4.0057,4.6066,4.9823,4.8915,4.6031
"GENE0881",5.4354,5.377,5.5596,4.9742,4.8215,5.8589,5.5892,4.9073,4.5451,4.5652,5.8694,4.8423
"GENE0882",3.6775,3.9246,3.4511,3.0162,5.2181,4.1455,3.1678,5.6628,4.1562,3.0846,3.7202,4.4993
"GENE0883",4.9126,5.8596,6.0337,4.4645,5.3915,4.8576,5.5578,4.7145,5.7763,4.6811,4.9696,4.7305
"GENE0884",8.7879,8.9466,8.2368,8.1829,7.2227,9.5832,9.1155,9.1069,8.5135,8.8059,7.2627,8.5575
"GENE0885",9.2701,10.0002,8.9271,9.3726,10.2602,9.4035,7.731,7.9503,8.4656,9.8074,8.6309,9.6599
"GENE0886",7.775,7.9266,8.4122,8.2017,8.1599,6.7512,6.9253,7.9134,7.4865,6.9198,8.0096,6.8726
"GENE0887",1.4544,3.2552,1.9826,0.3813,1.373,3.3223,2.6398,2.1345,1.1953,2.1549,0.9762,3.1401
"GENE0888",7.64,7.1912,8.2712,7.5639,8.4526,6.442,6.7894,7.3732,7.2697,6.3456,6.5731,6.8741
"GENE0889",9.3442,8.1863,8.6036,6.979,8.588,7.4327,7.7735,8.1642,7.3099,7.4807,8.0166,7.8829
"GENE0890",7.8412,6.9306,6.9866,6.6407,6.5879,6.8898,7.1426,7.1089,6.8536,6.3869,7.4798,7.6913
"GENE0891",5.2487,3.3339,5.3715,4.2394,3.5448,4.7049,3.5822,5.0663,4.2728,3.0713,4.1731,4.2859
"GENE0892",7.7133,7.7837,8.3522,8.0657,8.266,8.8064,8.0922,8.5888,8.0048,8.1173,7.819,7.694
"GENE0893",8.2746,8.2292,8.1447,6.7452,6.9495,6.3541,4.7838,6.4406,5.9027,5.1136,7.627,5.7206
"GENE0894",7.3332,8.3388,7.105,7.4052,7.3423,8.906,7.8765,7.5399,7.7251,8.457,7.5359,7.8185
"GENE0895",5.0129,5.7032,4.6233,5.6233,5.8063,5.72,7.4673,6.7938,5.378,6.7313,6.2964,5.0746
"GENE0896",8.1101,7.1627,7.5739,8.4223,8.168,7.8534,8.4817,7.0142,7.6322,7.6853,7.5007,7.4284
"GENE0897",6.9958,6.6148,7.2951,7.0632,5.7572,5.4192,7.4505,8.4148,7.2689,8.5775,7.4157,7.1914
"GENE0898",5.7101,5.2384,5.4718,4.8357,4.9374,3.8538,6.0069,4.3668,5.6149,5.3765,6.1967,4.6765
"GENE0899",8.0342,9.4184,9.0826,10.3943,9.3189,9.0674,9.1064,8.6619,10.3549,7.3132,8.6516,9.6198
"GENE0900",8.1048,7.031,8.1415,7.4434,8.0165,8.9223,6.5415,8.8015,7.1553,8.023,5.9194,8.1523
"GENE0901",0.2391,0.3883,0.4138,-0.2997,-0.2994,-0.4507,-0.0792,-0.7378,0.3382,0.2424,0.1508,0.1013
"GENE0902",4.96,5.2563,5.5779,5.1428,5.0476,5.4096,5.6301,4.9804,5.288,4.8285,5.5483,5.526
"GENE0903",3.2089,4.241,2.9019,3.4492,3.26,2.9502,2.8054,2.5461,2.8971,3.7235,2.8004,2.3112
"GENE0904",6.3172,6.7887,6.2487,5.6431,9.2717,5.7475,6.6551,6.7545,7.544,6.922,7.3244,6.8339
"GENE0905",5.2687,5.6591,5.5989,3.7962,5.1094,4.3182,4.7268,4.5122,5.0326,4.3415,4.5887,3.969
"GENE0906",7.6449,7.1106,7.6988,7.6776,7.7547,6.646,6.4535,7.1798,7.615,8.3071,8.9734,6.4372
"GENE0907",7.171,7.0762,6.8911,7.5203,6.8639,6.7651,10.5178,10.5251,11.0779,10.0313,10.37,11.0447
"GENE0908",6.8969,5.9469,6.7736,6.6246,7.2676,5.0662,6.6517,4.9873,6.3054,6.94,6.1542,5.0834
"GENE0909",6.5441,7.5164,6.8235,6.5739,6.2729,7.2444,6.0992,5.8572,6.123,6.5408,6.0682,7.4395
"GENE0910",6.3684,4.4599,4.9669,4.5426,4.8216,4.482,4.969,3.5752,5.6901,4.0207,5.9051,4.3416
"GENE0911",4.9637,7.4168,7.3893,7.1197,6.8188,7.0451,4.1968,6.1758,4.6405,4.1727,8.1309,6.2717
"GENE0912",4.5653,3.3406,4.5542,3.5295,3.6423,3.0291,3.8514,3.6462,4.1295,3.3186,3.71,4.0045
"GENE0913",6.8204,7.9527,8.5181,5.6092,6.4657,8.1728,7.2749,7.4534,6.997,6.3486,7.4124,6.3078
"GENE0914",5.2029,4.9378,5.346,5.6687,5.4778,5.6052,4.9261,6.4463,5.2739,5.8432,5.2673,4.945
"GENE0915",4.8662,5.4198,5.1728,5.3317,3.5273,4.3938,1.6978,3.9729,2.832,2.2464,1.5804,1.4934
"GENE0916",5.9304,5.2163,4.7353,5.4588,6.5096,4.3907,7.6031,6.2865,6.7211,6.1625,5.3346,4.1584
"GENE0917",10.7055,9.913,10.5185,9.8213,10.1641,9.8725,10.004,9.946,9.1301,9.5013,8.981,9.9431
"GENE0918",1.9374,2.9514,2.6224,2.6671,2.2299,3.0162,2.3359,3.1796,2.0107,2.6879,2.4113,2.7031
"GENE0919",5.1625,5.486,5.3421,5.3808,5.1971,5.8476,4.7126,5.3488,5.6634,5.5671,5.1514,5.2465
"GENE0920",6.0231,6.2856,5.9995,6.0085,5.9397,5.5857,6.6504,6.5543,5.6847,5.5676,6.5397,5.6094
"GENE0921",5.6018,4.9339,6.4107,5.8854,4.8688,5.2479,4.1915,4.5612,4.184,5.8477,3.7973,3.3249
"GENE0922",6.0033,5.096,5.2325,4.6803,4.7642,4.3439,5.1664,3.6077,4.167,4.4933,4.813,5.0529
"GENE0923",6.3592,6.192,6.3555,6.4357,6.7278,6.8932,6.4771,6.9946,6.7142,6.7911,7.5351,7.3618
"GENE0924",5.8707,3.6687,5.6048,8.9745,6.5298,6.5424,5.9512,5.0122,6.3324,6.843,7.4395,5.9509
"GENE0925",4.5906,5.5716,4.1555,4.9158,3.1954,4.7538,4.9864,4.7612,4.5899,5.4036,4.9002,4.6746
"GENE0926",8.0108,6.1429,6.9117,7.0506,7.0421,7.7033,7.1192,7.8855,7.0703,7.0139,6.8261,7.1424
"GENE0927",5.4924,5.7701,7.6764,6.8641,5.9962,5.8194,6.6481,5.9775,6.7184,5.8682,6.5859,5.6032
"GENE0928",7.8353,4.7417,8.339,6.0796,7.1031,6.1118,8.1165,7.6957,6.9509,7.1646,6.7118,5.4664
"GENE0929",3.0794,3.9933,3.5774,2.8747,3.1298,2.9908,3.4984,3.1853,3.1449,3.4309,3.8147,3.9901
"GENE0930",4.8364,3.8704,4.038,3.334,3.5875,3.9618,4.7321,4.2978,4.9722,4.7805,4.9655,5.4756
"GENE0931",6.0481,6.178,4.3763,5.8924,6.969,4.8804,5.6083,6.3138,3.7771,5.4758,4.3579,5.3862
"GENE0932",7.4198,8.0375,9.1821,7.9765,7.6399,8.8849,5.9517,7.6447,6.6747,7.9681,8.6968,8.2038
"GENE0933",5.118,4.9576,5.3336,4.2489,4.5904,5.1384,2.0305,4.0639,2.2037,3.456,4.4668,5.1335
"GENE0934",3.8444,3.454,4.2431,2.598,3.5575,3.8218,4.1539,4.6974,4.7996,5.235,4.2313,3.8561
"GENE0935",7.7033,6.9785,7.8031,6.8163,8.0672,8.6443,7.7066,6.428,7.4468,6.8833,6.9447,9.4902
"GENE0936",6.499,5.4617,7.9204,5.8421,5.6181,5.9431,6.3567,6.5745,7.7775,5.6281,6.3545,6.6669
"GENE0937",3.6807,3.6141,4.0526,3.3328,3.6947,3.4015,3.2861,3.8495,3.4286,2.9753,3.5235,3.6873
"GENE0938",11.3564,9.6662,9.9327,9.1636,10.2434,9.1566,10.1748,10.2697,10.7093,9.1541,10.1963,8.6911
"GENE0939",8.7525,8.4869,9.2809,8.5489,9.5639,9.9088,9.1853,9.5268,9.3165,9.3123,8.4309,7.8047
"GENE0940",2.9919,3.3045,3.124,3.4673,2.878,3.4601,2.34,3.5851,3.8413,2.7604,3.0497,3.6968
"GENE0941",10.8224,11.0828,8.7138,9.202,10.9256,10.9558,11.2145,9.5989,8.6048,8.5586,10.208,10.3973
"GENE0942",2.502,2.5276,2.7237,3.1063,2.4625,2.7264,2.6522,2.8356,3.0978,2.8592,2.402,3.1355
"GENE0943",5.617,5.3623,5.4314,4.7345,5.3598,5.0315,6.6095,6.2744,6.8901,5.103,8.567,5.6619
"GENE0944",3.0405,2.4818,4.2355,4.987,3.1985,4.8333,5.571,6.3106,5.1972,6.2925,5.7594,5.543
"GENE0945",5.2521,5.8704,6.1254,4.9985,5.0538,3.5898,6.202,4.8783,5.2863,4.2477,4.7801,6.407
"GENE0946",5.2326,7.038,5.59,4.9337,4.976,5.9602,7.739,6.2692,7.2366,7.5924,6.385,6.0026
"GENE0947",6.9599,7.0967,6.469,7.8392,7.1366,7.6345,7.7691,7.628,6.6878,6.606,5.176,7.427
"GENE0948",2.755,4.1186,2.6405,4.1496,3.87,2.7881,7.9883,6.7507,7.0199,6.1141,7.6903,7.812
"GENE0949",0.407,3.2137,0.1976,1.3387,0.1075,1.8201,1.3766,0.8588,0.726,1.4037,0.3726,1.1516
"GENE0950",4.6558,6.1834,4.8946,5.9091,5.2668,5.1487,6.2302,5.2849,6.0692,5.7902,4.5009,4.9541
"GENE0951",3.7603,4.2031,3.8955,3.4921,4.4365,4.3982,5.2219,5.1644,4.9519,4.1563,3.4637,4.0531
"GENE0952",5.5703,6.085,5.4187,6.6386,5.2325,6.4157,5.4081,7.7658,6.8647,7.4804,7.0143,5.7255
"GENE0953",5.4016,3.6114,4.77,5.0084,5.0263,5.9728,4.889,4.4344,3.3398,4.1646,3.9329,3.0133
"GENE0954",7.7802,6.3644,8.4441,6.6649,7.8116,7.5174,7.9747,7.2724,8.1529,7.7398,7.4458,6.6167
"GENE0955",5.7711,6.3069,6.4333,5.1565,5.7606,5.4296,5.864,4.9709,6.2861,5.292,5.8808,5.5841
"GENE0956",6.8769,6.8412,7.6643,6.2948,7.6687,7.299,7.3749,7.4693,6.9617,6.9094,7.2974,6.6019
"GENE0957",4.2758,4.7927,4.5721,2.9553,4.8411,3.77,4.3835,3.8078,4.3043,4.8553,4.1465,4.1275
"GENE0958",5.3558,5.8612,4.7438,6.5066,5.9851,6.5483,6.2454,6.4716,5.4301,6.2608,5.4003,5.6346
"GENE0959",7.2556,6.4932,7.2011,6.3487,6.2521,6.7761,6.8099,6.9036,6.1473,6.7147,5.9139,6.2157
"GENE0960",5.8784,5.5078,6.9298,5.5616,6.0049,5.3902,6.008,6.2421,5.8569,6.3111,5.7835,6.6401
"GENE0961",9.8556,8.6627,8.144,8.4439,9.1514,9.8127,9.7951,9.6491,8.0137,7.5134,7.6422,8.6197
"GENE0962",2.6158,1.6396,2.5384,2.0353,2.0618,2.3387,2.1117,1.4005,2.0903,1.6346,1.9633,1.6817
"GENE0963",7.8875,6.4158,7.7958,7.3942,7.8072,7.0358,6.5779,7.7256,8.5179,7.9617,7.444,7.6296
"GENE0964",6.2112,5.7327,6.0008,5.7341,5.5365,5.9267,5.8742,5.6437,6.2273,5.855,6.2306,5.6371
"GENE0965",7.6916,8.4859,8.3024,6.9449,10.1143,7.2701,8.1008,7.9415,7.3012,7.8834,6.8209,6.6186
"GENE0966",5.8701,4.5245,5.3041,6.1601,6.3304,5.6453,4.4844,5.901,5.5547,6.2953,5.5382,6.5202
"GENE0967",0.0713,0.4348,-0.571,1.1175,0.6143,2.3107,-0.0846,1.2896,-0.5055,0.392,0.0799,1.6941
"GENE0968",6.8913,6.8856,6.9522,6.4518,7.6593,6.165,6.7999,5.8708,6.618,6.3487,7.2406,6.2914
"GENE0969",5.4793,5.6827,5.9394,4.5972,4.5331,6.6855,4.574,6.0648,6.8932,5.5607,4.378,6.0992
"GENE0970",3.4831,5.0342,4.407,4.0725,4.5773,3.4329,3.5845,3.7224,3.94,4.6073,3.8911,4.2417
"GENE0971",4.6823,4.4637,2.8333,4.4874,5.4053,4.5347,4.4445,3.879,4.6051,4.5058,5.3283,5.0149
"GENE0972",5.8636,6.0755,6.9341,4.6614,6.0192,5.2331,4.9179,4.7499,5.6923,4.2226,5.9268,5.1331
"GENE0973",10.9177,10.244,12.6831,12.248,10.8942,11.6057,9.6954,9.8891,11.5183,11.9473,11,11.1523
"GENE0974",6.207,6.9331,6.6114,6.7528,6.6377,6.8353,6.8465,6.8198,6.6544,6.2037,6.6544,6.6899
"GENE0975",4.4563,5.3248,3.3108,3.7319,4.0775,3.4721,4.3075,3.2998,3.9672,3.7831,4.5701,2.821
"GENE0976",12.4197,10.5086,10.6789,10.3339,9.6725,9.4613,10.585,11.2685,9.7921,9.837,9.2583,10.2067
"GENE0977",4.7587,3.4127,4.4926,4.3007,4.83,4.3474,5.2546,4.5475,4.5253,4.0235,6.0702,4.7747
"GENE0978",4.3243,4.4672,4.4845,4.6737,4.4377,4.7801,4.506,3.9769,3.9525,4.6324,5.2929,4.5511
"GENE0979",3.6178,3.1241,3.9652,2.6608,3.4427,2.4982,3.8156,3.6936,3.5339,3.4305,3.7992,3.1569
"GENE0980",4.2304,5.6436,5.1547,5.9732,4.5665,4.9276,4.1436,7.0392,3.8639,6.7787,4.8942,5.2644
"GENE0981",10.0566,9.3782,9.8944,9.7263,10.4747,9.1687,10.7248,10.1821,8.7635,8.9801,9.6461,9.9119
"GENE0982",7.8511,8.4713,7.7507,8.222,8.0995,8.6422,7.336,8.2034,7.8575,8.3502,7.9237,8.0026
"GENE0983",9.8905,8.5489,7.6915,6.6336,6.8483,8.8362,6.6518,9.9489,5.7736,6.753,8.3417,8.3742
"GENE0984",6.0229,6.8736,7.0292,6.1377,7.0692,6.9752,5.6319,5.7204,4.5177,4.6333,4.5332,6.2299
"GENE0985",7.8675,6.9226,6.2223,5.4307,6.7893,6.9118,7.5622,6.084,7.5235,5.9905,8.0964,6.8195
"GENE0986",7.2438,7.6886,7.4583,8.0343,7.4745,7.8422,7.3024,6.7148,6.9761,6.9724,7.3997,7.7885
"GENE0987",6.865,6.8613,6.2958,6.1024,7.1233,6.8683,6.7919,6.3475,6.466,6.3448,6.8227,7.7257
"GENE0988",9.5419,6.2295,6.6384,5.5205,5.9526,6.0726,6.9651,5.5047,5.014,7.331,6.6368,6.5878
"GENE0989",8.0998,8.3617,6.7617,8.3841,9.2482,8.544,8.2017,8.327,8.8371,7.7096,8.4391,8.7125
"GENE0990",5.284,5.6183,5.9435,6.6245,6.1317,6.7608,5.8164,5.764,5.8737,6.0704,6.0176,6.1654
"GENE0991",6.4225,7.4609,7.581,6.5995,6.2787,6.9761,8.008,9.0268,9.3049,8.3799,9.5105,8.7183
"GENE0992",3.6787,4.5779,4.3326,5.4213,2.9605,3.131,4.1344,4.1798,4.7381,3.9291,4.3942,4.0722
"GENE0993",8.0442,9.3524,9.6796,7.8725,9.5195,7.816,8.5429,9.7901,9.2095,8.6966,9.8767,7.8276
"GENE0994",8.9579,8.5614,9.32,9.9636,9.3506,8.3185,8.4061,9.2778,10.1606,10.6819,9.5437,8.5782
"GENE0995",1.9451,2.9768,2.0459,2.3092,2.3696,2.6792,2.575,2.5278,1.5731,2.687,3.1544,3.3464
"GENE0996",6.2721,6.2694,7.3731,4.8964,5.0506,6.8941,6.4574,5.8692,4.8733,4.2182,6.4588,6.3301
"GENE0997",7.6779,7.4497,7.1804,6.5988,7.3179,6.4313,8.1151,5.819,6.6804,7.0964,7.7125,6.6648
"GENE0998",6.5062,7.6878,6.915,7.3459,6.9082,7.3414,8.2944,6.9759,8.4231,6.7546,7.357,6.6052
"GENE0999",8.3308,7.3149,6.7984,6.4751,6.4036,5.9581,6.3238,7.8028,7.6216,6.2028,7.7107,9.8695
"GENE1000",5.0444,5.4934,4.8781,4.5866,4.2871,4.3459,4.9373,5.3987,5.7843,5.8211,4.7667,4.5493
"GENE1001",3.3469,2.9456,2.5272,3.7132,2.3975,3.8475,3.6777,4.3856,4.8811,2.9094,3.9974,3.3313
"GENE1002",6.3736,5.9626,6.647,6.8288,6.6722,7.7556,7.036,5.5063,7.2178,6.5972,6.9522,7.2162
"GENE1003",2.1379,2.1901,3.0931,3.7763,2.8299,3.0532,1.561,2.5434,3.199,3.2023,3.0972,3.0519
"GENE1004",7.8669,6.0137,6.7878,5.577,7.1626,6.4828,7.5945,5.4996,6.824,6.6583,7.0959,6.0007
"GENE1005",7.7484,7.5219,7.478,7.9128,7.7268,7.6887,5.5119,6.2074,4.872,5.6104,5.0787,5.6157
"GENE1006",1.2868,2.8251,1.3941,3.5928,2.7136,3.5615,2.3932,0.9656,1.7348,2.4879,1.6808,3.058
"GENE1007",7.9205,6.2627,7.9757,6.8485,8.3803,8.8495,6.7275,8.1877,7.2677,7.7127,8.7206,8.0637
"GENE1008",5.656,5.9078,5.9087,6.2201,5.6243,5.2631,5.7205,5.7697,6.337,5.6822,5.3705,5.4797
"GENE1009",5.9577,4.7206,4.6324,4.4628,5.0345,3.8482,5.3925,2.3919,2.4494,1.0393,1.9615,2.8143
"GENE1010",6.5098,6.1823,6.4037,6.175,6.6517,6.6002,8.1591,6.2097,6.7397,5.173,4.8854,5.7766
"GENE1011",9.6529,7.8325,8.9577,7.2758,8.0317,7.3959,6.8873,5.5058,6.0259,4.9378,6.1107,5.0518
"GENE1012",7.5657,9.1214,9.4104,8.9364,8.2126,10.4111,8.9773,9.4956,9.4914,9.196,8.9383,9.9134
"GENE1013",3.8703,3.5207,3.7089,1.6099,2.0789,2.6978,3.6211,2.94,1.4883,3.8793,3.9525,2.6491
"GENE1014",4.3186,4.5321,7.3746,4.4028,4.8089,5.7758,4.5087,5.5496,5.1966,5.31,4.6769,5.3676
"GENE1015",6.5,5.7139,6.1003,7.0905,5.8234,6.5654,6.2509,5.5726,5.6189,6.4725,7.3937,5.6655
"GENE1016",6.3902,6.7197,6.817,6.4167,5.6691,6.4044,6.1705,6.3698,6.3586,7.324,5.7497,7.0179
"GENE1017",5.6741,5.1883,4.7078,4.0868,4.0746,4.23,5.338,4.1133,5.366,5.658,4.5412,6.3478
"GENE1018",1.2046,3.1611,0.6965,1.8875,1.3968,2.3231,1.379,2.3892,0.6132,3.7868,2.2019,1.9907
"GENE1019",4.8783,5.8632,5.6955,6.4352,5.5241,6.1235,4.9847,5.4045,6.2148,5.1061,6.0186,6.252
"GENE1020",4.5203,3.9252,2.4976,1.9118,5.2721,4.0552,2.9799,2.5247,3.6312,2.3053,2.8876,2.0099
"GENE1021",5.7598,5.999,6.0916,7.2634,6.7921,4.9415,5.6459,5.9002,7.3018,6.6099,4.7042,5.8232
"GENE1022",4.755,3.5011,3.5689,5.1543,3.8974,3.9018,4.8999,4.522,4.5722,4.4507,5.4845,5.578
"GENE1023",4.4396,7.2993,5.5735,5.4957,4.5082,6.1809,7.1553,7.1343,4.6245,6.7298,6.8457,5.8485
"GENE1024",3.6909,2.6364,5.5385,3.6367,5.4614,4.5717,5.0245,4.3822,4.965,4.71,5.1155,5.3121
"GENE1025",5.6356,6.4902,6.7795,5.6504,5.178,4.6034,4.6029,4.7407,4.5699,5.1399,5.5761,4.97
"GENE1026",5.2503,5.6833,5.1229,5.7727,5.373,5.2397,6.3101,7.4716,7.2097,7.227,6.8544,6.9326
"GENE1027",8.797,8.1396,8.5785,8.4254,8.5376,9.3722,6.2703,5.7829,6.6088,6.2536,6.4736,7.2357
"GENE1028",6.8573,9.3306,5.8957,7.4287,6.5531,7.705,7.3078,8.1313,7.1038,8.347,7.482,6.3087
"GENE1029",5.9949,5.5182,5.6901,5.6114,5.7455,5.7268,5.9374,5.823,5.5075,5.5475,5.9517,6.194
"GENE1030",1.4436,3.3243,3.3105,1.0953,3.4448,2.1449,3.7289,3.3186,5.4,4.2367,1.509,3.693
"GENE1031",7.0143,8.4399,8.2207,6.9921,9.0193,7.7239,6.6577,6.0883,7.1744,6.9687,6.36,5.9075
"GENE1032",3.7105,3.7626,2.0213,2.4428,2.5672,3.7642,1.7762,3.7478,4.2599,5.1771,4.3862,1.5219
"GENE1033",3.776,1.5191,3.5726,4.0988,4.0406,4.4364,3.5364,3.3436,2.704,3.5199,5.4341,2.3745
"GENE1034",5.1565,3.8412,5.0622,3.6029,3.3166,3.0959,3.3888,3.4911,2.3146,2.584,2.8207,1.8642
"GENE1035",3.3553,4.9997,4.2651,3.1862,4.6549,4.575,5.1773,3.9691,4.4731,2.7934,4.6577,3.803
"GENE1036",3.4452,4.5948,2.9423,5.1474,4.421,4.7307,3.5546,3.7159,4.6133,4.4352,4.6853,4.7044
"GENE1037",8.9636,8.3657,8.0152,9.2318,7.9233,9.6608,8.825,8.4726,8.314,7.9239,8.7641,9.3852
"GENE1038",5.6066,5.856,6.5889,6.7803,4.0477,5.3556,6.5385,7.1389,7.9673,7.643,7.9778,8.0459
"GENE1039",4.3335,4.9111,4.9586,3.895,4.7686,4.1347,3.6367,4.9331,5.7059,5.4023,5.1955,3.8314
"GENE1040",7.1139,7.5505,7.106,7.7013,6.2028,6.3355,7.886,7.7301,7.6199,7.1758,8.4262,6.6668
"GENE1041",5.4393,6.099,6.2705,6.3007,6.6091,7.0991,8.1603,8.9091,8.3701,8.6257,8.7358,9.3174
"GENE1042",3.8172,3.4043,2.9642,3.5832,3.4876,3.0065,3.7495,2.8693,3.5685,3.1162,4.0179,4.0471
"GENE1043",4.2048,6.4309,5.2142,4.9275,6.2546,6.0323,5.9935,6.5094,4.3348,5.6472,6.2259,5.2738
"GENE1044",7.5134,6.8673,6.562,8.2234,6.6478,7.2661,7.8357,8.1102,7.2577,7.6502,7.5908,6.5803
"GENE1045",10.7979,9.6514,10.6978,10.3534,9.5961,10.6963,11.3677,10.3072,9.2825,9.6895,9.4637,10.2133
"GENE1046",8.5255,9.2589,9.4805,9.7057,8.7095,9.2731,7.8263,8.3657,7.7067,7.8508,7.8788,8.4661
"GENE1047",7.151,8.0106,8.4487,8.312,8.1938,7.8997,7.1277,8.015,7.933,9.8125,6.5236,8.4229
"GENE1048",6.4367,6.5345,6.0009,7.0879,5.3364,5.6835,5.169,6.2538,6.1349,6.4472,5.5909,6.0655
"GENE1049",3.126,3.1897,3.2715,2.8426,2.5277,2.6086,2.9428,2.1248,2.6949,2.4034,3.687,1.8311
"GENE1050",5.783,4.3596,4.2358,2.4325,5.0697,2.0517,5.0272,5.009,3.6027,2.1721,4.9425,4.0301
"GENE1051",5.4365,6.1707,5.7025,5.8021,4.7398,5.125,5.6397,6.2389,5.2206,5.3425,6.433,5.7725
"GENE1052",6.7805,6.4787,7.337,7.5265,7.2473,7.2747,7.3162,7.3108,6.619,7.3887,7.1679,6.9767
"GENE1053",7.6691,6.3386,7.3727,6.4606,6.9411,6.1183,6.3162,4.3916,5.2339,6.2885,5.8326,5.3752
"GENE1054",5.4026,6.8467,6.2003,6.6728,6.5938,6.7907,6.1226,6.6058,5.7502,5.7479,6.0372,5.9248
"GENE1055",9.8118,10.7777,10.0437,8.2511,10.58,8.7356,9.3509,9.5858,9.4365,9.6213,10.0587,8.9349
"GENE1056",6.7858,7.4188,7.1319,7.4021,7.5525,7.046,7.0601,7.497,6.2155,7.2073,6.446,7.5026
"GENE1057",7.5652,7.3069,5.6617,6.819,6.5138,6.5078,4.7065,6.044,6.309,5.901,4.8517,8.1207
"GENE1058",5.1936,5.9606,5.3869,5.9093,5.556,4.9774,5.2461,5.2327,5.1709,5.7216,5.1574,5.8373
"GENE1059",5.6329,8.0868,5.8566,6.4225,5.358,6.3605,6.8414,7.5592,7.0606,7.1649,7.1435,7.5794
"GENE1060",4.3076,4.9141,4.6404,4.3077,4.6144,5.7986,3.9628,4.2967,4.1497,4.6635,4.6382,4.8773
"GENE1061",8.6583,9.2608,9.4999,9.6255,9.6647,10.4823,9.2451,9.2057,7.371,9.2737,7.7119,9.2608
"GENE1062",5.8916,4.3851,5.6447,4.7849,5.6921,3.9755,5.5374,6.6444,5.9434,5.7002,5.2983,5.1656
"GENE1063",5.1735,3.8782,5.3217,4.1831,5.7494,4.0925,5.4042,6.2505,4.5733,5.5447,3.7314,6.5213
"GENE1064",3.0215,4.6442,3.7532,4.9702,4.1814,3.6436,3.743,3.4523,3.7911,3.8163,3.0554,2.5474
"GENE1065",7.8285,7.3918,7.5375,7.6806,7.5107,7.8628,8.276,6.2413,8.2729,7.7435,7.7249,8.673
"GENE1066",4.1221,3.9552,2.3206,3.9567,3.3813,3.6491,1.9498,2.9798,3.9518,3.5655,2.4494,2.9551
"GENE1067",5.2246,5.8767,7.0881,4.5645,3.1738,4.7628,4.7215,5.5453,4.9738,7.2964,4.9998,6.3947
"GENE1068",6.5272,6.6352,6.486,6.5532,6.3985,6.1724,6.2616,6.503,6.8263,5.9924,6.336,6.701
"GENE1069",6.107,7.8577,5.1791,7.0073,5.7553,6.4367,5.8379,5.4285,6.2209,6.6292,5.4517,6.9208
"GENE1070",5.392,7.3956,5.9036,6.346,5.1633,7.7581,7.3999,7.4482,6.1321,6.3755,5.2673,6.27
"GENE1071",3.1521,3.8248,3.0207,2.7202,2.066,2.4189,2.6403,3.1514,2.9214,4.3671,3.9346,4.6016
"GENE1072",5.6199,5.5503,5.6571,5.1864,4.7642,5.4925,5.0441,5.3748,5.1298,5.4796,4.7493,5.8631
"GENE1073",3.0888,2.2035,2.6727,2.7834,2.2545,2.9224,2.1168,3.0694,2.579,2.311,2.4683,2.5766
"GENE1074",3.7799,4.6602,4.0718,3.9968,4.6563,4.4889,4.7068,5.2375,3.7242,3.7387,4.0638,4.8834
"GENE1075",9.6524,8.0848,9.4772,8.7805,8.403,10.7543,7.2781,9.8898,6.9144,10.1128,7.7343,9.1884
"GENE1076",5.7631,5.6856,6.3211,5.0802,4.879,7.0242,8.2059,6.3668,6.0444,6.3947,6.8314,6.527
"GENE1077",6.9767,5.9349,6.6978,6.0348,6.7423,7.04,6.0648,4.391,5.2506,6.7775,5.8917,6.6774
"GENE1078",3.0614,3.7188,4.4593,4.1096,4.1124,3.2378,4.3074,3.7349,4.0949,3.3296,4.1762,2.9588
"GENE1079",3.713,6.2462,4.5971,6.0123,4.3798,5.0724,5.2565,5.8663,4.7626,5.2169,5.1743,7.0313
"GENE1080",4.2258,4.8931,3.7154,3.7555,4.3747,5.1414,2.477,4.4145,3.7668,3.6514,3.99,3.485
"GENE1081",6.2039,7.5045,5.2645,5.2652,6.0685,4.4794,6.2674,4.8429,5.5276,4.7569,5.6977,6.0997
"GENE1082",7.5416,8.0909,8.6859,7.3091,8.3552,9.5119,7.0725,7.789,7.5578,7.593,7.8375,8.6281
"GENE1083",6.9432,7.3512,6.0183,6.8114,7.3854,7.1336,6.2892,7.1419,7.0146,6.866,6.3378,7.551
"GENE1084",5.0613,3.2734,5.2559,3.4505,5.2902,5.0075,4.858,4.7221,5.6977,4.0315,4.3716,5.0567
"GENE1085",6.5081,5.2601,7.5387,6.7389,6.0494,6.6574,7.179,5.8668,7.3622,6.4933,6.8084,5.6514
"GENE1086",7.3399,6.6465,6.8125,6.3898,6.2278,7.0803,7.3833,5.4718,6.4616,6.7824,7.1465,7.3089
"GENE1087",7.6506,6.0203,7.9561,6.188,7.8742,6.5869,7.6505,8.145,8.1556,7.0686,7.9417,7.4686
"GENE1088",4.691,5.5059,4.8327,5.8946,7.7436,2.9758,6.6965,4.8514,5.3017,5.4098,4.8907,5.2852
"GENE1089",3.8985,3.6121,3.6314,3.6511,3.2609,3.9935,3.9845,3.3318,3.6095,3.949,3.3963,2.9475
"GENE1090",5.5621,3.4054,6.3077,6.362,5.3091,5.5019,5.0863,5.7611,5.2246,6.5227,5.0057,6.7009
"GENE1091",7.7559,6.5539,6.2572,6.4469,6.7563,7.0973,4.9059,7.5463,4.9119,6.7629,6.8723,6.6493
"GENE1092",10.2407,11.2434,8.7844,9.6336,9.4162,10.1893,8.6298,9.7104,9.6258,8.3107,8.0289,8.3666
"GENE1093",6.1416,5.103,6.006,6.3163,6.4259,5.3042,6.1546,5.9727,6.0177,6.3082,6.2291,7.075
"GENE1094",6.3115,7.4281,6.6135,7.5979,6.8154,7.2097,7.6138,7.6816,6.7966,6.3218,6.4026,7.8802
"GENE1095",6.0788,6.7657,6.1793,5.842,5.0051,4.8679,6.8966,5.7282,4.7427,5.1129,7.1495,6.8853
"GENE1096",10.23,10.6487,9.7344,10.7147,10.6682,10.2053,10.4024,10.3592,10.6736,10.8866,10.3177,10.5568
"GENE1097",8.9236,9.4785,8.7125,9.4351,8.1848,9.3819,6.5512,7.9195,6.575,7.1487,7.0806,7.7289
"GENE1098",5.6199,5.6644,5.7078,5.0201,5.8041,6.0892,5.051,5.6504,5.7411,6.0964,5.4048,5.4926
"GENE1099",6.7742,6.064,5.697,4.8534,5.624,5.411,5.4467,4.6646,5.4805,4.9849,5.3069,4.1637
"GENE1100",4.8809,7.0498,4.3397,5.907,5.5318,8.9816,4.9024,6.9943,5.1625,7.0804,5.7879,7.2675
"GENE1101",5.9355,6.1563,5.5929,6.7444,6.2394,6.4662,6.48,6.4624,5.7959,6.3445,6.3094,6.0074
"GENE1102",5.7074,3.7741,5.0327,3.6276,4.8504,4.4538,3.9769,4.8987,5.6329,4.6223,5.1969,3.8263
"GENE1103",7.8273,5.5324,5.4918,6.4112,7.1885,6.4381,5.593,5.2851,6.7126,4.38,4.6482,5.981
"GENE1104",5.9445,5.278,4.3296,5.2254,3.9406,4.6859,4.4769,5.4236,4.207,5.1499,3.7914,5.3587
"GENE1105",3.8084,3.9477,4.565,3.2128,3.1844,4.154,2.8279,2.4625,3.6345,4.2844,4.4389,3.442
"GENE1106",7.7751,7.642,7.7045,8.3228,7.5109,7.7131,6.8143,8.4716,7.7463,8.3622,7.5551,8.0061
"GENE1107",7.3929,6.9442,7.8491,7.3442,7.3902,7.9398,7.3106,7.1867,7.3168,7.583,7.3886,7.0341
"GENE1108",4.5411,4.811,5.3186,5.0146,4.4011,3.5562,4.2069,5.079,4.3508,4.3814,4.8286,5.5707
"GENE1109",9.1534,9.129,10.08,8.7521,8.746,8.6655,8.8364,8.1402,8.2787,7.8087,7.8324,9.3071
"GENE1110",5.5723,6.0333,5.2206,6.1336,6.1755,5.6223,4.4351,6.6273,4.8607,6.3702,6.0651,7.2327
"GENE1111",5.922,5.2921,6.2761,4.5269,7.2524,6.7446,5.253,5.0906,4.4412,5.93,5.3049,5.9691
"GENE1112",4.1389,4.5307,4.1838,4.6202,4.2265,4.5925,4.3231,4.5896,4.5328,4.35,4.4349,5.0101
"GENE1113",6.3685,6.0761,6.1155,5.5265,6.7999,6.0375,5.9972,6.4196,5.3606,2.7922,5.7437,5.3897
"GENE1114",5.1867,5.1292,6.1112,4.9594,4.0201,5.5258,5.4303,6.6449,4.5645,6.6984,3.96,5.2876
"GENE1115",6.4868,5.8037,6.5917,5.3968,6.3432,5.7483,7.9563,7.1997,7.4738,7.8508,7.8989,7.389
"GENE1116",6.8081,7.5448,6.3906,6.2132,7.0135,5.252,8.1536,5.6047,6.4413,6.8104,7.4689,6.563
"GENE1117",8.2316,8.4946,8.5006,9.2455,7.8233,6.5999,8.3294,7.6196,6.5145,8.9115,8.3701,6.8988
"GENE1118",6.5086,6.5378,6.1007,6.646,7.299,4.9994,5.2128,6.1679,5.3404,7.2489,5.9224,7.9522
"GENE1119",6.8415,7.7309,8.5338,6.363,8.0135,7.0734,8.6112,7.719,8.0158,7.6203,8.1105,7.6706
"GENE1120",7.8657,7.8923,8.459,8.5907,10.5153,7.5429,8.1211,7.7116,6.5426,7.9486,9.5027,8.3124
"GENE1121",0.3135,1.1092,0.3948,1.1812,0.4956,1.2673,0.1489,-1.2453,-0.4583,0.9763,0.7838,0.7958
"GENE1122",5.0793,4.6311,4.9742,4.618,5.3003,5.3893,4.7647,4.7516,5.5927,4.602,5.2466,5.0546
"GENE1123",7.1803,8.0116,7.2486,7.0848,8.855,6.8564,7.0523,6.3092,8.8127,9.0024,8.0934,7.2549
"GENE1124",3.1869,3.6677,3.364,3.3115,3.556,4.3081,4.3522,4.0107,3.2764,3.5796,2.9077,4.1631
"GENE1125",3.8947,4.3379,3.8609,3.9336,3.9235,4.0998,3.9812,4.0757,4.1365,3.5392,4.3636,4.0877
"GENE1126",5.2113,6.8899,7.3185,6.5455,6.3194,6.579,3.9982,4.1903,3.9606,4.1334,4.7008,4.719
"GENE1127",4.3029,5.9892,4.7874,6.8465,5.3251,5.7848,6.927,7.0125,5.0753,4.8217,3.2615,6.1974
"GENE1128",2.7904,2.6333,1.8584,2.5891,3.5272,2.9344,0.7299,3.1046,2.2839,1.7685,2.4038,2.365
"GENE1129",8.0188,7.7725,7.5714,7.7435,7.3555,9.2514,7.4455,7.8136,7.8609,7.7884,7.4936,8.4002
"GENE1130",5.1202,4.2174,3.8073,5.3341,5.1197,3.4515,3.8563,4.487,6.7954,4.5177,5.3477,5.3737
"GENE1131",7.1855,7.0881,5.0899,6.8709,5.9973,6.4766,7.12,7.7269,4.8128,7.1232,6.5965,7.9236
"GENE1132",6.4679,6.4714,7.0509,7.0888,6.5558,7.1568,7.3792,7.5123,6.8842,7.2196,7.3872,6.4549
"GENE1133",8.7677,9.1477,8.4315,8.098,8.8274,8.1259,8.9078,7.8827,8.9511,7.7023,10.3362,9.0926
"GENE1134",5.5855,5.5285,5.9893,6.9409,6.2458,6.0082,6.8078,5.9093,7.1283,7.1604,5.9896,5.7208
"GENE1135",8.3908,6.723,7.8784,7.6537,7.7334,6.2509,8.1283,6.9327,6.7947,6.9533,7.4599,7.0497
"GENE1136",8.6486,7.7516,8.7474,7.8992,8.3862,8.4623,8.6913,8.6626,8.1948,8.403,8.4518,8.0939
"GENE1137",5.0684,5.9486,5.587,5.6338,5.4694,5.5328,4.9243,4.8936,3.8171,4.8575,4.4471,4.3696
"GENE1138",3.5371,1.6631,3.4264,0.718,2.3578,3.1651,2.8616,4.3572,3.6177,0.8141,2.0213,1.1963
"GENE1139",6.6002,4.439,6.3235,5.9343,6.3132,6.9169,6.1538,6.1539,6.071,6.165,5.537,5.5516
"GENE1140",7.9471,8.8844,8.664,9.3035,8.8002,8.0415,9.0347,8.1143,8.7475,8.5535,7.8456,8.6641
"GENE1141",3.6969,2.1923,2.8988,3.974,2.8727,3.8905,3.6971,2.6296,4.484,3.1099,3.5083,3.3759
"GENE1142",8.5037,8.3418,6.7894,7.5572,7.953,7.9775,7.1115,10.0695,7.6886,9.3666,7.5321,8.0074
"GENE1143",4.9691,6.7052,6.4188,6.9521,5.3197,5.7125,5.3992,6.2639,5.4687,7.1039,6.4423,6.5947
"GENE1144",6.4536,5.6185,5.6743,6.7124,6.3209,5.962,5.8597,6.7565,6.0675,5.9874,5.8985,5.55
"GENE1145",5.473,4.3436,5.394,6.0029,5.1957,5.8474,3.5877,4.6294,5.8971,6.1949,5.6808,5.2816
"GENE1146",6.2298,7.9633,7.1764,7.0594,8.3366,7.1148,8.9413,7.5458,8.5485,5.9387,8.0268,7.3037
"GENE1147",8.1006,7.5962,9.1848,8.4089,8.3725,8.6819,8.0959,8.1432,9.5031,8.6896,8.8662,8.2598
"GENE1148",9.857,8.7249,9.3084,9.13,8.4025,9.1823,9.3687,9.1825,8.7849,7.7225,10.1294,8.5607
"GENE1149",4.9316,5.0599,2.8299,5.13,4.5993,3.4412,4.8506,4.3946,5.9145,5.072,3.6308,2.7568
"GENE1150",7.954,6.6779,8.8478,7.8565,7.9653,8.2029,8.4753,9.7023,6.1905,7.881,8.944,8.3661
"GENE1151",5.5493,5.5365,7.4426,7.3771,4.6774,4.1372,6.0615,6.6042,4.0261,5.7488,5.157,7.6421
"GENE1152",3.1607,4.2606,3.9588,3.5908,4.3921,3.6534,4.5539,4.3413,3.7133,3.7889,4.2407,4.2789
"GENE1153",5.9733,8.2616,7.0501,8.4577,6.3782,6.9668,8.5441,6.673,6.5395,7.8789,8.0322,8.1738
"GENE1154",5.6457,6.6541,7.1738,5.9673,4.506,6.5945,6.8218,6.1228,5.5623,7.4473,7.3415,6.2763
"GENE1155",8.107,7.4204,8.0166,7.3984,7.4872,8.7576,7.7974,8.6324,6.5553,6.5699,7.7348,8.1208
"GENE1156",9.798,9.8013,9.1681,9.6628,9.8487,9.4497,9.534,9.7321,9.7324,9.1754,9.5655,9.6707
"GENE1157",7.7755,6.4446,7.3352,7.4266,8.1438,7.6246,7.5351,7.2849,9.5852,7.7156,7.5992,5.5846
"GENE1158",4.3409,4.9303,2.5815,5.2402,4.7588,5.2379,5.035,4.4981,4.1309,4.7933,3.7994,4.7477
"GENE1159",6.4119,5.9074,6.2645,6.4524,6.5219,6.3413,6.3278,6.5812,6.9869,6.5913,6.9866,5.9876
"GENE1160",8.9106,9.6197,9.6817,9.0103,9.0625,9.0789,8.2591,8.8087,8.5807,8.5991,9.391,8.6395
"GENE1161",7.2907,7.9048,9.3127,8.2624,8.5194,7.8974,8.0786,8.5257,7.9791,8.928,8.6583,7.4181
"GENE1162",3.6758,3.0701,2.6858,4.3356,2.4148,3.1872,4.1108,3.4316,2.9018,4.9947,2.836,3.2875
"GENE1163",7.3769,8.373,8.545,7.7787,7.8568,7.7014,8.4015,9.3898,7.3055,8.1634,7.9785,8.711
"GENE1164",5.6556,5.5561,4.7021,4.8272,4.7254,5.7546,5.8291,5.2974,4.6103,5.7332,4.8977,6.6752
"GENE1165",6.9808,6.0779,5.5757,4.5548,5.3811,4.3688,4.8956,4.3242,3.2934,2.5684,5.2944,3.3865
"GENE1166",4.2691,4.7039,3.4804,4.232,3.8441,3.0206,3.8193,3.5947,3.0865,3.3704,3.0366,3.3883
"GENE1167",5.0158,5.5248,4.6064,5.3302,6.26,5.3476,5.838,6.2548,3.9894,4.9142,5.7707,4.8949
"GENE1168",7.6367,7.587,7.2926,7.5993,7.3583,7.4309,7.7713,7.9334,7.542,8.254,7.6039,7.8202
"GENE1169",7.6877,9.0521,8.6937,8.8119,7.6139,8.1198,8.7141,8.945,8.3875,9.4611,8.1638,8.9901
"GENE1170",5.641,6.4503,6.3887,5.6878,7.5433,6.594,6.5672,5.0699,7.2142,6.9019,6.74,6.5523
"GENE1171",5.7183,4.7437,6.4112,4.7239,5.2271,5.2457,7.43,5.9853,4.8985,5.5084,4.4259,5.8625
"GENE1172",4.7609,4.8053,5.4041,4.8154,6.0736,5.1289,5.7214,6.1975,5.9064,5.8099,5.9415,6.2031
"GENE1173",6.3696,8.4358,9.5507,7.9779,7.8441,6.6828,7.517,7.5167,8.5155,8.6437,8.5694,7.4957
"GENE1174",4.3417,4.6663,3.2567,2.6386,3.6704,2.3597,4.0612,4.2386,3.5318,4.1149,4.3505,4.0326
"GENE1175",7.0039,8.6405,7.0619,6.1094,5.4208,8.4048,6.5626,6.3334,6.0661,8.674,6.6339,6.8579
"GENE1176",8.429,7.4489,7.8332,7.0219,8.7927,8.8569,6.9024,8.3145,7.7674,8.5223,8.4698,8.528
"GENE1177",8.0338,7.8853,7.786,7.7539,8.1562,8.5838,8.1626,8.1498,8.411,7.5353,8.6488,8.555
"GENE1178",8.827,6.5209,6.9881,7.4407,6.8014,6.9332,7.5187,6.0686,6.2166,6.5732,6.5138,6.9134
"GENE1179",3.3664,3.0733,3.5616,4.2096,3.5425,4.1527,3.8306,3.5991,3.1845,2.5564,3.7838,2.6313
"GENE1180",4.6262,3.4122,2.3033,4.6695,5.5344,4.7726,3.3147,2.5518,4.7421,1.6956,3.4673,3.1994
"GENE1181",4.3644,4.3293,4.4705,3.7271,5.61,4.2911,3.8387,4.0525,4.4999,3.9158,5.4221,4.9459
"GENE1182",3.4545,3.7457,3.1448,2.5991,3.0867,3.7191,2.1921,3.3642,4.351,2.6858,3.5553,3.0487
"GENE1183",5.5815,6.6997,5.5079,5.851,5.1922,6.6997,6.4498,6.8688,6.0919,7.0473,5.2915,6.7128
"GENE1184",8.5373,8.5856,8.487,9.2559,7.8788,8.7131,10.0049,11.0378,10.8404,10.7929,10.8888,11.2862
"GENE1185",2.1737,1.8271,0.4748,1.6658,0.701,0.8489,-1.1122,-2.0862,-0.6515,-1.7423,-0.9899,-0.1313
"GENE1186",8.8891,8.7079,8.4017,8.0323,8.6095,7.9007,8.2193,6.67,7.3052,8.8397,10.9138,9.1736
"GENE1187",4.2267,4.0294,5.7516,6.5851,4.7686,6.4602,5.3343,6.2813,5.2758,6.2563,5.8593,4.23
"GENE1188",4.9141,4.6886,2.6662,5.8471,4.6787,4.0473,4.4793,4.1655,3.4932,6.116,3.9989,3.919
"GENE1189",7.472,6.4402,7.7024,6.9232,7.1891,7.0614,8.3747,8.536,8.8099,7.395,8.7587,7.6759
"GENE1190",8.1129,8.4302,7.4482,7.2639,7.663,7.6242,7.8866,7.3246,7.1812,7.5814,7.0563,5.0252
"GENE1191",5.63,6.2547,6.0337,5.8879,6.1439,6.3966,6.1928,7.0751,6.4471,6.2061,6.0135,6.802
"GENE1192",1.7589,2.9298,2.7258,4.6571,5.4107,3.577,3.4018,4.2177,5.4168,4.1776,4.3265,5.1723
"GENE1193",4.5461,5.0725,4.8083,4.7556,4.2979,6.1473,4.8481,5.2249,3.8902,5.4964,3.2558,5.5739
"GENE1194",3.0685,2.8063,2.1615,3.1792,3.7031,2.0878,3.0132,3.0072,3.3745,2.6673,2.7228,2.8067
"GENE1195",9.4048,9.4323,9.7805,8.8645,9.8693,8.8007,8.8129,8.0922,8.5616,8.3141,8.8197,8.0075
"GENE1196",4.6838,4.1995,6.3467,5.8668,6.0884,4.5884,5.8864,4.3001,5.7973,4.1057,6.1928,5.6037
"GENE1197",4.3613,5.2436,4.5221,5.0809,4.7907,5.8374,3.4697,5.4206,5.1466,6.1772,5.1129,4.3589
"GENE1198",1.147,1.0025,1.6111,0.3045,0.7862,0.6217,0.9964,0.6809,1.8316,1.244,1.1298,0.7755
"GENE1199",4.9881,4.9438,5.5444,5.1897,5.4448,5.102,5.451,4.2909,5.0735,4.4102,5.6893,4.7309
"GENE1200",4.7386,5.9091,4.7206,6.0506,5.0387,4.2727,5.6596,5.439,6.9777,6.8959,5.684,6.3302
"GENE1201",3.2807,3.7222,3.5612,2.8318,3.0481,2.6182,3.2385,3.3272,3.442,2.9942,3.59,3.2238
"GENE1202",10.0376,9.3821,11.6334,10.5958,9.8855,9.2318,13.7549,13.3024,12.6472,13.4913,13.6252,13.4744
"GENE1203",8.8061,7.6911,9.8134,7.7536,8.1774,6.7719,6.7579,8.7116,7.445,8.5106,7.3861,8.5116
"GENE1204",2.7009,2.3573,2.2183,3.1804,2.0996,3.2286,4.435,4.1628,5.5306,5.1962,4.823,4.527
"GENE1205",7.5177,8.9118,6.871,8.1425,8.6238,8.3491,7.3274,9.7032,7.0093,8.7254,7.5869,8.184
"GENE1206",7.4621,7.9964,8.5002,7.6558,7.9842,8.1208,8.3708,7.8344,8.0477,8.5051,8.8324,7.0704
"GENE1207",6.7327,7.7699,7.1847,7.7161,7.0514,7.9208,6.5787,9.1163,7.2387,8.4278,8.7081,8.3064
"GENE1208",6.8192,6.3021,7.0633,6.4296,7.0726,6.8333,6.7644,6.8493,6.7278,6.3731,6.8414,6.5314
"GENE1209",6.8044,5.9802,5.6449,5.5035,7.8936,7.9549,8.3503,8.7856,8.2971,8.6297,7.3768,8.9632
"GENE1210",7.5037,7.9583,7.2938,7.4464,7.0623,7.131,6.9362,6.5054,6.6547,7.103,7.2302,7.3858
"GENE1211",4.8497,3.97,4.8117,5.5767,4.6772,4.4356,5.9588,3.8169,3.2757,3.7892,3.9127,4.1024
"GENE1212",5.4762,6.6751,5.02,7.1991,3.7515,5.4814,6.2329,5.3549,6.4752,3.7004,5.0397,4.557
"GENE1213",4.835,3.6718,3.6936,3.819,3.732,4.2573,1.7899,1.6399,0.0738,3.011,1.3426,4.1657
"GENE1214",5.3738,6.618,6.2536,5.1758,5.0768,5.4105,5.537,5.2007,6.729,5.1416,4.9717,6.2501
"GENE1215",6.1307,5.2791,6.4293,6.2208,7.559,5.749,6.7813,5.8672,6.7997,6.3754,6.8928,6.1068
"GENE1216",7.1021,7.735,6.3211,7.9508,6.4118,7.6885,7.4737,7.7674,7.705,7.3382,7.1428,8.0141
"GENE1217",7.6417,7.2404,7.8453,7.1827,6.7823,6.4435,6.0243,8.5895,6.8058,7.0004,7.0033,7.8266
"GENE1218",8.5096,9.3131,8.4658,8.7201,7.7008,8.957,9.5487,8.9701,9.1356,8.7991,9.1178,7.2836
"GENE1219",7.3485,7.9162,7.0206,8.0087,7.1172,8.2288,6.3461,7.1418,7.9194,6.9587,7.8692,7.5087
"GENE1220",8.3294,8.2902,8.894,7.7795,8.679,8.0255,7.6704,7.928,8.7037,8.4953,8.5129,8.4449
"GENE1221",8.329,7.6773,8.1408,8.9714,8.2527,8.7373,7.9767,7.3214,8.7234,7.8735,8.0468,8.289
"GENE1222",5.0246,4.7636,5.3911,5.0668,4.2577,4.9515,4.9715,5.0872,5.2358,5.5189,4.7352,5.4946
"GENE1223",7.4078,6.757,7.2564,7.0244,7.4094,6.7869,7.4794,6.9499,7.5096,6.6729,7.7053,7.5394
"GENE1224",6.2562,7.0764,7.1063,7.4395,6.9431,7.2748,7.5001,7.4514,7.1201,7.599,6.7339,7.1874
"GENE1225",5.9396,5.8595,7.1035,6.1005,5.6191,5.3381,6.7648,5.1446,6.1746,5.2321,7.5452,5.6175
"GENE1226",5.2627,2.5291,5.014,3.6558,4.2464,2.7157,4.535,4.3318,4.125,2.8168,2.9004,3.6342
"GENE1227",7.5877,7.0143,6.5062,7.6125,6.8044,6.7507,6.4847,5.71,6.7477,6.4867,6.6627,6.5532
"GENE1228",6.0915,6.0509,5.9741,5.9312,5.9659,5.9564,5.8937,5.7744,5.8802,5.7976,5.675,6.1387
"GENE1229",5.5506,5.6949,5.2725,5.2609,7.2982,5.0988,6.2374,5.1664,4.9788,4.3704,5.1129,6.1533
"GENE1230",7.6695,6.8923,7.755,7.9196,7.3772,6.9643,7.2319,7.4712,7.6092,7.5749,8.3815,6.6133
"GENE1231",7.7785,7.7972,7.5219,8.2799,7.6893,7.5141,8.599,7.9325,7.8792,8.0484,8.5901,7.9174
"GENE1232",6.5496,7.0139,9.9791,9.6739,6.2579,7.3025,7.8411,6.8804,8.7243,6.3187,7.8852,8.1724
"GENE1233",1.2256,0.6831,-0.1235,1.2926,0.0477,1.1681,1.5181,0.9151,1.2211,-6e-04,0.255,0.5585
"GENE1234",2.8974,3.5303,4.5806,4.9144,4.7443,3.0582,3.9613,4.5913,4.5621,4.3809,4.1758,4.5596
"GENE1235",7.0991,10.0237,7.7997,9.2919,7.2893,8.4036,7.4475,8.1624,7.7826,8.9037,8.5692,9.8721
"GENE1236",3.7564,3.1865,4.6301,4.9744,3.9547,3.5235,5.1331,3.127,4.5315,3.1638,3.1699,4.4994
"GENE1237",7.9863,6.3462,6.0599,5.8556,6.582,6.5996,6.2245,6.4724,6.5067,6.409,7.8098,6.7995
"GENE1238",7.0295,5.9318,6.3953,6.7655,6.4077,6.3383,6.09,6.3837,6.0536,6.0174,6.2817,5.8776
"GENE1239",7.8608,7.8173,8.714,8.5872,8.967,7.881,7.4265,8.6097,9.3633,7.4486,7.0784,7.7152
"GENE1240",3.885,4.01,3.5603,4.8397,4.4281,4.7005,5.4937,5.3854,4.0697,3.1442,4.8096,4.3653
"GENE1241",6.6318,6.4995,6.0649,6.3599,4.9515,6.6159,4.8294,6.8703,5.9469,5.2255,6.4051,5.584
"GENE1242",6.7967,7.0185,6.5599,6.8505,6.8115,6.4358,3.3906,4.0828,3.9803,4.5027,3.8735,4.849
"GENE1243",8.3231,9.6497,7.8143,7.3441,8.359,8.9556,8.2538,8.8022,8.6886,9.0024,8.7906,8.9747
"GENE1244",5.6489,5.328,6.122,4.9283,5.429,6.3411,5.5328,5.5071,5.5679,4.9464,5.6881,4.6331
"GENE1245",7.1137,6.8578,6.8073,7.301,6.2029,7.702,6.3921,6.2579,6.8932,6.6233,6.534,6.8216
"GENE1246",3.5411,3.4637,3.1874,3.6444,3.0463,3.2284,2.9002,3.5969,3.6252,3.1471,3.1279,2.885
"GENE1247",7.014,5.1888,7.6202,6.0107,7.3424,6.2914,6.5792,6.0734,5.9354,7.31,7.4568,6.793
"GENE1248",6.5358,4.7474,7.0671,5.593,6.8364,4.8471,7.2203,5.7845,6.2844,5.5241,6.0968,5.8293
"GENE1249",7.5536,7.4951,7.6218,7.5637,7.8372,6.8472,7.3721,7.4494,6.907,7.6587,6.8068,7.6077
"GENE1250",5.9288,3.1364,5.2119,5.3193,5.9131,4.7753,3.9612,4.9905,5.9085,5.5365,6.081,5.3593
"GENE1251",8.2551,10.8242,7.9424,11.7992,9.6123,10.5261,9.0543,10.2526,9.4276,8.3234,9.0321,9.6103
"GENE1252",4.8773,5.6001,6.5503,5.0824,5.4828,4.9851,4.703,5.46,4.8868,5.5868,5.2644,5.2256
"GENE1253",7.104,8.1138,6.5989,5.4806,4.5509,5.1521,5.5637,6.4412,5.9769,5.0944,6.1051,5.3049
"GENE1254",5.0655,5.4409,3.9113,5.295,6.1294,8.1244,7.0399,6.0749,6.9456,8.013,5.4191,8.1691
"GENE1255",7.8013,8.4157,6.9926,7.2441,7.6909,8.2559,7.4448,7.495,6.9227,8.6366,6.6701,8.2753
"GENE1256",4.5464,4.8465,3.8212,4.9409,5.1249,5.1178,4.5492,4.994,4.0587,5.4755,4.1446,3.7315
"GENE1257",5.2062,7.5594,5.4769,6.3674,7.5469,6.4702,4.7883,4.0998,2.8455,3.0331,4.2195,4.6525
"GENE1258",7.3933,7.7753,7.3505,7.2799,6.8372,7.2857,4.8922,4.4164,4.7866,4.3609,4.8483,4.2067
"GENE1259",4.825,4.4478,3.1594,4.3674,4.1783,3.0643,2.8775,4.458,3.7527,4.4981,4.8911,4.9284
"GENE1260",5.7863,6.2097,6.3469,5.4544,7.3985,7.9693,6.4389,5.0315,6.2717,7.4387,6.3622,6.3182
"GENE1261",4.6452,5.2305,4.7551,5.3779,4.5389,5.0404,5.4747,5.1391,5.452,4.9805,4.4983,4.9693
"GENE1262",10.1772,8.0975,8.9734,9.5801,9.0579,10.7007,8.3828,10.6288,7.7476,10.0244,8.1292,7.5198
"GENE1263",7.0668,8.9826,7.4673,7.6976,5.6313,8.5124,6.7529,7.3091,7.6019,7.1394,6.8621,7.3654
"GENE1264",1.4041,3.087,2.1823,4.0647,2.7828,0.477,4.2074,2.4162,3.1958,2.1981,1.8453,2.63
"GENE1265",8.4629,7.9994,7.9938,7.2864,7.4606,7.2308,8.4665,7.1737,7.7279,6.798,8.5211,6.6726
"GENE1266",6.0556,6.3133,6.7316,5.8638,6.1074,6.4584,6.2317,5.557,6.503,5.4741,6.6764,5.7149
"GENE1267",5.2529,4.0383,4.3757,4.3762,4.679,4.6659,4.8161,5.6707,4.3007,4.2882,5.4265,4.5318
"GENE1268",3.5814,5.9509,5.9117,5.0264,5.0899,5.8243,5.9038,3.0729,5.3769,4.8597,6.1125,5.4167
"GENE1269",2.6234,4.7809,3.9307,4.3439,3.509,5.1233,3.0695,3.3285,3.2837,4.4226,2.3431,4.9204
"GENE1270",6.6904,5.8713,6.8923,6.1409,6.6873,6.5847,6.8269,6.0853,6.5803,6.6209,6.3579,6.3508
"GENE1271",3.8303,2.871,1.9199,2.8281,1.8962,2.7227,3.6594,2.3219,2.5063,2.1778,1.7602,2.9479
"GENE1272",5.5775,5.7875,5.7422,5.3481,5.5409,5.4593,5.4552,5.4925,5.4475,5.3626,5.474,5.4346
"GENE1273",6.8531,6.4552,5.9937,7.3668,7.8688,6.5324,8.3253,7.1096,7.7828,7.034,7.6703,6.2521
"GENE1274",5.9643,5.305,5.4899,4.9845,5.6269,5.5981,6.5552,5.3151,6.9499,5.989,5.8252,5.3381
"GENE1275",7.4299,7.8544,7.9873,7.5953,8.4424,7.8074,7.7179,7.4933,7.4891,7.4312,8.4458,6.7458
"GENE1276",5.229,5.5907,4.905,5.9729,5.6595,5.9228,5.1743,4.8357,5.7309,4.9067,5.1148,5.6812
"GENE1277",10.5771,10.1208,10.6446,11.4829,10.1453,11.4778,10.0495,10.753,10.9028,11.4295,10.8721,10.9567
"GENE1278",3.3189,3.9912,3.7056,3.8426,5.1181,3.7767,4.1578,4.3606,4.1613,4.8769,3.139,4.4387
"GENE1279",8.0475,9.238,9.5789,9.5176,8.8392,10.074,8.8173,9.4766,9.2471,10.4078,10.3485,9.8573
"GENE1280",1.9725,4.5393,2.6107,1.3473,0.878,4.0728,3.4209,1.8865,2.0516,1.9177,1.2553,2.4683
"GENE1281",3.9212,4.3316,2.7192,4.7102,3.8076,4.0203,4.1425,4.9236,3.8255,4.8005,3.6508,3.6739
"GENE1282",4.1897,3.2317,3.5701,4.0451,4.238,3.5678,2.1147,2.3681,1.9762,2.2389,1.639,1.527
"GENE1283",2.6742,2.8116,2.8364,2.3526,2.5717,3.6479,2.1598,1.7452,1.8647,2.5749,2.8636,1.9785
"GENE1284",9.601,8.6077,8.7897,8.9088,8.5041,8.9239,9.8642,8.9344,8.6981,8.7431,9.4547,9.5174
"GENE1285",9.1067,8.8578,9.0796,8.0185,7.9797,7.8827,8.8422,7.6982,8.2458,8.0914,7.7959,8.5895
"GENE1286",9.4961,9.1242,9.8057,9.672,7.6248,6.7548,9.2668,7.8568,8.9682,8.416,8.045,8.4298
"GENE1287",4.7927,4.8564,4.5295,5.0213,4.8001,5.3378,4.585,4.9669,5.1684,4.2414,5.4139,5.1909
"GENE1288",6.9044,4.9549,6.9732,6.6901,4.5876,4.1806,6.5463,5.7258,5.3052,5.7901,7.7729,5.9595
"GENE1289",9.0255,7.9569,9.2027,9.3842,8.3534,8.8476,8.9136,7.2532,7.8931,8.7832,8.3221,8.516
"GENE1290",10.2229,9.2682,8.9327,7.7787,6.432,8.1824,7.7132,8.7383,9.1552,6.8469,8.9236,8.6071
"GENE1291",7.2011,7.8603,7.4752,7.7717,6.9275,7.1843,8.5206,8.2199,7.9513,8.3915,8.255,8.9003
"GENE1292",6.439,5.32,6.4033,6.0865,6.1547,6.1562,6.1281,5.6257,6.0766,5.447,6.4686,5.8515
"GENE1293",3.113,3.5029,3.4801,3.9704,3.7432,4.9535,2.6115,4.0323,3.947,3.5282,3.7784,3.7133
"GENE1294",6.4336,4.6901,5.5272,6.5017,7.8466,5.0316,6.7908,5.9888,5.2119,5.9466,4.1524,6.3261
"GENE1295",6.2166,6.1849,5.2871,6.239,5.751,5.9898,5.9319,5.3774,5.6443,6.632,5.2677,5.6877
"GENE1296",4.712,4.8561,4.7626,4.4077,5.2035,4.9953,4.6868,5.1824,4.291,4.7789,4.5652,4.7219
"GENE1297",9.3494,9.1508,9.1691,9.7691,9.7919,9.7766,9.6376,10.0224,8.6314,9.1975,9.6842,10.2194
"GENE1298",3.3012,4.2058,3.6025,5.3054,4.1744,4.3347,3.2741,1.7184,4.3965,2.4413,1.1517,2.3481
"GENE1299",5.564,6.7818,5.6004,6.335,6.2177,8.0222,7.0099,7.0615,6.3273,4.9303,6.4026,6.6851
"GENE1300",7.0427,7.6981,7.536,6.4672,7.1692,6.742,6.8256,7.2484,6.3812,7.5807,6.6197,7.3107
"GENE1301",8.12,7.8121,7.3538,7.7375,7.9024,8.2659,8.3425,8.3697,8.4233,8.0846,7.6462,8.1149
"GENE1302",5.9651,6.3792,6.3228,6.865,5.7916,5.4659,6.2427,6.6378,7.4922,5.9055,6.1587,4.9108
"GENE1303",9.8361,10.9251,10.5482,9.1024,11.1649,9.8313,10.5271,10.0244,10.7089,10.4267,9.0307,8.9528
"GENE1304",7.814,5.3827,7.0823,6.2437,5.8365,6.326,7.3761,6.1455,7.8297,7.3157,6.8018,6.7566
"GENE1305",5.9049,3.849,5.4995,3.9333,4.9817,3.8487,5.148,4.3731,5.3616,4.5256,4.901,4.8756
"GENE1306",5.9998,6.1917,6.8417,6.4269,6.1152,5.2615,5.7689,5.8114,6.7207,6.4045,5.614,6.9921
"GENE1307",6.5084,5.4673,7.2471,8.5995,6.2422,6.7953,7.0484,7.486,6.4111,7.7451,8.0397,5.9324
"GENE1308",1.5916,0.7197,1.4963,1.0528,2.8678,2.6424,2.4309,1.4644,1.0318,2.0527,1.1317,1.6255
"GENE1309",5.4617,8.0786,6.0702,6.4308,5.4049,7.5247,5.1097,6.0631,5.065,7.1218,5.7683,7.4922
"GENE1310",5.8236,5.7656,6.4878,6.6239,6.5554,5.0725,6.7249,5.5109,6.702,6.2678,5.2492,6.2978
"GENE1311",7.1789,5.185,5.035,5.508,4.7957,5.8985,5.5013,4.9186,4.7051,5.5825,5.34,5.9155
"GENE1312",5.5335,6.3665,7.9082,6.6858,7.5279,6.4066,5.3409,5.1356,5.9817,6.3302,5.3906,6.2762
"GENE1313",1.4093,1.6302,2.468,1.0271,1.7002,0.7312,2.6228,1.4519,2.0433,1.3899,2.5684,0.5086
"GENE1314",5.8275,7.5332,7.7224,4.7745,7.0357,6.2483,7.1916,6.1959,5.5588,5.3965,7.2689,6.5009
"GENE1315",5.8872,6.4514,5.6231,6.1797,5.3785,6.6474,6.3301,6.5895,5.8254,6.0202,5.205,6.8685
"GENE1316",5.1362,4.6162,6.085,5.3578,5.3588,3.7741,4.4608,4.505,4.4551,5.2317,5.097,5.7247
"GENE1317",-0.1031,0.0361,1.2778,0.4357,0.0528,0.8169,-1.2812,-1.9923,-2.1403,-1.1891,-1.4162,-0.9524
"GENE1318",5.1424,5.3263,5.4841,4.2938,3.9381,5.3729,4.6214,6.2695,5.658,6.3471,4.2485,5.5831
"GENE1319",7.2575,6.9635,7.3072,6.8991,7.4753,4.3364,6.3462,6.2985,6.9522,7.3065,5.6281,7.0507
"GENE1320",5.7912,6.2513,5.4818,5.9799,5.9838,5.9553,4.6814,5.7476,5.2185,6.1585,6.2793,5.9842
"GENE1321",4.2375,4.8198,4.5886,3.7085,4.762,6.349,3.8705,3.73,5.2941,4.1578,5.4798,4.7053
"GENE1322",6.2549,6.626,6.5274,5.9499,5.9794,6.2287,5.3664,6.0649,6.0078,6.5446,6.2217,6.7395
"GENE1323",4.8551,3.0413,3.4501,3.6564,3.5837,4.6765,2.694,1.3398,3.2984,1.8471,2.0427,1.718
"GENE1324",7.6202,7.0739,7.0801,6.5464,8.5669,6.8201,6.4204,7.2409,7.7678,7.8945,6.444,6.0371
"GENE1325",7.9338,6.2689,7.7709,7.2204,7.6765,7.2799,7.5361,7.03,7.2224,6.0651,7.3621,7.5534
"GENE1326",7.6376,6.6898,7.7019,7.3373,7.6299,8.1929,8.2315,7.4678,7.2381,7.4091,8.1021,8.7948
"GENE1327",7.7679,7.2432,6.4997,7.1372,8.1893,8.2262,6.9942,7.3629,8.6129,7.9513,8.4427,7.6194
"GENE1328",3.7668,3.7519,6.1486,5.5896,3.8801,4.3807,4.0003,4.7726,5.1751,5.2431,5.2688,3.1714
"GENE1329",6.0207,5.5303,6.038,5.898,6.5018,4.6406,5.4559,4.9019,5.4169,5.2277,6.8619,5.9496
"GENE1330",8.4359,8.6974,9.1939,9.0693,8.036,8.5036,8.2918,8.8121,8.2189,9.2698,8.1364,9.0824
"GENE1331",7.3469,8.0385,7.1869,8.1725,7.3189,6.932,7.1196,7.7693,7.5176,7.5168,7.8424,6.7268
"GENE1332",5.9199,6.5313,7.2547,7.6407,7.2165,5.6233,7.5322,6.7693,6.5024,7.8088,5.8845,7.4629
"GENE1333",8.8415,8.3085,8.2582,8.4121,7.8502,7.9343,8.3861,8.1705,8.2728,8.173,8.7591,9.4744
"GENE1334",4.6713,3.6144,4.2234,3.7293,4.4645,4.1858,4.3165,4.7457,4.4724,3.753,4.89,4.5336
"GENE1335",5.9514,5.2266,6.7498,6.1798,6.5877,5.284,6.2688,5.312,6.1065,5.8219,5.3108,6.7163
"GENE1336",8.9236,8.8203,9.5007,8.8327,8.0837,7.5216,8.5307,9.3283,8.637,8.4884,8.9539,8.7619
"GENE1337",7.0369,5.2569,5.2237,5.4754,4.8822,4.7111,5.2121,6.1965,5.5013,5.7328,4.2777,4.9231
"GENE1338",5.9755,4.9077,6.8076,6.1139,6.7685,5.3629,7.3498,5.6984,4.8928,5.0652,7.9016,7.0203
"GENE1339",5.1953,5.3751,6.0014,6.2977,5.6734,5.7683,5.9543,5.647,5.9059,5.7985,4.0103,5.2923
"GENE1340",9.0942,6.989,7.7118,8.5097,7.3735,7.7993,9.1666,8.1639,7.8332,7.1789,8.5509,8.7938
"GENE1341",6.0227,6.5672,7.3514,5.552,6.8483,7.378,6.4782,8.0651,6.9732,7.0222,5.2029,7.0387
"GENE1342",7.4848,7.8232,5.7479,5.7568,6.5059,6.3102,5.5286,7.0525,5.906,6.3426,5.5572,7.0332
"GENE1343",5.2455,5.2878,4.2385,5.0616,4.637,3.8981,5.2525,4.7559,4.1774,4.3609,4.4746,5.0094
"GENE1344",5.7305,4.9367,5.6399,5.5828,6.0063,5.8182,4.6858,5.694,5.4606,4.8818,5.0284,4.5247
"GENE1345",2.8888,3.7617,2.9277,2.4711,2.9666,2.8033,2.4696,2.4285,2.8246,3.4556,2.9012,3.352
"GENE1346",6.8437,7.2646,6.6006,8.5753,6.3223,6.4993,7.8588,7.9323,7.8583,7.1784,7.1369,6.1756
"GENE1347",7.5542,7.9476,7.6394,7.7046,7.5127,8.397,6.2628,6.3478,5.983,6.721,6.2842,6.2152
"GENE1348",3.3633,3.7025,2.5173,3.6611,3.2696,3.5233,2.5988,2.68,1.9734,3.0077,2.2029,2.2237
"GENE1349",7.0709,6.0305,5.6985,7.549,6.9482,7.6796,6.9446,7.4419,7.2414,7.4783,6.2853,7.6695
"GENE1350",6.9005,6.485,6.8191,6.1749,6.274,5.8159,10.5175,9.4028,9.3373,8.604,10.0695,9.1761
"GENE1351",6.328,5.7787,5.0834,7.4905,6.2972,7.0539,5.9981,7.4315,6.3635,6.4137,7.1716,6.3408
"GENE1352",6.0984,5.8628,5.4644,5.7025,5.6245,6.4183,5.8573,5.9818,6.1241,6.4755,6.4695,6.3835
"GENE1353",9.4515,9.0126,9.3553,8.9976,8.7213,10.0569,9.6321,9.3518,8.3509,9.369,8.7455,8.456
"GENE1354",5.8605,6.7016,6.9486,6.9721,7.313,7.0622,7.4491,6.7244,6.6958,5.7056,6.8909,7.226
"GENE1355",8.7101,8.5586,9.0449,8.7198,8.888,8.0831,8.5284,8.8583,8.8554,9.757,8.7294,8.4883
"GENE1356",6.7631,5.9221,7.1672,6.7614,7.0589,7.5242,7.0974,6.1481,6.3179,6.7534,7.2098,7.8726
"GENE1357",6.824,6.4253,6.7895,6.2737,7.631,5.6075,6.3824,5.9838,6.9404,7.4816,7.5171,8.5722
"GENE1358",4.8246,5.1544,5.2148,4.7984,4.7624,4.1488,5.0864,5.2276,4.8234,5.9929,4.3593,5.3263
"GENE1359",10.5572,11.591,10.8022,11.2989,11.5935,11.9544,11.5007,12.0752,10.6434,11.6205,11.8005,12.1927
"GENE1360",6.5315,4.7888,7.0386,4.8686,6.5709,6.7116,5.4336,8.8716,6.0763,5.5013,6.3047,5.1706
"GENE1361",5.6875,5.1149,5.1477,3.8712,5.1678,4.9461,4.905,5.0283,5.9904,4.7153,5.5685,5.8747
"GENE1362",7.1637,7.1551,6.9455,7.7511,6.9034,6.9155,7.4074,7.0782,6.142,7.8669,7.0022,7.2656
"GENE1363",6.5116,8.1249,6.622,8.1805,7.0718,7.2375,6.0116,7.8062,6.3057,7.2877,7.1541,7.8224
"GENE1364",7.2819,7.4952,7.5658,6.5116,8.3528,6.9421,7.4341,7.7964,6.8146,7.8519,7.1554,6.7771
"GENE1365",4.2566,4.478,4.3128,3.8138,3.4069,3.3431,3.0153,3.9713,5.1092,2.7161,4.2242,3.0927
"GENE1366",5.9002,5.1568,4.9385,6.4885,6.5312,6.5575,6.2202,6.0017,5.6903,6.2948,6.226,6.8354
"GENE1367",8.6172,9.7396,8.1314,9.0966,8.0274,9.2293,10.4478,9.8355,8.2515,10.0314,9.6567,10.3965
"GENE1368",5.2909,4.736,5.3509,5.2355,4.3988,4.28,5.4444,5.0354,4.9488,5.6377,4.891,4.6291
"GENE1369",5.2201,5.3248,5.303,4.9901,5.1125,5.3781,5.5568,6.0268,6.5658,5.7326,6.1162,6.4941
"GENE1370",7.9214,8.1647,5.4804,7.6389,6.2937,7.5652,7.1976,7.5758,7.2931,7.6774,6.3405,6.5377
"GENE1371",4.6727,5.3273,4.4516,4.8784,4.9827,4.4929,3.8411,4.7724,4.6596,5.5705,5.0732,5.154
"GENE1372",8.1425,8.6365,8.2653,8.6727,7.7929,9.3549,8.6225,8.6789,8.3096,8.4903,7.7239,9.313
"GENE1373",5.9463,6.0239,6.3589,6.3809,6.7859,5.7383,6.643,6.606,8.2548,6.1062,7.2853,6.772
"GENE1374",6.2613,5.636,5.6499,6.1331,7.5636,4.6663,5.7079,5.8631,5.2413,5.5598,6.9087,5.9175
"GENE1375",2.1633,2.8245,2.5371,3.1136,2.6125,2.9297,2.3909,3.6838,2.1615,2.6883,2.4807,2.0031
"GENE1376",5.9763,5.041,4.4381,4.674,4.7493,5.2135,4.9159,5.2718,5.8316,5.0119,5.2829,5.656
"GENE1377",11.3763,10.7018,10.9302,9.6077,10.6471,10.0188,9.7221,11.449,9.276,10.4502,9.9697,9.8586
"GENE1378",6.5892,4.4323,5.6229,5.4605,5.7144,4.7906,5.4368,6.0327,6.0703,4.5893,6.5226,5.5305
"GENE1379",7.0431,7.4158,6.896,7.814,6.3718,7.1282,7.9631,6.5075,7.2486,7.3439,6.7377,6.4233
"GENE1380",4.5328,3.3768,2.8848,4.1034,4.2303,4.1405,3.8207,4.8495,3.2453,4.02,4.7406,3.8113
"GENE1381",2.9873,2.7389,2.2881,1.648,1.6679,2.6681,3.0727,1.0129,3.253,1.4375,2.7049,1.8071
"GENE1382",7.3383,6.7936,7.5729,6.2322,7.2022,6.5194,6.6448,6.7128,7.9249,7.1133,6.982,6.7267
"GENE1383",8.1732,7.8812,9.1714,8.8332,8.4159,8.4976,9.0457,9.0341,8.436,8.6286,8.935,8.4095
"GENE1384",2.9557,3.1126,3.2261,2.7567,3.3145,3.5342,3.9065,2.2664,2.6374,2.6815,1.5594,3.2366
"GENE1385",7.8275,7.8042,7.4973,8.6798,8.5746,8.3815,8.3143,6.8574,7.8214,7.724,7.045,6.9242
"GENE1386",6.3258,5.8643,6.5892,7.2897,7.0137,7.2646,7.0574,6.2017,6.8245,6.3672,6.4955,6.4246
"GENE1387",4.5468,5.6939,5.1886,4.6619,4.7515,5.8545,5.8954,5.1629,4.5318,4.5532,5.7063,5.4077
"GENE1388",8.9579,9.619,9.583,10.5298,9.0678,10.1379,10.0182,10.5492,9.6558,9.9257,9.8126,9.744
"GENE1389",4.921,3.9034,4.0826,4.0945,3.5809,3.95,3.4535,3.8989,3.7344,2.4131,3.5161,4.7244
"GENE1390",4.4624,5.776,6.0199,5.2379,5.8111,6.1801,5.8279,4.8332,6.7819,4.6958,6.0202,4.7637
"GENE1391",6.7425,7.4914,6.0875,7.7137,7.8402,7.1341,7.6115,6.9923,6.7946,7.5871,7.1879,7.503
"GENE1392",4.4502,2.3791,6.3948,4.1163,4.7782,5.3645,2.5576,5.0769,2.7783,2.8366,5.4483,2.8474
"GENE1393",7.8429,7.6628,8.0775,8.3176,8.9945,7.9203,8.533,8.0811,7.7506,8.4953,7.532,7.9085
"GENE1394",5.5013,5.9598,5.7999,5.4355,5.005,5.1212,5.6075,6.0576,6.1147,5.211,4.5216,4.9853
"GENE1395",7.7267,9.1965,8.4634,9.0231,7.8588,8.8908,7.5136,7.4761,7.9727,7.5193,6.9334,7.6835
"GENE1396",5.485,5.9914,6.0961,6.4566,6.3267,5.5894,5.7671,5.273,5.9572,5.5981,5.8771,5.4011
"GENE1397",3.9416,5.1455,4.4334,3.424,3.7762,5.573,4.6198,4.5842,5.3953,3.8262,4.2687,5.9755
"GENE1398",1.9109,3.0456,2.8571,2.1718,1.2086,1.6177,2.9996,4.3155,3.4404,3.2547,4.4214,3.5375
"GENE1399",3.2809,3.3695,3.1222,2.6647,2.8227,2.6453,3.6096,3.6835,2.6851,5.1252,3.2292,3.5021
"GENE1400",5.1147,5.0892,6.2033,5.9917,5.3513,4.1846,6.2112,5.7393,5.9193,5.2219,5.8085,5.515
"GENE1401",3.5107,1.9971,1.7172,3.0381,2.7155,2.7896,1.7506,2.7932,2.3742,1.8543,1.8873,2.7446
"GENE1402",4.2519,2.1532,2.9937,2.1722,2.4135,3.725,3.9852,2.9877,3.5514,5.1994,3.129,3.3679
"GENE1403",8.8324,9.3829,9.9334,9.3657,9.6839,10.1192,10.1639,9.4209,9.1268,9.5969,9.4187,11.0443
"GENE1404",5.5002,6.1864,5.0324,6.7161,6.2779,5.7807,7.1544,7.3315,6.9535,6.3065,6.9102,5.928
"GENE1405",8.6839,8.2053,8.7138,10.1729,8.9716,7.6527,10.9817,10.0334,9.2392,6.6605,8.3526,10.5383
"GENE1406",7.9934,9.2847,9.8147,8.5407,10.4851,8.4127,9.028,12.047,10.4141,10.5373,8.7452,9.6594
"GENE1407",6.3449,6.0175,6.4247,6.6282,6.5172,5.9991,6.4502,6.3124,4.9299,6.395,5.7891,4.8379
"GENE1408",5.3513,6.3076,6.2696,6.4057,6.2889,5.9745,6.0021,5.7168,6.6841,6.173,5.8133,5.89
"GENE1409",6.5332,7.1526,6.08,7.8384,5.9349,5.8097,6.5207,6.5025,7.4058,7.3058,6.8148,7.0389
"GENE1410",7.4848,6.124,7.31,7.2478,7.2392,6.9201,7.6133,6.1243,7.8169,7.3576,7.7546,7.5957
"GENE1411",7.4055,8.3393,8.4248,8.3975,8.5579,7.7239,6.9295,8.882,8.2148,7.9755,8.1785,7.3493
"GENE1412",3.7037,0.2091,3.7995,1.4083,1.8695,1.1737,1.2828,0.7856,0.7386,0.4558,0.7085,2.3297
"GENE1413",6.5609,6.1847,6.0176,6.4885,5.6869,6.9933,6.1876,5.7598,6.1039,6.6449,6.8036,6.0519
"GENE1414",7.2974,5.7923,7.7733,6.174,7.4769,6.9294,7.0193,7.6013,7.6457,5.7043,6.8697,6.3498
"GENE1415",6.2992,5.4783,5.1245,5.4503,6.1011,5.9072,6.339,4.9398,5.6948,5.8933,6.4267,5.2731
"GENE1416",6.2165,5.6009,6.4733,6.2631,6.7472,7.5373,8.8872,9.0976,8.6647,8.7051,7.982,9.1072
"GENE1417",7.7391,7.4558,8.3919,6.9267,7.7283,7.1071,8.0053,7.0414,8.5329,7.3337,7.5053,6.914
"GENE1418",6.2152,6.0307,5.1956,5.7341,5.6594,5.6831,5.9291,4.5616,5.2107,6.1002,5.8022,6.1261
"GENE1419",8.6647,9.3675,9.5003,7.8528,7.1789,10.397,11.1779,10.0182,11.1335,11.131,12.4289,11.1164
"GENE1420",7.2874,5.6457,6.159,5.3333,7.2768,7.0874,8.475,6.0038,5.6384,6.7717,6.5414,5.7986
"GENE1421",1.7227,0.8864,2.2269,3.1692,2.6428,3.8681,2.5308,3.785,2.2713,2.7135,2.3834,2.4189
"GENE1422",6.1573,5.5492,6.4086,4.8188,5.2197,5.5096,5.2694,5.4893,4.7111,5.3372,6.1389,6.2473
"GENE1423",7.0451,7.2685,7.5687,8.1696,7.7062,6.2734,7.2976,8.05,6.6113,7.6737,6.6867,7.8497
"GENE1424",6.2992,5.4909,6.3423,5.6496,6.4021,5.3181,5.802,6.0092,5.9752,6.7108,6.2367,5.7332
"GENE1425",4.3084,2.8096,3.5681,2.7531,3.0175,2.4036,3.4854,3.8875,4.1911,3.3258,2.7985,3.5383
"GENE1426",2.379,1.6144,2.2751,2.314,1.6722,3.0356,5.052,5.0497,4.4687,4.4033,4.4231,5.1406
"GENE1427",6.4106,5.4193,5.7563,4.8608,5.4157,5.4645,6.0807,4.9447,5.8379,5.3169,5.2384,5.2649
"GENE1428",7.9405,5.8568,5.3835,6.5646,5.8434,8.0052,7.4979,7.7189,8.1616,7.038,8.1113,6.8055
"GENE1429",3.6598,4.697,5.2267,5.3193,5.0258,4.1141,5.1825,4.852,4.2147,4.5381,5.7131,4.0629
"GENE1430",6.9512,6.4242,6.9691,6.1729,6.6893,6.4277,6.3611,6.4588,6.0438,6.0898,6.8682,6.0194
"GENE1431",6.6136,6.1778,5.4576,6.5473,6.4815,8.0028,7.9741,7.4326,8.6,6.637,7.8669,8.3006
"GENE1432",8.0782,6.8183,8.2279,7.0136,8.9552,8.0095,8.4367,7.0155,8.3855,7.8742,8.0137,6.8829
"GENE1433",7.2202,6.8405,7.3479,6.5364,6.9415,7.1939,7.6872,7.2127,6.2671,6.8303,6.7422,6.7246
"GENE1434",5.597,6.7479,6.9156,5.0266,6.349,5.4394,7.5397,7.0409,7.2997,5.8247,7.2565,6.1264
"GENE1435",3.0115,2.7966,2.62,2.4898,3.1407,2.4853,2.7453,3.4085,2.5518,3.2136,2.5853,2.5995
"GENE1436",5.6268,3.8748,4.9769,5.1096,4.1095,5.2483,5.4116,4.1188,3.9685,3.9426,5.1369,5.4318
"GENE1437",8.139,7.884,8.5426,7.3647,8.4591,6.3255,8.5184,7.5105,5.8771,6.2063,8.0031,7.4335
"GENE1438",7.1847,6.8023,6.4441,7.2731,7.4295,6.6192,6.7364,7.1528,7.3884,6.1671,7.2491,7.0162
"GENE1439",3.8418,3.4826,4.7125,3.884,5.0416,4.1741,4.2978,3.929,4.5132,3.775,4.8497,4.0553
"GENE1440",7.0253,6.9394,7.0541,6.3311,6.3037,5.8835,6.4031,6.4893,7.8731,7.0789,5.7247,8.4653
"GENE1441",5.8365,5.8867,4.6783,6.5843,6.0033,5.6205,5.1252,5.0674,5.2413,5.8654,6.7616,5.3943
"GENE1442",9.2723,9.0007,8.7466,8.7293,8.7556,8.7012,8.3813,8.5637,8.5749,7.9749,8.2517,8.011
"GENE1443",6.2473,6.1799,5.6005,5.9018,5.8068,5.0486,6.5744,5.297,6.0027,5.0837,4.3641,5.9212
"GENE1444",4.7406,4.7445,5.6282,5.3506,5.2525,4.7695,4.5242,4.9171,7.0526,4.8727,5.0395,4.2871
"GENE1445",4.6989,5.156,5.1967,4.3161,6.4096,5.7264,4.0019,5.323,4.9815,6.4707,6.1887,5.4352
"GENE1446",4.3226,4.6298,4.1004,4.0941,4.8236,4.4863,3.6691,4.1384,3.5754,3.2894,3.694,4.0614
"GENE1447",8.4478,9.3501,9.6452,8.6537,8.1628,8.88,6.4731,6.646,7.7345,6.9065,7.1251,7.1306
"GENE1448",6.0808,5.7073,5.9907,5.7255,5.991,6.0897,6.8813,5.7027,5.7799,5.7941,6.2997,6.5202
"GENE1449",4.0887,4.4177,4.2612,4.1362,5.3625,4.9674,5.4705,3.8522,5.268,3.8214,6.3811,3.7104
"GENE1450",6.4733,7.0948,7.7504,7.9549,6.6878,7.477,7.9004,7.9338,7.5952,7.2514,7.9259,7.6046
"GENE1451",7.4307,7.3081,7.7743,8.5484,9.024,9.2638,6.6345,6.5905,6.4965,5.892,7.5305,7.2494
"GENE1452",5.072,5.586,3.9367,5.467,5.1639,5.7759,5.6648,5.6082,5.2796,4.4163,5.4201,5.6082
"GENE1453",5.8942,6.1792,6.1893,6.9801,5.5484,6.0019,5.2412,6.1697,5.002,5.0718,5.7461,6.1064
"GENE1454",6.074,6.3742,6.0217,7.3205,6.0814,6.7239,5.7963,7.2818,6.0229,7.1734,5.6536,7.1713
"GENE1455",2.5328,1.6825,2.139,1.5144,1.8732,1.7503,1.891,0.3294,2.2723,1.9911,1.6384,1.2996
"GENE1456",6.0968,7.1942,5.819,5.5333,6.0046,4.1355,6.9024,6.9022,7.2553,4.4478,7.0722,5.2014
"GENE1457",6.3874,6.0351,5.8114,5.5055,6.032,5.4006,6.4546,5.6387,6.2265,5.868,6.3193,4.5972
"GENE1458",5.584,5.3107,6.4641,5.109,5.9299,4.8258,6.8368,5.0403,6.2147,5.9299,5.8073,6.2582
"GENE1459",4.219,5.2644,6.6605,3.3629,4.9108,6.1528,3.3748,3.8084,4.6019,3.2576,4.3796,4.405
"GENE1460",8.6303,6.8246,7.8122,6.6173,6.1703,9.2473,6.3755,8.1179,6.9434,9.1427,9.7473,8.9918
"GENE1461",4.8967,6.112,5.4203,5.4551,5.1787,4.8302,4.9864,5.5445,5.2754,5.3071,5.0451,5.6281
"GENE1462",5.4833,5.729,6.9837,4.4239,6.4133,6.1637,5.7105,5.0599,6.3611,5.9358,7.0434,5.7216
"GENE1463",9.7816,10.51,9.9661,10.5618,10.7062,10.2964,10.8418,10.2369,10.5694,10.9796,11.0184,9.9431
"GENE1464",4.6597,5.6771,4.7851,3.7531,5.8597,3.6733,3.9992,4.5467,4.433,5.1727,4.2757,3.8927
"GENE1465",5.2399,5.3879,5.1115,5.4774,3.8837,3.6962,4.7255,4.7252,4.8168,4.6686,5.4705,4.6531
"GENE1466",6.8567,7.1852,6.7529,6.4668,6.8808,6.2999,5.9057,7.2275,6.547,7.1488,6.271,6.5698
"GENE1467",5.4524,3.806,5.2057,4.2517,4.7231,5.4934,5.0528,5.1608,5.6761,4.9188,5.7508,5.2449
"GENE1468",5.2416,5.5348,5.4076,5.2285,4.5714,5.1843,4.6023,4.4303,4.3492,4.7234,4.5969,5.2048
"GENE1469",5.8075,7.2701,5.6401,5.8573,7.8107,5.5707,6.3422,6.0244,6.8518,6.9806,7.9743,7.0552
"GENE1470",6.4516,6.6257,6.5235,6.7532,6.8285,6.3739,6.391,6.5525,6.752,6.8236,6.4109,6.164
"GENE1471",3.1455,2.7521,4.3013,4.8271,4.5413,3.5006,4.3912,4.5183,3.0318,3.3253,3.374,3.3899
"GENE1472",3.5137,3.5724,3.5822,3.4311,2.7554,4.1042,2.4429,3.592,3.6314,3.9588,3.1793,3.6906
"GENE1473",8.0533,6.8607,6.9921,7.7621,7.4919,6.2147,6.5199,8.0784,6.5044,6.8192,7.3745,6.8448
"GENE1474",3.8794,4.2236,4.2072,4.9445,4.436,3.6944,4.9053,4.2508,4.5707,2.9739,4.4148,4.6704
"GENE1475",3.7554,4.0477,4.144,4.2372,4.4143,4.0765,4.1627,3.8881,3.3274,4.1876,3.7667,4.0298
"GENE1476",8.2803,8.9387,8.0502,9.2567,7.8968,9.2995,8.3519,9.597,8.9644,9.2723,8.1314,9.1208
"GENE1477",6.3645,5.8566,6.3314,6.4234,6.2228,5.7278,6.4793,6.3772,6.2986,5.9044,6.1555,5.852
"GENE1478",4.866,5.4986,6.4319,4.8827,4.8758,4.9523,4.3241,6.4236,6.1935,4.6851,4.5534,5.7395
"GENE1479",7.1619,7.4887,7.5378,9.2735,5.9341,7.7703,7.6178,7.3589,7.419,7.2116,7.9906,7.0778
"GENE1480",8.6676,7.9403,8.0745,9.1797,8.8184,10.0153,7.0916,9.2963,8.9962,6.1018,8.2644,8.1822
"GENE1481",8.1803,7.0856,8.1693,7.2778,7.3402,6.4566,8.3446,7.3346,7.8895,6.7415,8.0722,7.2633
"GENE1482",4.0661,3.3934,3.2759,5.0904,3.7127,3.145,4.8235,2.4692,2.8932,4.1417,3.8896,2.9831
"GENE1483",5.5339,4.2795,3.3952,4.8571,6.3603,5.7754,4.8526,4.9029,3.6606,5.8009,5.5643,4.4712
"GENE1484",6.4566,6.5486,6.7823,6.4333,7.3008,6.857,6.3478,6.7492,7.191,5.9903,7.4571,6.4413
"GENE1485",4.4739,1.977,3.4375,3.0588,4.2004,3.6098,4.5341,3.3899,4.0034,2.1169,3.7337,2.6411
"GENE1486",6.7192,4.7248,7.334,4.5499,5.9903,3.7186,3.8619,5.5213,6.1066,4.9511,5.0396,5.1032
"GENE1487",6.8695,6.4686,5.541,6.0405,6.1443,6.0236,6.2444,6.183,6.0579,5.7585,5.6552,6.1633
"GENE1488",6.3267,5.6045,6.132,4.6152,5.4131,5.5008,3.2613,3.8156,4.0973,5.1424,6.2371,3.8081
"GENE1489",6.1598,7.6407,5.6688,6.6579,6.3806,6.2614,6.1651,7.5352,6.3631,6.5221,6.4671,6.902
"GENE1490",6.2425,6.376,7.0516,7.5822,6.4907,7.4925,6.6878,6.1059,5.7263,6.3453,6.4592,7.3018
"GENE1491",6.7547,8.7213,7.6648,8.7152,7.6149,8.8629,8.2063,7.8858,7.1966,7.5526,6.9493,8.4591
"GENE1492",6.1439,6.45,6.0667,6.4299,6.0334,5.4806,5.1881,5.8892,6.4611,5.4681,5.9971,6.3327
"GENE1493",4.5553,4.6823,3.9477,4.5224,3.6362,3.6001,4.5667,4.1874,5.1517,3.8258,3.3215,5.289
"GENE1494",6.1057,6.0104,5.9216,5.6073,5.6805,6.4108,5.3041,6.2837,5.2382,5.9454,5.7469,5.8465
"GENE1495",5.8966,6.007,5.5875,5.5998,5.6954,5.8229,4.0669,4.4436,3.9549,4.3653,3.985,4.9366
"GENE1496",5.1215,5.0081,5.5115,5.9877,6.9474,5.4351,5.7116,5.493,5.6829,6.4939,7.9044,6.3524
"GENE1497",9.1123,8.0512,8.3479,8.972,9.2097,8.2918,9.3347,9.7534,8.4874,8.8664,9.6966,8.5023
"GENE1498",7.4927,6.6178,7.633,8.0248,5.7283,8.477,7.0352,6.8004,6.8411,8.5632,7.8104,5.8404
"GENE1499",9.7105,9.0479,10.1546,10.5283,9.2361,10.9113,10.2012,8.9562,8.2615,8.3349,8.7318,8.385
"GENE1500",8.3692,7.5862,8.5291,8.0362,7.849,8.4051,8.4834,8.2692,8.1166,7.788,7.6914,8.0663
"GENE1501",9.1388,9.7917,10.0719,10.9138,9.2874,10.1294,9.8567,9.4108,8.3537,9.7216,9.847,10.4629
"GENE1502",2.4942,3.3536,1.9526,2.9614,2.9666,3.9714,2.6747,3.843,2.3503,3.846,3.117,4.1482
"GENE1503",4.991,4.7337,4.091,4.329,4.6056,5.1637,2.9669,4.0305,3.5259,3.1908,3.2241,3.7061
"GENE1504",5.1327,4.0021,5.4639,3.609,5.6458,4.3247,4.5649,4.1467,4.7112,4.1782,4.8633,4.3781
"GENE1505",5.1483,4.9896,5.5634,4.4491,5.6689,4.978,4.4583,5.0027,5.0463,5.4424,5.988,4.6563
"GENE1506",5.6507,5.4375,4.8843,5.2098,4.9413,5.7999,5.4207,5.084,4.3217,4.8816,5.1651,5.6645
"GENE1507",6.457,7.2105,6.7427,6.9272,7.0837,7.4186,7.06,6.8509,7.5255,6.6532,6.6885,6.6925
"GENE1508",3.7239,2.9746,3.4895,3.8384,2.9528,3.7943,3.6648,2.9984,3.4941,3.3825,3.0956,3.456
"GENE1509",4.2702,5.5931,5.4782,6.6189,4.9135,4.7262,5.4781,4.1117,5.1234,4.7401,4.8749,5.433
"GENE1510",5.4523,4.0488,4.9075,5.272,5.0963,4.374,4.6723,3.0695,4.0277,6.0966,5.4549,3.6499
"GENE1511",5.1882,5.1923,5.0103,5.2394,5.2952,4.8297,8.0278,7.3885,7.5978,7.3201,8.0679,7.3361
"GENE1512",4.6284,5.4638,3.9996,5.1122,4.7582,5.0926,4.5186,5.034,4.5006,4.8126,4.4277,5.3353
"GENE1513",8.9077,8.9353,8.7123,8.9215,7.5403,8.4299,8.0493,9.7509,8.7099,8.5859,8.9992,8.9733
"GENE1514",7.6668,7.7547,7.3532,8.655,7.8884,8.1607,7.5084,8.5572,8.0499,8.4975,7.979,8.2082
"GENE1515",6.2901,6.0587,5.3478,5.7439,6.976,5.7706,6.6721,5.3874,6.4253,6.0557,6.665,6.2843
"GENE1516",3.6564,3.013,2.7989,4.1095,3.8739,3.5266,3.4356,2.7625,3.8834,3.4622,3.3976,3.3066
"GENE1517",12.0683,11.3035,10.6055,9.6651,11.4584,9.6911,11.2204,10.7999,12.0652,12.59,11.9583,11.8765
"GENE1518",7.6168,8.9552,8.3426,8.1091,7.0952,8.2997,7.6548,7.4369,7.903,8.4945,8.7914,7.9819
"GENE1519",8.6097,7.6991,7.7603,9.1566,8.7643,7.88,7.7984,8.0767,7.5861,8.2425,8.8307,7.1442
"GENE1520",2.0948,1.5036,2.1841,1.4544,2.2707,1.0616,2.2923,1.5116,2.0758,1.3087,1.934,0.8402
"GENE1521",5.0807,5.3093,5.7979,5.5693,4.8547,5.6572,6.6728,5.2541,4.9619,4.9037,5.5042,5.0245
"GENE1522",6.3654,8.924,7.4401,8.0323,6.9754,8.3589,7.572,8.2491,7.742,7.9412,7.486,8.0809
"GENE1523",7.0908,6.2435,6.7847,6.7707,6.9065,6.9511,7.0967,6.7235,6.79,6.526,6.5791,7.0921
"GENE1524",7.2739,7.4621,6.8816,6.4519,7.9369,5.8958,6.2263,7.7178,8.3032,7.575,8.8949,6.2345
"GENE1525",6.9134,5.751,6.7964,5.8581,7.5539,5.7964,8.4495,9.6917,9.1272,7.5834,7.6124,8.2073
"GENE1526",5.5507,3.9902,4.9248,4.7281,5.0247,4.921,5.2739,4.3292,5.3686,5.0106,4.8278,5.0776
"GENE1527",6.8409,3.9098,6.0425,4.9228,5.4908,5.3798,6.3435,4.1426,5.3182,4.629,4.68,5.5895
"GENE1528",3.2663,3.7675,3.9201,4.374,4.0752,4.5406,4.3358,5.0554,4.9481,4.7069,4.7266,5.9274
"GENE1529",8.9769,8.4874,9.423,8.7181,7.1771,8.0409,8.4158,8.9589,8.8807,6.5373,7.0763,7.5742
"GENE1530",0.6814,2.7445,1.3496,4.9404,1.0278,2.1511,2.3671,2.6152,2.3469,1.8004,1.5966,3.0677
"GENE1531",5.093,6.1634,5.3932,5.9661,5.9545,6.2975,5.7904,5.4589,6.1574,5.317,5.3563,6.1876
"GENE1532",7.806,7.6922,7.8526,7.9979,8.1337,8.1297,7.7327,7.3346,8.5543,7.3522,7.7371,8.0876
"GENE1533",6.0502,5.9473,5.6392,4.9359,5.391,6.1934,4.6677,4.8317,4.649,4.3086,4.9668,5.2367
"GENE1534",9.4845,9.8867,9.0009,8.6985,8.9868,8.4713,8.6697,8.473,8.7801,8.6271,8.4967,8.408
"GENE1535",7.1909,7.9752,8.4875,7.8401,7.9946,7.9746,7.8901,8.3209,8.4172,7.7803,7.4358,8.124
"GENE1536",3.0033,4.1142,2.9406,5.6226,4.7141,3.7745,4.2411,4.0863,4.4799,4.3369,5.8766,4.7937
"GENE1537",6.1562,6.0938,4.7239,6.0291,6.5124,4.7085,4.3912,7.4454,6.4614,6.0346,6.1169,7.0777
"GENE1538",5.4189,5.6272,5.8723,4.8484,6.4551,5.2313,6.8054,5.4112,7.1057,5.4595,5.8497,6.0842
"GENE1539",7.3241,7.3221,5.5694,4.7449,7.2109,7.5127,6.6079,7.0046,7.4429,6.5565,6.0664,6.1557
"GENE1540",3.6497,5.0561,6.3294,5.5216,4.2016,5.3958,4.2035,4.9736,5.2453,5.3957,6.4616,4.7177
"GENE1541",6.1144,5.6543,4.7337,3.6925,5.3068,4.0564,4.0358,4.8112,2.9944,6.3431,4.4864,3.7906
"GENE1542",5.5859,5.6217,4.6048,5.4011,5.4203,5.8438,5.7216,5.5532,5.0903,5.1286,5.1399,5.0926
"GENE1543",8.3638,8.3058,7.7428,8.4867,7.277,7.2412,8.2222,9.0258,8.1898,10.0726,9.3532,8.8252
"GENE1544",9.0159,7.7802,8.4153,8.8319,8.1771,7.8833,8.9376,8.5807,7.5227,9.6008,7.811,8.6453
"GENE1545",4.9304,4.6375,4.3083,4.8108,4.2932,4.8181,3.9578,4.7509,4.9958,3.8246,5.7606,4.6988
"GENE1546",5.7987,5.8922,5.9579,6.5129,5.7105,5.1737,6.201,5.8414,5.5631,5.9692,5.9668,5.7662
"GENE1547",3.7148,4.27,4.0128,4.8012,4.4797,4.6416,4.4013,4.81,3.2243,4.2105,3.4548,4.1322
"GENE1548",4.1294,3.42,5.3463,4.1865,3.7229,4.7047,3.2796,6.6773,4.1232,5.345,2.4452,4.9077
"GENE1549",5.0629,4.5643,2.5124,4.4453,4.6682,4.6592,3.99,3.8733,6.2511,5.8553,4.8116,5.2018
"GENE1550",3.4762,4.4296,3.8708,3.6751,3.0374,3.5813,3.062,4.5866,3.0425,3.8158,3.0899,4.0414
"GENE1551",2.2793,1.8851,2.2641,2.6503,1.5517,1.9429,1.4822,1.841,1.9796,2.1512,1.678,2.2305
"GENE1552",7.3968,7.9128,7.5872,7.9252,7.337,7.103,8.197,7.8011,7.6513,7.765,8.0576,7.8771
"GENE1553",7.5219,7.5999,6.9638,6.4735,8.0199,6.9776,7.3119,7.0948,7.0717,6.7569,5.9376,6.484
"GENE1554",4.432,3.6155,4.2877,3.266,4.4108,4.7875,3.8186,4.4793,3.4674,5.8292,3.4127,3.9219
"GENE1555",8.7547,7.2316,7.3384,8.157,7.7634,9.5278,7.4699,7.5106,8.4908,8.164,9.2012,7.921
"GENE1556",9.5445,8.912,10.1164,8.6064,10.6699,9.282,9.239,8.9428,9.9447,8.8469,9.3103,9.3023
"GENE1557",0.6342,-0.1995,-1.0798,1.6814,1.4936,-0.4416,-0.9996,1.4345,0.8006,1.2507,2.2794,1.7851
"GENE1558",9.002,6.932,8.8164,7.1745,7.8329,6.2667,9.2167,7.6977,8.0787,7.0645,9.0985,6.6683
"GENE1559",10.3303,7.8119,9.8122,9.6191,9.3729,7.4369,9.6514,9.9339,8.9156,9.7102,9.601,9.3859
"GENE1560",6.1308,4.6854,6.4907,5.9777,6.4665,5.0904,5.7387,6.7693,4.8768,5.6725,6.1825,7.444
"GENE1561",4.2979,4.8373,4.9678,5.1124,5.4573,4.8239,4.9272,5.1238,4.3132,5.2579,4.7668,5.1713
"GENE1562",5.0001,3.8318,5.1443,3.8457,3.4036,2.7,3.9572,4.1645,4.1371,3.2738,3.7423,4.182
"GENE1563",3.0916,3.6061,5.1921,4.4714,3.9663,3.4552,3.8532,3.9794,4.7133,5.2506,4.1185,4.6118
"GENE1564",5.3642,5.778,5.4948,3.4382,5.1509,5.8968,4.3328,4.1097,4.6081,3.9249,4.6431,4.0262
"GENE1565",1.4417,1.4731,1.5903,1.6103,1.7783,1.844,1.2767,1.2879,2.1608,1.3331,1.9817,1.5397
"GENE1566",4.5378,3.7813,5.352,4.0163,4.5385,3.8278,4.4725,4.1643,4.5497,3.9694,4.4166,4.5481
"GENE1567",7.8539,8.9741,8.2513,8.4866,7.9041,8.4186,7.9231,8.435,8.2256,9.2974,8.1501,8.4124
"GENE1568",3.5713,3.7968,5.01,5.4268,5.2093,4.7542,4.0824,4.6933,4.3861,3.5682,6.2118,4.2056
"GENE1569",9.7295,8.8866,9.4148,9.3919,8.8184,9.9593,8.7009,8.9866,9.1402,10.4576,9.5138,9.215
"GENE1570",6.3804,5.446,6.1961,4.9577,6.2746,5.9873,6.4347,6.4447,5.28,5.8598,5.411,5.7237
"GENE1571",4.7972,5.7932,7.4591,7.2583,7.39,6.2864,2.1858,2.7712,2.9428,3.6745,1.9138,2.5675
"GENE1572",7.2206,6.9477,6.7541,6.7479,6.0816,6.3405,5.9087,6.6722,7.1678,6.4827,7.5421,7.1071
"GENE1573",5.3979,2.8512,4.4772,3.83,4.1644,4.6075,6.3015,5.4045,2.6736,4.3359,5.1829,3.0783
"GENE1574",4.2205,4.5819,4.1753,4.8606,4.0734,4.4246,4.2414,4.5644,4.1318,4.584,5.0109,4.7813
"GENE1575",5.5738,3.1073,5.0852,3.8813,4.5584,5.083,5.1122,4.7991,5.1581,4.4976,5.9927,6.6965
"GENE1576",9.8537,8.5223,9.0659,9.4515,9.6565,8.6658,9.4207,9.2137,8.8928,8.6658,9.5373,8.8804
"GENE1577",7.2449,7.8714,7.7807,7.8233,6.5456,8.0582,9.5957,6.8893,5.5514,8.1889,6.4561,5.8364
"GENE1578",5.0179,5.3961,5.4942,5.5223,6.1794,5.2736,5.2997,5.6205,5.2978,6.3039,6.2046,5.2995
"GENE1579",4.0485,3.5006,3.225,4.4236,3.9389,3.5459,3.7851,4.7071,4.2998,4.5472,4.4319,4.7068
"GENE1580",5.8649,6.0541,5.4619,6.2353,6.1023,5.4061,6.2399,5.5235,5.5605,6.5139,5.4932,6.7646
"GENE1581",5.6421,5.3884,5.8752,4.7151,7.943,7.4013,5.3407,6.091,6.6539,7.0742,6.9064,6.8169
"GENE1582",4.9062,4.8164,5.7302,5.0418,5.467,4.7309,5.0496,5.1363,5.1645,5.1288,4.8597,4.8384
"GENE1583",4.0298,4.7735,4.8479,4.4444,4.4343,4.9176,4.4934,5.3177,4.67,4.4682,4.9199,3.7515
"GENE1584",5.9388,4.2221,4.6269,4.6887,2.8756,4.0793,3.9001,4.0776,4.2422,3.9679,3.0227,4.7151
"GENE1585",5.6504,5.1511,5.4713,5.1302,5.2988,5.6193,6.048,4.8865,5.8383,4.9129,5.089,5.0543
"GENE1586",6.8734,6.4859,7.0954,5.7237,6.8689,6.7428,6.5358,6.7018,6.9237,6.4977,7.0569,5.8874
"GENE1587",7.43,8.3659,7.6673,6.6645,7.3599,7.7329,9.4155,8.1181,5.7478,8.4731,7.4759,7.3005
"GENE1588",4.144,3.0768,2.7415,3.565,3.2892,3.1288,2.2666,5.4052,4.0766,3.073,3.1788,4.2665
"GENE1589",4.6946,4.3059,4.1978,4.3004,3.7741,4.3241,4.4606,4.7673,4.6957,4.9522,4.0762,5.352
"GENE1590",2.3477,1.6448,1.8781,2.1523,0.757,1.1729,2.436,2.4953,2.3445,0.5802,2.2766,2.0587
"GENE1591",5.3807,6.2435,5.7398,7.1631,5.8462,5.599,6.8766,7.7648,6.4166,7.195,7.6891,8.601
"GENE1592",7.2718,8.0351,7.4944,7.8345,7.5955,6.5293,7.7049,6.9318,7.2384,7.5803,6.925,7.8892
"GENE1593",6.3216,5.7427,6.2961,5.5256,6.4116,4.9673,6.3198,5.6569,6.6608,5.7058,7.059,4.7649
"GENE1594",8.0894,8.5314,7.6872,9.2292,8.8625,9.2548,9.3714,10.0851,8.9138,9.9548,9.5462,9.6049
"GENE1595",6.2459,7.7034,8.8437,7.402,7.541,5.2412,7.182,6.9754,8.4576,8.5657,7.3517,8.1052
"GENE1596",4.762,4.1609,3.9976,4.9378,5.3656,5.7308,4.5919,4.8034,4.2133,5.2266,4.4053,5.0083
"GENE1597",8.6985,8.8479,9.1714,8.4208,8.6371,8.5864,8.4872,8.8659,8.6918,9.0824,8.6992,10.416
"GENE1598",6.5028,7.0553,7.298,6.7696,6.1752,6.9662,7.657,7.3174,6.832,6.5666,7.8416,8.9567
"GENE1599",7.3553,6.5421,7.6001,7.2788,6.873,7.3169,7.3175,6.3707,6.6622,6.369,7.5015,6.9203
"GENE1600",2.7248,3.8731,4.5907,4.2462,4.2419,3.7822,4.2186,4.0468,4.7434,5.0753,4.166,4.2839
"GENE1601",4.2473,5.2485,4.834,5.1211,5.1038,6.3687,5.1182,5.324,4.6628,5.2147,4.3197,4.6194
"GENE1602",3.6201,3.2624,4.194,4.8593,1.2033,3.9502,3.7411,3.3504,5.1492,2.5213,2.7119,5.4725
"GENE1603",6.3791,6.6249,7.197,6.4552,6.5788,7.5192,6.7626,8.0312,7.2404,7.5266,5.8376,7.5426
"GENE1604",9.2944,10.5398,10.1113,8.9354,7.8111,9.2901,8.1878,8.1297,9.832,8.2475,9.8598,9.1772
"GENE1605",4.5906,4.8997,4.1849,4.542,5.1864,4.8334,4.869,5.3031,4.7797,5.8031,4.3321,6.0071
"GENE1606",6.0829,5.5221,7.1316,6.6707,6.0665,4.7685,6.0057,6.0403,5.6319,5.4288,5.5915,5.5778
"GENE1607",7.4281,8.209,7.994,7.8141,7.0061,7.8977,7.5537,7.4565,8.5109,7.3403,8.4728,7.3817
"GENE1608",2.839,2.8191,2.19,1.6301,4.3956,3.6375,3.82,1.9426,2.3557,3.3138,2.9197,3.0164
"GENE1609",2.5214,4.0171,2.5519,2.7452,2.5873,2.381,3.4779,2.8928,3.1946,2.1496,4.1756,2.8886
"GENE1610",4.6169,4.3915,3.8614,4.2406,3.188,4.294,3.8211,4.0605,3.6238,3.7459,3.1557,3.331
"GENE1611",5.812,5.6133,7.3004,6.6601,5.7535,6.7242,8.4579,6.0439,6.1225,6.7331,4.9882,5.5289
"GENE1612",6.1386,6.2225,5.9728,6.5154,6.3887,6.1769,6.3198,7.0479,6.0099,6.1002,6.2688,6.6737
"GENE1613",8.8765,8.3585,8.6723,8.1462,7.2183,8.4998,9.0528,8.1482,8.6163,8.0805,8.8649,7.5931
"GENE1614",3.9119,3.8911,3.2833,3.9182,3.6987,4.413,3.6158,2.2164,4.3299,2.9887,3.2433,3.2915
"GENE1615",4.9663,5.2817,5.577,4.8663,4.8778,4.3124,4.6198,5.0583,4.7623,4.8825,4.9594,4.5924
"GENE1616",0.3474,1.9437,2.5628,2.1063,2.2249,2.0297,3.0881,4.5078,3.501,4.093,3.7769,4.9209
"GENE1617",9.5194,8.2944,9.3659,9.0605,9.3659,10.6588,9.3063,8.625,8.6448,9.2396,10.5482,8.2959
"GENE1618",7.6948,7.6116,9.827,7.8998,8.398,8.234,8.7249,6.4745,7.5755,6.9259,8.2223,7.6896
"GENE1619",4.7813,4.0205,3.9976,4.1123,4.9112,3.7414,5.2849,3.9638,4.3872,3.8659,4.5362,4.707
"GENE1620",5.6881,5.1443,5.2865,5.0678,5.6558,5.5773,5.407,5.8008,5.3232,4.9323,5.0467,5.1153
"GENE1621",6.2953,5.7856,6.2184,4.2651,4.7529,6.9,5.9194,6.7219,5.2819,6.5033,5.9459,8.4249
"GENE1622",9.6709,9.0433,9.3764,8.1004,9.788,9.0339,10.0207,9.1458,9.5666,10.0228,9.2894,9.0563
"GENE1623",6.1026,6.6647,5.8635,6.498,5.6693,5.8155,6.0466,6.9617,5.1163,7.3415,5.337,6.7274
"GENE1624",6.984,6.3952,6.846,7.4751,6.8096,7.4952,5.1112,5.5588,5.7276,4.6533,4.3874,4.5331
"GENE1625",8.4775,6.3651,6.9478,5.9125,7.3871,6.9698,7.0648,8.7189,6.4728,7.6721,7.1446,6.4943
"GENE1626",6.7113,7.2556,9.0377,6.6709,6.0562,6.6729,8.7119,8.7875,9.1402,8.0436,8.7158,8.7461
"GENE1627",2.4593,2.4895,2.2498,3.4168,2.2972,1.8206,2.9209,3.0115,3.0266,2.7607,3.342,3.0628
"GENE1628",7.755,7.25,7.3878,6.9107,8.3058,6.3973,8.2631,8.1726,5.878,8.5968,9.0921,7.3663
"GENE1629",4.6397,3.2017,3.0913,5.7493,3.3943,4.9235,4.0523,3.584,3.6141,4.0375,4.5502,4.294
"GENE1630",7.4937,4.3282,4.368,5.4753,5.6931,6.811,5.3742,6.0902,6.3282,6.4398,4.6619,5.7877
"GENE1631",2.4644,2.1738,2.295,3.6982,3.1204,2.303,2.9244,3.9804,2.8541,2.9999,2.4974,3.3632
"GENE1632",6.3826,6.2176,7.4632,6.4657,6.5976,6.2794,6.6045,7.5405,6.3061,6.0214,4.9631,6.4111
"GENE1633",4.256,3.6279,4.2068,4.0991,4.2921,4.1257,4.0229,3.9718,3.7465,4.1386,4.4403,3.8427
"GENE1634",2.5984,1.1452,1.8408,-0.0691,0.8578,0.8636,1.0466,1.2607,2.3402,0.6892,1.5651,1.643
"GENE1635",2.9123,4.2352,2.3853,3.6306,3.7644,4.1231,1.6808,1.6289,2.6239,3.3183,2.5934,2.9552
"GENE1636",2.5736,0.9486,1.7978,1.9767,3.9047,2.8585,3.3046,2.2408,3.616,2.3157,3.9823,4.072
"GENE1637",7.098,7.7168,6.5384,6.8511,6.6638,7.3695,6.8531,7.0651,7.6731,7.558,7.8922,7.802
"GENE1638",7.6277,4.9276,7.3012,5.6104,6.784,7.5933,6.2194,6.0913,8.8935,8.1936,5.2863,6.9163
"GENE1639",6.8186,9.2477,9.0283,7.1857,7.8787,8.0727,8.4388,9.3174,8.9973,8.2484,11.2773,9.1451
"GENE1640",5.5196,4.572,4.6801,4.8667,5.017,4.848,4.7536,4.1394,4.7622,4.6069,5.2652,4.1517
"GENE1641",6.6799,5.9137,6.6899,6.5083,5.7351,5.7755,6.4149,6.8711,6.2736,5.7292,6.5582,7.2306
"GENE1642",5.9555,7.3789,7.5263,6.2493,6.9519,6.4532,5.9527,5.8266,6.4283,5.7137,5.7341,8.9339
"GENE1643",5.6334,4.3326,5.2844,6.7947,4.5085,6.1715,5.5177,6.4424,5.8859,5.8293,6.6753,5.0082
"GENE1644",4.2832,5.1686,3.9076,3.1875,4.175,4.5114,4.8858,4.5684,2.5453,4.2692,2.5047,4.5265
"GENE1645",7.0549,9.308,7.8596,10.2468,7.4713,10.282,10.0721,8.3841,10.1922,8.7942,8.8807,9.287
"GENE1646",7.9928,10.5373,8.6959,9.6346,11.3255,9.3673,8.5705,8.8054,9.6896,8.3984,9.2343,9.7522
"GENE1647",10.1665,9.8026,10.4905,9.9028,9.8277,10.563,10.3023,8.6332,9.7089,10.9907,10.6733,9.7787
"GENE1648",7.7872,7.5696,8.244,8.2073,8.0253,8.1175,8.3092,7.6929,8.9547,8.9088,8.9635,7.8941
"GENE1649",6.6661,5.1323,5.2925,5.4245,5.7429,5.3654,5.9056,4.9853,5.3776,4.5644,5.6365,5.2445
"GENE1650",6.2524,5.5311,6.292,5.0643,7.2501,5.4501,5.2166,5.9313,5.6636,5.8809,4.5053,4.9541
"GENE1651",5.3584,5.4915,5.5277,6.8911,4.9624,7.0537,5.095,5.5232,6.6286,7.1382,6.5135,6.6302
"GENE1652",4.7803,6.2137,5.4871,5.9932,4.535,6.667,5.1365,6.1866,5.8293,6.3652,6.1406,6.0132
"GENE1653",5.9338,5.3905,6.4122,6.0697,6.1585,5.1981,5.4355,4.8756,5.0022,6.9886,4.8026,5.5751
"GENE1654",2.4123,1.2486,0.7929,0.4743,2.5175,2.4012,0.9652,1.4144,2.1094,0.4757,1.9338,1.3641
"GENE1655",6.0295,4.7712,6.0502,6.3552,5.7512,6.0829,6.1624,6.2879,5.8425,5.9902,6.0036,5.6465
"GENE1656",6.0149,5.739,6.4718,5.9002,5.8801,6.9651,5.6891,6.1586,6.5272,6.0098,6.6458,6.4595
"GENE1657",5.0049,3.0828,4.3425,4.2992,3.5815,4.0393,4.2623,3.836,4.2944,3.4673,3.7671,3.209
"GENE1658",3.2832,0.6417,3.6467,0.6419,1.8693,1.4627,3.1814,0.1478,2.2361,2.4672,4.1257,2.699
"GENE1659",5.9244,5.8503,5.3036,5.5694,5.6513,5.3358,4.3155,2.4054,2.8327,1.8592,3.1524,4.2386
"GENE1660",0.5294,-0.0088,-0.141,-1.0573,0.0968,0.2061,0.5018,0.8016,1.4756,0.7617,0.3175,0.701
"GENE1661",9.0373,8.9022,8.8946,10.4664,8.4767,8.0619,9.2951,9.7029,8.5794,9.9409,8.9003,10.0156
"GENE1662",7.1477,7.8487,6.31,6.9392,8.2495,7.1753,6.8789,7.6512,7.7787,8.5026,9.3781,7.8474
"GENE1663",4.4631,4.2765,3.043,3.4464,4.3896,3.6401,4.867,4.6533,3.924,4.3566,3.7191,4.6482
"GENE1664",6.5659,5.4035,6.0663,5.4238,6.4631,4.1113,6.5116,5.598,5.8193,5.3833,5.7271,5.7807
"GENE1665",5.5609,6.3697,5.3905,5.7982,4.6622,5.8111,5.1687,5.792,5.7519,5.5046,4.827,6.386
"GENE1666",3.2572,0.8581,3.5942,2.2614,2.5471,1.9132,3.9343,3.3154,2.0191,2.555,3.1085,3.1901
"GENE1667",3.1927,3.8854,2.806,3.0013,4.7848,5.262,3.6494,2.6406,3.2423,3.8034,3.8505,3.8261
"GENE1668",7.5482,8.2637,8.0909,7.78,8.4644,8.0539,8.1454,7.8981,7.903,8.2645,8.1751,7.0509
"GENE1669",2.4435,4.3227,3.6491,4.4602,2.8084,3.828,3.1662,4.293,4.1464,4.1447,3.2514,4.5012
"GENE1670",4.5564,4.9208,4.9157,4.7836,5.4381,4.5591,3.9341,4.2656,4.5746,4.8671,4.383,4.4864
"GENE1671",5.5025,4.9011,4.36,4.5041,5.0591,4.2665,4.8127,3.223,4.0981,3.8563,4.4785,4.4393
"GENE1672",8.3748,8.5776,8.6775,8.24,8.5095,8.7838,7.9716,7.8378,8.6377,9.3184,7.8757,7.7668
"GENE1673",6.5728,4.8852,5.587,5.8506,5.5331,5.8312,6.382,3.9912,6.8085,5.6576,5.548,6.048
"GENE1674",6.754,7.2602,7.2172,5.8054,6.6314,6.8763,7.2142,6.261,7.0547,6.9257,7.7864,5.6455
"GENE1675",6.934,6.6026,6.1028,7.5974,6.839,6.8312,5.9858,4.5299,6.5036,6.8748,6.9817,5.5814
"GENE1676",4.8974,4.6265,5.2214,6.3017,4.1111,5.7138,5.3705,4.5164,5.764,6.6725,6.3059,4.7897
"GENE1677",4.6833,4.8108,4.5028,4.3649,3.6146,5.2742,3.8849,5.5472,2.9431,4.7981,3.3716,5.255
"GENE1678",6.9162,6.0851,6.0206,6.9649,6.519,5.0318,5.3686,5.43,6.2336,5.5174,7.3301,6.4522
"GENE1679",7.0469,7.2367,6.2185,5.756,4.7206,6.0951,4.5884,6.5647,5.6546,4.9962,5.5109,5.9908
"GENE1680",9.1743,7.9514,9.862,6.9903,9.3205,8.076,7.0259,6.7788,6.6894,5.8947,5.5557,6.279
"GENE1681",4.5324,4.9457,5.3434,3.6864,4.9788,4.9999,4.3568,4.8745,3.6168,5.1786,3.6612,4.9095
"GENE1682",4.3228,4.3471,4.4511,6.0157,5.2187,5.2188,5.2893,4.3222,3.63,4.9034,5.1451,6.8765
"GENE1683",7.9878,7.227,7.1649,6.5018,7.7654,6.5057,6.627,6.8189,7.6249,6.3539,7.0725,7.6505
"GENE1684",3.9533,5.5406,4.7206,3.6338,4.1899,5.2914,4.9717,4.8102,5.0794,4.6687,4.5531,4.4621
"GENE1685",5.7071,7.7183,5.4997,6.467,6.1594,7.4417,7.2688,8.2283,5.8949,8.779,7.1795,8.2383
"GENE1686",6.9735,5.8965,6.6524,6.2082,7.4209,6.2018,9.7511,8.1219,9.0994,8.3851,8.8226,8.4226
"GENE1687",5.4525,5.8111,5.9363,5.9198,5.5316,6.2637,5.1604,5.7403,5.4498,5.3257,5.0624,6.2185
"GENE1688",4.312,2.4339,3.2454,2.9387,3.7179,3.884,2.9863,3.187,3.933,3.4933,3.4899,3.3783
"GENE1689",5.4283,6.9368,5.9465,6.1246,6.5631,6.5468,8.5461,6.9512,7.6965,8.1607,8.6991,8.2689
"GENE1690",6.1494,4.9795,5.8649,4.9677,5.7571,4.3524,5.8312,4.5813,5.027,3.2383,5.7544,4.1731
"GENE1691",2.2661,0.9471,2.05,2.5711,2.5078,1.8849,1.8194,2.3118,2.2051,1.1116,2.473,1.7843
"GENE1692",5.8562,6.3349,4.9582,6.0009,6.7509,5.8567,7.1499,6.0956,6.9763,6.1226,7.7224,6.4178
"GENE1693",7.7494,6.1143,6.1025,6.618,5.8132,6.7064,5.9233,6.4114,6.2076,6.6863,6.5181,6.1694
"GENE1694",2.9739,3.1007,3.2845,3.1858,2.1601,2.9516,3.8464,2.9914,3.8124,3.0178,1.845,2.558
"GENE1695",4.7518,3.4257,5.1119,5.6213,4.2633,5.6025,3.8405,4.1588,4.903,4.3551,4.6279,6.2536
"GENE1696",5.3094,6.3777,4.6824,6.6156,4.7155,5.3008,4.7525,4.2468,5.4267,5.8701,6.8747,5.8386
"GENE1697",4.5024,4.734,4.7452,4.0991,4.8163,3.3867,3.9751,3.5384,3.7827,3.4993,4.5593,4.0659
"GENE1698",7.3341,7.0708,6.8175,6.9872,7.0929,7.74,7.2557,7.3532,6.5916,6.2064,6.4686,7.9069
"GENE1699",3.0778,3.818,3.0435,2.5106,1.7274,1.0793,1.8515,1.9452,2.5759,1.9544,2.5591,3.1359
"GENE1700",4.6685,4.079,4.61,4.4501,4.3316,5.2923,2.9862,4.2513,3.0195,4.0348,3.5779,5.2778
"GENE1701",5.883,4.7003,4.391,6.1869,3.559,5.6702,5.4368,6.164,5.0205,5.974,5.2764,5.5
"GENE1702",8.4171,8.5751,9.5215,10.3787,9.1149,8.3129,10.2202,9.0852,8.3685,9.2342,10.4073,7.6521
"GENE1703",6.8076,5.5965,4.5322,4.6945,5.4019,5.9274,7.0099,5.4683,7.5427,7.0024,5.864,5.7252
"GENE1704",3.0005,4.7265,3.7053,4.3687,3.9112,3.6658,3.1792,5.286,4.2214,6.0344,3.3095,3.9507
"GENE1705",8.4736,8.8249,9.4569,9.6501,9.8013,9.5345,8.4302,9.4772,8.6739,8.9194,9.6094,9.4363
"GENE1706",5.5457,6.0934,5.4521,5.7908,5.2556,5.8353,5.8302,5.1879,5.3042,5.3584,5.3702,5.86
"GENE1707",7.7721,8.3424,6.7728,6.365,7.434,6.6017,6.9831,5.4586,7.3859,8.7254,7.0124,6.0072
"GENE1708",8.2858,8.1192,8.2561,8.3782,8.6184,8.1585,8.3204,8.3061,8.8578,8.401,8.4558,7.6072
"GENE1709",6.4794,6.0779,7.4048,5.5401,7.2301,6.1815,6.976,6.8676,7.0438,7.8077,7.5203,5.8752
"GENE1710",8.3924,8.63,8.5595,8.8305,8.7716,8.9302,8.9503,8.8311,8.1395,9.193,8.8175,8.5842
"GENE1711",4.8408,4.676,4.0596,4.5045,4.7781,3.8643,4.2836,4.2113,4.021,4.0814,4.13,4.2591
"GENE1712",8.8671,9.3806,8.7454,9.4036,8.7422,9.6951,10.2221,9.6639,9.0758,9.3883,8.6037,9.8345
"GENE1713",3.2897,2.7652,2.5929,2.125,1.5739,2.0114,1.8747,1.1619,1.8528,2.673,2.0574,1.3267
"GENE1714",3.6517,3.696,4.7398,2.2918,2.6319,2.8751,5.349,3.5299,4.3098,3.6354,2.7548,4.295
"GENE1715",6.7695,4.6119,4.3382,4.0145,5.873,6.464,5.4675,6.5109,4.7709,7.0022,3.9824,5.1588
"GENE1716",5.7924,7.3267,8.2538,6.2578,4.7504,7.1449,6.1392,6.3289,6.2032,6.0646,7.3779,6.1598
"GENE1717",4.7343,5.555,4.8305,5.4842,4.5494,5.0846,4.3274,4.6914,4.9924,4.4919,4.2005,4.9053
"GENE1718",7.3983,6.6983,7.4778,6.7294,7.311,6.6423,8.7596,7.9052,9.0182,8.4218,8.6636,7.8097
"GENE1719",5.9226,7.8729,7.0241,6.5238,6.6146,6.2177,7.0444,7.7639,7.2244,7.6053,7.7803,6.8294
"GENE1720",6.9917,6.4976,8.6503,7.5364,7.3689,8.3861,6.8145,6.1216,7.5469,8.595,6.8936,8.269
"GENE1721",9.5672,9.1615,7.9055,9.5665,9.8172,7.7308,8.479,6.821,7.9399,8.5116,7.7402,9.7423
"GENE1722",3.4939,3.2448,3.1962,3.7603,2.9035,2.8028,2.6998,3.3191,3.5645,3.5967,3.5103,3.0877
"GENE1723",8.2351,7.871,8.2083,9.5295,9.5453,7.2634,6.946,6.0661,8.6915,8.5425,10.2884,8.5178
"GENE1724",5.6063,5.6138,5.3954,5.3373,4.7845,5.9556,6.044,5.6633,5.5239,5.0453,5.0513,5.7491
"GENE1725",4.3454,5.105,4.526,4.0676,3.9845,4.3618,4.4966,3.6436,4.2158,4.5502,3.9298,4.3616
"GENE1726",2.2811,2.1582,2.402,2.5714,2.4151,2.7694,3.1413,2.9608,2.748,2.8128,2.5005,2.6561
"GENE1727",4.3214,4.2209,3.9327,4.3155,4.5192,4.836,4.0882,4.3383,4.2058,4.6684,3.9164,3.7493
"GENE1728",2.8674,5.7934,3.8636,5.5333,6.0215,4.6151,6.2853,3.8444,6.2776,5.4083,4.5658,4.0495
"GENE1729",2.3477,1.4448,2.2888,1.7258,1.6741,2.0109,3.6162,2.6473,2.937,3.4336,3.1903,2.7743
"GENE1730",5.3203,3.8847,5.6053,5.1811,6.3283,4.3808,6.2298,6.1727,4.467,5.6986,5.2269,5.4134
"GENE1731",5.6401,7.7686,6.1324,4.5989,6.9796,7.3909,5.1676,6.5872,8.6687,6.7713,7.84,7.5898
"GENE1732",3.8869,2.6022,2.7445,4.0854,2.7766,3.1823,2.2393,1.2708,3.1131,1.8867,2.8203,2.7053
"GENE1733",6.2076,8.4871,6.1914,6.8927,5.7911,6.3021,4.9362,8.1263,5.2887,6.9684,4.5392,6.0934
"GENE1734",2.9057,2.7772,4.304,1.4319,4.046,2.5072,3.5878,3.8106,2.7375,3.5101,2.9185,3.9717
"GENE1735",6.474,3.6153,4.1112,4.3222,5.6251,5.1167,7.8396,9.1489,9,9.1695,8.3717,9.5852
"GENE1736",8.4191,8.4769,8.3831,7.8218,8.5704,6.2749,7.0004,7.9225,7.9334,7.2369,6.958,6.9212
"GENE1737",2.1479,0.8349,1.4617,1.5177,2.1578,1.2578,1.7185,1.7475,2.1093,0.7602,1.8037,0.9061
"GENE1738",10.6677,10.3386,10.674,10.7819,10.7852,11.4467,10.297,10.1405,10.654,10.8345,10.596,11.1745
"GENE1739",3.3751,2.4273,3.7508,3.2534,2.8612,2.6112,3.7132,3.2737,3.6489,3.5504,3.3375,3.9949
"GENE1740",8.1767,6.8927,7.5377,8.3192,6.6203,7.5111,8.1542,5.957,8.9148,6.7978,8.619,5.5998
"GENE1741",10.4263,10.6579,9.8555,11.2311,11.0058,9.0391,9.3748,9.5443,8.7351,8.1161,10.5322,8.7008
"GENE1742",4.071,2.5194,3.4335,3.0066,3.6287,4.2056,3.1879,4.2196,4.0716,4.6395,3.2587,4.2713
"GENE1743",4.3896,4.1897,5.3292,4.8583,4.1438,3.4606,4.7529,4.4501,4.2888,3.7469,5.2472,3.7679
"GENE1744",7.9466,9.1139,8.7166,8.3878,7.8882,8.839,7.9173,8.4593,8.3155,8.5633,8.2185,8.067
"GENE1745",4.8152,5.0996,4.8179,5.3403,5.2175,6.1141,5.1393,5.2349,4.7568,4.6254,4.7955,4.1276
"GENE1746",4.9208,5.3858,3.6481,2.5517,4.0868,3.4864,3.3165,3.477,4.0709,4.2512,4.8938,3.8924
"GENE1747",9.0922,9.0847,9.0489,10.0779,8.9166,9.7983,9.8352,8.6008,8.5053,8.5921,9.2927,9.6854
"GENE1748",9.2323,8.7445,9.2606,9.5931,9.3588,9.6109,9.0493,8.9968,9.5866,9.5434,8.7419,9.7715
"GENE1749",4.7993,6.0731,3.9826,4.8753,5.6085,5.7637,7.1676,6.0961,5.5722,5.3287,6.9239,4.7063
"GENE1750",10.6798,10.7824,10.4125,10.8415,10.0298,10.9405,10.5116,10.6821,10.5013,11.227,10.687,10.4552
"GENE1751",10.2055,10.3794,9.6335,9.8235,9.4131,9.2858,11.5092,11.6097,10.2904,11.0102,11.5764,11.2099
"GENE1752",5.4935,6.1314,6.9456,6.393,5.6175,6.8021,5.496,6.1613,6.4594,6.2413,5.0283,5.8871
"GENE1753",5.1747,4.6335,3.1978,5.3421,4.6666,3.4982,5.2796,3.382,3.9294,4.384,4.8181,4.1187
"GENE1754",3.9434,4.9106,3.7453,3.5302,3.6151,5.6137,4.9874,4.0137,4.5686,4.3615,6.2284,4.0855
"GENE1755",7.9948,8.8487,8.4408,7.7787,8.345,7.3621,7.6226,7.6709,8.7731,8.5843,8.0989,8.5214
"GENE1756",7.0518,7.9258,7.8812,7.5325,7.5418,7.9505,6.8714,8.4784,6.852,8.4941,5.7169,8.0769
"GENE1757",7.6226,7.1243,6.7162,8.0378,7.0961,8.9539,7.4981,8.4559,7.5167,6.2839,7.6539,6.816
"GENE1758",6.688,5.4921,5.8742,5.7723,5.9324,5.9341,5.6184,6.391,5.8717,5.3936,5.8861,5.8585
"GENE1759",7.769,4.6819,8.5529,4.4343,7.4109,3.9754,7.1497,7.5279,6.5012,4.3341,6.131,6.1752
"GENE1760",4.9049,4.827,4.6965,4.3083,5.2203,3.9306,5.2751,4.6808,4.4844,4.5417,5.6098,4.3966
"GENE1761",8.7142,8.5056,8.4139,7.2827,8.1748,8.7142,12.2803,12.5804,10.0372,11.1143,11.2701,12.8496
"GENE1762",5.7192,4.83,4.1872,5.384,4.9904,5.6165,6.0397,5.4908,5.8554,6.3498,6.0295,5.4383
"GENE1763",9.9007,10.2844,9.9839,10.4553,10.2858,9.4569,12.1771,12.1718,13.3622,12.2865,12.5706,12.8056
"GENE1764",7.1968,6.577,7.8879,7.2949,7.2252,7.0411,7.1426,6.3052,7.6133,7.3471,7.8101,8.1594
"GENE1765",7.5518,7.8126,6.9907,7.2366,7.6642,7.2084,7.3041,7.553,10.2205,8.6205,9.9161,7.1549
"GENE1766",8.4365,8.1028,9.264,8.9651,9.0435,8.5668,9.1518,8.1195,8.6042,7.4036,7.624,8.0024
"GENE1767",5.5647,6.5289,5.7232,6.4373,5.7657,6.9838,6.9257,6.8517,5.7813,6.3447,5.8534,6.6891
"GENE1768",2.5831,1.8245,2.9428,2.157,1.9426,2.1443,3.7941,3.1883,3.2223,2.7908,3.2774,2.9378
"GENE1769",5.3718,4.129,4.3173,4.5354,4.942,2.881,4.4419,4.6203,4.3099,3.2966,4.08,3.4237
"GENE1770",7.5419,7.043,6.8764,6.6882,7.5422,7.1247,6.7351,6.8537,7.0278,6.7778,7.313,7.0746
"GENE1771",9.6429,7.5097,7.9878,8.24,7.7942,7.7906,8.6624,8.6806,8.7642,8.4225,7.754,9.4229
"GENE1772",6.6781,4.1625,7.1734,5.3508,5.7183,6.7507,3.963,4.9021,5.498,2.4033,4.6666,7.0805
"GENE1773",8.5119,6.5186,6.6358,8.4834,8.1673,8.1556,7.7228,7.2047,7.3016,9.3277,7.7904,6.6252
"GENE1774",8.1513,8.1524,9.1655,8.0437,7.041,8.5409,8.9358,7.499,7.8606,8.1156,8.7073,7.4972
"GENE1775",8.2281,8.2574,8.244,7.1356,7.3602,7.8627,7.7668,8.0313,7.7372,7.51,8.0092,8.3618
"GENE1776",7.8678,8.7487,6.9943,6.6575,8.4374,8.4777,8.3111,7.8917,6.3281,9.2071,9.1918,8.1598
"GENE1777",5.4362,5.519,5.211,5.4146,5.2111,4.9046,6.1082,5.4765,5.0438,5.5703,5.9321,4.9783
"GENE1778",6.5309,7.5733,8.5688,8.9667,6.9081,9.0486,7.6834,9.681,7.5728,7.2434,8.2433,8.6069
"GENE1779",5.9743,4.6397,3.6064,5.2985,5.3884,5.4378,4.441,5.6277,4.7672,7.0072,4.4375,5.1913
"GENE1780",7.9081,6.4008,7.7045,7.9857,6.7006,6.0536,6.0103,7.5305,6.5873,6.0116,8.6417,6.1559
"GENE1781",5.7522,6.2113,5.4612,5.823,3.6381,4.4929,4.1095,4.4938,4.4543,5.198,4.0603,4.6353
"GENE1782",7.2389,6.219,6.3316,6.7693,7.2236,7.2161,6.1148,8.0927,5.5456,7.0565,6.7461,8.3109
"GENE1783",7.6342,6.9516,6.5941,7.8206,7.2893,7.703,7.9087,8.9253,7.4809,7.4045,7.4804,7.4616
"GENE1784",5.0348,5.7255,6.0163,6.6986,6.7777,6.236,5.3291,6.4936,5.5266,6.0971,5.814,6.1507
"GENE1785",5.7891,5.5387,6.224,5.1012,6.1314,5.866,6.0239,5.6324,5.8679,5.718,6.01,5.6296
"GENE1786",5.0606,7.8551,6.0996,7.9617,6.5476,9.2417,7.6505,8.1105,6.6049,9.4815,6.6757,7.5627
"GENE1787",3.2179,4.156,3.0753,4.0841,4.1781,3.4565,4.0057,4.4442,3.8749,4.0347,5.2505,3.6649
"GENE1788",8.8856,7.5835,7.9086,9.5378,8.7828,7.4161,7.6442,8.9915,7.5353,9.952,8.2134,8.3175
"GENE1789",5.09,7.1078,7.3975,6.8875,6.7015,7.9503,4.9261,4.7037,4.9129,6.3656,5.8311,3.5331
"GENE1790",8.1048,8.0617,7.4297,8.4266,7.3704,7.2643,7.1616,8.2766,8.1096,8.0463,7.7504,6.7736
"GENE1791",6.4774,3.3475,5.231,6.2488,4.9303,3.231,7.2161,6.0018,4.7696,4.4266,5.5755,5.4291
"GENE1792",1.7738,4.0098,2.8897,2.4488,2.8183,2.2147,1.9673,2.5896,2.1101,3.1166,1.9881,2.7083
"GENE1793",7.3657,6.9138,7.2459,6.5882,6.927,8.7617,7.2561,6.2003,9.0416,6.8801,5.7568,6.9377
"GENE1794",4.8039,5.2975,4.7276,4.8695,5.3251,5.2991,5.1005,5.854,5.6512,4.7121,5.5134,5.9239
"GENE1795",8.5845,9.5517,7.2935,10.1092,6.9837,8.4136,7.7265,6.8182,7.6157,7.3992,8.0389,8.3052
"GENE1796",10.3522,9.3393,11.4697,10.176,10.9269,10.5168,10.455,9.7072,9.6367,9.0613,10.5707,10.4103
"GENE1797",3.9379,3.926,3.8163,2.942,4.3537,3.6251,3.6793,3.8822,3.6682,3.1237,3.8907,3.8514
"GENE1798",8.7304,9.5141,9.1921,8.1894,7.5313,9.0837,9.3437,9.8413,8.7889,9.0865,9.7417,10.4293
"GENE1799",5.7042,4.8224,6.65,4.3774,5.6346,4.4503,4.9696,5.0084,5.5124,4.6669,5.6597,4.7958
"GENE1800",6.2661,5.8222,6.5994,7.0768,6.3838,5.8025,5.5829,5.9872,5.1852,5.4756,6.6931,3.9808
"GENE1801",5.4495,4.7281,5.7635,2.8261,4.919,4.8607,4.7483,3.5707,4.716,4.6815,5.5058,4.5456
"GENE1802",5.5893,5.4156,5.3865,4.9223,5.4745,5.2124,5.0214,5.3519,5.6976,4.8696,5.23,4.987
"GENE1803",4.1243,4.5531,4.1219,3.274,3.4147,3.178,3.0769,3.1318,3.7457,3.1826,4.5736,3.3222
"GENE1804",5.3974,5.3964,6.5801,4.9684,6.3714,5.7726,6.0144,5.8904,6.9336,6.4929,5.7567,5.5899
"GENE1805",7.7628,7.7041,7.7724,7.1859,6.2578,7.3485,7.7585,9.0413,6.3262,7.1824,6.1469,6.2902
"GENE1806",5.045,5.5646,4.8499,5.0927,6.8478,6.8349,4.2099,7.4187,6.5456,5.6579,4.3663,7.8609
"GENE1807",1.5506,2.8959,2.652,2.0567,3.245,3.3901,0.2057,1.1505,-0.8229,1.6285,0.2488,0.5767
"GENE1808",6.4999,4.1662,6.6868,4.2916,5.8198,4.9222,5.7046,5.8489,4.2823,6.1908,4.3896,6.7061
"GENE1809",6.9081,5.8369,6.7735,6.4258,6.6614,6.0758,6.8951,6.3122,6.9548,6.3304,6.6579,5.909
"GENE1810",5.5471,4.1819,3.4687,4.2146,4.5502,4.3747,5.4983,4.4265,4.1902,3.8576,4.9085,3.837
"GENE1811",5.7851,5.697,4.1174,5.1835,4.0645,4.4195,4.7341,5.2635,3.935,6.8217,5.4612,4.3239
"GENE1812",2.7707,1.742,4.7433,2.8648,3.378,2.9124,3.8485,2.7675,2.9021,3.1815,1.5314,4.7144
"GENE1813",7.9335,9.163,5.1754,8.9099,5.2089,8.3093,6.6449,7.0436,4.2113,8.8117,8.6393,7.2238
"GENE1814",3.9627,5.8336,5.7056,6.8269,5.6197,4.2643,4.2178,5.3448,4.1052,3.886,5.355,6.2146
"GENE1815",12.5336,12.1454,11.2053,13.1812,12.3438,11.9836,9.9903,10.7944,11.1858,10.179,9.7725,10.8702
"GENE1816",7.9563,8.2503,8.3691,7.7872,8.5989,7.3769,7.7467,8.4146,7.9188,8.3077,8.2586,7.9412
"GENE1817",5.564,4.4709,4.9452,5.1007,6.2483,4.7538,5.7332,5.9649,6.1861,5.0361,5.5425,4.8197
"GENE1818",6.5539,5.8837,5.0768,6.5039,6.5631,6.965,5.058,6.9137,4.7477,6.2393,5.4783,6.128
"GENE1819",4.7545,5.1643,5.5813,6.042,4.9193,6.6125,4.3304,4.4559,4.8594,5.9235,4.3888,5.3768
"GENE1820",5.2327,6.7981,6.4628,7.3755,5.7543,6.1978,6.5627,6.4351,5.8831,7.9592,6.8427,6.9501
"GENE1821",6.5543,6.5573,5.6986,6.7448,5.9289,6.3593,6.3892,5.7573,5.6827,5.1945,5.6293,5.6222
"GENE1822",2.9957,2.366,3.2068,3.2318,2.6528,1.9787,2.8716,2.1831,3.865,3.5217,2.4656,2.4262
"GENE1823",2.1489,2.3018,2.2548,2.6867,2.6813,2.3965,0.9942,2.4464,1.8538,2.8588,1.6691,1.9535
"GENE1824",7.5946,7.0273,7.4486,7.0197,8.9423,6.6342,6.1819,7.2314,6.8607,7.5896,8.218,5.6282
"GENE1825",1.1783,1.5911,1.2486,0.7521,1.2737,1.0747,1.4679,1.6093,1.3191,1.1214,1.591,1.4491
"GENE1826",6.1597,4.8772,5.0033,5.2039,3.7069,4.9507,6.135,6.4805,4.9014,4.9692,4.3723,5.9218
"GENE1827",8.0118,9.1305,8.2805,10.4433,8.5844,8.5209,8.5136,8.3266,10.0431,9.2624,8.7819,9.7813
"GENE1828",2.3412,5.0182,2.6732,3.3444,2.4068,3.3308,2.6686,4.3558,3.4377,2.0789,2.8419,3.6699
"GENE1829",6.0949,5.4794,6.7195,5.9211,6.4255,5.649,6.049,5.9921,6.0392,5.8875,6.665,6.9564
"GENE1830",9.1125,8.8777,9.5027,9.832,10.6106,9.2279,9.1967,10.3831,10.003,8.3498,9.3758,8.3799
"GENE1831",6.9821,7.0537,6.029,7.4788,7.5007,9.1252,6.2032,8.0659,6.4346,7.7265,7.9471,8.331
"GENE1832",10.509,8.2432,9.1786,7.9662,9.0108,7.9505,8.3214,8.2605,9.0572,8.5966,9.9284,8.9155
"GENE1833",2.5354,3.9276,3.4137,3.476,3.5285,4.4084,2.2979,4.8981,3.724,4.3957,4.4887,4.3177
"GENE1834",7.2078,6.7217,6.75,6.864,7.1723,6.9523,7.4732,8.2425,7.5688,7.0324,7.2845,6.7942
"GENE1835",5.8823,6.4912,5.4059,5.9955,7.1377,6.8261,6.3102,5.7211,6.6452,5.519,5.7309,6.3976
"GENE1836",8.3088,9.0835,9.3543,8.6912,8.5516,8.8871,9.0467,8.8852,8.7395,8.7126,8.5166,9.1551
"GENE1837",11.8341,10.9084,10.6714,11.6474,11.8881,10.2812,10.6629,11.4912,11.1922,10.7427,11.1448,11.1512
"GENE1838",5.7944,7.1903,7.1115,7.7812,5.9659,7.2941,6.5903,6.2674,6.4202,7.1489,6.7171,7.3428
"GENE1839",7.7898,7.71,7.9695,7.6424,8.3152,7.618,9.2406,9.0366,9.5835,9.1851,9.2465,8.8694
"GENE1840",5.6997,5.501,3.7679,5.8768,4.8698,5.0125,6.0571,4.6939,5.8461,6.128,4.7724,4.883
"GENE1841",5.2088,5.3361,3.7966,4.6518,5.0506,5.8126,5.754,4.712,4.8582,4.6442,5.3951,6.182
"GENE1842",4.5784,4.0993,4.9465,4.3891,5.3586,3.7214,4.879,3.936,4.9193,3.7615,4.7547,4.3169
"GENE1843",3.3908,3.2737,4.0298,3.4754,2.8677,3.4753,-1.0804,0.0942,0.0103,0.5953,-0.3288,0.4264
"GENE1844",6.1759,5.4355,5.8155,6.315,5.9746,6.7965,6.1552,6.2012,5.7149,6.537,6.2363,5.9445
"GENE1845",6.0114,6.6122,5.9692,5.994,5.1293,5.095,5.7196,6.0146,6.2797,4.9507,5.6249,5.749
"GENE1846",7.4238,7.7532,6.8912,7.9379,6.605,8.0853,7.5381,7.8427,7.5181,7.4387,7.6321,7.4087
"GENE1847",4.9747,5.9132,5.2187,5.4715,5.4298,5.2453,5.4106,4.7735,6.0733,5.4662,5.9996,4.9101
"GENE1848",4.3694,3.927,5.4984,2.5937,4.9198,4.1767,4.2071,3.6768,4.7732,3.7653,4.4876,4.8023
"GENE1849",6.2841,6.0008,4.9272,5.6105,5.7718,6.4017,5.0077,5.0495,5.4899,5.5677,5.741,5.818
"GENE1850",9.6643,9.775,9.9955,9.6786,9.2848,9.8893,9.8115,9.8128,9.6469,10.0793,9.3092,9.8388
"GENE1851",7.1222,7.3074,7.2159,4.8395,8.1864,6.1927,6.9276,7.1088,8.0277,7.8759,6.6985,7.6949
"GENE1852",6.5796,6.2539,6.1213,6.7085,7.2952,7.3894,6.8085,6.0023,6.9374,6.269,7.257,7.426
"GENE1853",8.5761,8.2903,8.767,7.959,7.0048,7.6079,8.0653,8.0926,8.4009,7.8413,7.5458,8.3959
"GENE1854",9.3825,9.0257,8.8533,8.2822,9.7802,8.9601,9.1567,9.3855,10.0918,8.2409,9.8789,8.8091
"GENE1855",8.8831,10.317,8.6804,9.4497,9.3769,10.2311,9.1628,9.792,10.1889,9.776,9.6932,9.9493
"GENE1856",5.7672,6.1058,4.9955,5.533,4.6637,7.3209,4.8213,5.5926,5.7152,6.5297,5.1856,7.2168
"GENE1857",6.1212,4.6498,6.6878,6.7413,6.0465,6.4078,6.6234,5.8583,5.0161,6.3274,6.2004,6.4688
"GENE1858",6.2625,5.8193,5.6173,5.644,4.7048,4.9029,5.6924,5.7909,5.8011,4.7522,3.472,4.2044
"GENE1859",5.9777,5.0907,5.7032,5.1143,4.8713,4.5264,4.9507,5.8809,5.2721,5.4652,5.4043,4.6798
"GENE1860",5.8131,4.8285,7.4254,4.72,8.3612,7.0101,7.8357,9.645,8.3285,6.4834,7.473,8.8406
"GENE1861",5.9843,5.6809,5.4129,5.7259,4.8027,5.5079,4.6329,5.6911,5.4727,6.7805,5.6551,4.448
"GENE1862",3.1434,5.1044,4.3499,5.0561,2.8989,3.7565,0.9848,2.1644,1.7977,1.1594,0.4561,1.0342
"GENE1863",5.3838,5.8815,5.5955,5.517,5.7577,5.5999,5.6079,5.5238,5.1856,5.9067,5.4923,4.4766
"GENE1864",10.017,8.9465,7.6695,7.996,7.8982,9.1478,9.5214,8.9413,8.9305,8.7839,8.3504,8.421
"GENE1865",9.7096,9.1438,9.5668,10.5036,9.5206,10.1637,8.9416,9.1761,9.1732,9.1105,9.1839,10.7371
"GENE1866",3.6655,5.6315,5.3966,5.8312,5.2506,5.2308,6.3816,5.6185,7.18,4.5409,4.4445,5.417
"GENE1867",7.0301,7.546,7.0092,8.0047,9.4037,8.3529,7.353,7.5057,6.2877,7.4252,6.6548,5.6791
"GENE1868",5.6325,5.6453,5.0656,5.6942,5.3975,5.5621,5.3322,5.6335,5.7405,5.0598,6.0248,5.6449
"GENE1869",5.1621,4.7451,5.1757,5.7394,4.551,5.6626,5.8344,4.9713,7.3553,5.2368,5.9288,6.203
"GENE1870",5.689,5.3672,5.4942,4.5491,4.8866,5.9046,3.7624,4.2308,4.503,4.6582,6.8289,4.1529
"GENE1871",3.0097,2.6417,2.767,1.9315,2.6853,2.0247,2.206,2.1542,2.882,2.4758,2.313,2.1771
"GENE1872",9.5543,8.7208,9.3244,9.4499,11.1387,9.4589,10.7198,9.8436,9.0452,9.729,8.9246,11.1981
"GENE1873",6.5044,6.298,7.64,8.0241,8.4402,8.0578,7.1216,7.681,6.9238,7.5341,8.0259,6.9029
"GENE1874",1.6858,2.1936,2.4871,2.5678,3.0533,1.8644,2.1831,3.1444,3.2745,3.9624,2.7084,2.9409
"GENE1875",5.684,5.0457,4.3698,6.2669,6.0966,3.9941,5.535,4.5422,5.9332,4.6303,5.2355,4.3286
"GENE1876",8.4046,8.3125,8.7655,9.1153,9.5592,9.4274,9.5727,7.3491,10.3257,8.7013,9.7987,8.8869
"GENE1877",6.1803,5.8457,7.875,5.823,6.7647,6.1426,7.1845,7.2154,7.7209,7.508,4.4551,5.2415
"GENE1878",6.5809,6.6727,6.3736,6.3121,6.7044,6.6334,6.8508,6.354,6.3521,6.0138,6.0569,6.2864
"GENE1879",7.9785,7.2777,7.4401,7.4706,7.7793,6.902,7.4391,6.7536,8.4714,6.984,8.3674,7.4581
"GENE1880",7.9144,7.8678,7.3931,9.5341,8.4237,8.4065,7.7989,9.0162,9.4128,7.5755,7.6518,8.3328
"GENE1881",6.7561,8.5224,6.6888,6.6922,8.4065,7.6622,6.8449,8.854,7.7525,8.5002,7.8412,7.3423
"GENE1882",7.3433,7.0533,6.7339,6.9749,6.512,6.4103,6.8504,6.6662,6.7032,6.0126,6.7227,6.6677
"GENE1883",9.2939,8.243,8.9361,8.0337,8.9087,7.9043,8.2594,8.2051,8.5833,8.1411,9.0606,8.2834
"GENE1884",9.447,10.3234,8.7144,8.959,8.9801,8.5897,9.22,8.8288,9.9426,8.8432,10.2686,9.8172
"GENE1885",6.6975,5.8966,6.4617,5.6913,6.0631,6.8361,6.5136,7.2929,6.1788,6.815,5.6269,5.9893
"GENE1886",4.597,5.6964,6.1581,4.5447,5.2773,5.4343,5.6615,4.0338,7.5005,5.6488,6.1538,5.0324
"GENE1887",6.2007,6.2641,5.8561,5.5339,6.1874,5.414,6.2324,4.9877,5.88,5.7618,5.7002,5.4825
"GENE1888",6.0549,7.0619,6.1578,6.5225,7.7899,6.3825,6.6857,6.7371,5.9748,8.1606,6.0514,6.5311
"GENE1889",4.5167,4.9085,6.0964,4.2414,4.8758,5.208,4.8621,5.2859,4.6755,5.1433,5.2651,4.9847
"GENE1890",7.0219,6.472,7.006,6.639,6.9718,7.684,7.792,7.6436,8.0196,6.2511,6.8869,7.1336
"GENE1891",3.466,3.3102,2.6732,3.5354,3.8124,3.1035,3.328,2.5738,3.6069,2.7098,2.8286,2.7434
"GENE1892",10.8639,9.8119,9.6614,10.5097,10.5783,8.6324,11.575,8.9778,12.0977,10.0122,9.2242,9.0426
"GENE1893",1.1042,1.502,1.0047,1.2968,1.0212,1.5969,0.513,1.6481,0.918,1.1215,1.3824,1.3273
"GENE1894",4.8785,8.9297,7.6532,5.6815,6.5635,7.2071,6.016,7.2753,4.2663,5.8615,6.9139,6.078
"GENE1895",6.2471,5.9882,5.77,7.0381,6.4114,6.6319,7.6733,8.0812,7.6361,8.1609,8.1591,8.6092
"GENE1896",7.359,6.6054,6.275,7.2771,6.6937,7.4843,7.041,8.3397,7.2145,6.6306,7.4939,7.0903
"GENE1897",5.7281,5.8185,5.6564,4.6789,5.706,4.4854,6.7541,5.773,6.4265,6.2718,6.1759,5.8204
"GENE1898",10.6979,9.9603,10.915,10.3677,10.8212,10.2929,11.147,9.5323,10.8298,9.2541,12.1401,10.85
"GENE1899",5.7914,5.4654,5.5015,6.3533,4.9965,6.2182,5.6512,5.4883,5.5281,6.0266,5.1476,5.5942
"GENE1900",6.7375,6.361,6.855,7.3713,7.1447,6.5944,5.5907,7.1413,5.7088,7.4842,6.2524,5.7405
"GENE1901",7.7257,8.6775,7.3869,8.6755,9.5099,8.7813,9.6041,7.8325,8.2709,7.571,7.0701,8.4662
"GENE1902",6.3947,7.1617,6.3856,6.9,7.1836,6.7415,6.9422,5.5532,7.5479,8.0224,7.6679,6.4334
"GENE1903",6.8878,4.4281,6.065,6.0765,6.5521,5.3084,6.4672,5.4766,6.7668,6.2412,6.4977,6.592
"GENE1904",4.8176,3.4747,4.9384,5.7962,4.6015,4.4734,5.8719,5.6223,6.777,5.2782,8.1537,5.4842
"GENE1905",7.1574,7.0535,6.0208,6.5102,5.1253,5.8576,6.3655,4.4288,5.5714,3.7229,6.7292,4.68
"GENE1906",4.2295,3.8969,5.3555,3.2609,4.0837,3.6368,5.3874,3.0097,6.1663,3.8541,2.9907,3.3106
"GENE1907",6.8555,7.8512,7.5753,6.9798,6.6378,6.8543,7.2481,7.561,7.4248,8.0651,7.4832,8.1842
"GENE1908",7.5266,7.8066,6.7424,7.1129,8.2942,6.8075,6.569,8.5402,5.5723,6.2483,6.9435,7.0134
"GENE1909",4.2853,5.0199,4.2183,3.4973,3.9824,3.6538,4.0032,4.7702,3.6547,3.8977,4.8879,4.7136
"GENE1910",6.8055,5.4869,6.3,4.3271,6.3768,3.0939,5.6022,5.052,4.8847,4.9283,4.5243,5.382
"GENE1911",8.3372,8.5123,9.753,7.622,7.5823,8.481,7.562,8.2998,9.0511,7.4804,8.9685,9.284
"GENE1912",9.0937,8.7011,8.1408,8.1764,8.2382,8.0855,9.1702,8.3366,8.363,8.047,8.393,8.5394
"GENE1913",3.8436,4.0249,4.3317,4.061,3.372,4.2209,3.8587,3.4723,3.7672,3.924,3.1729,4.6803
"GENE1914",8.1561,7.149,7.5341,7.0274,6.9542,7.3386,8.4473,7.2048,7.2305,6.5866,7.3158,6.5704
"GENE1915",5.5932,6.1025,6.4564,7.324,6.5,4.554,6.7324,5.7608,5.5776,5.8199,4.5618,3.052
"GENE1916",6.0476,7.5519,6.8135,7.1561,6.4991,7.1402,8.886,7.0415,6.8271,5.8384,8.3099,7.0166
"GENE1917",4.9908,4.3953,4.2008,3.9168,3.922,4.5793,2.6262,4.9404,4.5416,3.3315,5.3087,5.3255
"GENE1918",4.3849,4.986,6.0642,6.6172,6.3952,5.5908,5.1182,5.1978,5.1487,6.3447,6.0254,5.4085
"GENE1919",2.9403,2.4028,1.9719,2.4388,1.7848,1.4693,1.9224,1.4925,2.8167,0.307,1.1003,0.9877
"GENE1920",3.466,4.0137,4.3835,4.7921,5.4976,4.5616,4.1514,3.6325,4.4891,4.8515,4.6293,4.3316
"GENE1921",6.3415,3.9921,3.8383,5.8153,5.5335,5.9685,5.7624,5.8518,6.7272,5.8678,4.1807,4.4675
"GENE1922",9.3323,7.4103,8.2032,7.9672,8.0933,8.0702,9.1701,8.5677,9.1181,8.3986,9.4153,8.3234
"GENE1923",3.7035,3.7511,3.5815,4.0988,1.4665,3.9576,3.6028,4.5469,4.2026,2.5322,2.3504,3.3129
"GENE1924",6.827,7.2862,6.6101,7.0318,6.204,6.9931,6.5253,6.6603,6.5536,6.669,6.4422,7.0872
"GENE1925",6.3394,5.7875,6.6208,6.1774,6.1201,6.5814,6.5746,7.4481,6.6974,6.2031,7.1086,5.5078
"GENE1926",2.6685,2.943,4.873,2.8925,2.861,4.7571,5.0666,3.8133,3.3894,5.2613,2.8436,3.7311
"GENE1927",6.7213,6.7261,7.474,7.1096,7.184,5.5507,5.812,5.8676,6.5453,5.6282,7.4472,6.9888
"GENE1928",8.8324,9.2945,8.9383,8.6575,8.7671,9.4164,9.41,8.9857,9.385,9.7416,9.2789,9.8218
"GENE1929",8.7651,8.517,8.2185,7.6302,8.3088,8.2702,8.6042,7.4583,8.2618,7.3125,7.9725,7.997
"GENE1930",7.8437,8.1462,8.293,8.4622,9.5787,8.8667,7.3168,7.4231,7.2195,7.9913,9.1472,7.285
"GENE1931",5.8806,4.7807,5.4522,5.6006,5.7276,4.8747,5.7592,4.9232,5.7904,5.3839,6.3057,5.0522
"GENE1932",7.2342,8.6215,8.0003,8.7258,8.357,8.457,8.0877,8.2642,7.7538,8.3494,8.0441,7.7614
"GENE1933",1.5321,0.6936,0.735,0.7269,0.8084,1.2044,1.4819,0.8676,1.0583,0.4786,0.611,0.5675
"GENE1934",3.0575,2.7233,3.0037,2.713,4.2936,3.6413,2.36,2.2182,2.6991,3.4658,2.3424,4.2574
"GENE1935",5.0726,5.9849,5.0976,5.3346,5.0776,5.3355,5.3953,7.7259,5.0048,6.7591,5.0701,5.8283
"GENE1936",6.2821,6.4081,5.8656,6.5277,5.6359,6.9885,7.4684,7.4242,5.8088,6.0697,8.0219,6.004
"GENE1937",5.375,7.8109,6.2919,7.4422,6.5884,8.113,7.5936,6.2064,7.8333,7.3075,5.2611,8.1399
"GENE1938",7.3288,6.6241,8.4424,7.57,6.8971,6.0377,6.7752,7.7229,7.8717,7.7755,6.891,7.0648
"GENE1939",6.1631,5.2683,5.4302,4.5268,6.3632,4.3079,4.534,5.3496,4.6491,3.6919,4.5139,4.4837
"GENE1940",4.8987,4.5842,4.9687,5.0232,5.1202,4.1656,4.8926,4.5716,5.0437,5.1856,4.1993,4.369
"GENE1941",5.2757,6.0003,5.2004,5.29,5.0301,4.4842,5.4231,5.9339,5.6238,5.3538,5.0243,6.0875
"GENE1942",5.2899,4.4093,4.3225,4.6561,4.846,4.4647,5.2255,4.1212,4.6458,4.5928,4.9382,4.3713
"GENE1943",5.6142,6.0857,4.7972,5.9603,5.7042,5.7166,6.0794,4.7371,6.4219,5.2339,6.5601,5.7221
"GENE1944",8.607,8.0129,7.6969,7.8512,7.5324,7.4202,7.8068,9.2888,7.4199,8.7052,7.506,6.8908
"GENE1945",6.5663,7.6405,7.0464,7.259,7.8853,6.8656,6.9163,8.2519,5.983,7.8413,6.0059,6.8493
"GENE1946",5.6789,6.3942,5.6378,6.0912,5.2413,6.2859,5.2979,5.9738,4.461,6.8741,5.1877,5.2397
"GENE1947",3.8891,4.9446,3.5636,4.7232,4.5894,4.6844,3.4203,4.473,4.8284,3.7838,5.4862,3.2902
"GENE1948",5.6875,7.0055,5.5027,5.9168,4.9576,5.2668,6.0991,6.6693,6.1177,5.7276,6.2288,6.7782
"GENE1949",5.7644,6.1796,5.1848,6.0749,6.4804,5.6049,5.9456,6.4869,5.4905,6.5181,4.7724,5.6548
"GENE1950",9.2759,7.3991,8.0474,9.7049,6.9258,7.4509,9.7022,7.427,8.3513,8.5756,8.741,7.996
"GENE1951",1.5174,0.4566,1.4411,1.9196,1.6765,0.9008,0.89,1.6614,0.7064,1.5016,0.9951,2.7684
"GENE1952",3.1561,4.7997,4.1382,4.3162,3.8522,3.3911,4.096,4.4412,3.6434,4.4415,3.6143,4.6861
"GENE1953",6.9281,8.714,7.6114,6.8433,7.9482,7.0927,6.801,6.7363,6.9237,8.6327,6.2874,7.4676
"GENE1954",7.4159,9.2507,7.2689,7.145,8.7127,8.7129,5.77,8.8426,7.0441,8.0702,8.0856,8.6159
"GENE1955",3.3671,5.2811,5.7947,4.6632,4.1994,5.6865,3.9773,5.5316,5.2166,4.2599,5.8306,4.2988
"GENE1956",5.6464,5.5981,5.8427,5.8292,5.4928,7.2069,6.4764,5.9348,4.9609,6.2935,5.3923,6.8444
"GENE1957",10.3305,9.711,10.1846,9.9095,9.146,9.5123,9.9387,10.3446,9.8208,10.4728,10.0066,10.596
"GENE1958",1.9271,4.7641,2.9847,4.2715,5.657,4.214,3.3382,3.3648,2.6856,3.9899,2.4404,4.2589
"GENE1959",9.4243,8.1948,9.6905,8.1565,9.039,7.6603,9.0716,8.2559,8.7021,8.3717,9.5691,9.162
"GENE1960",8.2539,6.9686,7.3335,7.9497,6.6899,8.0052,8.4013,9.0276,8.6321,9.0504,8.9198,9.7272
"GENE1961",8.4337,7.951,8.581,7.0586,8.5082,6.9907,8.037,6.6215,8.3799,8.643,7.9095,7.4957
"GENE1962",5.3441,4.6213,6.0332,4.6247,4.4718,3.5549,6.6385,7.8374,6.352,7.0644,6.7091,7.4561
"GENE1963",2.7178,4.7845,5.313,4.3173,4.3286,2.7874,2.9206,4.7707,3.4055,4.992,3.8444,3.8992
"GENE1964",5.6521,7.7012,6.5129,6.7346,7.1656,6.4283,7.4588,9.1083,10.0959,7.3225,7.8278,6.1318
"GENE1965",7.3969,8.8273,7.4824,7.1648,6.2423,7.7404,7.0867,6.6901,7.7571,7.1529,6.9666,6.8077
"GENE1966",5.602,5.051,4.5791,5.0141,4.9144,5.7274,5.901,5.9043,5.7973,5.6071,5.8797,5.8811
"GENE1967",4.4675,3.6849,4.5629,4.6283,4.3335,4.2741,4.6077,4.6843,5.4449,5.5118,5.228,4.7985
"GENE1968",9.399,7.6299,8.9656,8.7669,9.4965,8.5326,8.826,8.8956,8.4348,9.1638,9.2538,8.7904
"GENE1969",2.9721,3.2582,2.9779,2.6014,3.1039,3.1245,3.4608,2.775,3.8107,3.8475,2.8296,3.1715
"GENE1970",9.1953,8.6749,8.9685,8.6851,7.7222,9.2184,8.7588,7.0512,9.6119,8.8525,7.9574,9.1982
"GENE1971",4.6527,5.2815,4.4754,5.9688,5.1168,6.0892,5.173,5.1393,5.2653,6.231,5.1696,4.8858
"GENE1972",3.423,2.5052,2.8106,2.8516,0.8518,3.9868,4.0892,5.2288,2.4129,4.8678,1.503,5.4353
"GENE1973",9.7929,10.5336,9.407,9.514,11.3145,10.3484,12.853,12.1413,10.7144,12.1479,11.3168,11.4642
"GENE1974",6.0402,7.4512,8.9723,7.6219,7.0197,7.6192,6.1431,5.2304,5.8459,5.7935,6.5939,6.6734
"GENE1975",3.5117,4.761,3.6704,4.9299,3.575,4.5995,3.622,4.1813,4.6631,4.4568,4.0215,4.6005
"GENE1976",4.6349,4.9303,4.6393,5.3419,5.736,5.5882,4.876,5.5764,4.8064,5.2998,5.9872,4.935
"GENE1977",3.8493,5.0767,4.1449,4.9546,5.0268,4.7692,4.0754,4.9281,4.3863,4.1524,4.9313,4.7499
"GENE1978",7.4245,5.5256,7.3878,8.3964,7.6334,6.1788,6.392,5.2738,6.1377,6.0406,5.9024,6.1694
"GENE1979",6.2831,6.3355,6.5683,5.9814,6.4153,6.6786,6.5782,5.3346,6.3008,6.2677,5.6144,5.6839
"GENE1980",3.5007,3.5958,3.4657,3.4279,3.93,3.249,3.0377,3.1387,2.7907,3.2007,2.9721,3.103
"GENE1981",6.3042,6.7121,6.5168,5.8944,6.2951,5.3536,8.2876,7.6346,8.7089,8.1381,8.5311,7.6633
"GENE1982",6.0701,3.6932,4.2727,4.7014,4.3906,5.8255,3.1182,5.2117,2.0962,2.5939,5.3609,5.8488
"GENE1983",7.5641,8.9839,6.5722,6.7516,6.8733,9.1404,7.235,9.0369,6.5965,7.0481,5.6064,7.2638
"GENE1984",7.0703,6.4731,6.0639,5.679,6.5787,6.2984,8.1033,7.1958,6.7619,6.9583,7.4879,7.2519
"GENE1985",6.9977,5.2062,5.7034,5.8962,5.6268,4.9651,6.131,5.1676,5.8703,5.9262,6.5611,4.9903
"GENE1986",3.8622,4.4207,5.0212,4.0541,3.6023,2.6939,5.0309,3.9798,4.4569,4.2036,5.6603,3.8173
"GENE1987",5.0058,5.8163,4.6048,5.1631,5.2084,5.592,4.5194,5.699,4.5595,5.4052,5.5162,5.8179
"GENE1988",4.1219,3.7291,3.0106,5.0131,3.9605,3.5874,3.0514,3.3014,5.0456,3.0352,2.6387,2.9169
"GENE1989",7.2187,6.6861,8.2861,7.7482,6.7578,7.7462,7.9596,7.4761,7.6205,7.6038,8.0129,7.6952
"GENE1990",9.0533,9.6835,8.3208,8.4385,9.1327,10.5751,8.902,9.9659,9.4414,9.2187,8.032,9.492
"GENE1991",4.8161,6.0104,7.3745,7.2803,6.1824,6.4266,5.902,5.7151,5.998,4.5607,4.9974,5.4593
"GENE1992",6.2551,7.5089,6.695,7.3714,7.0918,7.4877,6.911,7.2239,7.2478,7.3617,6.4709,7.3466
"GENE1993",5.4514,5.2111,4.9489,4.4426,4.6339,6.065,7.7609,6.3395,7.009,6.9915,6.6838,6.3941
"GENE1994",7.5764,6.9454,6.0324,5.7652,7.5229,7.3167,5.849,7.0621,6.0731,5.9534,7.505,6.521
"GENE1995",9.2879,10.1965,9.5996,9.8016,8.3438,11.2855,10.2468,11.221,8.8189,11.3846,9.3528,10.4584
"GENE1996",5.5927,7.7557,5.9492,7.7089,7.0239,7.0483,7.7486,5.711,7.3942,7.0024,7.5256,7.1623
"GENE1997",8.8659,9.781,7.9282,7.9342,9.6866,9.4067,8.0662,10.617,8.3307,9.1897,6.8087,7.1261
"GENE1998",6.1289,6.3885,6.2325,6.2804,6.4195,6.3223,6.3202,6.3201,6.7986,6.8494,6.4235,6.9355
"GENE1999",3.1856,1.9242,4.5133,4.7934,2.5236,4.1683,1.3193,3.9809,3.929,4.2538,3.0551,3.2485
"GENE2000",4.6756,4.3656,3.2876,4.1963,3.4424,4.8286,3.1709,4.0936,4.0284,3.9281,3.4524,4.3121
