"gene","logFC","AveExpr","pvalue","padj"
"ENSG00000000003",-0.3812,9.811,0.0001533,0.001289
"ENSG00000000419",0.2068,9.4837,0.06504,0.1949
"ENSG00000000457",0.038,8.7245,0.7904,0.9099
"ENSG00000000460",-0.0885,7.7676,0.756,0.893
"ENSG00000000971",0.4264,12.4996,1.573e-06,2.064e-05
"ENSG00000001036",-0.241,10.5311,0.006758,0.03346
"ENSG00000001084",-0.0476,9.64,0.7752,0.9026
"ENSG00000001167",-0.5003,9.1126,3.329e-05,0.0003297
"ENSG00000001460",-0.1239,8.5088,0.4889,0.7205
"ENSG00000001461",-0.041,11.5081,0.6903,0.8569
"ENSG00000001497",-0.004,9.5255,0.9699,0.9884
"ENSG00000001561",0.2251,8.0609,0.2955,0.5437
"ENSG00000001617",-0.2502,9.6276,0.0208,0.08196
"ENSG00000001626",-1.0867,7.0608,0.1664,0.3799
"ENSG00000001629",-0.2266,10.9472,0.005131,0.02672
"ENSG00000001630",0.0126,7.7395,0.9675,0.9871
"ENSG00000001631",-0.0367,9.9446,0.7227,0.8752
"ENSG00000002016",-0.3105,8.5091,0.05099,0.1627
"ENSG00000002330",0.089,8.4879,0.5638,0.7753
"ENSG00000002549",0.1867,10.4981,0.07838,0.223
"ENSG00000002586",0.0898,13.0465,0.2676,0.5123
"ENSG00000002745",-0.2682,7.0653,0.7279,0.878
"ENSG00000002746",0.1025,8.121,0.6041,0.8038
"ENSG00000002822",-0.1602,9.0779,0.2253,0.46
"ENSG00000002834",0.3967,12.8333,2.178e-05,0.0002266
"ENSG00000002919",0.4044,8.765,0.003765,0.02051
"ENSG00000002933",0.3611,8.9278,0.01358,0.05837
"ENSG00000003056",-0.0725,10.3082,0.4323,0.6748
"ENSG00000003096",-0.9409,9.1143,5.505e-11,1.384e-09
"ENSG00000003137",-0.897,8.0241,0.002052,0.01233
"ENSG00000003249",-0.2802,8.1605,0.1472,0.3505
"ENSG00000003393",0.1719,10.0314,0.07285,0.2116
"ENSG00000003400",-0.408,7.9282,0.07058,0.2069
"ENSG00000003402",1.1905,11.3167,7.796e-23,6.6e-21
"ENSG00000003436",-0.1966,12.1699,0.1907,0.4147
"ENSG00000003509",-0.0511,8.9058,0.7062,0.8656
"ENSG00000003756",-0.1887,11.1792,0.04812,0.1561
"ENSG00000003987",1.0049,7.4202,0.006523,0.03245
"ENSG00000003989",0.5533,7.5331,0.142,0.3417
"ENSG00000004059",0.3666,10.4711,3.459e-05,0.0003412
"ENSG00000004139",-0.1663,7.9815,0.4479,0.6874
"ENSG00000004142",0.1436,10.6964,0.09959,0.2648
"ENSG00000004399",-0.039,11.8756,0.73,0.8789
"ENSG00000004455",0.0302,10.4711,0.8017,0.9152
"ENSG00000004478",-0.0734,9.3686,0.5184,0.7415
"ENSG00000004487",-0.2995,10.4881,0.0006576,0.00465
"ENSG00000004534",-0.1881,10.5333,0.04044,0.1369
"ENSG00000004660",-0.565,7.9077,0.03456,0.1215
"ENSG00000004700",0.3686,10.2636,0.0002966,0.002314
"ENSG00000004766",-0.0302,9.3981,0.7879,0.9088
"ENSG00000004776",-0.0738,11.487,0.411,0.657
"ENSG00000004777",-0.409,8.0508,0.05477,0.1717
"ENSG00000004779",0.1044,9.1217,0.4132,0.6589
"ENSG00000004799",2.645,9.5329,2.579e-05,0.0002634
"ENSG00000004838",-0.4143,7.2264,0.4503,0.6896
"ENSG00000004846",-1.6976,7.2649,0.002162,0.01289
"ENSG00000004864",-6e-04,8.3527,0.9971,0.9987
"ENSG00000004866",-0.5621,9.221,3.541e-05,0.0003482
"ENSG00000004897",0.0542,10.7511,0.539,0.7572
"ENSG00000004961",-0.1467,9.2992,0.2701,0.5153
"ENSG00000004975",-0.32,10.2059,0.001056,0.007005
"ENSG00000005007",0.2393,11.265,0.004045,0.02182
"ENSG00000005020",0.2176,9.8841,0.04752,0.1547
"ENSG00000005022",-0.0327,10.3663,0.7297,0.8788
"ENSG00000005059",0.0871,8.6204,0.5731,0.7821
"ENSG00000005075",0.057,9.9905,0.5996,0.7996
"ENSG00000005100",0.3609,9.4025,0.006266,0.03144
"ENSG00000005108",0.5557,7.1801,0.3333,0.5824
"ENSG00000005156",-0.3926,8.5834,0.02173,0.08477
"ENSG00000005175",-0.2235,8.9504,0.1018,0.2687
"ENSG00000005187",0.028,7.1381,0.9651,0.9863
"ENSG00000005189",-0.366,7.9052,0.1669,0.3807
"ENSG00000005194",0.1664,9.3429,0.1317,0.3239
"ENSG00000005206",0.0648,9.7451,0.5505,0.7661
"ENSG00000005238",-0.1831,9.8146,0.09399,0.2533
"ENSG00000005243",-0.0976,10.2448,0.293,0.5416
"ENSG00000005249",0.6074,8.9016,0.0007619,0.005297
"ENSG00000005302",0.1461,9.3565,0.2429,0.4829
"ENSG00000005339",-0.1017,11.4283,0.3193,0.5678
"ENSG00000005379",0.2405,8.3585,0.2018,0.4299
"ENSG00000005381",0.1888,6.9977,0.8566,0.9409
"ENSG00000005436",0.1483,8.7935,0.2662,0.5107
"ENSG00000005448",0.3043,8.7011,0.07585,0.2177
"ENSG00000005469",-0.2419,9.2391,0.07153,0.2088
"ENSG00000005471",-1.1204,7.5045,0.001577,0.00983
"ENSG00000005483",0.0853,10.8912,0.3439,0.5922
"ENSG00000005486",-0.1116,10.03,0.2579,0.502
"ENSG00000005700",-0.0553,10.4068,0.5717,0.7813
"ENSG00000005801",-0.3037,8.6182,0.04908,0.1586
"ENSG00000005810",-0.0219,11.358,0.8128,0.9205
"ENSG00000005812",0.4689,10.6319,2.705e-05,0.0002746
"ENSG00000005882",-0.0673,9.7133,0.5651,0.7763
"ENSG00000005884",0.3486,10.4829,0.006214,0.03124
"ENSG00000005889",0.0821,9.931,0.3956,0.6414
"ENSG00000005893",0.067,12.3915,0.3761,0.6225
"ENSG00000005955",0.1079,10.6708,0.2893,0.5379
"ENSG00000005961",-0.2646,7.1262,0.6991,0.8617
"ENSG00000006007",0.169,11.2283,0.04953,0.1597
"ENSG00000006015",-0.0418,9.1131,0.7614,0.8962
"ENSG00000006016",0.2887,8.2872,0.1905,0.4143
"ENSG00000006025",-0.949,8.3753,1.024e-07,1.668e-06
"ENSG00000006042",-0.0318,11.6843,0.6896,0.8564
"ENSG00000006062",-0.6982,8.5433,0.0003615,0.002751
"ENSG00000006114",-0.5132,10.21,8.833e-08,1.449e-06
"ENSG00000006118",-0.5025,9.2753,2.546e-05,0.0002605
"ENSG00000006125",0.0417,12.7596,0.6914,0.8574
"ENSG00000006194",0.1012,9.5479,0.4093,0.6554
"ENSG00000006210",1.3105,7.1242,0.04808,0.156
"ENSG00000006282",-0.109,10.611,0.2185,0.4509
"ENSG00000006283",-1.4659,7.7468,2.591e-07,3.943e-06
"ENSG00000006327",-0.2567,9.5232,0.2229,0.4564
"ENSG00000006432",-0.1161,7.0381,0.8885,0.9543
"ENSG00000006451",-0.5577,10.3081,2.117e-06,2.706e-05
"ENSG00000006453",-0.2085,8.3642,0.2094,0.4397
"ENSG00000006459",-0.0077,9.1861,0.9669,0.9868
"ENSG00000006468",-0.2639,8.5492,0.2077,0.4371
"ENSG00000006530",0.0044,8.9625,0.972,0.9891
"ENSG00000006534",0.4493,10.342,0.0001338,0.001145
"ENSG00000006576",-0.4302,10.2865,9.173e-06,0.0001036
"ENSG00000006607",0.598,10.0461,2.529e-07,3.862e-06
"ENSG00000006625",-0.1632,8.55,0.3066,0.5555
"ENSG00000006634",-0.3583,7.9841,0.08354,0.2333
"ENSG00000006638",-0.6443,7.8289,0.007383,0.0361
"ENSG00000006652",-0.0435,10.3034,0.6459,0.83
"ENSG00000006695",0.2245,8.5105,0.1759,0.3941
"ENSG00000006704",-0.2236,8.8675,0.1406,0.3392
"ENSG00000006712",-0.2023,10.3431,0.04608,0.1512
"ENSG00000006715",-0.0629,11.2377,0.4671,0.7026
"ENSG00000006740",-0.0479,7.5461,0.8806,0.95
"ENSG00000006744",0.1648,10.1342,0.1223,0.3067
"ENSG00000006756",-0.0044,9.2971,0.973,0.9891
"ENSG00000006757",0.0162,8.3466,0.9296,0.9714
"ENSG00000006788",3.2028,7.0742,0.0003635,0.002765
"ENSG00000006831",0.2422,10.3378,0.009364,0.0436
"ENSG00000006837",-0.7423,7.2042,0.1733,0.3905
"ENSG00000007047",0.0905,9.9392,0.3797,0.6263
"ENSG00000007080",0.2407,9.7195,0.03524,0.1232
"ENSG00000007168",0.107,11.7718,0.1632,0.3756
"ENSG00000007202",-0.0064,12.1211,0.9419,0.9757
"ENSG00000007237",-1.4047,8.94,1.376e-13,4.876e-12
"ENSG00000007255",0.259,8.2443,0.2249,0.4594
"ENSG00000007341",0.1254,8.3684,0.5008,0.7288
"ENSG00000007372",0.305,7.5107,0.3612,0.6082
"ENSG00000007376",0.1081,8.7661,0.4302,0.6732
"ENSG00000007384",0.0635,10.9835,0.5197,0.7425
"ENSG00000007392",-0.1734,9.7614,0.08941,0.2446
"ENSG00000007402",0.3443,7.3054,0.5059,0.7329
"ENSG00000007516",0.3658,7.1291,0.5645,0.7757
"ENSG00000007520",0.1043,9.3339,0.408,0.6539
"ENSG00000007541",0.1627,9.7183,0.208,0.4375
"ENSG00000007545",0.0934,8.6248,0.5277,0.7481
"ENSG00000007866",0.5956,10.8003,4.419e-12,1.285e-10
"ENSG00000007923",0.0324,9.6637,0.7522,0.8914
"ENSG00000007933",0.2455,9.6852,0.03047,0.1102
"ENSG00000007944",-0.4976,9.0395,5.766e-05,0.0005384
"ENSG00000007952",0.6367,7.1652,0.2754,0.5211
"ENSG00000008018",0.0434,10.7513,0.6064,0.8054
"ENSG00000008056",0.7041,7.3154,0.133,0.3259
"ENSG00000008083",0.4416,8.9293,0.00245,0.01432
"ENSG00000008086",-0.2408,8.0894,0.303,0.552
"ENSG00000008118",-0.3719,7.0587,0.6473,0.8309
"ENSG00000008128",-0.2072,7.3772,0.5971,0.7974
"ENSG00000008130",0.7762,10.8193,5.096e-10,1.165e-08
"ENSG00000008226",-0.2702,7.0615,0.74,0.8846
"ENSG00000008256",1.1834,11.8083,3.523e-30,4.812e-28
"ENSG00000008277",-0.2815,7.3216,0.5154,0.7391
"ENSG00000008282",0.2799,11.0742,0.008835,0.04159
"ENSG00000008283",0.0077,9.4857,0.9451,0.9765
"ENSG00000008294",-0.0311,11.6001,0.6952,0.86
"ENSG00000008300",0.2639,7.9917,0.22,0.453
"ENSG00000008311",1.0957,9.775,3.409e-24,3.252e-22
"ENSG00000008323",0.5029,7.1107,0.4482,0.6879
"ENSG00000008324",0.5385,8.1977,0.01164,0.0518
"ENSG00000008382",0.0632,7.9635,0.7669,0.8978
"ENSG00000008394",0.1055,11.8118,0.2592,0.5036
"ENSG00000008405",0.0889,8.8282,0.5794,0.7868
"ENSG00000008441",-0.3264,13.4107,3.287e-06,4.074e-05
"ENSG00000008513",-0.5951,10.7498,9.711e-10,2.159e-08
"ENSG00000008517",-0.7491,8.4472,9.189e-05,0.0008182
"ENSG00000008710",0.4804,12.4254,0.0002131,0.001728
"ENSG00000008735",0.3772,7.306,0.4248,0.6686
"ENSG00000008838",-0.0257,10.4033,0.7879,0.9088
"ENSG00000008853",0.5477,9.5378,4.562e-06,5.489e-05
"ENSG00000008869",0.0421,9.8263,0.6673,0.8426
"ENSG00000008952",0.1732,12.3644,0.03287,0.1168
"ENSG00000008988",-0.0375,13.4197,0.6115,0.8088
"ENSG00000009307",0.0092,13.9616,0.9066,0.9615
"ENSG00000009335",0.2077,11.1697,0.01022,0.0468
"ENSG00000009413",1.0956,12.8146,4.896e-18,2.675e-16
"ENSG00000009724",-0.3993,7.5925,0.1805,0.4009
"ENSG00000009780",0.5664,8.4564,0.00156,0.009734
"ENSG00000009790",-0.2198,7.211,0.6738,0.8469
"ENSG00000009830",0.0853,9.2595,0.4811,0.7141
"ENSG00000009844",-0.0556,10.0284,0.5744,0.7833
"ENSG00000009954",-0.0406,11.6195,0.6575,0.8374
"ENSG00000010017",0.7209,10.963,7.702e-09,1.506e-07
"ENSG00000010030",-0.847,7.2566,0.07986,0.2259
"ENSG00000010072",-0.0635,8.4538,0.6893,0.8562
"ENSG00000010165",-0.0286,10.1116,0.7835,0.9065
"ENSG00000010219",-0.2399,8.5234,0.1117,0.288
"ENSG00000010244",0.1205,11.1194,0.1309,0.3224
"ENSG00000010256",0.4722,10.9489,4.518e-07,6.554e-06
"ENSG00000010270",0.0492,9.9175,0.6424,0.8282
"ENSG00000010278",0.5697,11.9498,3.959e-09,8.112e-08
"ENSG00000010292",0.0293,10.4435,0.7828,0.9063
"ENSG00000010295",-0.0736,10.43,0.455,0.6929
"ENSG00000010310",-1.127,7.2449,0.02402,0.09183
"ENSG00000010318",-0.0349,7.8965,0.8877,0.9541
"ENSG00000010322",-0.2644,11.4288,0.001235,0.007971
"ENSG00000010361",0.1552,8.5013,0.3345,0.5837
"ENSG00000010404",0.1908,11.0569,0.0369,0.1274
"ENSG00000010438",0.0902,7.2347,0.8647,0.9441
"ENSG00000010539",-0.1266,8.2068,0.4942,0.7245
"ENSG00000010610",-0.2561,7.7216,0.3313,0.5799
"ENSG00000010626",-0.2399,8.3199,0.1647,0.3778
"ENSG00000010704",-0.1576,9.341,0.2435,0.4835
"ENSG00000010803",-0.0047,9.9123,0.9631,0.9857
"ENSG00000010810",0.0576,10.8688,0.5277,0.7481
"ENSG00000010818",-0.3557,10.647,0.0001362,0.001161
"ENSG00000010932",0.9547,7.4215,0.06348,0.1917
"ENSG00000011007",0.1808,10.3447,0.05639,0.1756
"ENSG00000011009",0.2149,9.3623,0.0583,0.1803
"ENSG00000011021",0.0912,9.6725,0.4172,0.6617
"ENSG00000011028",-0.2204,14.0317,0.005461,0.02809
"ENSG00000011105",0.2892,11.8544,0.0011,0.007247
"ENSG00000011114",0.0619,10.4419,0.5116,0.7363
"ENSG00000011132",0.1004,8.5431,0.5225,0.744
"ENSG00000011143",-0.3043,8.3188,0.06987,0.2054
"ENSG00000011198",1.1251,10.3245,2.134e-10,5.084e-09
"ENSG00000011243",-0.1847,9.7383,0.1096,0.2843
"ENSG00000011258",-0.3046,9.126,0.02069,0.08157
"ENSG00000011260",0.2499,9.2275,0.04073,0.1376
"ENSG00000011275",0.0113,10.9094,0.89,0.9546
"ENSG00000011295",0.1293,9.2277,0.3159,0.5648
"ENSG00000011304",0.3511,11.8772,8.779e-06,9.95e-05
"ENSG00000011332",0.1917,7.1906,0.7317,0.88
"ENSG00000011347",-0.9138,8.3189,3.781e-06,4.616e-05
"ENSG00000011376",0.0338,9.2709,0.774,0.9019
"ENSG00000011405",0.3562,10.7245,2.911e-05,0.000292
"ENSG00000011422",0.0502,9.1782,0.739,0.8842
"ENSG00000011426",-0.0157,8.6809,0.9104,0.9631
"ENSG00000011451",0.0747,10.7527,0.4399,0.6815
"ENSG00000011454",0.4274,11.2785,0.0001478,0.001248
"ENSG00000011465",-0.0962,18.1376,0.2007,0.4285
"ENSG00000011478",0.686,8.3027,7.873e-05,0.0007131
"ENSG00000011485",0.5486,10.1711,2.271e-07,3.506e-06
"ENSG00000011523",0.1588,9.9959,0.1902,0.4142
"ENSG00000011566",0.8082,10.5892,2.984e-15,1.247e-13
"ENSG00000011638",0.1103,10.083,0.3655,0.6127
"ENSG00000012048",-1.2103,8.6153,8.756e-13,2.795e-11
"ENSG00000012061",0.0126,10.0121,0.9197,0.967
"ENSG00000012171",-0.7334,10.4738,6.081e-12,1.713e-10
"ENSG00000012174",0.1154,9.8493,0.2722,0.5174
"ENSG00000012211",0.1673,8.2118,0.3633,0.6103
"ENSG00000012232",0.0912,10.5105,0.3211,0.5692
"ENSG00000012660",0.4034,11.316,0.0006542,0.004628
"ENSG00000012817",-0.121,9.4462,0.3401,0.5884
"ENSG00000012822",0.4113,12.5896,0.0001562,0.001309
"ENSG00000012963",-0.127,9.5146,0.2956,0.5439
"ENSG00000012983",-0.0998,11.0241,0.2203,0.4532
"ENSG00000013016",0.4601,11.0118,0.002474,0.01444
"ENSG00000013275",0.1366,10.1487,0.1468,0.35
"ENSG00000013288",0.0757,11.7007,0.4448,0.6849
"ENSG00000013293",-2.8828,8.5098,5.852e-40,1.199e-37
"ENSG00000013297",-1.7743,11.5814,1.481e-24,1.451e-22
"ENSG00000013306",-0.0172,10.1971,0.8622,0.9428
"ENSG00000013364",0.1389,12.9517,0.06573,0.1965
"ENSG00000013374",0.1707,10.5,0.08505,0.2365
"ENSG00000013375",-0.2871,10.2186,0.008793,0.04144
"ENSG00000013392",-0.2755,8.7662,0.05328,0.1684
"ENSG00000013441",0.2628,11.4779,0.05406,0.17
"ENSG00000013503",0.0979,8.7849,0.4723,0.7065
"ENSG00000013523",-0.3094,9.0637,0.01809,0.07338
"ENSG00000013561",0.3149,10.0814,0.004245,0.02274
"ENSG00000013563",-0.0085,8.4547,0.959,0.9842
"ENSG00000013573",-0.5059,8.618,0.001158,0.007563
"ENSG00000013583",0.3888,10.6215,0.001241,0.00801
"ENSG00000013588",-0.1508,9.5788,0.3561,0.6031
"ENSG00000013619",0.3597,10.3348,0.002716,0.01562
"ENSG00000013810",0.1462,7.8701,0.5481,0.7645
"ENSG00000014123",-0.1086,10.0784,0.3208,0.5689
"ENSG00000014138",-0.2081,8.401,0.1976,0.4247
"ENSG00000014164",0.0199,9.3168,0.8724,0.9463
"ENSG00000014216",0.2683,11.8307,0.001867,0.01135
"ENSG00000014257",-0.657,7.2696,0.241,0.4805
"ENSG00000014641",-0.0715,10.7261,0.4004,0.6465
"ENSG00000014824",0.1307,10.5581,0.1711,0.3872
"ENSG00000014914",-0.4472,9.5577,0.0002215,0.001786
"ENSG00000014919",-0.0846,9.6935,0.4116,0.6575
"ENSG00000015133",0.403,7.0528,0.6316,0.8214
"ENSG00000015153",0.3997,8.6889,0.02085,0.08207
"ENSG00000015171",-0.0304,11.2122,0.7078,0.8667
"ENSG00000015285",-1.4151,7.0245,0.1147,0.2936
"ENSG00000015475",0.0043,8.9973,0.9727,0.9891
"ENSG00000015479",-0.1468,12.784,0.06455,0.194
"ENSG00000015520",-2.82,7.2385,3.657e-06,4.495e-05
"ENSG00000015532",0.046,9.7642,0.664,0.8413
"ENSG00000015568",-0.2084,10.4329,0.02733,0.1014
"ENSG00000015676",0.0286,10.8179,0.7548,0.8924
"ENSG00000016391",-2.0074,7.9226,1.945e-14,7.417e-13
"ENSG00000016402",-1.1323,7.1505,0.0721,0.21
"ENSG00000016864",0.082,10.7802,0.3653,0.6126
"ENSG00000017260",-0.1499,11.5275,0.1074,0.2799
"ENSG00000017427",-0.4792,9.9104,0.004241,0.02273
"ENSG00000017483",-1.0055,9.2599,3.963e-07,5.838e-06
"ENSG00000017621",-0.2413,7.3208,0.5804,0.7874
"ENSG00000017797",0.5652,11.7674,1.208e-09,2.65e-08
"ENSG00000018189",-0.3082,10.2161,0.002453,0.01433
"ENSG00000018236",0.4017,7.6608,0.1718,0.3883
"ENSG00000018280",0.0118,7.0526,0.9882,0.9952
"ENSG00000018408",0.1149,11.4495,0.1862,0.4083
"ENSG00000018510",0.1432,9.9549,0.1635,0.3759
"ENSG00000018610",-0.1068,8.8578,0.4161,0.661
"ENSG00000018625",-0.9158,9.3281,2.681e-14,1.007e-12
"ENSG00000018699",0.0078,8.8363,0.9577,0.9841
"ENSG00000018869",-0.0833,7.7763,0.7539,0.8918
"ENSG00000019102",0.3668,7.0478,0.6566,0.8365
"ENSG00000019144",0.3541,11.6236,0.001678,0.01036
"ENSG00000019186",-4.3247,7.1126,3.945e-07,5.816e-06
"ENSG00000019485",0.4033,8.505,0.02897,0.106
"ENSG00000019549",0.0546,11.5872,0.8558,0.9405
"ENSG00000019582",-0.6415,7.604,0.0295,0.1074
"ENSG00000019991",-0.9746,10.371,9.888e-13,3.123e-11
"ENSG00000019995",0.9276,11.0956,4.231e-19,2.631e-17
"ENSG00000020129",-0.5029,10.2539,3.461e-07,5.141e-06
"ENSG00000020181",-0.334,12.9587,0.00422,0.02263
"ENSG00000020256",-0.2976,8.959,0.05891,0.1815
"ENSG00000020426",0.0662,8.4808,0.6915,0.8574
"ENSG00000020577",1.2033,11.5788,2.289e-38,4.487e-36
"ENSG00000020633",0.4149,7.9124,0.07971,0.2255
"ENSG00000020922",0.055,9.0685,0.6531,0.8345
"ENSG00000021300",-0.4201,7.2594,0.4028,0.649
"ENSG00000021355",0.5966,9.6616,6.211e-08,1.054e-06
"ENSG00000021574",0.0756,9.4353,0.5285,0.7487
"ENSG00000021645",1.9103,7.4808,6.826e-06,7.941e-05
"ENSG00000021762",0.4075,10.5943,4.978e-05,0.0004722
"ENSG00000021776",0.2228,10.4083,0.02277,0.08806
"ENSG00000021826",-0.3045,8.9913,0.01503,0.06323
"ENSG00000022267",0.5112,13.3348,1.162e-09,2.555e-08
"ENSG00000022277",0.0988,10.6943,0.3356,0.5846
"ENSG00000022567",0.2649,8.3515,0.1113,0.2873
"ENSG00000022840",0.2768,11.4824,0.0005557,0.004015
"ENSG00000022976",-0.1904,8.4871,0.2653,0.5098
"ENSG00000023041",0.1919,9.7705,0.05923,0.1823
"ENSG00000023171",-0.7136,7.9244,0.003605,0.01978
"ENSG00000023191",0.1538,12.277,0.1187,0.3002
"ENSG00000023228",0.1244,10.8201,0.1801,0.4003
"ENSG00000023287",0.124,11.5498,0.2875,0.536
"ENSG00000023318",0.2267,10.6471,0.01183,0.05247
"ENSG00000023330",-0.2686,10.1704,0.00522,0.0271
"ENSG00000023445",0.4881,7.7382,0.1115,0.2877
"ENSG00000023516",-0.0538,11.0213,0.5263,0.7472
"ENSG00000023572",0.2577,8.0194,0.2513,0.4938
"ENSG00000023608",0.7252,8.6822,3.72e-07,5.503e-06
"ENSG00000023697",0.3185,9.3971,0.003425,0.01891
"ENSG00000023734",0.2805,11.1131,0.003344,0.01853
"ENSG00000023839",0.3111,7.2631,0.5294,0.7494
"ENSG00000023892",-0.3054,7.0483,0.7062,0.8656
"ENSG00000023902",0.4093,9.8049,5.557e-05,0.0005203
"ENSG00000023909",1.2221,10.9356,2.261e-25,2.398e-23
"ENSG00000024048",0.1292,10.5864,0.1777,0.3967
"ENSG00000024422",0.1743,13.5359,0.02399,0.09171
"ENSG00000024526",-0.3149,7.2862,0.4893,0.7208
"ENSG00000024862",0.167,8.6747,0.3443,0.5923
"ENSG00000025039",0.5955,7.0885,0.4198,0.6642
"ENSG00000025156",-0.2382,8.7709,0.1034,0.2723
"ENSG00000025293",-0.1154,10.7134,0.2174,0.4496
"ENSG00000025423",-1.993,8.2615,1.677e-16,7.854e-15
"ENSG00000025434",0.1555,9.2003,0.2898,0.5382
"ENSG00000025708",1.2312,8.2713,5.27e-10,1.2e-08
"ENSG00000025770",-0.0915,9.0258,0.4834,0.7158
"ENSG00000025772",-0.4891,9.8792,2.855e-05,0.0002873
"ENSG00000025796",-0.0552,11.7776,0.4741,0.7084
"ENSG00000025800",0.1485,11.0125,0.08685,0.2396
"ENSG00000026025",-0.4006,14.8351,0.002723,0.01564
"ENSG00000026036",-0.3374,7.6214,0.3627,0.6097
"ENSG00000026103",-0.0516,10.3401,0.6197,0.8136
"ENSG00000026297",-0.4374,8.05,0.03458,0.1215
"ENSG00000026508",-0.183,14.3095,0.0755,0.2169
"ENSG00000026559",-0.7635,7.2611,0.1395,0.3374
"ENSG00000026652",-0.1566,9.0515,0.2203,0.4532
"ENSG00000026950",-0.8897,9.8209,4.161e-17,2.056e-15
"ENSG00000027001",-0.3424,9.4868,0.008092,0.03879
"ENSG00000027075",1.069,7.8883,5.763e-05,0.0005384
"ENSG00000027697",0.3958,10.6672,0.003046,0.0172
"ENSG00000027847",-0.1349,9.3024,0.3462,0.5941
"ENSG00000028116",0.1992,8.5454,0.1944,0.4198
"ENSG00000028137",0.8489,9.4387,2.349e-06,2.979e-05
"ENSG00000028203",0.0015,10.4285,0.9869,0.9944
"ENSG00000028277",-2.0901,7.4753,1.85e-08,3.445e-07
"ENSG00000028310",0.0185,9.5774,0.8727,0.9463
"ENSG00000028528",-0.0735,11.8518,0.3347,0.5838
"ENSG00000028839",-0.3351,9.2554,0.01145,0.0512
"ENSG00000029153",-0.039,8.7728,0.7814,0.9055
"ENSG00000029363",-0.048,11.7454,0.5544,0.7688
"ENSG00000029364",-0.122,10.6383,0.2148,0.4466
"ENSG00000029534",-0.2378,7.9784,0.3359,0.5848
"ENSG00000029639",-0.0052,8.13,0.9813,0.9921
"ENSG00000029725",0.0039,10.8265,0.965,0.9863
"ENSG00000029993",-0.3735,9.6021,0.00043,0.003195
"ENSG00000030066",0.0443,10.1292,0.6655,0.8419
"ENSG00000030110",0.1254,8.4928,0.4279,0.6711
"ENSG00000030304",0.0385,7.4663,0.9256,0.9691
"ENSG00000030419",0.3178,8.6735,0.1332,0.326
"ENSG00000030582",-0.1874,13.452,0.01076,0.04871
"ENSG00000031003",0.0382,10.3754,0.7157,0.8714
"ENSG00000031081",-0.7026,8.9927,8.391e-08,1.383e-06
"ENSG00000031691",0.097,7.9659,0.6506,0.8327
"ENSG00000031698",-0.5365,11.5543,5.958e-09,1.187e-07
"ENSG00000031823",-0.3935,10.7447,0.001109,0.007294
"ENSG00000032219",0.0019,9.7329,0.9876,0.9948
"ENSG00000032389",0.0495,8.6063,0.8041,0.9161
"ENSG00000032444",0.1911,10.5011,0.05044,0.1616
"ENSG00000032742",-0.6423,8.6525,9.994e-06,0.0001122
"ENSG00000033011",0.0453,8.9522,0.7306,0.8793
"ENSG00000033030",0.1094,9.1572,0.4025,0.6487
"ENSG00000033050",0.3451,10.5098,0.0002826,0.002217
"ENSG00000033100",0.0493,11.2357,0.6171,0.8117
"ENSG00000033122",-0.4293,7.0781,0.5559,0.7696
"ENSG00000033170",-0.2745,10.7368,0.04702,0.1535
"ENSG00000033178",-0.2406,10.077,0.02958,0.1076
"ENSG00000033327",0.369,10.5335,0.001422,0.009021
"ENSG00000033627",0.43,9.9325,0.002114,0.01265
"ENSG00000033800",-0.0383,9.682,0.7027,0.8633
"ENSG00000033867",-0.9265,11.2292,2.13e-21,1.623e-19
"ENSG00000034053",0.0055,8.0302,0.9798,0.9915
"ENSG00000034063",-0.6321,7.964,0.03763,0.1295
"ENSG00000034152",0.892,10.3344,2.394e-07,3.674e-06
"ENSG00000034239",-0.364,7.079,0.6238,0.8164
"ENSG00000034510",-0.1222,13.5744,0.1948,0.4202
"ENSG00000034533",-0.6754,8.1021,0.001097,0.007236
"ENSG00000034677",0.1955,9.8891,0.06856,0.2026
"ENSG00000034693",-0.4068,8.8198,0.002172,0.01295
"ENSG00000034713",0.3693,10.638,9.161e-05,0.0008162
"ENSG00000034971",-0.0016,9.1197,0.9917,0.9965
"ENSG00000035115",-0.4612,9.3544,0.0001303,0.001118
"ENSG00000035141",0.1886,9.0826,0.1337,0.3269
"ENSG00000035403",0.8564,13.9693,9.19e-17,4.467e-15
"ENSG00000035499",-0.8878,7.2013,0.1058,0.277
"ENSG00000035664",1.6837,9.4923,1.478e-25,1.586e-23
"ENSG00000035681",-0.3366,10.2693,0.0007494,0.005223
"ENSG00000035687",-0.1663,9.882,0.2176,0.4498
"ENSG00000035862",0.1397,15.3493,0.1296,0.32
"ENSG00000035928",-0.1458,10.2623,0.1366,0.3323
"ENSG00000036054",0.1854,10.4928,0.0555,0.1733
"ENSG00000036257",0.0126,10.9012,0.8898,0.9545
"ENSG00000036448",-0.3656,7.4038,0.3668,0.6139
"ENSG00000036530",-0.4705,7.3845,0.2342,0.471
"ENSG00000036549",-0.0209,10.0206,0.8376,0.9326
"ENSG00000036672",0.6807,7.1917,0.2394,0.4786
"ENSG00000037042",-0.1334,9.4569,0.2135,0.4446
"ENSG00000037241",0.3185,8.9163,0.01483,0.06255
"ENSG00000037474",0.1339,9.9108,0.159,0.3688
"ENSG00000037637",0.3568,9.6824,0.003155,0.01764
"ENSG00000037749",0.2379,10.0111,0.02172,0.08474
"ENSG00000037757",0.086,8.481,0.6089,0.807
"ENSG00000037897",-0.2349,7.7804,0.4066,0.6525
"ENSG00000037965",-0.2278,7.3544,0.5829,0.789
"ENSG00000038002",-0.2066,9.6234,0.1911,0.4151
"ENSG00000038210",0.0119,9.2016,0.931,0.9722
"ENSG00000038219",-0.0929,11.3146,0.2983,0.5472
"ENSG00000038274",0.5272,10.8733,3.987e-06,4.845e-05
"ENSG00000038295",-0.766,7.0798,0.2873,0.5359
"ENSG00000038358",0.1016,9.8157,0.3441,0.5923
"ENSG00000038382",-0.1968,12.6054,0.07909,0.2244
"ENSG00000038427",-0.3783,13.0792,0.0007838,0.005425
"ENSG00000038532",-0.2282,9.7067,0.09181,0.2491
"ENSG00000038945",-0.7248,8.2988,5.422e-05,0.0005089
"ENSG00000039123",-0.0138,10.475,0.879,0.9494
"ENSG00000039139",-0.1901,8.5895,0.3878,0.6336
"ENSG00000039319",-0.125,10.3109,0.1855,0.4075
"ENSG00000039523",0.2232,10.3391,0.02151,0.08411
"ENSG00000039537",1.8655,7.3338,0.0001054,0.0009256
"ENSG00000039560",0.505,12.3208,2.772e-05,0.0002805
"ENSG00000039650",-0.3071,8.9776,0.03864,0.1322
"ENSG00000040199",0.3274,8.9321,0.01666,0.06852
"ENSG00000040275",-0.1949,8.6382,0.3238,0.5716
"ENSG00000040341",-0.0781,9.661,0.5069,0.7333
"ENSG00000040487",0.2868,8.7263,0.03746,0.129
"ENSG00000040531",-0.0159,9.4366,0.8908,0.9549
"ENSG00000040633",-0.2434,9.9484,0.04485,0.148
"ENSG00000040731",-1.9039,7.7671,7.624e-10,1.714e-08
"ENSG00000040933",-0.0054,9.8228,0.9618,0.9851
"ENSG00000041353",-1.5474,7.582,2.05e-05,0.0002143
"ENSG00000041357",-0.0325,10.4742,0.7654,0.8976
"ENSG00000041515",1.7221,7.1565,0.005474,0.02812
"ENSG00000041802",0.1883,9.4861,0.08631,0.239
"ENSG00000041880",-0.0716,9.1369,0.584,0.7897
"ENSG00000041982",-0.8108,11.7233,9.586e-07,1.3e-05
"ENSG00000041988",-0.099,8.5581,0.5135,0.7377
"ENSG00000042062",0.1249,10.7061,0.2815,0.5288
"ENSG00000042088",-0.4203,8.534,0.007766,0.03758
"ENSG00000042286",0.7063,9.6052,1.161e-10,2.826e-09
"ENSG00000042317",-0.3179,8.6052,0.03953,0.1345
"ENSG00000042429",0.2066,9.1765,0.1032,0.2719
"ENSG00000042445",-0.0372,10.5116,0.6798,0.8495
"ENSG00000042493",0.013,10.2003,0.8983,0.9586
"ENSG00000042753",0.2328,10.4356,0.02637,0.09864
"ENSG00000042832",0.25,7.5256,0.5006,0.7287
"ENSG00000042980",0.5765,7.1763,0.3629,0.6098
"ENSG00000043093",0.1121,9.7857,0.3084,0.5573
"ENSG00000043143",0.3145,10.7519,0.0008924,0.006058
"ENSG00000043514",-0.0636,8.7145,0.6689,0.8436
"ENSG00000044090",-0.5096,10.3344,1.606e-06,2.101e-05
"ENSG00000044115",0.1131,12.9829,0.1735,0.3908
"ENSG00000044446",0.2706,9.0959,0.03071,0.1108
"ENSG00000044459",-0.2713,9.4124,0.02489,0.09438
"ENSG00000044524",0.0637,7.6747,0.8563,0.9407
"ENSG00000044574",-0.0458,13.8371,0.9075,0.9617
"ENSG00000046604",-0.639,7.3641,0.1372,0.3334
"ENSG00000046647",0.0514,9.0808,0.6953,0.8602
"ENSG00000046651",0.0395,9.5099,0.8124,0.9202
"ENSG00000046653",2.3961,9.7629,2.434e-36,4.304e-34
"ENSG00000046889",-1.0498,7.4387,0.008166,0.03908
"ENSG00000047056",0.2798,9.5321,0.01436,0.061
"ENSG00000047188",0.1861,9.8178,0.07745,0.221
"ENSG00000047230",-0.0206,8.9716,0.8902,0.9546
"ENSG00000047249",0.0477,10.027,0.6736,0.8467
"ENSG00000047315",-0.0192,11.2678,0.8118,0.9199
"ENSG00000047346",-0.0841,9.6881,0.5771,0.7851
"ENSG00000047365",-0.3954,7.6417,0.1822,0.4031
"ENSG00000047410",-0.0151,12.2112,0.8396,0.9332
"ENSG00000047457",0.6266,7.2139,0.2287,0.4645
"ENSG00000047578",-0.0743,9.9508,0.5057,0.7329
"ENSG00000047579",0.0334,8.725,0.8156,0.9221
"ENSG00000047617",0.4287,7.1936,0.4303,0.6733
"ENSG00000047621",-0.3723,9.1595,0.003649,0.02
"ENSG00000047634",0.2372,9.3135,0.06101,0.1863
"ENSG00000047644",0.3259,10.7575,0.004835,0.02541
"ENSG00000047648",-0.0059,9.3156,0.9658,0.9864
"ENSG00000047662",0.2224,7.0631,0.7982,0.9134
"ENSG00000047849",0.1387,14.0002,0.07282,0.2115
"ENSG00000047932",-0.1814,10.6598,0.04363,0.145
"ENSG00000048028",0.0256,9.4996,0.8202,0.9238
"ENSG00000048052",-0.4755,9.1248,5.182e-05,0.0004885
"ENSG00000048140",0.2305,10.0932,0.01834,0.0742
"ENSG00000048162",0.527,8.1887,0.01591,0.06627
"ENSG00000048342",-0.4101,9.9969,5.13e-05,0.0004846
"ENSG00000048392",-0.0701,10.6536,0.4385,0.6804
"ENSG00000048405",0.3822,9.1106,0.00296,0.01682
"ENSG00000048471",0.4285,11.149,0.001443,0.009135
"ENSG00000048540",1.3956,7.7402,4.333e-07,6.327e-06
"ENSG00000048544",-0.062,9.9101,0.5837,0.7897
"ENSG00000048545",-1.4864,7.0101,0.1124,0.2893
"ENSG00000048649",4e-04,10.7881,0.9961,0.9983
"ENSG00000048707",0.646,11.6906,3.512e-13,1.191e-11
"ENSG00000048740",0.9286,12.4259,2.339e-15,9.874e-14
"ENSG00000048828",0.1186,11.8944,0.1532,0.3599
"ENSG00000048991",-0.2243,9.4618,0.0599,0.1838
"ENSG00000049089",-0.7739,7.8469,0.0008728,0.005948
"ENSG00000049130",-0.0885,11.5724,0.4226,0.6671
"ENSG00000049167",-0.2571,8.2924,0.1604,0.3708
"ENSG00000049192",-0.4071,8.3172,0.03494,0.1224
"ENSG00000049239",0.3995,12.6146,0.000143,0.001213
"ENSG00000049245",0.1542,11.7953,0.08276,0.2318
"ENSG00000049246",-2.2078,8.4283,1.673e-16,7.854e-15
"ENSG00000049283",-0.8313,7.2069,0.1277,0.3165
"ENSG00000049323",0.6955,14.2716,1.402e-14,5.486e-13
"ENSG00000049449",-0.0786,12.2832,0.3742,0.6207
"ENSG00000049540",0.956,12.6598,1.931e-14,7.379e-13
"ENSG00000049541",-0.3597,8.271,0.06602,0.1971
"ENSG00000049618",-0.1398,10.9024,0.08873,0.2433
"ENSG00000049656",0.2579,10.7157,0.003892,0.02107
"ENSG00000049759",-1.1208,10.3821,8.998e-13,2.856e-11
"ENSG00000049769",-0.2005,8.0368,0.3556,0.6029
"ENSG00000049860",-0.0123,12.149,0.8885,0.9543
"ENSG00000049883",-0.2602,8.4331,0.1355,0.3305
"ENSG00000050130",0.026,10.1864,0.7843,0.9068
"ENSG00000050165",0.2473,14.0842,0.002341,0.01379
"ENSG00000050327",0.0476,9.3643,0.6903,0.8569
"ENSG00000050344",-0.03,8.6347,0.8393,0.9331
"ENSG00000050393",0.399,9.5531,0.000792,0.005472
"ENSG00000050405",-0.2387,13.059,0.05191,0.1649
"ENSG00000050426",-0.1085,10.0992,0.3393,0.5878
"ENSG00000050438",-0.3252,7.8067,0.1972,0.4239
"ENSG00000050555",-0.1706,7.8786,0.517,0.7406
"ENSG00000050628",-0.2811,9.0302,0.05789,0.1793
"ENSG00000050748",-0.0103,10.0754,0.9134,0.9639
"ENSG00000050820",0.1438,10.4139,0.2415,0.4808
"ENSG00000051009",0.0215,9.2923,0.8529,0.9395
"ENSG00000051108",0.749,11.2344,8.797e-18,4.638e-16
"ENSG00000051128",-0.1963,9.1997,0.1007,0.2666
"ENSG00000051180",0.9469,7.595,0.002356,0.01385
"ENSG00000051341",-0.5181,7.3688,0.2102,0.4407
"ENSG00000051382",0.3584,9.0861,0.01339,0.05777
"ENSG00000051523",0.2665,9.7635,0.01044,0.04761
"ENSG00000051596",-0.1963,8.872,0.1434,0.3438
"ENSG00000051620",0.41,10.4191,1.089e-05,0.000121
"ENSG00000051825",-0.4394,8.6763,0.002158,0.01288
"ENSG00000052126",-0.2876,10.6541,0.01225,0.05389
"ENSG00000052723",-0.049,9.8141,0.6224,0.8154
"ENSG00000052749",0.0338,8.9386,0.8085,0.9183
"ENSG00000052795",0.1841,9.5147,0.09166,0.2488
"ENSG00000052802",-0.1019,8.9516,0.4239,0.6679
"ENSG00000052841",-0.0983,11.2536,0.2477,0.4892
"ENSG00000052850",-2.2018,7.0799,0.2977,0.5463
"ENSG00000053254",0.3997,11.9396,0.002656,0.01532
"ENSG00000053328",-0.7402,7.165,0.2223,0.4556
"ENSG00000053371",0.0899,10.116,0.3237,0.5716
"ENSG00000053372",0.2525,9.0699,0.06376,0.1922
"ENSG00000053438",-0.1636,7.5466,0.6379,0.8257
"ENSG00000053501",-0.1793,8.8934,0.1845,0.4063
"ENSG00000053524",0.5271,7.0305,0.5375,0.7563
"ENSG00000053702",-0.1849,7.5618,0.5522,0.7673
"ENSG00000053747",0.9549,10.3741,2.922e-07,4.402e-06
"ENSG00000053770",-6e-04,9.4691,0.9958,0.9982
"ENSG00000053900",0.0331,9.5275,0.7508,0.8907
"ENSG00000054116",0.0885,9.8493,0.3863,0.6322
"ENSG00000054118",-0.1922,11.5467,0.01217,0.05364
"ENSG00000054148",-0.251,9.9019,0.03929,0.1339
"ENSG00000054219",1.0392,7.1943,0.07086,0.2074
"ENSG00000054267",-0.0957,10.3224,0.311,0.56
"ENSG00000054277",0.8249,8.23,5.975e-05,0.0005557
"ENSG00000054282",-0.3733,9.3882,0.003668,0.02006
"ENSG00000054356",-0.9243,7.2699,0.07771,0.2215
"ENSG00000054392",-0.2539,8.0667,0.2284,0.464
"ENSG00000054523",0.1694,10.7775,0.06665,0.1984
"ENSG00000054598",-0.1543,9.353,0.2026,0.431
"ENSG00000054611",0.0338,9.6334,0.7589,0.8946
"ENSG00000054654",0.1424,10.8454,0.4425,0.6837
"ENSG00000054690",-0.6701,7.1687,0.2712,0.5164
"ENSG00000054793",0.165,11.7148,0.1633,0.3756
"ENSG00000054938",-1.511,7.9735,5.548e-08,9.521e-07
"ENSG00000054965",-0.2506,10.8463,0.003769,0.02053
"ENSG00000054967",-0.2678,7.1982,0.6426,0.8283
"ENSG00000054983",0.2993,9.7472,0.003644,0.01998
"ENSG00000055044",0.1631,9.4797,0.1789,0.3987
"ENSG00000055070",0.237,11.3129,0.01742,0.07107
"ENSG00000055118",-1.2298,7.1998,0.07007,0.2058
"ENSG00000055130",0.2789,10.536,0.002872,0.01639
"ENSG00000055147",0.0613,9.4858,0.5934,0.7958
"ENSG00000055163",-1.0031,8.8303,6.293e-12,1.77e-10
"ENSG00000055208",0.0768,10.855,0.4467,0.6864
"ENSG00000055211",0.2683,11.3333,0.001346,0.008611
"ENSG00000055332",-0.1548,11.0185,0.0623,0.1892
"ENSG00000055483",0.1933,10.0091,0.04163,0.1399
"ENSG00000055609",-0.2008,11.0871,0.01889,0.07585
"ENSG00000055732",-0.382,8.082,0.079,0.2243
"ENSG00000055813",-1.3786,7.3205,0.004166,0.02239
"ENSG00000055917",0.1387,11.274,0.1199,0.3021
"ENSG00000055950",-0.0644,9.5252,0.5991,0.7992
"ENSG00000056050",-0.1691,8.9508,0.2674,0.5122
"ENSG00000056097",0.1635,11.6324,0.03393,0.1196
"ENSG00000056277",-0.4542,8.3635,0.01376,0.059
"ENSG00000056558",0.2803,8.6346,0.09075,0.2472
"ENSG00000056586",0.368,10.6184,2.242e-05,0.0002327
"ENSG00000056661",-0.2823,9.6947,0.006916,0.03414
"ENSG00000056736",-1.0121,7.8771,7.815e-06,8.947e-05
"ENSG00000056972",0.2604,9.4398,0.04236,0.1418
"ENSG00000056998",0.251,8.8251,0.08571,0.2377
"ENSG00000057019",-0.0553,11.335,0.5046,0.7319
"ENSG00000057252",0.6576,10.4469,4.376e-09,8.896e-08
"ENSG00000057294",1.9699,7.1987,0.001146,0.007494
"ENSG00000057593",0.9093,7.0514,0.2701,0.5153
"ENSG00000057608",0.0027,11.7803,0.9731,0.9892
"ENSG00000057657",1.2084,8.56,2.317e-07,3.569e-06
"ENSG00000057663",0.2682,9.57,0.02726,0.1013
"ENSG00000057704",0.8756,7.3288,0.0518,0.1647
"ENSG00000057757",-0.0652,9.436,0.5906,0.7939
"ENSG00000057935",-0.201,9.9803,0.03535,0.1233
"ENSG00000058056",0.3675,9.2782,0.004479,0.02384
"ENSG00000058063",0.3646,10.8373,2.954e-05,0.0002957
"ENSG00000058085",0.9052,7.8666,0.0001947,0.001595
"ENSG00000058091",-0.0084,10.5877,0.937,0.9734
"ENSG00000058262",-0.2941,13.2325,0.001588,0.009886
"ENSG00000058272",0.3208,10.863,0.00033,0.002548
"ENSG00000058453",0.0361,9.6207,0.7279,0.878
"ENSG00000058600",0.2577,9.4172,0.02688,0.1002
"ENSG00000058668",-0.1407,13.439,0.1785,0.3982
"ENSG00000058673",0.0049,11.987,0.9549,0.9823
"ENSG00000058729",-0.1512,9.064,0.2188,0.4512
"ENSG00000058799",0.3961,9.3431,0.0002962,0.002312
"ENSG00000058804",-0.1103,8.7826,0.4913,0.7225
"ENSG00000059122",-0.0263,10.504,0.8096,0.9192
"ENSG00000059145",0.2778,9.7567,0.006491,0.03233
"ENSG00000059377",-0.223,7.2417,0.6862,0.854
"ENSG00000059378",0.1155,8.7467,0.4553,0.6931
"ENSG00000059573",-0.4057,10.6527,0.001839,0.01121
"ENSG00000059588",-0.3137,9.0597,0.04472,0.1478
"ENSG00000059691",-0.2636,9.027,0.04471,0.1477
"ENSG00000059728",-0.1237,8.5214,0.4616,0.6981
"ENSG00000059758",-0.3124,9.9841,0.003545,0.01951
"ENSG00000059769",0.1121,8.8368,0.4369,0.6789
"ENSG00000059804",0.0163,10.4311,0.908,0.9618
"ENSG00000059915",-0.3353,8.2802,0.06985,0.2054
"ENSG00000060069",0.2838,9.4145,0.01647,0.06806
"ENSG00000060138",0.5012,12.2705,1.356e-05,0.0001472
"ENSG00000060237",-0.1068,12.4401,0.1675,0.3814
"ENSG00000060339",0.0146,10.805,0.8957,0.9573
"ENSG00000060491",0.1142,10.3286,0.2169,0.4492
"ENSG00000060642",0.2437,8.9527,0.06255,0.1897
"ENSG00000060656",0.1509,9.1734,0.3215,0.5696
"ENSG00000060688",-0.0572,9.3582,0.6099,0.8078
"ENSG00000060718",2.4273,8.8243,4.041e-51,1.55e-48
"ENSG00000060749",-0.1459,10.2563,0.1511,0.3574
"ENSG00000060762",0.4503,8.9282,0.0007634,0.005301
"ENSG00000060971",0.0966,9.4813,0.4261,0.6698
"ENSG00000060982",0.0239,11.3052,0.7822,0.9061
"ENSG00000061273",0.5878,11.5434,5.369e-13,1.764e-11
"ENSG00000061337",-1.0144,7.8274,9.718e-05,0.000859
"ENSG00000061455",-0.0199,10.07,0.8796,0.9497
"ENSG00000061656",0.3851,8.0378,0.14,0.3383
"ENSG00000061676",0.257,12.5157,0.0076,0.03695
"ENSG00000061794",0.2395,9.5839,0.033,0.1171
"ENSG00000061918",-0.0796,10.8002,0.644,0.8294
"ENSG00000061936",-0.0939,9.9731,0.3278,0.5765
"ENSG00000061938",-0.2231,9.4013,0.04481,0.1479
"ENSG00000061987",-0.1033,10.5689,0.2535,0.4961
"ENSG00000062194",-0.1609,10.3114,0.08057,0.2271
"ENSG00000062282",-0.348,7.2875,0.4665,0.7021
"ENSG00000062370",0.206,8.2459,0.2447,0.4851
"ENSG00000062485",-0.0764,10.8627,0.423,0.6672
"ENSG00000062582",-0.3031,7.216,0.5727,0.7819
"ENSG00000062598",0.1693,10.4626,0.09659,0.2587
"ENSG00000062650",0.088,10.3739,0.3168,0.5653
"ENSG00000062716",0.548,11.6545,3.936e-09,8.075e-08
"ENSG00000062725",-0.0815,10.9187,0.472,0.7065
"ENSG00000062822",-0.3797,8.1712,0.05352,0.1688
"ENSG00000063046",-0.0244,13.4149,0.7764,0.9032
"ENSG00000063127",-0.8718,7.4562,0.02273,0.08797
"ENSG00000063169",0.476,8.772,0.0004203,0.003133
"ENSG00000063176",0.1156,8.7019,0.4172,0.6617
"ENSG00000063177",-0.0878,12.9906,0.3998,0.646
"ENSG00000063180",-0.5015,8.0972,0.01319,0.05706
"ENSG00000063241",-0.0698,9.1017,0.6019,0.8018
"ENSG00000063244",-0.2307,11.0687,0.02544,0.0961
"ENSG00000063245",0.1837,11.2812,0.0315,0.113
"ENSG00000063322",0.0739,10.5877,0.3993,0.6455
"ENSG00000063438",-0.4334,9.6543,0.0004975,0.003641
"ENSG00000063587",0.3519,9.5919,0.001794,0.01098
"ENSG00000063601",-0.005,9.8284,0.9591,0.9842
"ENSG00000063660",-0.4145,12.1676,0.0009625,0.006466
"ENSG00000063761",-0.1592,8.1275,0.4167,0.6614
"ENSG00000063854",0.2596,9.0857,0.03091,0.1113
"ENSG00000063978",0.0318,10.3951,0.7198,0.874
"ENSG00000064012",-0.1939,9.0341,0.1386,0.3358
"ENSG00000064042",-0.0108,9.2097,0.9487,0.9787
"ENSG00000064102",-0.0154,9.1625,0.8953,0.9569
"ENSG00000064115",0.8141,10.6352,1.998e-08,3.703e-07
"ENSG00000064199",-0.0637,7.9761,0.7647,0.8973
"ENSG00000064201",-1.6203,7.2808,0.0007635,0.005301
"ENSG00000064205",-0.9528,10.8966,3.239e-14,1.207e-12
"ENSG00000064225",-0.5656,7.502,0.1055,0.2764
"ENSG00000064309",-1.5892,8.946,7.947e-11,1.974e-09
"ENSG00000064313",0.0752,9.9469,0.4511,0.6903
"ENSG00000064393",0.5878,11.4252,1.721e-11,4.626e-10
"ENSG00000064419",-0.0857,10.4326,0.3285,0.5773
"ENSG00000064490",0.0115,8.8717,0.9324,0.9726
"ENSG00000064545",0.1077,8.9411,0.4392,0.681
"ENSG00000064547",-0.1128,7.587,0.7105,0.8681
"ENSG00000064601",-0.2747,12.8203,0.0001893,0.001555
"ENSG00000064607",-0.1389,10.4192,0.1808,0.401
"ENSG00000064651",0.0439,9.41,0.7391,0.8842
"ENSG00000064652",0.5465,8.8242,3.661e-05,0.000358
"ENSG00000064655",0.0808,8.0698,0.6799,0.8496
"ENSG00000064666",0.7711,13.0193,3.136e-12,9.255e-11
"ENSG00000064687",-0.8063,8.3043,8.149e-06,9.306e-05
"ENSG00000064692",-1.5112,7.5674,1.899e-05,0.0002004
"ENSG00000064703",0.3064,9.0235,0.01422,0.06058
"ENSG00000064726",0.1291,11.139,0.1111,0.287
"ENSG00000064763",0.3898,8.8325,0.01098,0.0496
"ENSG00000064886",-0.0483,10.5275,0.7194,0.8738
"ENSG00000064932",0.287,10.4132,0.007699,0.03731
"ENSG00000064933",0.5321,9.2688,9.397e-05,0.0008346
"ENSG00000064961",0.2072,10.3415,0.03138,0.1128
"ENSG00000064989",-0.6069,7.5532,0.05354,0.1688
"ENSG00000064995",0.0602,8.5508,0.7125,0.869
"ENSG00000064999",0.1478,9.8046,0.1646,0.3776
"ENSG00000065000",-0.0215,12.0129,0.7844,0.9068
"ENSG00000065029",-0.0824,9.3265,0.4631,0.6995
"ENSG00000065054",-0.1513,10.0474,0.3608,0.6077
"ENSG00000065057",-0.1245,8.0327,0.554,0.7687
"ENSG00000065060",-0.121,9.1171,0.3246,0.5726
"ENSG00000065135",0.1027,10.948,0.3201,0.5686
"ENSG00000065150",-0.1375,12.1203,0.122,0.306
"ENSG00000065154",0.0593,11.6071,0.4496,0.6889
"ENSG00000065183",0.0568,9.3851,0.6334,0.8227
"ENSG00000065243",0.077,10.6354,0.3958,0.6415
"ENSG00000065268",0.2377,8.8673,0.1511,0.3574
"ENSG00000065308",0.2065,13.3054,0.005462,0.02809
"ENSG00000065320",0.5331,12.0277,2.362e-10,5.576e-09
"ENSG00000065328",-0.4345,7.0918,0.532,0.7518
"ENSG00000065357",-0.0817,10.1601,0.3936,0.6392
"ENSG00000065361",0.3899,7.3255,0.3866,0.6325
"ENSG00000065413",-0.1095,8.2328,0.582,0.7884
"ENSG00000065427",0.0858,11.0309,0.3545,0.602
"ENSG00000065457",-0.2341,8.7836,0.1061,0.2774
"ENSG00000065485",-0.1604,9.8632,0.1143,0.2926
"ENSG00000065491",-0.4117,8.9153,0.002062,0.01238
"ENSG00000065518",-0.2375,9.8703,0.01315,0.05692
"ENSG00000065526",0.6559,10.649,9.394e-09,1.816e-07
"ENSG00000065534",0.0516,14.2004,0.5449,0.762
"ENSG00000065548",-0.1137,9.9711,0.2752,0.5209
"ENSG00000065559",0.1195,9.6603,0.2889,0.5375
"ENSG00000065600",-0.2102,8.0154,0.3211,0.5692
"ENSG00000065613",0.1176,10.8772,0.2053,0.4342
"ENSG00000065615",-0.1043,8.8817,0.4239,0.6679
"ENSG00000065621",0.0428,7.708,0.8808,0.9501
"ENSG00000065665",-0.4574,8.2574,0.008868,0.0417
"ENSG00000065717",0.7694,8.6872,1.54e-06,2.029e-05
"ENSG00000065802",0.3103,10.4326,0.0008894,0.006043
"ENSG00000065809",-0.9892,11.1784,2.762e-16,1.264e-14
"ENSG00000065833",-0.6448,9.7379,2.414e-06,3.052e-05
"ENSG00000065882",0.5773,9.9492,7.948e-08,1.321e-06
"ENSG00000065883",0.1435,10.4314,0.1182,0.2994
"ENSG00000065911",0.199,9.3877,0.3135,0.5627
"ENSG00000065923",-0.4439,9.2184,0.004654,0.02462
"ENSG00000065970",0.0305,9.8913,0.7665,0.8978
"ENSG00000065978",-0.071,13.3386,0.344,0.5922
"ENSG00000065989",0.2202,9.8253,0.02389,0.09144
"ENSG00000066027",0.244,9.8602,0.0689,0.2033
"ENSG00000066044",0.0558,10.3121,0.5555,0.7694
"ENSG00000066084",-0.228,10.1849,0.03982,0.1352
"ENSG00000066117",0.038,9.9881,0.7277,0.878
"ENSG00000066135",-0.2888,10.0107,0.002057,0.01235
"ENSG00000066136",-0.2978,9.1687,0.01163,0.05175
"ENSG00000066185",-0.427,7.2687,0.3855,0.6314
"ENSG00000066230",-0.1915,7.5925,0.5753,0.7837
"ENSG00000066279",-0.5948,8.1766,0.002186,0.01301
"ENSG00000066322",0.5267,10.2591,1.218e-08,2.314e-07
"ENSG00000066379",-0.2137,7.763,0.4322,0.6748
"ENSG00000066382",-1.105,7.0879,0.1416,0.3409
"ENSG00000066405",-0.2388,7.2712,0.6573,0.8372
"ENSG00000066422",-0.3089,9.3213,0.01769,0.07199
"ENSG00000066427",-0.057,9.0707,0.697,0.8609
"ENSG00000066455",0.0117,10.6206,0.8926,0.9553
"ENSG00000066468",-2.1481,7.3855,2.65e-06,3.335e-05
"ENSG00000066557",-0.0016,8.9665,0.991,0.9964
"ENSG00000066583",-0.0075,8.8998,0.9537,0.9816
"ENSG00000066629",0.0851,11.5614,0.3814,0.6281
"ENSG00000066651",-0.1493,8.6652,0.2988,0.5478
"ENSG00000066654",-0.03,9.8928,0.7583,0.8943
"ENSG00000066697",-0.6652,9.5134,1.368e-08,2.578e-07
"ENSG00000066739",-0.1575,10.6198,0.08041,0.2269
"ENSG00000066777",0.083,10.817,0.3702,0.6169
"ENSG00000066827",-0.4296,8.5742,0.006898,0.03406
"ENSG00000066855",0.3823,8.9492,0.006242,0.03134
"ENSG00000066923",0.041,8.2135,0.8205,0.9238
"ENSG00000066926",-0.0744,9.3868,0.5056,0.7328
"ENSG00000066933",0.1157,10.2679,0.2004,0.4282
"ENSG00000067048",0.073,9.7023,0.6102,0.808
"ENSG00000067057",-0.0671,11.168,0.8394,0.9331
"ENSG00000067064",0.0205,9.0394,0.8741,0.947
"ENSG00000067066",0.01,11.1748,0.9203,0.967
"ENSG00000067082",1.0895,11.6512,1.058e-16,5.086e-15
"ENSG00000067113",-0.9394,10.3737,5.241e-09,1.049e-07
"ENSG00000067141",-0.2697,10.2989,0.007012,0.03454
"ENSG00000067167",0.6074,13.2354,4.867e-11,1.236e-09
"ENSG00000067177",0.8825,9.3769,1.323e-07,2.118e-06
"ENSG00000067182",0.0787,11.9903,0.421,0.6656
"ENSG00000067191",0.2075,8.2897,0.2264,0.4615
"ENSG00000067208",0.2249,9.8443,0.03649,0.1262
"ENSG00000067221",-0.3401,8.9215,0.01408,0.06015
"ENSG00000067225",-0.3638,14.4017,0.0001246,0.001074
"ENSG00000067248",-0.0272,10.4052,0.7737,0.9016
"ENSG00000067334",0.0944,9.9744,0.3558,0.603
"ENSG00000067365",0.084,8.999,0.5222,0.744
"ENSG00000067369",-0.7594,10.9847,5.979e-18,3.218e-16
"ENSG00000067445",-0.7516,9.7006,3.566e-10,8.276e-09
"ENSG00000067533",0.143,8.7445,0.3174,0.5661
"ENSG00000067560",0.134,13.2332,0.06275,0.1901
"ENSG00000067596",0.0291,10.3138,0.77,0.8992
"ENSG00000067601",-0.2123,7.3889,0.5946,0.7963
"ENSG00000067606",0.1305,7.1309,0.837,0.9326
"ENSG00000067646",0.2901,8.5548,0.09489,0.2552
"ENSG00000067704",0.1236,11.5539,0.1724,0.3891
"ENSG00000067715",0.0162,7.1741,0.9793,0.9914
"ENSG00000067798",2.0944,9.5079,2.904e-05,0.0002914
"ENSG00000067829",-0.0908,9.8282,0.385,0.631
"ENSG00000067836",0.0198,8.5584,0.8976,0.9582
"ENSG00000067840",-0.3759,7.2801,0.4153,0.6604
"ENSG00000067900",0.5743,11.4569,4.809e-11,1.223e-09
"ENSG00000067955",0.4516,9.6075,0.001418,0.009001
"ENSG00000067992",0.3364,7.8094,0.2295,0.4654
"ENSG00000068001",-0.2467,9.2605,0.02911,0.1064
"ENSG00000068024",0.1012,9.5041,0.3729,0.6194
"ENSG00000068028",0.4538,9.875,1.119e-05,0.0001239
"ENSG00000068078",0.4207,7.1677,0.469,0.7039
"ENSG00000068079",0.2625,9.1749,0.04156,0.1398
"ENSG00000068097",-0.101,9.1716,0.4483,0.6879
"ENSG00000068120",0.2472,10.0546,0.01396,0.05971
"ENSG00000068137",-0.1132,9.1813,0.4484,0.688
"ENSG00000068305",0.5291,10.7629,9.498e-09,1.832e-07
"ENSG00000068308",0.1758,10.6481,0.04949,0.1596
"ENSG00000068323",-0.1039,11.2023,0.3083,0.5573
"ENSG00000068354",-0.0502,8.8573,0.7122,0.869
"ENSG00000068366",-0.34,11.8866,1.917e-05,0.0002018
"ENSG00000068383",1.3811,10.3372,9.884e-46,2.785e-43
"ENSG00000068394",0.0219,9.0248,0.8669,0.9446
"ENSG00000068400",-0.0348,9.596,0.7593,0.8949
"ENSG00000068438",0.0228,9.2031,0.8668,0.9446
"ENSG00000068489",-0.2399,7.9581,0.2797,0.5268
"ENSG00000068650",-0.0237,10.1184,0.8389,0.933
"ENSG00000068654",0.1791,10.4045,0.105,0.2756
"ENSG00000068697",-0.2351,13.042,0.002129,0.01271
"ENSG00000068724",-0.0513,10.1447,0.6001,0.8
"ENSG00000068745",-0.3142,9.9509,0.01448,0.0614
"ENSG00000068784",-0.5778,8.8362,9.529e-05,0.0008451
"ENSG00000068793",0.1727,11.6579,0.04304,0.1436
"ENSG00000068796",-0.0932,9.5884,0.4173,0.6618
"ENSG00000068831",2.0198,7.9836,2.485e-14,9.353e-13
"ENSG00000068878",0.1867,10.7572,0.0816,0.2293
"ENSG00000068885",-0.3105,9.6526,0.01401,0.05989
"ENSG00000068903",-0.1181,10.3941,0.2657,0.5102
"ENSG00000068912",0.1929,11.0374,0.01642,0.0679
"ENSG00000068971",0.1386,9.3867,0.2905,0.5389
"ENSG00000068976",-0.8221,7.3835,0.06902,0.2035
"ENSG00000069011",-0.4507,7.9435,0.06347,0.1917
"ENSG00000069020",-0.7563,9.9815,3.138e-09,6.474e-08
"ENSG00000069122",0.8267,6.946,0.4732,0.7073
"ENSG00000069188",-0.5806,7.2024,0.2811,0.5284
"ENSG00000069248",0.1507,10.3779,0.1195,0.3016
"ENSG00000069275",-0.2577,12.0848,0.008483,0.0402
"ENSG00000069329",-0.1972,11.6276,0.01133,0.05078
"ENSG00000069345",0.098,10.5294,0.3283,0.5772
"ENSG00000069399",-0.5993,9.0834,0.0003728,0.002823
"ENSG00000069424",0.2362,8.5113,0.1138,0.2917
"ENSG00000069431",1.0571,9.9319,1.027e-26,1.202e-24
"ENSG00000069482",-0.995,7.0375,0.2267,0.4616
"ENSG00000069493",0.2225,7.7981,0.4193,0.6636
"ENSG00000069509",0.1643,8.3833,0.3063,0.5551
"ENSG00000069535",1.3254,9.0904,0.001847,0.01126
"ENSG00000069667",0.4705,9.4843,2.981e-05,0.000298
"ENSG00000069696",0.4626,7.0664,0.539,0.7573
"ENSG00000069702",0.1125,11.9738,0.5067,0.7333
"ENSG00000069712",0.1231,8.462,0.4588,0.6961
"ENSG00000069849",0.1528,10.8802,0.1372,0.3334
"ENSG00000069869",0.2576,10.3227,0.02079,0.08194
"ENSG00000069943",0.0329,8.723,0.8327,0.9306
"ENSG00000069956",-0.1576,10.1029,0.09205,0.2496
"ENSG00000069966",-0.0141,9.401,0.9011,0.9596
"ENSG00000069974",0.2154,9.7538,0.1218,0.3057
"ENSG00000069998",0.5928,9.281,0.001339,0.008576
"ENSG00000070010",0.1712,9.5405,0.1204,0.3029
"ENSG00000070018",-0.4615,10.9643,3.387e-07,5.046e-06
"ENSG00000070047",0.2016,10.1477,0.04877,0.1577
"ENSG00000070061",0.0552,10.1672,0.5871,0.7913
"ENSG00000070081",-0.455,10.8209,1.005e-07,1.639e-06
"ENSG00000070087",-0.3213,11.1964,0.0004791,0.003517
"ENSG00000070159",0.7073,7.8619,0.002272,0.01343
"ENSG00000070182",-0.0929,7.1285,0.8908,0.9549
"ENSG00000070193",-1.2604,8.0744,8.096e-10,1.813e-08
"ENSG00000070214",0.3183,11.8521,0.002992,0.01696
"ENSG00000070269",-0.2531,9.1343,0.04767,0.155
"ENSG00000070366",-0.3053,10.8433,0.0005119,0.003739
"ENSG00000070367",-0.0126,10.5698,0.8892,0.9545
"ENSG00000070371",0.5596,8.6281,0.0001332,0.00114
"ENSG00000070388",3.0048,7.0395,0.0009557,0.006443
"ENSG00000070404",1.8155,10.9077,2.339e-57,1.205e-54
"ENSG00000070413",0.0702,11.3222,0.5143,0.7384
"ENSG00000070423",0.3285,8.9691,0.01114,0.05015
"ENSG00000070444",0.1219,9.6442,0.3036,0.5527
"ENSG00000070476",0.3225,9.1522,0.008124,0.0389
"ENSG00000070495",0.4708,8.8916,0.0007119,0.004985
"ENSG00000070501",-0.3182,8.1628,0.1003,0.2659
"ENSG00000070540",0.9435,11.7694,6.678e-13,2.158e-11
"ENSG00000070610",0.4377,9.9331,1.159e-05,0.0001279
"ENSG00000070614",0.2799,12.9626,0.02412,0.09214
"ENSG00000070669",-0.968,9.2357,5.855e-13,1.913e-11
"ENSG00000070718",-0.4408,9.1852,0.0007016,0.004927
"ENSG00000070731",0.2434,7.2429,0.6597,0.8393
"ENSG00000070756",-0.0665,14.2412,0.4489,0.6885
"ENSG00000070759",-0.4955,8.0632,0.01762,0.07181
"ENSG00000070761",-0.2056,8.8306,0.1142,0.2926
"ENSG00000070770",-0.1436,10.6123,0.1406,0.3392
"ENSG00000070778",0.1479,10.6357,0.1132,0.2905
"ENSG00000070785",-0.1003,8.8736,0.4722,0.7065
"ENSG00000070808",-2.3135,7.3574,4.313e-07,6.302e-06
"ENSG00000070814",-0.153,9.824,0.2283,0.4639
"ENSG00000070831",0.0912,11.8692,0.2606,0.5047
"ENSG00000070882",-1.1027,10.2639,9.357e-19,5.55e-17
"ENSG00000070950",0.2161,8.5092,0.1999,0.4275
"ENSG00000070961",0.4518,10.8096,0.0009309,0.006297
"ENSG00000071051",0.1673,9.297,0.1475,0.3509
"ENSG00000071054",-0.1294,13.3198,0.09665,0.2588
"ENSG00000071073",0.0812,7.082,0.9118,0.9635
"ENSG00000071082",0.0373,13.4467,0.6324,0.8221
"ENSG00000071127",0.825,13.2096,3.03e-10,7.087e-09
"ENSG00000071189",-0.0864,10.4379,0.3291,0.5778
"ENSG00000071205",0.4565,10.0746,9.099e-05,0.0008118
"ENSG00000071242",0.9242,13.3883,1.589e-22,1.303e-20
"ENSG00000071243",-0.1026,8.3326,0.564,0.7754
"ENSG00000071246",-0.1015,8.5194,0.5038,0.7313
"ENSG00000071282",1.6053,11.7041,1.069e-37,2.007e-35
"ENSG00000071462",-0.0646,9.8116,0.5301,0.7501
"ENSG00000071537",0.1976,12.4647,0.0459,0.1507
"ENSG00000071539",-0.1093,7.7151,0.6957,0.8603
"ENSG00000071553",0.0209,10.8542,0.8351,0.9314
"ENSG00000071564",-0.4715,10.4578,5.163e-07,7.387e-06
"ENSG00000071575",-0.4085,9.1069,0.03852,0.1319
"ENSG00000071626",0.2167,10.2661,0.02626,0.09837
"ENSG00000071655",-0.1182,9.9744,0.2384,0.4769
"ENSG00000071794",-0.2452,9.9828,0.01941,0.07749
"ENSG00000071859",0.2719,10.6502,0.006279,0.03148
"ENSG00000071889",0.2362,9.8488,0.02921,0.1067
"ENSG00000071894",0.0076,10.768,0.9349,0.9728
"ENSG00000071909",-0.4071,7.2962,0.4772,0.7112
"ENSG00000071967",0.213,14.8958,0.01136,0.05086
"ENSG00000071994",0.0934,9.7299,0.3551,0.6027
"ENSG00000072041",-0.6127,7.68,0.07267,0.2113
"ENSG00000072042",0.0792,9.746,0.4244,0.6683
"ENSG00000072062",-0.1434,10.8175,0.08907,0.244
"ENSG00000072071",-0.3822,8.9343,0.005725,0.02919
"ENSG00000072110",0.394,13.6267,0.007042,0.03468
"ENSG00000072121",-0.3958,10.2523,3.364e-05,0.0003324
"ENSG00000072133",-0.3247,8.3112,0.06733,0.1999
"ENSG00000072134",0.3883,9.7871,0.001964,0.01188
"ENSG00000072135",0.4661,9.1788,0.0003744,0.002833
"ENSG00000072163",1.3602,9.6231,9.162e-15,3.663e-13
"ENSG00000072195",-0.5349,10.4366,2.108e-05,0.0002196
"ENSG00000072201",0.4312,8.4048,0.01624,0.06725
"ENSG00000072210",-0.9796,10.0952,4.799e-11,1.222e-09
"ENSG00000072274",0.1928,12.1386,0.04895,0.1582
"ENSG00000072310",-0.6988,10.7042,6.403e-09,1.265e-07
"ENSG00000072364",-0.0313,11.8344,0.6979,0.8613
"ENSG00000072401",0.1467,9.577,0.2106,0.4412
"ENSG00000072415",-0.1831,9.9724,0.05638,0.1756
"ENSG00000072422",0.0807,9.9169,0.4439,0.6844
"ENSG00000072444",-0.5467,7.371,0.2003,0.4281
"ENSG00000072501",-0.1664,10.455,0.06253,0.1896
"ENSG00000072506",0.2324,9.4009,0.04937,0.1592
"ENSG00000072518",-0.061,9.2271,0.5921,0.7949
"ENSG00000072571",1.5602,7.5365,1.084e-06,1.454e-05
"ENSG00000072609",0.1111,9.3774,0.3471,0.595
"ENSG00000072657",0.1475,10.2609,0.2298,0.4657
"ENSG00000072682",-0.3602,11.9152,4.563e-06,5.489e-05
"ENSG00000072736",0.023,8.9073,0.8697,0.945
"ENSG00000072756",0.1067,8.8902,0.4146,0.6598
"ENSG00000072778",-0.0468,11.7904,0.6201,0.8139
"ENSG00000072786",0.2135,9.8354,0.09539,0.2563
"ENSG00000072803",0.0287,10.8411,0.7625,0.897
"ENSG00000072818",-0.283,7.7651,0.2948,0.5429
"ENSG00000072832",-0.2641,9.196,0.03261,0.1161
"ENSG00000072840",-0.1703,11.6713,0.08076,0.2275
"ENSG00000072849",-0.0098,9.716,0.9289,0.971
"ENSG00000072864",0.3231,8.7864,0.02089,0.0822
"ENSG00000072952",0.4015,12.3798,0.01427,0.06074
"ENSG00000072954",-0.0926,7.8552,0.7194,0.8738
"ENSG00000072958",1.0855,11.1025,1.66e-28,2.169e-26
"ENSG00000073008",-0.312,10.6319,0.3058,0.5548
"ENSG00000073009",0.0668,10.0352,0.5444,0.7616
"ENSG00000073050",-0.1078,8.9246,0.4216,0.6661
"ENSG00000073060",-0.6242,8.8962,9.124e-05,0.0008133
"ENSG00000073111",-0.6572,8.4137,0.000295,0.002306
"ENSG00000073146",-0.944,7.9949,1.521e-05,0.0001639
"ENSG00000073150",-0.5173,7.8046,0.03559,0.1239
"ENSG00000073169",0.4701,9.1757,9.628e-05,0.0008523
"ENSG00000073331",-0.3677,9.5395,0.0008549,0.005846
"ENSG00000073417",0.0436,9.7579,0.7012,0.8625
"ENSG00000073464",0.3995,9.5679,0.004649,0.0246
"ENSG00000073536",-0.5174,8.8958,0.000477,0.003505
"ENSG00000073578",0.0314,11.1974,0.7091,0.8675
"ENSG00000073584",-0.2253,10.5016,0.0186,0.07498
"ENSG00000073605",-0.2632,8.4792,0.1131,0.2905
"ENSG00000073614",0.0581,10.8206,0.5596,0.7725
"ENSG00000073670",-0.6413,7.5315,0.05397,0.1698
"ENSG00000073711",-0.2751,9.8427,0.008289,0.03949
"ENSG00000073712",0.6204,11.955,5.219e-10,1.19e-08
"ENSG00000073756",-1.3716,7.8328,0.0001573,0.001316
"ENSG00000073792",0.7914,11.3251,4.609e-15,1.893e-13
"ENSG00000073803",0.1767,8.774,0.2058,0.4347
"ENSG00000073849",-0.3577,7.4169,0.343,0.5915
"ENSG00000073905",0.2967,8.0118,0.2477,0.4892
"ENSG00000073910",0.4388,10.5612,0.1779,0.3971
"ENSG00000073921",0.264,11.9732,0.00218,0.01298
"ENSG00000073969",-0.0447,10.4672,0.6334,0.8227
"ENSG00000074047",-0.9149,9.083,1.709e-09,3.669e-08
"ENSG00000074054",0.2048,10.828,0.03864,0.1322
"ENSG00000074071",0.0417,9.5078,0.7204,0.8742
"ENSG00000074181",0.5758,10.0285,3.677e-09,7.552e-08
"ENSG00000074201",-0.2387,10.3295,0.007386,0.0361
"ENSG00000074211",0.6455,7.1831,0.3145,0.5633
"ENSG00000074219",-0.718,9.2577,9.267e-08,1.516e-06
"ENSG00000074266",-0.049,8.7068,0.7477,0.8892
"ENSG00000074276",-0.5563,7.0432,0.4964,0.7256
"ENSG00000074319",0.4037,10.2699,4.851e-05,0.0004616
"ENSG00000074356",-0.054,9.868,0.6382,0.8257
"ENSG00000074370",0.1667,7.8234,0.5144,0.7384
"ENSG00000074410",-0.7917,11.4652,1.117e-13,4.005e-12
"ENSG00000074416",0.437,12.1088,0.004171,0.02241
"ENSG00000074527",1.0041,11.8626,1.151e-09,2.534e-08
"ENSG00000074582",0.0895,9.0263,0.4761,0.7101
"ENSG00000074590",1.3611,9.1572,2.084e-19,1.319e-17
"ENSG00000074603",0.1716,10.5529,0.05098,0.1627
"ENSG00000074621",0.1204,9.4551,0.2855,0.5339
"ENSG00000074657",-0.104,11.6337,0.2709,0.5162
"ENSG00000074660",1.3007,7.4562,0.0002743,0.002157
"ENSG00000074695",-0.2098,11.945,0.016,0.06654
"ENSG00000074696",-0.1754,11.0989,0.03478,0.122
"ENSG00000074706",-0.0144,7.4199,0.9755,0.9899
"ENSG00000074755",0.0918,11.0069,0.312,0.561
"ENSG00000074800",0.2582,13.7432,0.3851,0.6312
"ENSG00000074803",-0.755,7.0808,0.3414,0.5899
"ENSG00000074842",0.1872,10.7375,0.04931,0.1591
"ENSG00000074855",-0.361,8.3663,0.03717,0.1282
"ENSG00000074935",-0.712,8.7999,1.095e-07,1.78e-06
"ENSG00000074964",0.1438,9.8852,0.1858,0.4078
"ENSG00000075073",-0.3103,7.0739,0.6709,0.8447
"ENSG00000075089",0.056,8.8504,0.697,0.8609
"ENSG00000075131",-0.2777,7.8972,0.2344,0.4713
"ENSG00000075142",0.4796,10.4443,2.861e-06,3.578e-05
"ENSG00000075151",-0.2032,11.781,0.01918,0.07673
"ENSG00000075188",-0.218,9.0837,0.1003,0.2658
"ENSG00000075213",-1.2076,9.7384,5.648e-19,3.452e-17
"ENSG00000075218",0.3428,7.2169,0.5771,0.7851
"ENSG00000075223",-0.114,11.6416,0.4129,0.6587
"ENSG00000075234",0.3515,9.4245,0.001837,0.01121
"ENSG00000075239",0.1735,10.2738,0.1244,0.3106
"ENSG00000075240",-1.1704,9.5211,1.769e-13,6.17e-12
"ENSG00000075275",-1.6469,7.0779,0.03574,0.1243
"ENSG00000075292",0.0207,11.0726,0.8191,0.9231
"ENSG00000075303",-0.1932,8.617,0.2478,0.4892
"ENSG00000075336",-0.1672,8.8528,0.2081,0.4377
"ENSG00000075391",0.5178,10.1114,9.609e-06,0.0001083
"ENSG00000075399",0.1347,9.3165,0.2315,0.4676
"ENSG00000075407",0.0297,10.1334,0.7911,0.9101
"ENSG00000075413",-0.119,10.446,0.1854,0.4073
"ENSG00000075415",0.2218,12.672,0.002944,0.01675
"ENSG00000075420",0.7007,12.5039,5.038e-13,1.664e-11
"ENSG00000075426",0.2761,11.6743,0.0119,0.05272
"ENSG00000075539",0.3555,10.375,0.001486,0.00934
"ENSG00000075568",-0.227,11.0132,0.009192,0.04303
"ENSG00000075618",-0.5026,11.4111,4.395e-05,0.0004229
"ENSG00000075624",0.8884,16.0974,0.001354,0.008637
"ENSG00000075643",-0.1706,8.6278,0.2903,0.5386
"ENSG00000075651",-0.5637,9.9134,0.0006403,0.004542
"ENSG00000075702",-0.0575,7.3016,0.8976,0.9582
"ENSG00000075711",0.0886,10.5244,0.3866,0.6325
"ENSG00000075785",0.049,13.0016,0.4945,0.7245
"ENSG00000075790",0.2688,10.1753,0.02289,0.0884
"ENSG00000075826",0.0426,8.8997,0.7991,0.9136
"ENSG00000075856",-0.0259,10.0699,0.7811,0.9054
"ENSG00000075886",-0.4977,7.076,0.5338,0.7527
"ENSG00000075914",0.1694,9.1135,0.1601,0.3706
"ENSG00000075945",-0.3134,9.9883,0.01339,0.05776
"ENSG00000075975",0.4896,10.1275,2.161e-06,2.757e-05
"ENSG00000076003",-0.1042,9.4818,0.4586,0.6959
"ENSG00000076043",-0.0152,10.3908,0.8655,0.9444
"ENSG00000076053",-0.072,9.1693,0.5623,0.7745
"ENSG00000076067",-0.0533,9.9761,0.6625,0.8407
"ENSG00000076108",0.0916,11.1366,0.3285,0.5773
"ENSG00000076201",0.0032,10.5893,0.97,0.9884
"ENSG00000076242",-0.3355,9.5351,0.001615,0.01002
"ENSG00000076248",-0.2522,8.9724,0.04838,0.1568
"ENSG00000076258",-0.0377,8.1859,0.8365,0.9322
"ENSG00000076321",-0.2117,9.96,0.0941,0.2536
"ENSG00000076344",0.5165,8.6136,0.0008751,0.005962
"ENSG00000076351",-0.1994,7.5051,0.5571,0.7705
"ENSG00000076356",-0.507,8.7073,0.005945,0.03012
"ENSG00000076382",-0.4587,7.6999,0.1213,0.3049
"ENSG00000076513",0.6886,12.6044,1.15e-18,6.681e-17
"ENSG00000076555",0.3473,9.1039,0.007349,0.03597
"ENSG00000076604",-0.5116,8.7378,0.0007593,0.005284
"ENSG00000076641",-0.4443,8.8519,0.04544,0.1495
"ENSG00000076650",-0.2914,8.3776,0.07878,0.2239
"ENSG00000076662",0.3484,8.3032,0.04859,0.1573
"ENSG00000076685",0.4583,10.1985,4.916e-05,0.0004668
"ENSG00000076706",0.89,7.7242,0.002959,0.01682
"ENSG00000076716",0.9873,9.3058,1.225e-09,2.68e-08
"ENSG00000076770",-0.3885,8.2364,0.06608,0.1972
"ENSG00000076864",0.3203,7.1293,0.6416,0.8277
"ENSG00000076924",0.0014,9.8754,0.9902,0.9961
"ENSG00000076928",0.3464,10.4458,0.0009492,0.006408
"ENSG00000076944",0.2741,7.3966,0.4876,0.7196
"ENSG00000076984",-0.0164,9.7132,0.8684,0.9449
"ENSG00000077044",0.2491,8.6626,0.08125,0.2287
"ENSG00000077063",-1.0487,8.975,4.186e-14,1.547e-12
"ENSG00000077092",-0.4684,8.8164,0.06267,0.1899
"ENSG00000077097",-0.02,11.7755,0.8034,0.9158
"ENSG00000077147",0.2379,12.3439,0.01113,0.05012
"ENSG00000077150",0.1623,9.6032,0.1138,0.2917
"ENSG00000077152",-0.3124,7.6815,0.2576,0.5019
"ENSG00000077157",0.898,10.7574,7.022e-14,2.533e-12
"ENSG00000077232",0.0202,11.8694,0.8189,0.9231
"ENSG00000077235",-0.2141,11.3158,0.01001,0.046
"ENSG00000077238",0.3223,9.3755,0.04754,0.1547
"ENSG00000077254",0.8857,11.462,3.024e-15,1.259e-13
"ENSG00000077264",-1.2093,7.8907,3.095e-07,4.647e-06
"ENSG00000077312",-0.3272,9.0098,0.008087,0.03879
"ENSG00000077348",0.133,7.8457,0.5659,0.7768
"ENSG00000077380",0.0052,11.6196,0.9477,0.9782
"ENSG00000077420",-0.1325,9.2072,0.3443,0.5923
"ENSG00000077454",-0.1083,9.628,0.3737,0.6201
"ENSG00000077458",0.233,9.0619,0.06721,0.1997
"ENSG00000077463",0.1846,8.5853,0.2329,0.4692
"ENSG00000077514",-0.2004,9.1614,0.09233,0.25
"ENSG00000077522",0.8962,7.0291,0.297,0.5456
"ENSG00000077549",0.2694,12.3612,0.0003566,0.002725
"ENSG00000077585",0.5362,9.7407,7.282e-05,0.0006665
"ENSG00000077616",-1.0444,7.5329,0.003294,0.01828
"ENSG00000077684",1.2003,10.6966,1.698e-32,2.551e-30
"ENSG00000077713",0.4774,9.5887,1.215e-05,0.0001339
"ENSG00000077721",0.1392,10.7141,0.1189,0.3005
"ENSG00000077782",0.0671,13.8812,0.3904,0.6363
"ENSG00000077800",0.0877,7.3954,0.8223,0.925
"ENSG00000077809",0.0799,13.4376,0.3135,0.5627
"ENSG00000077942",-1e-04,17.3082,0.9987,0.9993
"ENSG00000077943",1.1802,9.2855,5.663e-12,1.618e-10
"ENSG00000078018",0.8339,10.582,1.353e-08,2.553e-07
"ENSG00000078043",-0.1171,9.5243,0.3411,0.5897
"ENSG00000078053",1.1488,9.0473,6.336e-11,1.587e-09
"ENSG00000078061",0.0544,10.0842,0.5879,0.7919
"ENSG00000078070",0.5388,9.4186,4.155e-05,0.0004022
"ENSG00000078081",-0.7138,7.121,0.3208,0.5689
"ENSG00000078098",0.0544,11.423,0.5578,0.7712
"ENSG00000078114",2.7567,7.0204,0.005143,0.02678
"ENSG00000078124",0.855,8.9174,2.75e-10,6.456e-09
"ENSG00000078140",0.3285,10.2006,0.001165,0.007597
"ENSG00000078142",0.2928,10.3109,0.00352,0.0194
"ENSG00000078177",0.4074,9.3195,0.002567,0.0149
"ENSG00000078237",-0.1775,8.8335,0.2587,0.5032
"ENSG00000078246",0.0074,10.6718,0.9432,0.9761
"ENSG00000078269",-0.6505,10.3054,2.707e-06,3.399e-05
"ENSG00000078295",-0.4077,7.2822,0.3962,0.6421
"ENSG00000078304",-0.0019,11.2764,0.9834,0.9929
"ENSG00000078319",0.0346,7.8747,0.8813,0.9504
"ENSG00000078369",0.1774,12.8282,0.01991,0.07927
"ENSG00000078401",0.1048,7.3053,0.834,0.9308
"ENSG00000078403",0.0167,9.7261,0.8767,0.9485
"ENSG00000078487",0.0512,8.4851,0.7692,0.899
"ENSG00000078596",0.7901,7.0151,0.3861,0.6321
"ENSG00000078618",0.1078,11.6749,0.1602,0.3706
"ENSG00000078668",0.0399,10.4079,0.6619,0.8404
"ENSG00000078674",-0.1637,11.5259,0.0462,0.1515
"ENSG00000078687",-0.0686,9.1331,0.6253,0.8174
"ENSG00000078699",-0.5795,9.4197,4.199e-07,6.156e-06
"ENSG00000078725",-1.1415,7.4699,0.008739,0.04126
"ENSG00000078747",0.2502,10.7426,0.007773,0.0376
"ENSG00000078804",0.5692,9.981,0.0002262,0.001821
"ENSG00000078808",0.0457,12.2805,0.5618,0.7742
"ENSG00000078814",0.5793,7.5358,0.08806,0.242
"ENSG00000078902",0.0467,10.2508,0.6249,0.8172
"ENSG00000078967",-0.1817,8.3498,0.3892,0.6351
"ENSG00000079101",-3.6459,7.0288,0.001139,0.007458
"ENSG00000079102",-0.3724,10.1207,0.0002305,0.001849
"ENSG00000079134",-0.333,9.0575,0.012,0.05304
"ENSG00000079150",-0.3436,9.7379,0.0009883,0.00661
"ENSG00000079156",-0.7314,7.4174,0.06604,0.1971
"ENSG00000079215",-0.3761,7.819,0.2321,0.4684
"ENSG00000079246",0.0802,12.3543,0.28,0.5269
"ENSG00000079257",-1.0826,10.7196,2.849e-10,6.681e-09
"ENSG00000079263",-0.1944,7.4378,0.6074,0.8059
"ENSG00000079277",0.0827,9.3844,0.4844,0.7166
"ENSG00000079308",-0.2546,12.646,0.005775,0.02938
"ENSG00000079313",0.3384,8.9837,0.007212,0.03536
"ENSG00000079332",0.2897,11.8198,0.0009743,0.006538
"ENSG00000079335",-0.4162,7.7641,0.1119,0.2883
"ENSG00000079337",-0.6076,7.9621,0.0127,0.0554
"ENSG00000079387",0.0074,9.175,0.9587,0.9842
"ENSG00000079432",-0.4622,11.113,5.212e-07,7.435e-06
"ENSG00000079435",1.113,7.4904,0.00402,0.02171
"ENSG00000079459",0.0469,10.1712,0.6651,0.8418
"ENSG00000079462",-1.0363,7.7613,4.126e-05,4e-04
"ENSG00000079482",-0.015,8.6481,0.9169,0.9658
"ENSG00000079616",-0.2014,8.5071,0.2462,0.4874
"ENSG00000079691",1.1469,10.6374,6.326e-15,2.569e-13
"ENSG00000079739",0.2061,10.5023,0.0613,0.1869
"ENSG00000079785",0.0304,10.9987,0.7179,0.8728
"ENSG00000079805",0.1026,11.2868,0.2166,0.4488
"ENSG00000079819",-0.2805,12.8593,0.00879,0.04144
"ENSG00000079841",1.1795,7.5376,0.002421,0.01418
"ENSG00000079931",-0.3091,12.5086,0.01702,0.06977
"ENSG00000079950",0.4615,10.6159,3.036e-05,0.0003031
"ENSG00000079974",-0.0831,9.5829,0.4847,0.7169
"ENSG00000079999",0.0847,10.7901,0.4102,0.6563
"ENSG00000080007",-0.8805,7.2802,0.06515,0.1951
"ENSG00000080031",-1.1059,7.4389,0.009817,0.04527
"ENSG00000080166",-0.8755,7.0466,0.2883,0.537
"ENSG00000080189",0.111,9.8353,0.2827,0.5302
"ENSG00000080200",-0.6319,9.4059,7.46e-08,1.247e-06
"ENSG00000080298",-0.0521,8.2275,0.7768,0.9032
"ENSG00000080345",0.1119,10.5387,0.1977,0.4248
"ENSG00000080371",0.1958,10.322,0.06028,0.1847
"ENSG00000080493",-0.8104,8.8763,1.169e-06,1.562e-05
"ENSG00000080503",0.1868,11.8158,0.04725,0.154
"ENSG00000080546",-0.2468,9.645,0.01706,0.06991
"ENSG00000080561",-0.0344,8.3702,0.8445,0.9354
"ENSG00000080573",0.9075,8.9171,4.24e-07,6.206e-06
"ENSG00000080603",-0.0779,11.5293,0.3911,0.637
"ENSG00000080608",0.1908,9.334,0.1261,0.3138
"ENSG00000080802",-0.1007,9.5577,0.3571,0.6043
"ENSG00000080815",0.5107,10.9312,6.234e-07,8.769e-06
"ENSG00000080819",0.0467,9.4524,0.6824,0.851
"ENSG00000080822",0.5014,9.9193,3.665e-06,4.502e-05
"ENSG00000080823",-0.619,8.1611,0.006562,0.03261
"ENSG00000080824",-0.3996,13.8921,3.536e-07,5.244e-06
"ENSG00000080839",0.0162,8.284,0.9323,0.9726
"ENSG00000080845",-0.2298,10.9031,0.0104,0.04745
"ENSG00000080947",-0.5004,8.1246,0.007906,0.03808
"ENSG00000080986",0.229,7.594,0.4688,0.7039
"ENSG00000081014",-0.0052,9.4301,0.967,0.9868
"ENSG00000081019",0.1844,9.0997,0.1494,0.3543
"ENSG00000081026",-0.3443,8.9393,0.006464,0.03222
"ENSG00000081052",1.9122,8.4541,1.272e-23,1.165e-21
"ENSG00000081059",-0.5199,7.7347,0.04983,0.1604
"ENSG00000081087",0.475,10.3907,0.0001438,0.001218
"ENSG00000081148",-0.5712,7.1462,0.3464,0.5942
"ENSG00000081154",-0.0186,11.5065,0.8324,0.9304
"ENSG00000081177",0.2016,9.2639,0.09051,0.2468
"ENSG00000081181",0.7208,7.1557,0.24,0.4792
"ENSG00000081189",-0.5983,8.1579,0.004245,0.02274
"ENSG00000081307",-0.2974,9.8857,0.01763,0.07185
"ENSG00000081320",1.0719,10.5992,1.644e-11,4.439e-10
"ENSG00000081377",0.8351,11.2357,3.62e-17,1.803e-15
"ENSG00000081386",-0.3435,8.902,0.008095,0.03879
"ENSG00000081665",-0.3229,8.1792,0.0803,0.2266
"ENSG00000081692",-0.3309,7.7931,0.1793,0.3992
"ENSG00000081721",-0.3345,8.6507,0.03533,0.1233
"ENSG00000081760",-0.1822,9.0909,0.1557,0.364
"ENSG00000081791",-0.0961,10.2591,0.3359,0.5848
"ENSG00000081803",1.3269,10.1131,4.188e-18,2.317e-16
"ENSG00000081818",0.0839,7.3445,0.8641,0.9438
"ENSG00000081842",-0.1119,7.0199,0.9054,0.9613
"ENSG00000081853",-0.0833,8.4842,0.5964,0.797
"ENSG00000081870",0.3169,8.7251,0.02523,0.09541
"ENSG00000081913",-0.1446,8.6542,0.3291,0.5778
"ENSG00000081923",0.2116,10.5977,0.2064,0.4354
"ENSG00000082014",0.0653,9.7396,0.5224,0.744
"ENSG00000082068",0.0358,9.6404,0.7635,0.8972
"ENSG00000082126",1.243,7.3662,0.003264,0.01814
"ENSG00000082146",0.8943,10.3379,7.325e-13,2.359e-11
"ENSG00000082153",0.3069,12.5493,0.000118,0.001023
"ENSG00000082175",-0.3281,7.0492,0.6851,0.8532
"ENSG00000082196",0.2433,7.1725,0.6855,0.8536
"ENSG00000082212",-0.0887,9.3574,0.4554,0.6933
"ENSG00000082213",0.3429,9.2454,0.004126,0.0222
"ENSG00000082258",0.0987,9.7794,0.3238,0.5716
"ENSG00000082269",-0.1848,8.5977,0.317,0.5655
"ENSG00000082397",-0.3989,9.2705,0.001447,0.009156
"ENSG00000082438",-0.229,9.9775,0.05302,0.1678
"ENSG00000082458",-0.6615,9.1499,7.924e-07,1.089e-05
"ENSG00000082482",-0.6256,7.6219,0.04613,0.1514
"ENSG00000082497",-0.9187,7.1716,0.1143,0.2926
"ENSG00000082512",0.352,9.3137,0.02452,0.09342
"ENSG00000082515",0.0272,8.6679,0.8606,0.9425
"ENSG00000082516",0.2099,9.3446,0.09075,0.2472
"ENSG00000082641",0.26,13.3492,0.002421,0.01418
"ENSG00000082701",-0.007,10.6788,0.9365,0.9733
"ENSG00000082781",0.0336,12.819,0.7071,0.8663
"ENSG00000082805",0.0533,11.1446,0.5417,0.7596
"ENSG00000082898",-0.1488,11.3483,0.0793,0.2247
"ENSG00000082996",0.3315,10.1277,0.004633,0.02452
"ENSG00000083067",-0.2858,7.2334,0.6349,0.8239
"ENSG00000083093",-0.2507,8.5404,0.09187,0.2492
"ENSG00000083097",-0.6253,9.326,2.115e-06,2.705e-05
"ENSG00000083099",-0.2259,9.4457,0.03952,0.1345
"ENSG00000083123",0.2835,9.0614,0.07107,0.2079
"ENSG00000083168",-0.2216,10.5263,0.02949,0.1074
"ENSG00000083223",1.1085,10.6306,5.632e-21,4.095e-19
"ENSG00000083290",1.1382,10.6407,1.517e-15,6.574e-14
"ENSG00000083312",0.1233,12.2514,0.1464,0.3491
"ENSG00000083444",-0.1141,12.6529,0.2934,0.5418
"ENSG00000083454",0.554,7.0635,0.4602,0.6973
"ENSG00000083457",0.3267,8.7988,0.03469,0.1217
"ENSG00000083520",0.3133,10.2512,0.00118,0.007667
"ENSG00000083535",0.1089,9.0292,0.3902,0.6361
"ENSG00000083544",-0.1365,8.7083,0.3758,0.6222
"ENSG00000083635",-0.1196,8.1615,0.5449,0.762
"ENSG00000083642",-0.1852,10.0548,0.04919,0.1588
"ENSG00000083720",0.6902,10.051,1.097e-10,2.679e-09
"ENSG00000083750",0.1243,9.3856,0.3662,0.6133
"ENSG00000083799",-0.1954,10.3402,0.0589,0.1815
"ENSG00000083807",-0.268,7.8251,0.3188,0.5674
"ENSG00000083812",-0.1776,8.5411,0.2341,0.4708
"ENSG00000083814",-0.248,8.3678,0.1479,0.3517
"ENSG00000083817",-0.3571,8.0407,0.07901,0.2243
"ENSG00000083828",-0.1848,7.7411,0.4987,0.7271
"ENSG00000083838",-0.1063,8.2247,0.5592,0.7723
"ENSG00000083844",0.0556,8.1278,0.7759,0.9031
"ENSG00000083845",-0.0466,13.0382,0.6459,0.83
"ENSG00000083857",-0.3033,12.9658,0.04249,0.1421
"ENSG00000083896",-0.0869,10.4299,0.3269,0.5754
"ENSG00000083937",0.1059,9.9648,0.3501,0.5977
"ENSG00000084070",-0.1135,9.3906,0.3811,0.6279
"ENSG00000084072",-0.0268,9.459,0.8035,0.9159
"ENSG00000084073",0.1511,11.0019,0.09345,0.2523
"ENSG00000084090",1.2498,11.7603,2.133e-21,1.623e-19
"ENSG00000084092",-0.152,9.5185,0.2515,0.494
"ENSG00000084093",0.1371,10.1247,0.1786,0.3984
"ENSG00000084112",0.0917,11.4329,0.4307,0.6734
"ENSG00000084207",-0.0794,11.8155,0.3828,0.6295
"ENSG00000084234",0.0799,14.6537,0.3201,0.5686
"ENSG00000084444",0.5461,8.7926,0.0003704,0.002811
"ENSG00000084463",-2e-04,10.4597,0.9983,0.9992
"ENSG00000084623",0.008,11.464,0.9184,0.9663
"ENSG00000084636",-0.5657,11.6103,4.184e-08,7.36e-07
"ENSG00000084652",0.4106,11.9672,1.014e-07,1.654e-06
"ENSG00000084674",1.6466,8.4702,0.001725,0.01061
"ENSG00000084676",-0.0457,10.4393,0.6998,0.8621
"ENSG00000084693",-0.1517,9.5619,0.24,0.4792
"ENSG00000084710",-2.8017,7.1226,8.005e-05,0.0007235
"ENSG00000084731",-0.0279,9.7425,0.8001,0.9141
"ENSG00000084733",-0.002,11.3752,0.9827,0.9926
"ENSG00000084754",0.2115,12.2501,0.023,0.08873
"ENSG00000084764",-0.7524,8.9452,3.393e-08,6.04e-07
"ENSG00000084774",0.2549,10.3146,0.0339,0.1195
"ENSG00000085063",0.0865,13.4444,0.2917,0.5401
"ENSG00000085117",1.2191,10.8994,2.082e-14,7.871e-13
"ENSG00000085185",0.0309,9.299,0.8382,0.9326
"ENSG00000085224",-0.231,11.6338,0.002608,0.01509
"ENSG00000085231",0.3006,9.838,0.007868,0.03798
"ENSG00000085274",-0.1704,8.7711,0.2097,0.4402
"ENSG00000085276",-0.0767,10.5911,0.3756,0.6221
"ENSG00000085365",-0.0998,10.3157,0.3366,0.5853
"ENSG00000085377",0.5356,9.6318,3.766e-07,5.566e-06
"ENSG00000085382",-0.1375,8.9827,0.3427,0.5913
"ENSG00000085415",0.675,9.0015,1.858e-06,2.406e-05
"ENSG00000085433",0.145,9.5532,0.2061,0.4351
"ENSG00000085449",0.043,10.9421,0.6933,0.8587
"ENSG00000085465",0.4618,7.7212,0.1,0.2655
"ENSG00000085491",0.2352,10.0178,0.03049,0.1102
"ENSG00000085511",-0.542,9.8492,1.614e-06,2.111e-05
"ENSG00000085514",0.414,7.5384,0.2223,0.4556
"ENSG00000085563",-0.7297,8.0486,0.0008106,0.005577
"ENSG00000085644",-0.2959,8.9717,0.03915,0.1335
"ENSG00000085662",-0.4413,11.3143,8.649e-05,0.0007747
"ENSG00000085719",0.4215,11.5058,6.883e-07,9.599e-06
"ENSG00000085721",0.2398,9.8784,0.01942,0.07752
"ENSG00000085733",0.0375,13.2482,0.6052,0.8047
"ENSG00000085760",0.0261,9.5025,0.8085,0.9183
"ENSG00000085788",0.1011,10.3543,0.3073,0.5562
"ENSG00000085831",-0.471,7.1403,0.4786,0.7121
"ENSG00000085832",0.1527,11.1238,0.1193,0.3013
"ENSG00000085840",-0.2124,7.1273,0.7461,0.8884
"ENSG00000085871",-0.1494,8.2324,0.4111,0.657
"ENSG00000085872",-0.0124,9.3583,0.9104,0.9631
"ENSG00000085978",0.2868,9.5735,0.006395,0.03196
"ENSG00000085982",-0.2966,10.3412,0.0008228,0.00565
"ENSG00000085998",0.1584,10.3244,0.1092,0.2835
"ENSG00000085999",-0.4106,7.2256,0.423,0.6672
"ENSG00000086015",-0.3411,10.9478,0.0001465,0.001239
"ENSG00000086061",-0.2931,11.9085,0.01068,0.04844
"ENSG00000086062",-0.5938,11.6659,2.497e-09,5.248e-08
"ENSG00000086065",0.0321,10.5894,0.7514,0.8909
"ENSG00000086102",-0.3465,10.3439,0.0001345,0.001149
"ENSG00000086189",0.2264,9.4408,0.03484,0.1222
"ENSG00000086200",-0.0263,9.3078,0.8266,0.927
"ENSG00000086232",0.0786,11.1257,0.3252,0.5734
"ENSG00000086289",0.1798,10.3134,0.0486,0.1573
"ENSG00000086475",-0.122,9.9534,0.2356,0.4731
"ENSG00000086504",-0.1334,9.586,0.2465,0.4878
"ENSG00000086544",0.6178,10.0049,0.05549,0.1733
"ENSG00000086570",0.3241,7.2521,0.5224,0.744
"ENSG00000086589",-0.0673,9.467,0.5326,0.7522
"ENSG00000086598",0.1059,12.151,0.1835,0.4046
"ENSG00000086619",0.3879,8.2683,0.0289,0.1058
"ENSG00000086666",-0.0095,10.2707,0.9211,0.967
"ENSG00000086696",-0.9181,7.1973,0.176,0.3944
"ENSG00000086712",-0.0109,9.5311,0.942,0.9758
"ENSG00000086730",0.0111,7.1263,0.9865,0.9944
"ENSG00000086758",-0.0242,13.045,0.7881,0.909
"ENSG00000086827",-0.0815,8.9892,0.5115,0.7362
"ENSG00000086848",0.4542,8.7528,0.05166,0.1644
"ENSG00000086991",-0.4554,7.5428,0.2331,0.4692
"ENSG00000087008",-0.0208,9.0388,0.8761,0.9481
"ENSG00000087053",0.0861,9.8561,0.4041,0.6501
"ENSG00000087074",0.0071,10.7638,0.9447,0.9765
"ENSG00000087076",-0.6273,8.7687,4.84e-05,0.0004608
"ENSG00000087077",-0.3362,10.9167,0.002723,0.01564
"ENSG00000087085",-0.6957,7.0681,0.3698,0.6165
"ENSG00000087086",-0.6243,17.4536,1.472e-12,4.546e-11
"ENSG00000087087",0.1197,10.8153,0.2173,0.4496
"ENSG00000087088",-0.0859,10.6729,0.3516,0.5991
"ENSG00000087095",-0.081,8.6054,0.5856,0.7907
"ENSG00000087111",0.1208,10.3612,0.1909,0.4149
"ENSG00000087116",0.6996,12.1502,3.476e-13,1.181e-11
"ENSG00000087152",0.1304,10.3411,0.1804,0.4006
"ENSG00000087157",0.1571,9.7513,0.128,0.3168
"ENSG00000087191",0.4737,10.4809,6.731e-07,9.401e-06
"ENSG00000087206",0.0209,9.2916,0.8702,0.945
"ENSG00000087237",-0.521,7.108,0.4416,0.683
"ENSG00000087245",-0.2112,16.9811,0.002792,0.016
"ENSG00000087253",-0.2089,10.0089,0.02934,0.107
"ENSG00000087263",0.1679,9.5167,0.1501,0.3555
"ENSG00000087266",-0.7959,9.1826,2.021e-09,4.305e-08
"ENSG00000087269",0.2231,9.5228,0.04339,0.1444
"ENSG00000087274",0.188,12.8885,0.01759,0.07173
"ENSG00000087299",-0.067,7.75,0.7943,0.9117
"ENSG00000087301",0.3903,8.8412,0.008404,0.03993
"ENSG00000087302",0.0262,10.8499,0.7524,0.8914
"ENSG00000087303",0.4711,12.8258,2.332e-05,0.0002416
"ENSG00000087338",0.4471,8.9719,0.0004752,0.003496
"ENSG00000087365",0.0711,12.1353,0.3444,0.5924
"ENSG00000087448",1.0606,10.048,1.01e-17,5.292e-16
"ENSG00000087460",-0.0697,13.9036,0.3324,0.5814
"ENSG00000087470",0.2702,10.4072,0.00468,0.0247
"ENSG00000087494",0.5643,7.6226,0.0844,0.2353
"ENSG00000087502",0.1848,10.2018,0.0731,0.2121
"ENSG00000087510",0.4272,7.1191,0.5368,0.7556
"ENSG00000087586",-0.3558,8.4907,0.2063,0.4354
"ENSG00000087589",0.3481,8.9665,0.4236,0.6678
"ENSG00000087842",-0.6918,8.5298,1.012e-05,0.0001133
"ENSG00000087884",0.4564,8.1514,0.03066,0.1107
"ENSG00000087903",-0.7329,8.6716,0.0005783,0.004154
"ENSG00000087995",0.035,8.8952,0.793,0.9114
"ENSG00000088035",-0.1929,8.4263,0.265,0.5096
"ENSG00000088038",0.1674,10.0165,0.1122,0.289
"ENSG00000088179",-0.4505,8.8654,0.0004985,0.003647
"ENSG00000088205",0.153,10.2484,0.1422,0.3418
"ENSG00000088247",-0.0447,11.4295,0.5751,0.7836
"ENSG00000088256",0.2138,10.4274,0.02368,0.09086
"ENSG00000088280",-0.0331,10.9295,0.8024,0.9153
"ENSG00000088298",0.0227,9.7171,0.8361,0.9318
"ENSG00000088305",-0.768,7.7258,0.008277,0.03946
"ENSG00000088325",-0.8621,8.7606,1.063e-07,1.73e-06
"ENSG00000088340",0.1747,8.294,0.4393,0.681
"ENSG00000088356",0.076,8.6596,0.5965,0.797
"ENSG00000088367",-0.148,10.6022,0.08912,0.244
"ENSG00000088387",0.1967,9.2718,0.1742,0.3917
"ENSG00000088448",-0.0579,10.6758,0.6533,0.8346
"ENSG00000088451",0.087,8.1569,0.6701,0.8441
"ENSG00000088538",-0.4471,7.501,0.2012,0.4291
"ENSG00000088543",0.055,9.4507,0.6445,0.8294
"ENSG00000088682",-0.205,9.2574,0.12,0.3023
"ENSG00000088727",0.3257,7.5836,0.3256,0.574
"ENSG00000088756",-1.6474,9.5778,6.89e-24,6.437e-22
"ENSG00000088766",0.5676,9.1909,1.243e-05,0.0001364
"ENSG00000088808",-0.3961,8.2518,0.02338,0.08993
"ENSG00000088812",0.0728,11.6418,0.3603,0.6072
"ENSG00000088826",-0.7841,8.7743,2.858e-07,4.309e-06
"ENSG00000088832",0.1006,12.0949,0.2716,0.5167
"ENSG00000088833",-0.1858,10.2122,0.06271,0.19
"ENSG00000088836",0.3277,7.8357,0.2554,0.4987
"ENSG00000088854",0.3194,10.7715,0.0004696,0.003459
"ENSG00000088876",0.3346,8.8686,0.01452,0.06152
"ENSG00000088881",-0.0464,7.9125,0.8413,0.9339
"ENSG00000088882",-0.8121,7.7722,0.003506,0.01933
"ENSG00000088888",0.5034,10.3962,7.409e-05,0.0006768
"ENSG00000088899",-0.0465,8.6817,0.7804,0.9052
"ENSG00000088930",-0.0662,11.5139,0.4485,0.6881
"ENSG00000088970",-0.0852,9.5917,0.5354,0.7542
"ENSG00000088986",-0.0603,11.2283,0.6185,0.8129
"ENSG00000089006",0.3988,11.1896,0.0004665,0.003439
"ENSG00000089009",-0.0755,14.001,0.3576,0.6046
"ENSG00000089022",0.141,9.0421,0.2627,0.5073
"ENSG00000089041",-1.9854,7.9816,1.598e-14,6.21e-13
"ENSG00000089048",0.1338,9.2282,0.2535,0.4961
"ENSG00000089050",-0.4557,9.0727,0.0003361,0.002586
"ENSG00000089053",-6e-04,11.2196,0.995,0.998
"ENSG00000089057",-0.2874,10.049,0.01348,0.05803
"ENSG00000089060",0.4968,10.1054,1.257e-07,2.018e-06
"ENSG00000089063",0.0149,11.3745,0.8606,0.9425
"ENSG00000089091",-0.0396,7.5456,0.899,0.9588
"ENSG00000089094",-0.1665,9.273,0.1741,0.3915
"ENSG00000089123",0.6999,8.2701,0.0001008,0.000887
"ENSG00000089127",-1.348,7.2608,0.01133,0.05078
"ENSG00000089154",0.1197,11.4567,0.2027,0.4312
"ENSG00000089157",0.0578,15.2644,0.5012,0.7292
"ENSG00000089159",-0.2695,11.5616,0.009778,0.04513
"ENSG00000089163",-0.5547,7.3896,0.1849,0.4067
"ENSG00000089177",-0.203,9.4752,0.09459,0.2547
"ENSG00000089195",0.1232,8.49,0.4368,0.6789
"ENSG00000089220",0.1695,11.9218,0.05006,0.1609
"ENSG00000089225",-0.4156,9.7495,0.0004012,0.003005
"ENSG00000089234",0.1336,9.5137,0.3013,0.5501
"ENSG00000089248",-0.1865,11.1115,0.01948,0.07775
"ENSG00000089280",0.0123,10.9674,0.9124,0.9636
"ENSG00000089289",0.0934,10.151,0.4072,0.6531
"ENSG00000089327",-0.2554,10.0923,0.0121,0.05336
"ENSG00000089335",-0.1944,9.6855,0.07659,0.2193
"ENSG00000089351",-0.0903,9.916,0.5093,0.7347
"ENSG00000089472",-0.256,11.5742,0.006151,0.03099
"ENSG00000089486",-0.1895,9.5932,0.0896,0.245
"ENSG00000089505",-0.3862,7.4077,0.3058,0.5548
"ENSG00000089597",0.1044,13.2072,0.1569,0.3658
"ENSG00000089639",-0.1726,8.3481,0.3611,0.6082
"ENSG00000089682",-0.2269,8.7879,0.1004,0.2661
"ENSG00000089685",0.2456,7.2599,0.6473,0.8309
"ENSG00000089692",-0.2163,7.0404,0.7897,0.9097
"ENSG00000089693",-0.0885,11.3239,0.3287,0.5774
"ENSG00000089723",-0.5726,7.7075,0.03068,0.1107
"ENSG00000089737",-0.2246,11.8496,0.01363,0.05856
"ENSG00000089775",0.1296,8.7883,0.3433,0.5917
"ENSG00000089818",0.0283,9.3833,0.8072,0.9176
"ENSG00000089820",-0.3864,7.395,0.3208,0.5689
"ENSG00000089847",-0.0467,7.7347,0.8606,0.9425
"ENSG00000089876",-0.065,9.3953,0.5577,0.7711
"ENSG00000089902",-0.0411,9.3938,0.7203,0.8742
"ENSG00000089916",0.1154,10.4073,0.3039,0.5529
"ENSG00000090006",-0.1643,14.7798,0.05028,0.1613
"ENSG00000090013",-0.2587,9.8357,0.02686,0.1002
"ENSG00000090020",-0.2838,10.3654,0.02108,0.08277
"ENSG00000090054",-0.0146,10.8717,0.8635,0.9436
"ENSG00000090060",-0.0339,11.7916,0.6527,0.8341
"ENSG00000090061",0.1466,9.9161,0.1807,0.401
"ENSG00000090097",-0.2644,9.7488,0.01764,0.07185
"ENSG00000090238",0.3724,10.1869,0.001969,0.01189
"ENSG00000090263",-0.1005,9.0603,0.429,0.6721
"ENSG00000090266",0.0655,9.0722,0.6302,0.8206
"ENSG00000090273",0.2282,10.3366,0.01503,0.06323
"ENSG00000090316",-0.0273,10.4836,0.7746,0.9022
"ENSG00000090339",0.2869,8.5624,0.1099,0.2847
"ENSG00000090372",0.1178,10.3627,0.183,0.4041
"ENSG00000090376",1.0293,9.5436,7.366e-11,1.835e-09
"ENSG00000090432",0.1994,9.8491,0.06459,0.1941
"ENSG00000090447",-0.3016,8.2346,0.08752,0.2409
"ENSG00000090470",-0.0103,9.562,0.924,0.9682
"ENSG00000090487",0.0756,11.0457,0.3525,0.5999
"ENSG00000090520",0.0762,10.0572,0.5877,0.7918
"ENSG00000090530",-0.3513,8.0012,0.09256,0.2504
"ENSG00000090534",-0.3451,7.3208,0.4568,0.6945
"ENSG00000090539",0.0946,8.7373,0.5789,0.7863
"ENSG00000090565",0.4915,11.0784,9.967e-09,1.911e-07
"ENSG00000090581",-0.1637,10.3689,0.09827,0.2621
"ENSG00000090612",-0.2131,9.0127,0.1056,0.2766
"ENSG00000090615",0.0898,11.2675,0.3151,0.564
"ENSG00000090621",-0.0193,11.7742,0.8201,0.9238
"ENSG00000090661",-0.4645,8.3527,0.007882,0.03798
"ENSG00000090674",0.2491,9.4364,0.03464,0.1216
"ENSG00000090686",0.1311,10.9606,0.1474,0.3509
"ENSG00000090776",-0.6149,9.4976,9.133e-06,0.0001033
"ENSG00000090857",-0.0091,10.1637,0.9262,0.9696
"ENSG00000090861",-0.5788,11.5789,7.446e-06,8.579e-05
"ENSG00000090863",-0.1375,12.3419,0.09706,0.2596
"ENSG00000090889",-0.4545,7.4755,0.2306,0.4665
"ENSG00000090905",0.1188,11.6101,0.1758,0.394
"ENSG00000090920",0.0353,7.4299,0.9389,0.9746
"ENSG00000090924",0.1515,10.2139,0.2194,0.4521
"ENSG00000090971",0.1462,8.9544,0.2506,0.4926
"ENSG00000090975",0.2782,9.5234,0.01471,0.06218
"ENSG00000090989",-0.0209,10.6862,0.8157,0.9221
"ENSG00000091009",0.0603,9.818,0.563,0.7748
"ENSG00000091039",-0.0854,12.265,0.3106,0.5593
"ENSG00000091073",0.1076,8.5534,0.4779,0.7118
"ENSG00000091106",0.1125,7.1277,0.8595,0.9423
"ENSG00000091127",0.4737,8.4344,0.02333,0.08976
"ENSG00000091128",1.432,7.1106,0.0602,0.1845
"ENSG00000091129",0.04,8.3705,0.8147,0.9217
"ENSG00000091136",0.7619,14.784,9.438e-15,3.765e-13
"ENSG00000091137",-0.1517,7.093,0.8349,0.9314
"ENSG00000091140",0.0215,10.0404,0.8208,0.9241
"ENSG00000091157",-0.0857,9.3702,0.4311,0.6738
"ENSG00000091164",-0.2588,10.4958,0.005615,0.02874
"ENSG00000091262",-1.0666,8.1886,2.79e-07,4.221e-06
"ENSG00000091317",0.6256,11.029,6.517e-12,1.83e-10
"ENSG00000091409",0.5261,8.8456,0.001335,0.008551
"ENSG00000091428",-1.1672,7.5425,0.0003111,0.002414
"ENSG00000091436",-0.0879,12.1521,0.2421,0.4819
"ENSG00000091483",0.3411,10.1515,0.002336,0.01378
"ENSG00000091490",-0.5228,10.7788,0.0004019,0.003009
"ENSG00000091513",-0.7526,7.1452,0.2881,0.5367
"ENSG00000091527",0.7657,12.2611,2.548e-25,2.671e-23
"ENSG00000091536",-0.349,7.6541,0.2756,0.5214
"ENSG00000091542",-0.0401,10.6696,0.7123,0.869
"ENSG00000091592",-0.1856,10.7322,0.03499,0.1225
"ENSG00000091622",-0.8268,7.4991,0.0154,0.06449
"ENSG00000091640",0.1389,9.9248,0.2016,0.4297
"ENSG00000091651",-0.3937,7.6015,0.1881,0.4113
"ENSG00000091656",-0.2467,10.0088,0.1072,0.2795
"ENSG00000091732",-0.0176,8.6794,0.9014,0.9598
"ENSG00000091831",-1.1715,7.5158,0.0006437,0.004563
"ENSG00000091844",-0.6503,7.9315,0.003265,0.01814
"ENSG00000091947",-0.1201,9.2397,0.3214,0.5696
"ENSG00000091972",-0.2659,7.6999,0.3671,0.6142
"ENSG00000091986",0.184,16.876,0.1095,0.2842
"ENSG00000092010",-0.1037,10.698,0.261,0.5052
"ENSG00000092020",0.131,8.8755,0.3535,0.6009
"ENSG00000092036",0.1678,8.2483,0.3682,0.615
"ENSG00000092068",0.7794,10.8985,0.0604,0.185
"ENSG00000092094",-0.2898,8.9155,0.0226,0.08758
"ENSG00000092096",-0.2065,9.1895,0.1335,0.3265
"ENSG00000092098",-0.0318,8.8852,0.8224,0.925
"ENSG00000092108",-0.0199,10.32,0.8211,0.9243
"ENSG00000092140",0.2278,8.9995,0.07325,0.2123
"ENSG00000092148",-0.1019,12.6363,0.2674,0.5122
"ENSG00000092199",0.0546,12.3546,0.5422,0.7597
"ENSG00000092201",-0.0307,11.4,0.7076,0.8667
"ENSG00000092203",0.0021,10.699,0.9813,0.9921
"ENSG00000092208",0.0747,7.9112,0.7439,0.8869
"ENSG00000092295",-0.1117,7.2404,0.8338,0.9308
"ENSG00000092330",-0.1024,9.8888,0.3081,0.557
"ENSG00000092421",-0.1051,7.5824,0.7974,0.9129
"ENSG00000092439",0.1023,11.0227,0.2468,0.488
"ENSG00000092445",-0.4695,9.2986,0.0001553,0.001305
"ENSG00000092470",-0.3586,8.0105,0.1054,0.2762
"ENSG00000092529",0.2917,7.2503,0.5861,0.7908
"ENSG00000092531",0.079,9.8164,0.4437,0.6843
"ENSG00000092621",-1.4268,10.3279,1.149e-27,1.429e-25
"ENSG00000092820",0.0394,10.7059,0.7539,0.8918
"ENSG00000092841",0.6831,12.9325,1.877e-12,5.709e-11
"ENSG00000092847",-0.2325,10.1995,0.02087,0.08215
"ENSG00000092853",-1.1366,7.4375,0.001813,0.01108
"ENSG00000092871",-0.0939,8.6248,0.5161,0.7397
"ENSG00000092929",0.4137,7.5702,0.2843,0.5324
"ENSG00000092931",-0.2877,9.0308,0.05371,0.1693
"ENSG00000092964",-0.2525,11.9249,0.03412,0.1202
"ENSG00000092969",-1.5056,8.4903,4.352e-11,1.113e-09
"ENSG00000092978",0.0747,8.815,0.5758,0.7841
"ENSG00000093000",0.3927,10.6258,2.767e-05,0.0002801
"ENSG00000093009",-0.2026,7.1418,0.7515,0.8909
"ENSG00000093010",0.2488,11.3295,0.01928,0.07707
"ENSG00000093072",-0.4417,9.6426,0.0001896,0.001557
"ENSG00000093144",0.7322,10.7178,2.504e-10,5.901e-09
"ENSG00000093167",0.718,11.032,3.861e-12,1.136e-10
"ENSG00000093183",0.5454,10.5731,3.247e-07,4.859e-06
"ENSG00000093217",-0.9746,7.842,0.0003589,0.002736
"ENSG00000094631",-0.1035,9.4366,0.344,0.5923
"ENSG00000094804",0.04,7.4695,0.9151,0.9649
"ENSG00000094841",-0.0088,8.3583,0.959,0.9842
"ENSG00000094880",-0.1354,9.6029,0.2473,0.4886
"ENSG00000094914",-0.0164,9.8778,0.87,0.945
"ENSG00000094916",-0.5609,11.1617,1.31e-07,2.1e-06
"ENSG00000094963",0.6954,11.1738,3.58e-05,0.0003511
"ENSG00000094975",-0.0762,9.9138,0.4635,0.6996
"ENSG00000095002",-0.4548,9.1925,0.0005742,0.004133
"ENSG00000095015",-0.3311,8.9527,0.01601,0.06654
"ENSG00000095059",0.0978,9.3672,0.3716,0.6184
"ENSG00000095066",-0.3295,8.6259,0.0295,0.1074
"ENSG00000095139",0.1841,12.1444,0.01695,0.06952
"ENSG00000095203",-0.1026,8.0271,0.6308,0.821
"ENSG00000095209",-0.2979,8.5441,0.05765,0.1788
"ENSG00000095261",-0.1677,10.1925,0.08556,0.2375
"ENSG00000095303",0.6442,10.6139,3.265e-05,0.000324
"ENSG00000095319",-0.3066,10.2036,0.001131,0.00741
"ENSG00000095321",0.156,10.7448,0.1137,0.2916
"ENSG00000095380",0.3684,9.0563,0.002161,0.01289
"ENSG00000095383",0.5228,8.8349,0.0002011,0.001638
"ENSG00000095397",-0.7729,8.1692,4.02e-05,0.0003917
"ENSG00000095464",0.9658,7.0252,0.2596,0.5039
"ENSG00000095485",0.2676,8.6578,0.06312,0.1909
"ENSG00000095539",0.2118,8.1849,0.2675,0.5122
"ENSG00000095564",0.1582,10.8042,0.06647,0.1981
"ENSG00000095574",-0.0337,9.0794,0.8077,0.9178
"ENSG00000095585",-2.5554,7.2857,3.556e-06,4.379e-05
"ENSG00000095637",1.8976,7.5947,1.562e-09,3.374e-08
"ENSG00000095739",0.4301,8.1229,0.1439,0.3445
"ENSG00000095752",0.1232,7.7242,0.6445,0.8294
"ENSG00000095787",0.1256,11.354,0.1933,0.4184
"ENSG00000095794",-0.1935,8.744,0.2212,0.4542
"ENSG00000095906",0.0295,9.4241,0.7968,0.9128
"ENSG00000095951",-0.513,9.3602,0.0001886,0.001551
"ENSG00000096060",4.0467,10.6024,7.142e-28,9.006e-26
"ENSG00000096063",0.2502,9.807,0.01222,0.0538
"ENSG00000096070",0.0896,10.2216,0.3958,0.6415
"ENSG00000096080",-0.1297,8.1643,0.5183,0.7415
"ENSG00000096092",0.4045,9.2374,0.0009986,0.006669
"ENSG00000096093",-0.0471,9.7102,0.6795,0.8494
"ENSG00000096384",-0.37,13.39,1.071e-06,1.44e-05
"ENSG00000096401",0.1742,10.2594,0.0991,0.2638
"ENSG00000096433",0.1359,11.2154,0.2178,0.45
"ENSG00000096654",-0.6337,8.3814,0.000178,0.00147
"ENSG00000096696",0.7053,8.192,0.008773,0.04138
"ENSG00000096717",0.1861,9.4788,0.1269,0.3152
"ENSG00000096746",0.0112,10.62,0.8997,0.959
"ENSG00000096872",-0.0164,8.8923,0.9054,0.9613
"ENSG00000096968",0.7804,9.7841,1.545e-06,2.033e-05
"ENSG00000097007",-0.1148,12.5661,0.263,0.5075
"ENSG00000097021",-0.0419,9.478,0.7219,0.8748
"ENSG00000097033",0.4058,11.7289,8.223e-05,0.0007418
"ENSG00000097046",-0.2962,7.7194,0.2594,0.5039
"ENSG00000097096",1.3055,8.5239,1.16e-12,3.632e-11
"ENSG00000099139",-0.5292,9.1641,0.0001329,0.001138
"ENSG00000099194",-1.9919,9.6663,1.574e-24,1.534e-22
"ENSG00000099203",-0.2141,8.0963,0.2699,0.5152
"ENSG00000099204",1.4273,9.9049,3.453e-26,3.892e-24
"ENSG00000099219",0.3228,9.6148,0.007514,0.03664
"ENSG00000099246",0.1575,10.7947,0.08018,0.2264
"ENSG00000099250",-0.1683,12.5479,0.07911,0.2244
"ENSG00000099251",-0.0618,7.6342,0.8432,0.9348
"ENSG00000099256",-0.4241,9.1142,0.001579,0.009841
"ENSG00000099260",-0.9592,8.1675,1.79e-05,0.00019
"ENSG00000099284",-0.3325,9.174,0.01562,0.06524
"ENSG00000099290",0.1259,12.6018,0.31,0.5588
"ENSG00000099308",0.3551,9.1512,0.009176,0.04298
"ENSG00000099326",-0.405,8.969,0.00386,0.02094
"ENSG00000099330",0.3154,8.4592,0.04582,0.1505
"ENSG00000099331",-0.126,11.3238,0.1885,0.4118
"ENSG00000099337",2.7183,9.149,6.88e-51,2.585e-48
"ENSG00000099338",0.7918,7.1299,0.2624,0.507
"ENSG00000099341",0.3205,10.967,0.0001997,0.00163
"ENSG00000099364",0.0151,8.8795,0.9118,0.9635
"ENSG00000099365",-0.6718,7.9671,0.001469,0.009266
"ENSG00000099377",0.1289,8.8501,0.3494,0.597
"ENSG00000099381",-0.027,9.5488,0.8012,0.915
"ENSG00000099385",0.0086,8.8336,0.9497,0.9795
"ENSG00000099622",-0.3375,11.5611,4.355e-05,0.0004195
"ENSG00000099624",0.0827,9.563,0.4923,0.7231
"ENSG00000099625",0.3222,7.8768,0.1646,0.3778
"ENSG00000099725",-0.5059,8.4474,0.004003,0.02163
"ENSG00000099783",0.2153,11.5297,0.007887,0.038
"ENSG00000099785",0.4713,9.2739,0.0003648,0.002772
"ENSG00000099795",-0.0295,9.654,0.8509,0.9382
"ENSG00000099797",-0.0395,9.6387,0.727,0.8778
"ENSG00000099800",0.1649,9.281,0.1948,0.4202
"ENSG00000099804",0.0113,9.6925,0.9206,0.967
"ENSG00000099810",0.2028,9.1289,0.1078,0.2807
"ENSG00000099814",-0.0428,10.0736,0.698,0.8613
"ENSG00000099817",-0.0296,11.332,0.7317,0.88
"ENSG00000099821",0.2658,9.381,0.01888,0.07585
"ENSG00000099822",0.4572,7.5737,0.1678,0.3818
"ENSG00000099834",-0.4572,7.0457,0.5645,0.7757
"ENSG00000099840",0.9959,7.5619,0.002367,0.0139
"ENSG00000099849",1.2303,7.6046,6.079e-05,0.0005645
"ENSG00000099860",1.4711,9.0409,2.015e-17,1.023e-15
"ENSG00000099864",0.0057,10.9389,0.9532,0.9815
"ENSG00000099866",0.3472,7.1682,0.5417,0.7596
"ENSG00000099869",0.8628,7.3449,0.048,0.1558
"ENSG00000099875",0.3098,10.7666,0.02566,0.09679
"ENSG00000099889",-0.3178,8.5735,0.05091,0.1626
"ENSG00000099899",-0.1322,9.1717,0.2579,0.502
"ENSG00000099901",-0.0594,9.523,0.6265,0.818
"ENSG00000099904",0.2992,10.3388,0.003383,0.0187
"ENSG00000099910",-0.0874,9.4181,0.4536,0.6919
"ENSG00000099917",0.0671,10.9846,0.45,0.6893
"ENSG00000099940",-0.1279,9.9456,0.2174,0.4496
"ENSG00000099942",0.0457,10.6879,0.6417,0.8277
"ENSG00000099949",0.2573,10.7757,0.01585,0.0661
"ENSG00000099953",-0.6024,8.3477,0.0004845,0.003554
"ENSG00000099956",-0.2688,10.0596,0.004818,0.02534
"ENSG00000099957",-0.7853,7.7926,0.005065,0.02642
"ENSG00000099960",-0.156,7.1262,0.8179,0.9227
"ENSG00000099968",0.0111,10.5975,0.9048,0.9612
"ENSG00000099974",0.4295,8.7684,0.008221,0.03929
"ENSG00000099977",0.4044,8.8061,0.01001,0.046
"ENSG00000099984",0.2711,8.6131,0.1145,0.2932
"ENSG00000099991",0.1067,10.8282,0.4472,0.6869
"ENSG00000099992",0.2894,8.5408,0.08386,0.234
"ENSG00000099994",0.721,7.7795,0.007685,0.03727
"ENSG00000099995",0.19,11.0492,0.04646,0.1523
"ENSG00000099998",2.3809,9.0369,3.678e-36,6.439e-34
"ENSG00000099999",0.115,8.8656,0.3714,0.618
"ENSG00000100003",0.5512,8.4321,0.000616,0.004399
"ENSG00000100014",0.489,10.0557,3.229e-07,4.836e-06
"ENSG00000100023",-0.131,9.9462,0.2818,0.5291
"ENSG00000100024",1.8116,6.9604,0.1746,0.392
"ENSG00000100027",0.2183,7.7618,0.5011,0.7291
"ENSG00000100028",-0.0751,9.9149,0.4783,0.712
"ENSG00000100029",0.1473,10.3949,0.1211,0.3046
"ENSG00000100030",0.0591,11.7097,0.4797,0.7128
"ENSG00000100031",-0.058,7.6422,0.8494,0.9375
"ENSG00000100033",4.8899,7.5261,5.603e-21,4.091e-19
"ENSG00000100034",-0.3511,10.2472,0.0002304,0.001849
"ENSG00000100036",0.4403,8.0383,0.03814,0.1308
"ENSG00000100038",0.1756,9.1217,0.1577,0.3668
"ENSG00000100056",0.0539,8.9809,0.6675,0.8426
"ENSG00000100058",-0.2039,8.5111,0.2749,0.5206
"ENSG00000100065",-0.4458,7.8798,0.07987,0.2259
"ENSG00000100068",-0.0414,7.4827,0.9079,0.9618
"ENSG00000100075",0.2641,10.3792,0.01664,0.06852
"ENSG00000100077",-0.224,7.9424,0.3127,0.562
"ENSG00000100079",0.1159,7.2553,0.8156,0.9221
"ENSG00000100083",-0.056,9.841,0.5864,0.791
"ENSG00000100084",0.1309,8.3848,0.4408,0.6821
"ENSG00000100092",-0.9755,7.7235,0.0002638,0.002089
"ENSG00000100097",-0.1771,14.0621,0.0235,0.09029
"ENSG00000100099",-0.3605,9.6922,0.0004385,0.003248
"ENSG00000100100",-0.0017,11.4017,0.9899,0.996
"ENSG00000100101",-0.0776,8.4875,0.6446,0.8294
"ENSG00000100104",-0.0424,8.3797,0.8068,0.9175
"ENSG00000100105",-0.2127,9.1611,0.08104,0.2282
"ENSG00000100106",-0.3071,10.0437,0.003098,0.01742
"ENSG00000100109",0.0153,9.4868,0.8987,0.9587
"ENSG00000100116",0.7753,8.1967,1.867e-05,0.0001974
"ENSG00000100121",0.5088,7.07,0.5097,0.7348
"ENSG00000100124",0.0012,8.6753,0.9938,0.9977
"ENSG00000100129",-0.0907,12.7982,0.2714,0.5166
"ENSG00000100138",0.069,10.4,0.5031,0.7307
"ENSG00000100139",-0.0598,9.791,0.6214,0.8149
"ENSG00000100142",0.255,9.2887,0.03162,0.1134
"ENSG00000100147",-0.4179,7.5937,0.1685,0.3831
"ENSG00000100150",-0.293,8.5939,0.06393,0.1925
"ENSG00000100151",-0.2193,7.8724,0.3831,0.6295
"ENSG00000100154",-0.7769,10.8757,1.066e-16,5.11e-15
"ENSG00000100162",-0.4903,7.0836,0.4958,0.7252
"ENSG00000100167",-1.2684,7.2626,0.02305,0.0889
"ENSG00000100181",-0.3125,8.6409,0.04457,0.1475
"ENSG00000100196",0.1871,10.6635,0.03986,0.1353
"ENSG00000100197",-0.7764,7.2643,0.1185,0.2999
"ENSG00000100201",0.0289,13.5716,0.7191,0.8736
"ENSG00000100206",1.9338,7.511,2.357e-08,4.305e-07
"ENSG00000100207",-0.2197,9.878,0.03897,0.1331
"ENSG00000100209",-0.3857,8.2566,0.02598,0.0977
"ENSG00000100211",-0.1262,8.731,0.4537,0.6919
"ENSG00000100216",-0.0452,9.8514,0.6693,0.8438
"ENSG00000100219",-0.102,10.392,0.4653,0.7009
"ENSG00000100220",-0.0586,10.3549,0.5097,0.7348
"ENSG00000100221",0.3869,10.451,0.001184,0.007686
"ENSG00000100225",0.028,10.8654,0.7659,0.8978
"ENSG00000100226",0.0775,9.7822,0.5465,0.7632
"ENSG00000100227",-0.1391,10.8592,0.09599,0.2575
"ENSG00000100228",-0.1469,8.4081,0.4432,0.6843
"ENSG00000100234",-0.7,15.3648,1.34e-07,2.144e-06
"ENSG00000100239",0.0836,10.4459,0.338,0.5864
"ENSG00000100241",0.1463,11.6731,0.1078,0.2807
"ENSG00000100242",1.8591,10.971,2.425e-51,1.002e-48
"ENSG00000100243",0.2376,13.7196,0.01319,0.05706
"ENSG00000100246",-0.0897,8.7133,0.5642,0.7756
"ENSG00000100258",0.0577,10.6836,0.5391,0.7573
"ENSG00000100263",-0.0688,8.9163,0.6308,0.821
"ENSG00000100266",0.567,10.2119,4.131e-07,6.076e-06
"ENSG00000100271",-0.3039,8.6006,0.0625,0.1896
"ENSG00000100280",-0.1366,10.4745,0.207,0.4362
"ENSG00000100281",0.0076,9.7014,0.9413,0.9755
"ENSG00000100284",0.1313,10.1853,0.2181,0.4503
"ENSG00000100285",0.3477,7.4899,0.315,0.564
"ENSG00000100288",0.0643,7.0898,0.9337,0.9726
"ENSG00000100292",-1.2682,11.1835,2.667e-05,0.0002714
"ENSG00000100294",0.2272,8.5164,0.1497,0.3548
"ENSG00000100296",0.1851,9.8473,0.1443,0.3452
"ENSG00000100297",0.3333,8.672,0.02576,0.09709
"ENSG00000100299",-0.0271,10.1484,0.7771,0.9034
"ENSG00000100300",0.2201,10.9894,0.01843,0.07443
"ENSG00000100302",-2.0035,7.5008,9.405e-06,0.0001061
"ENSG00000100304",0.5531,9.5402,1.455e-06,1.921e-05
"ENSG00000100307",0.2878,9.9746,0.01191,0.05273
"ENSG00000100316",-0.0712,14.9703,0.3512,0.5986
"ENSG00000100319",-0.1819,8.3808,0.2674,0.5122
"ENSG00000100320",-0.3566,12.4644,1.145e-05,0.0001266
"ENSG00000100321",-0.1141,9.7355,0.2945,0.5428
"ENSG00000100324",-0.0672,9.6432,0.522,0.7439
"ENSG00000100325",-0.1183,10.0898,0.2298,0.4657
"ENSG00000100330",-0.172,10.7626,0.04619,0.1515
"ENSG00000100335",0.1923,10.2295,0.0699,0.2054
"ENSG00000100336",-0.7624,7.6208,0.01377,0.05902
"ENSG00000100341",-0.507,7.1163,0.4525,0.6912
"ENSG00000100342",-0.2743,10.1964,0.04264,0.1425
"ENSG00000100344",0.1973,8.0809,0.3492,0.5969
"ENSG00000100345",0.2518,15.3206,0.005733,0.02921
"ENSG00000100347",-0.0052,9.7612,0.9632,0.9857
"ENSG00000100348",-0.0534,10.3772,0.5775,0.7852
"ENSG00000100350",-0.4707,9.5398,4.114e-05,0.0003993
"ENSG00000100353",0.0056,11.8621,0.946,0.9771
"ENSG00000100354",-0.345,10.14,0.000246,0.00196
"ENSG00000100359",0.1028,9.8241,0.3391,0.5877
"ENSG00000100360",-0.4633,9.599,1.505e-05,0.0001624
"ENSG00000100364",-0.36,11.0196,0.0001342,0.001147
"ENSG00000100372",0.1283,8.7158,0.4359,0.6782
"ENSG00000100376",-0.4901,9.8162,0.0001759,0.001455
"ENSG00000100379",0.04,8.915,0.7562,0.893
"ENSG00000100380",-0.2705,12.6444,0.002929,0.01667
"ENSG00000100387",0.1937,8.3592,0.2758,0.5216
"ENSG00000100393",0.159,11.3364,0.07368,0.2132
"ENSG00000100395",-0.1778,8.8995,0.2107,0.4412
"ENSG00000100399",-0.7229,7.3694,0.08797,0.2419
"ENSG00000100401",0.3699,11.0806,5.392e-06,6.426e-05
"ENSG00000100403",0.0281,12.0217,0.7537,0.8918
"ENSG00000100410",0.1557,8.7849,0.243,0.4829
"ENSG00000100412",0.095,10.3367,0.3866,0.6325
"ENSG00000100413",0.0344,9.6464,0.7946,0.9119
"ENSG00000100416",0.1998,9.0547,0.1304,0.3214
"ENSG00000100417",0.2497,9.539,0.0299,0.1085
"ENSG00000100418",0.1302,9.6402,0.2505,0.4926
"ENSG00000100422",0.0899,10.843,0.373,0.6195
"ENSG00000100425",-0.0119,9.826,0.9173,0.9658
"ENSG00000100426",0.1009,8.9025,0.4537,0.6919
"ENSG00000100427",-0.0588,7.2141,0.9108,0.9631
"ENSG00000100429",0.4042,7.3271,0.3459,0.5938
"ENSG00000100439",-0.2194,11.087,0.05838,0.1804
"ENSG00000100441",0.2542,10.446,0.006826,0.03377
"ENSG00000100442",0.0212,9.307,0.8566,0.9408
"ENSG00000100445",-0.2722,8.1678,0.1673,0.3812
"ENSG00000100461",-0.2446,10.1131,0.0192,0.0768
"ENSG00000100462",0.0905,9.0053,0.491,0.7225
"ENSG00000100478",0.1044,7.6834,0.7131,0.8693
"ENSG00000100479",-0.6288,7.3573,0.1795,0.3993
"ENSG00000100483",0.0022,7.8971,0.993,0.9972
"ENSG00000100485",0.4856,10.1247,0.0002672,0.002112
"ENSG00000100490",0.4842,8.807,0.0008455,0.005791
"ENSG00000100503",0.038,10.7842,0.6492,0.8319
"ENSG00000100504",0.1277,10.1717,0.1679,0.382
"ENSG00000100505",-0.3664,7.7051,0.1986,0.4259
"ENSG00000100519",0.009,9.9632,0.9328,0.9726
"ENSG00000100522",0.2408,9.2414,0.05533,0.1729
"ENSG00000100523",-0.2814,9.7756,0.01294,0.05628
"ENSG00000100526",0.2614,7.7558,0.3111,0.5601
"ENSG00000100528",0.434,10.8042,1.009e-05,0.000113
"ENSG00000100532",0.2091,8.5221,0.182,0.4029
"ENSG00000100554",0.213,10.1138,0.02322,0.08938
"ENSG00000100558",0.5749,7.0567,0.4644,0.7001
"ENSG00000100564",0.1234,8.3503,0.4637,0.6996
"ENSG00000100567",0.1054,10.0745,0.3043,0.5535
"ENSG00000100568",0.1238,10.2531,0.1723,0.3889
"ENSG00000100575",-0.2137,8.541,0.2289,0.4649
"ENSG00000100577",-0.3684,8.5572,0.01298,0.05633
"ENSG00000100578",-0.3614,8.92,0.004679,0.0247
"ENSG00000100580",0.2912,9.1479,0.03526,0.1232
"ENSG00000100583",-0.1429,7.27,0.7648,0.8973
"ENSG00000100591",0.1499,10.3178,0.1254,0.3124
"ENSG00000100592",-0.9767,9.8365,3.712e-12,1.094e-10
"ENSG00000100596",0.0541,10.0535,0.6254,0.8174
"ENSG00000100599",-0.3406,9.6593,0.01262,0.05516
"ENSG00000100600",0.4955,10.4123,9.707e-07,1.313e-05
"ENSG00000100601",0.2853,8.3871,0.118,0.299
"ENSG00000100603",-0.0079,10.2214,0.9388,0.9746
"ENSG00000100605",0.4494,9.6158,6.195e-05,0.0005743
"ENSG00000100612",0.1815,9.9848,0.06739,0.2
"ENSG00000100614",0.1976,10.5131,0.07597,0.2179
"ENSG00000100625",-0.2985,9.5723,0.006895,0.03405
"ENSG00000100626",-0.9996,9.262,1.152e-16,5.483e-15
"ENSG00000100628",0.5396,7.6442,0.2797,0.5269
"ENSG00000100629",0.069,7.8003,0.8005,0.9144
"ENSG00000100632",-0.117,10.0184,0.2942,0.5426
"ENSG00000100644",0.556,12.5972,1.873e-07,2.923e-06
"ENSG00000100647",0.6565,9.9907,5.887e-07,8.332e-06
"ENSG00000100650",0.0783,12.3361,0.3539,0.6013
"ENSG00000100664",-0.1114,12.1431,0.1737,0.3909
"ENSG00000100697",0.1722,10.775,0.0611,0.1865
"ENSG00000100711",-0.1227,10.5034,0.171,0.387
"ENSG00000100714",0.3013,9.8794,0.002041,0.01227
"ENSG00000100722",-0.0736,10.3038,0.408,0.6539
"ENSG00000100726",0.1648,9.0601,0.2003,0.4281
"ENSG00000100731",-0.1259,11.3201,0.1152,0.2944
"ENSG00000100739",-1.8803,8.1899,2.723e-12,8.117e-11
"ENSG00000100744",0.0164,9.2036,0.8977,0.9582
"ENSG00000100749",0.1921,7.9347,0.3935,0.6391
"ENSG00000100764",0.0823,10.7726,0.3203,0.5687
"ENSG00000100767",1.0132,8.5552,2.271e-06,2.896e-05
"ENSG00000100784",-2.5069,7.8931,1.066e-21,8.354e-20
"ENSG00000100796",-0.2092,10.3108,0.03817,0.1309
"ENSG00000100802",-0.4133,8.2087,0.02422,0.09238
"ENSG00000100804",-0.0117,10.4065,0.8998,0.959
"ENSG00000100811",0.092,11.2688,0.323,0.5709
"ENSG00000100813",-0.2995,12.1045,0.0007688,0.005334
"ENSG00000100814",0.0391,9.4907,0.7448,0.8874
"ENSG00000100815",-0.0291,10.658,0.7351,0.882
"ENSG00000100823",-0.3271,10.8399,0.001492,0.009373
"ENSG00000100836",-0.0732,10.0722,0.5093,0.7347
"ENSG00000100842",-0.6338,8.647,2.516e-05,0.000258
"ENSG00000100852",0.1024,10.9746,0.2935,0.5419
"ENSG00000100865",-0.1393,9.218,0.2627,0.5073
"ENSG00000100867",1.4036,6.9455,0.2601,0.5042
"ENSG00000100883",0.1134,10.1341,0.2389,0.4778
"ENSG00000100888",-0.0541,10.8813,0.5586,0.7718
"ENSG00000100889",-0.1451,9.0862,0.2952,0.5434
"ENSG00000100897",0.165,10.015,0.08596,0.2382
"ENSG00000100902",-0.2144,7.5576,0.5101,0.7351
"ENSG00000100906",0.7988,9.5231,6.312e-06,7.4e-05
"ENSG00000100908",-0.0095,7.838,0.9721,0.9891
"ENSG00000100911",-0.4075,9.787,0.0002594,0.00206
"ENSG00000100916",0.2789,8.4953,0.1303,0.3214
"ENSG00000100918",-0.6142,7.5603,0.07515,0.2163
"ENSG00000100926",0.1094,7.9751,0.6113,0.8087
"ENSG00000100934",0.0361,11.9507,0.722,0.8748
"ENSG00000100938",0.1367,10.337,0.1581,0.3674
"ENSG00000100941",0.0419,10.8703,0.6283,0.8191
"ENSG00000100949",-0.1033,8.921,0.4181,0.6625
"ENSG00000100968",-0.518,11.9201,3.739e-06,4.574e-05
"ENSG00000100979",-0.3147,12.6761,4.556e-05,0.000437
"ENSG00000100982",-0.0161,9.5024,0.8811,0.9502
"ENSG00000100983",-0.3281,9.6467,0.006536,0.0325
"ENSG00000100991",0.0026,11.2792,0.9752,0.9898
"ENSG00000100994",0.5868,11.6398,4.933e-10,1.129e-08
"ENSG00000100997",0.252,10.5022,0.01537,0.0644
"ENSG00000101000",-0.3205,8.7399,0.04625,0.1516
"ENSG00000101003",-0.124,7.4579,0.7712,0.9003
"ENSG00000101004",-0.586,9.3001,7.46e-06,8.59e-05
"ENSG00000101017",0.7511,8.0529,0.0003604,0.002746
"ENSG00000101019",-0.0138,9.8282,0.8947,0.9565
"ENSG00000101040",-0.2349,9.5224,0.03287,0.1168
"ENSG00000101049",-1.0055,7.137,0.1275,0.3162
"ENSG00000101052",-0.0779,9.952,0.4228,0.6672
"ENSG00000101057",-0.2088,7.0871,0.7886,0.9091
"ENSG00000101079",-0.5241,10.0117,4.647e-07,6.709e-06
"ENSG00000101084",0.3901,7.3825,0.395,0.6409
"ENSG00000101098",-0.9297,7.6506,0.006459,0.03221
"ENSG00000101104",-0.1588,9.0943,0.2833,0.531
"ENSG00000101109",-0.2268,10.0147,0.02941,0.1072
"ENSG00000101115",-1.0521,7.1035,0.1739,0.3912
"ENSG00000101126",-0.2389,10.8362,0.007578,0.03687
"ENSG00000101132",-0.0171,9.1618,0.9114,0.9633
"ENSG00000101134",-0.9104,8.9539,9.898e-08,1.618e-06
"ENSG00000101138",-0.1002,9.527,0.4849,0.717
"ENSG00000101146",-0.1042,9.3431,0.3853,0.6314
"ENSG00000101150",0.3032,11.9636,0.0008277,0.005677
"ENSG00000101152",0.1683,11.0503,0.0668,0.1987
"ENSG00000101158",0.0051,10.015,0.9572,0.9838
"ENSG00000101160",0.1386,11.2376,0.1048,0.2753
"ENSG00000101161",0.0755,11.0572,0.3829,0.6295
"ENSG00000101162",0.3957,7.0407,0.6341,0.8232
"ENSG00000101166",0.1252,9.7034,0.2678,0.5124
"ENSG00000101181",0.0267,9.2236,0.8164,0.9223
"ENSG00000101182",0.2782,10.8229,0.003004,0.01701
"ENSG00000101187",-0.9339,7.1215,0.1544,0.3621
"ENSG00000101189",0.2234,9.1592,0.05324,0.1683
"ENSG00000101190",0.135,9.2523,0.248,0.4895
"ENSG00000101191",0.0118,10.7378,0.8983,0.9586
"ENSG00000101193",0.0264,9.2961,0.8205,0.9238
"ENSG00000101194",-0.1283,7.8548,0.5881,0.792
"ENSG00000101199",-0.0198,10.8026,0.8305,0.9294
"ENSG00000101210",-0.2019,7.3413,0.64,0.8265
"ENSG00000101213",-0.3846,7.0485,0.6456,0.8299
"ENSG00000101216",-0.0293,9.0204,0.8118,0.9199
"ENSG00000101220",0.1677,9.4605,0.198,0.4252
"ENSG00000101222",0.2325,7.0378,0.7789,0.9045
"ENSG00000101224",-0.5843,11.3854,0.0006169,0.004401
"ENSG00000101230",0.7997,7.6598,0.007536,0.03672
"ENSG00000101236",0.4513,11.4416,0.0003625,0.002758
"ENSG00000101246",-0.2744,9.1897,0.0192,0.0768
"ENSG00000101247",0.0465,8.1329,0.8123,0.9202
"ENSG00000101255",-1.111,8.8221,1.241e-12,3.863e-11
"ENSG00000101265",-1.0493,10.6782,5.876e-15,2.403e-13
"ENSG00000101266",-0.0635,10.9686,0.434,0.6763
"ENSG00000101278",0.7911,7.444,0.03046,0.1102
"ENSG00000101290",0.7419,11.1184,3.483e-11,9.01e-10
"ENSG00000101294",0.0611,11.4082,0.4685,0.7038
"ENSG00000101298",-0.2405,8.81,0.1002,0.2658
"ENSG00000101307",0.0632,8.3955,0.7558,0.893
"ENSG00000101310",-0.0464,9.4308,0.6783,0.8489
"ENSG00000101311",-0.4265,7.7121,0.1435,0.3439
"ENSG00000101333",0.6456,9.605,2.508e-05,0.0002575
"ENSG00000101335",0.4324,12.607,6.828e-05,0.0006285
"ENSG00000101337",-0.0549,11.0838,0.5092,0.7347
"ENSG00000101342",4.0877,7.4791,1.4e-17,7.215e-16
"ENSG00000101343",0.1874,9.8172,0.07517,0.2163
"ENSG00000101346",-0.0222,11.1908,0.8055,0.9167
"ENSG00000101347",3.767,12.6465,7.683e-129,3.463e-125
"ENSG00000101350",0.1448,11.2956,0.08448,0.2354
"ENSG00000101353",-0.4357,7.7436,0.124,0.3099
"ENSG00000101361",0.2284,10.266,0.04092,0.1381
"ENSG00000101363",0.1832,10.2566,0.04338,0.1444
"ENSG00000101365",0.0913,9.9219,0.3622,0.6092
"ENSG00000101367",0.2636,10.9542,0.003761,0.02049
"ENSG00000101384",-0.5263,10.3324,1.489e-06,1.964e-05
"ENSG00000101391",0.1717,8.7779,0.2315,0.4676
"ENSG00000101400",0.242,9.252,0.08869,0.2433
"ENSG00000101407",-0.1556,9.1033,0.2157,0.4479
"ENSG00000101412",0.151,7.5828,0.6544,0.8352
"ENSG00000101413",0.0179,9.6194,0.86,0.9425
"ENSG00000101417",-0.4239,8.1743,0.02554,0.0964
"ENSG00000101421",0.0927,11.2503,0.2826,0.53
"ENSG00000101425",-1.085,7.0801,0.1358,0.3312
"ENSG00000101439",0.3641,12.003,3.231e-06,4.012e-05
"ENSG00000101442",-0.0505,7.9739,0.809,0.9186
"ENSG00000101444",0.084,10.347,0.3389,0.5874
"ENSG00000101447",1.2227,8.1563,6.683e-06,7.805e-05
"ENSG00000101452",0.2584,9.0205,0.0465,0.1523
"ENSG00000101457",-0.295,9.0338,0.01507,0.06337
"ENSG00000101460",0.5877,9.3621,8.837e-08,1.449e-06
"ENSG00000101464",-0.1215,8.7494,0.4047,0.6504
"ENSG00000101470",-0.7626,7.3664,0.06982,0.2054
"ENSG00000101473",-0.18,8.9305,0.191,0.415
"ENSG00000101474",0.2634,11.4224,0.0007724,0.005353
"ENSG00000101493",-0.1121,10.2052,0.3141,0.5631
"ENSG00000101544",0.0625,9.4094,0.5603,0.7729
"ENSG00000101546",-0.1178,8.2198,0.576,0.7842
"ENSG00000101557",0.2335,10.5557,0.009217,0.0431
"ENSG00000101558",0.4976,11.4129,1.721e-06,2.24e-05
"ENSG00000101574",0.0493,8.4909,0.7484,0.8895
"ENSG00000101577",-0.1383,10.3859,0.1737,0.3909
"ENSG00000101596",0.0228,10.9322,0.7811,0.9054
"ENSG00000101605",0.5372,8.0607,0.008812,0.04152
"ENSG00000101608",0.8369,11.8197,6.33e-14,2.301e-12
"ENSG00000101624",0.2542,7.9117,0.2846,0.5327
"ENSG00000101639",-0.0309,9.785,0.7635,0.8972
"ENSG00000101654",-0.1067,10.3815,0.2895,0.5381
"ENSG00000101665",0.303,8.7786,0.02416,0.09221
"ENSG00000101680",-0.1022,8.3079,0.5598,0.7727
"ENSG00000101695",-0.595,7.0512,0.454,0.6921
"ENSG00000101745",0.1422,10.6164,0.1278,0.3165
"ENSG00000101751",0.0679,9.6643,0.5211,0.7433
"ENSG00000101752",0.1137,10.8211,0.2485,0.4899
"ENSG00000101773",0.289,9.3173,0.01836,0.07425
"ENSG00000101782",0.5331,10.6474,6.939e-07,9.67e-06
"ENSG00000101811",-0.0132,8.5627,0.9428,0.976
"ENSG00000101825",-1.3237,12.0976,2.437e-37,4.531e-35
"ENSG00000101843",-0.396,9.6576,0.0002957,0.002309
"ENSG00000101844",-0.1923,8.5769,0.2178,0.4499
"ENSG00000101846",0.2741,11.199,0.01247,0.05467
"ENSG00000101849",-0.0365,9.8072,0.7405,0.8849
"ENSG00000101856",-0.19,11.864,0.0209,0.08222
"ENSG00000101868",-0.1267,8.6903,0.4262,0.6698
"ENSG00000101871",-0.463,11.4723,1.018e-05,0.000114
"ENSG00000101882",-0.0339,8.8492,0.8018,0.9152
"ENSG00000101888",-0.0517,8.6649,0.7185,0.8732
"ENSG00000101898",-0.5157,7.109,0.4695,0.7043
"ENSG00000101901",0.0175,9.3004,0.8883,0.9543
"ENSG00000101911",0.2541,9.4284,0.0397,0.1349
"ENSG00000101928",0.3501,10.2396,0.0001583,0.001325
"ENSG00000101935",0.0716,8.8405,0.6297,0.8203
"ENSG00000101938",1.0446,8.487,5.525e-07,7.858e-06
"ENSG00000101940",0.0776,10.2742,0.4303,0.6733
"ENSG00000101945",0.1322,7.6199,0.6447,0.8294
"ENSG00000101955",0.9198,12.0678,3.001e-17,1.507e-15
"ENSG00000101966",0.1985,10.1569,0.04461,0.1475
"ENSG00000101972",0.0226,11.1753,0.8252,0.926
"ENSG00000101974",0.3627,10.6162,7.435e-05,0.0006788
"ENSG00000101977",1.3596,7.0394,0.1173,0.298
"ENSG00000101986",0.1259,9.3485,0.3204,0.5687
"ENSG00000101997",0.0325,8.7023,0.8121,0.9201
"ENSG00000102003",0.1967,7.3277,0.6689,0.8436
"ENSG00000102007",0.4721,9.7195,0.0001368,0.001166
"ENSG00000102024",0.1927,12.83,0.08592,0.2381
"ENSG00000102030",0.3016,8.6433,0.03979,0.1352
"ENSG00000102032",0.3806,7.3479,0.36,0.607
"ENSG00000102034",-0.174,9.4789,0.1043,0.2742
"ENSG00000102038",-0.0977,11.6041,0.2097,0.4401
"ENSG00000102043",-0.5887,7.0929,0.4274,0.6707
"ENSG00000102053",-0.2531,7.9314,0.2437,0.4839
"ENSG00000102054",0.1544,11.0542,0.06863,0.2027
"ENSG00000102057",-0.2404,8.4591,0.2294,0.4653
"ENSG00000102078",0.1873,8.2399,0.2876,0.5361
"ENSG00000102081",-0.0258,9.7866,0.8145,0.9217
"ENSG00000102096",0.3296,7.7159,0.2393,0.4784
"ENSG00000102098",-0.6305,7.6906,0.02268,0.0878
"ENSG00000102100",0.2191,9.0757,0.06924,0.2039
"ENSG00000102103",-0.1256,9.2065,0.2942,0.5426
"ENSG00000102109",-0.4663,6.976,0.6594,0.8391
"ENSG00000102119",0.2175,10.0708,0.03273,0.1164
"ENSG00000102125",0.3012,8.9966,0.02074,0.08178
"ENSG00000102128",0.8986,7.0417,0.2784,0.5252
"ENSG00000102144",0.2996,12.9183,0.3954,0.6412
"ENSG00000102158",-0.1309,11.3135,0.2881,0.5368
"ENSG00000102172",-0.0992,10.4306,0.3423,0.5908
"ENSG00000102174",-0.5584,8.5459,0.000654,0.004628
"ENSG00000102178",0.1763,9.6063,0.09013,0.246
"ENSG00000102181",0.0142,11.7165,0.8666,0.9446
"ENSG00000102189",-0.2492,11.548,0.006637,0.03291
"ENSG00000102218",0.5155,9.2498,2.873e-05,0.0002886
"ENSG00000102221",-0.9051,8.6608,9.666e-09,1.858e-07
"ENSG00000102225",0.0391,10.8152,0.6446,0.8294
"ENSG00000102226",-0.2011,10.6899,0.0165,0.0681
"ENSG00000102241",-0.1985,10.5955,0.03849,0.1318
"ENSG00000102265",-0.325,13.9359,0.009416,0.04378
"ENSG00000102287",-0.8323,8.3732,9.908e-05,0.0008737
"ENSG00000102302",-0.3234,9.4897,0.006011,0.03038
"ENSG00000102309",-0.1228,8.7188,0.3714,0.618
"ENSG00000102312",0.0708,8.5834,0.6388,0.8258
"ENSG00000102316",-0.3893,11.6711,7.873e-05,0.0007131
"ENSG00000102317",0.3406,11.7125,0.0005563,0.004015
"ENSG00000102349",0.1997,7.9506,0.3742,0.6206
"ENSG00000102359",0.0818,10.119,0.4819,0.7146
"ENSG00000102362",0.427,9.0898,0.006253,0.03138
"ENSG00000102383",-0.3985,7.1025,0.573,0.7821
"ENSG00000102384",-0.0336,7.6419,0.9056,0.9613
"ENSG00000102385",-1.0769,8.1157,8.174e-08,1.353e-06
"ENSG00000102387",-0.4972,7.1815,0.4281,0.6713
"ENSG00000102390",-0.2705,9.0737,0.03574,0.1243
"ENSG00000102393",-0.1464,8.8961,0.2597,0.504
"ENSG00000102401",-0.2985,11.4821,0.0005596,0.004036
"ENSG00000102409",-0.2498,8.9335,0.04929,0.1591
"ENSG00000102445",-0.7819,7.9215,0.000745,0.005197
"ENSG00000102452",0.9133,8.0404,2.184e-05,0.0002271
"ENSG00000102466",1.2173,9.6348,1.1e-26,1.28e-24
"ENSG00000102468",-1.9358,7.1513,0.005352,0.02767
"ENSG00000102471",0.1559,9.595,0.1802,0.4004
"ENSG00000102524",-1.7088,7.7766,3.068e-11,7.96e-10
"ENSG00000102531",-0.1673,11.2805,0.04514,0.1488
"ENSG00000102543",0.1474,8.5193,0.3781,0.6248
"ENSG00000102547",0.5499,9.5431,6.893e-06,8.003e-05
"ENSG00000102554",2.4826,8.1733,7.684e-25,7.784e-23
"ENSG00000102572",0.2401,10.7056,0.03526,0.1232
"ENSG00000102575",-1.4426,7.4919,3.793e-05,0.0003707
"ENSG00000102580",0.4015,11.1866,0.0001766,0.001461
"ENSG00000102595",0.1728,10.0758,0.1236,0.3092
"ENSG00000102606",0.257,10.6615,0.01147,0.05127
"ENSG00000102678",-0.0536,8.3063,0.8474,0.937
"ENSG00000102683",-0.1347,7.285,0.7825,0.9061
"ENSG00000102699",0.1159,11.6352,0.139,0.3365
"ENSG00000102710",-0.2614,9.8936,0.01489,0.06274
"ENSG00000102738",-0.1391,8.5318,0.4052,0.6509
"ENSG00000102743",-0.2898,7.8716,0.2704,0.5157
"ENSG00000102753",0.265,10.5838,0.01049,0.04779
"ENSG00000102755",0.3964,7.4836,0.3204,0.5687
"ENSG00000102760",2.849,9.7346,6.287e-06,7.389e-05
"ENSG00000102763",-0.0859,9.6573,0.4397,0.6815
"ENSG00000102780",0.7973,9.3314,5.416e-13,1.776e-11
"ENSG00000102781",0.3327,9.6629,0.003201,0.01785
"ENSG00000102786",0.1009,9.5049,0.3857,0.6316
"ENSG00000102796",-0.0999,8.1321,0.6206,0.8143
"ENSG00000102802",0.7186,10.725,0.01909,0.07645
"ENSG00000102804",1.2014,12.3308,1.603e-50,5.667e-48
"ENSG00000102805",-0.0519,10.0502,0.6171,0.8117
"ENSG00000102858",0.0144,10.4644,0.889,0.9544
"ENSG00000102870",0.0577,9.5963,0.6264,0.818
"ENSG00000102871",0.029,8.9438,0.8244,0.9257
"ENSG00000102878",-0.5701,8.3073,0.004309,0.02304
"ENSG00000102879",-1.384,7.1203,0.0405,0.1371
"ENSG00000102882",-0.2691,11.3508,0.003029,0.01713
"ENSG00000102886",0.0381,7.9193,0.8724,0.9463
"ENSG00000102890",-0.0983,7.2519,0.8477,0.9372
"ENSG00000102893",-0.1481,10.6735,0.1277,0.3165
"ENSG00000102897",0.1631,9.145,0.2333,0.4695
"ENSG00000102898",0.0277,10.4501,0.7679,0.8983
"ENSG00000102900",0.3765,9.6512,0.00108,0.007139
"ENSG00000102901",-0.0125,9.4531,0.9181,0.9661
"ENSG00000102904",-0.3046,7.6857,0.3015,0.5503
"ENSG00000102908",-0.1718,10.9978,0.07329,0.2124
"ENSG00000102910",-0.0437,11.1071,0.5841,0.7897
"ENSG00000102921",0.0222,9.9966,0.8283,0.928
"ENSG00000102931",0.0319,9.9696,0.7426,0.8862
"ENSG00000102935",-1.1512,7.5429,0.0005688,0.004096
"ENSG00000102967",-0.1071,7.9028,0.6474,0.8309
"ENSG00000102974",-0.2734,9.807,0.00809,0.03879
"ENSG00000102977",-0.0634,8.6577,0.655,0.8355
"ENSG00000102978",0.1891,10.0503,0.05404,0.17
"ENSG00000102981",-0.1805,7.449,0.6203,0.814
"ENSG00000102984",-1.4023,7.9789,4.293e-11,1.1e-09
"ENSG00000102996",1.266,8.3725,5.579e-11,1.401e-09
"ENSG00000103005",0.3488,9.7111,0.002568,0.0149
"ENSG00000103018",-0.1962,10.0836,0.03575,0.1243
"ENSG00000103021",-0.3509,8.0767,0.07408,0.2141
"ENSG00000103024",0.1582,8.762,0.3139,0.563
"ENSG00000103034",-0.3555,8.4489,0.02333,0.08976
"ENSG00000103035",0.3015,9.8311,0.003976,0.02149
"ENSG00000103037",-0.0445,8.3124,0.7894,0.9095
"ENSG00000103042",-0.0456,9.7811,0.6811,0.8503
"ENSG00000103043",-0.1787,10.0864,0.05857,0.1809
"ENSG00000103044",0.0896,7.2728,0.8552,0.9403
"ENSG00000103047",0.1218,8.536,0.4758,0.7099
"ENSG00000103051",-0.0078,10.7116,0.9276,0.9702
"ENSG00000103056",-0.1667,7.578,0.6311,0.8212
"ENSG00000103061",-0.0154,8.158,0.9376,0.9738
"ENSG00000103064",1.4015,9.8211,5.455e-19,3.357e-17
"ENSG00000103066",0.371,9.8463,0.001545,0.009651
"ENSG00000103091",-0.1075,9.7373,0.3077,0.5566
"ENSG00000103111",0.4102,10.1273,0.0002989,0.00233
"ENSG00000103121",0.1543,8.1817,0.4546,0.6927
"ENSG00000103126",0.1628,9.4625,0.1255,0.3126
"ENSG00000103145",-0.3427,10.0639,0.001682,0.01038
"ENSG00000103148",-0.0545,9.8019,0.5858,0.7907
"ENSG00000103150",0.7719,8.3475,4.618e-05,0.0004424
"ENSG00000103152",0.0617,9.54,0.7004,0.8621
"ENSG00000103160",-0.2233,9.2523,0.06429,0.1935
"ENSG00000103168",0.0607,9.537,0.6233,0.8162
"ENSG00000103174",-0.1414,9.1767,0.2723,0.5174
"ENSG00000103175",1.756,8.6425,5.694e-22,4.564e-20
"ENSG00000103184",0.1651,8.0604,0.518,0.7414
"ENSG00000103187",0.3521,11.2143,0.00601,0.03038
"ENSG00000103194",0.2154,10.1062,0.03523,0.1232
"ENSG00000103196",2.6313,11.1785,2.448e-48,7.884e-46
"ENSG00000103197",-0.0713,11.1608,0.4442,0.6845
"ENSG00000103199",0.0109,8.8802,0.937,0.9734
"ENSG00000103202",-0.1981,10.7721,0.06365,0.192
"ENSG00000103222",-0.4051,12.353,1.75e-06,2.274e-05
"ENSG00000103226",-0.0255,12.0539,0.7408,0.8849
"ENSG00000103227",0.1936,8.8654,0.1545,0.3621
"ENSG00000103241",0.1246,10.8509,0.2067,0.4358
"ENSG00000103245",0.1177,8.6957,0.4087,0.6545
"ENSG00000103248",-0.4166,8.8807,0.002938,0.01672
"ENSG00000103249",-0.101,10.5676,0.2382,0.4767
"ENSG00000103253",0.4173,7.9181,0.1077,0.2806
"ENSG00000103254",0.2514,8.112,0.3128,0.5621
"ENSG00000103257",-1.2657,9.1409,0.0007527,0.005243
"ENSG00000103260",0.2433,8.9575,0.08711,0.2401
"ENSG00000103264",0.0453,10.2673,0.6688,0.8436
"ENSG00000103266",0.0884,9.3079,0.4495,0.6889
"ENSG00000103269",0.0383,7.5842,0.9016,0.9599
"ENSG00000103274",-0.3213,7.9653,0.1459,0.3482
"ENSG00000103275",0.0998,10.7646,0.2663,0.5108
"ENSG00000103316",-1.3477,7.2095,0.02012,0.07996
"ENSG00000103319",0.386,10.2787,0.0002502,0.001992
"ENSG00000103326",0.2509,9.4189,0.02714,0.101
"ENSG00000103335",0.0098,11.5612,0.9234,0.968
"ENSG00000103342",0.2314,11.3233,0.01126,0.05053
"ENSG00000103343",-0.1401,8.3322,0.4388,0.6808
"ENSG00000103351",-0.2639,9.4287,0.02616,0.09817
"ENSG00000103353",-0.2426,11.1338,0.008289,0.03949
"ENSG00000103356",-0.1501,9.0208,0.2944,0.5426
"ENSG00000103363",0.0794,10.8488,0.3909,0.6369
"ENSG00000103365",-0.4109,10.4433,3.235e-06,4.015e-05
"ENSG00000103381",0.9307,9.7008,1.625e-17,8.35e-16
"ENSG00000103404",0.5237,8.7423,0.0002165,0.00175
"ENSG00000103415",0.0963,9.4232,0.3766,0.623
"ENSG00000103423",-0.04,9.7642,0.686,0.8539
"ENSG00000103429",0.0845,10.4755,0.3694,0.6161
"ENSG00000103449",0.5512,7.4902,0.1562,0.3647
"ENSG00000103472",0.1862,8.1688,0.3194,0.5679
"ENSG00000103479",0.3299,11.303,0.0004408,0.003259
"ENSG00000103485",-1.2121,9.9731,3.149e-32,4.617e-30
"ENSG00000103489",-0.0618,10.1029,0.6966,0.8609
"ENSG00000103490",0.2766,8.0993,0.1632,0.3756
"ENSG00000103494",-0.1681,8.8265,0.2208,0.4536
"ENSG00000103495",-0.0876,8.4249,0.6037,0.8035
"ENSG00000103496",-0.1251,9.7204,0.2697,0.5149
"ENSG00000103502",0.8234,11.7328,1.668e-23,1.512e-21
"ENSG00000103507",-0.0172,9.9346,0.8751,0.9476
"ENSG00000103510",0.0152,9.3603,0.8943,0.9564
"ENSG00000103512",-0.0496,12.3311,0.5375,0.7563
"ENSG00000103540",-0.2738,9.1176,0.02469,0.0938
"ENSG00000103544",0.0344,10.8222,0.6974,0.8611
"ENSG00000103549",0.0397,10.8548,0.6881,0.8553
"ENSG00000103550",0.0454,8.1948,0.8174,0.9225
"ENSG00000103591",-0.1559,9.8417,0.1204,0.3029
"ENSG00000103599",-0.2465,7.5136,0.4751,0.7093
"ENSG00000103642",0.4295,9.3479,0.0007076,0.004959
"ENSG00000103647",-1.3294,9.4382,5.96e-16,2.68e-14
"ENSG00000103653",-0.1027,9.4693,0.3618,0.6087
"ENSG00000103657",-0.039,11.0558,0.6667,0.8423
"ENSG00000103671",0.1534,9.0886,0.2232,0.4568
"ENSG00000103707",0.3237,8.658,0.03334,0.1179
"ENSG00000103710",-1.076,10.2014,6.531e-13,2.118e-11
"ENSG00000103723",-0.0957,7.6021,0.7734,0.9015
"ENSG00000103742",-2.1972,8.872,1.843e-47,5.449e-45
"ENSG00000103769",0.0957,11.0612,0.2411,0.4806
"ENSG00000103811",0.2014,10.0748,0.1705,0.3864
"ENSG00000103852",-0.1594,9.2719,0.1633,0.3756
"ENSG00000103855",-0.2869,11.6079,0.000443,0.003272
"ENSG00000103876",-0.4042,9.1381,0.001925,0.01167
"ENSG00000103888",0.9731,16.5977,0.001833,0.01119
"ENSG00000103932",0.0639,9.4378,0.6063,0.8053
"ENSG00000103942",-0.3321,7.7205,0.2267,0.4616
"ENSG00000103966",0.2869,9.6191,0.009867,0.04545
"ENSG00000103978",0.3899,9.8777,0.0008574,0.005856
"ENSG00000103994",0.4707,13.4155,0.0007013,0.004927
"ENSG00000103995",-0.3815,8.1258,0.04319,0.144
"ENSG00000104043",-0.5186,9.9221,5.788e-06,6.857e-05
"ENSG00000104047",-0.4188,10.5168,1.471e-05,0.0001589
"ENSG00000104059",0.3647,7.0426,0.6646,0.8415
"ENSG00000104064",-0.0772,8.8813,0.63,0.8206
"ENSG00000104067",0.2965,11.7457,0.001668,0.0103
"ENSG00000104081",-0.6942,8.5305,0.000239,0.001912
"ENSG00000104093",-0.4663,9.6435,0.0003707,0.002812
"ENSG00000104129",-0.1768,8.003,0.3879,0.6337
"ENSG00000104131",0.1464,9.6018,0.212,0.4428
"ENSG00000104133",-0.0752,10.9242,0.3795,0.6263
"ENSG00000104142",0.4343,10.0744,7.034e-06,8.152e-05
"ENSG00000104147",-0.0975,7.0944,0.8876,0.9541
"ENSG00000104154",0.2645,9.1683,0.0572,0.1776
"ENSG00000104164",-0.0219,10.7381,0.8224,0.925
"ENSG00000104177",-0.2485,8.4926,0.162,0.3738
"ENSG00000104205",0.6144,7.9915,0.002805,0.01605
"ENSG00000104213",0.0669,8.9557,0.7533,0.8917
"ENSG00000104218",-0.332,9.1412,0.01041,0.0475
"ENSG00000104219",0.368,10.6454,0.002343,0.01379
"ENSG00000104221",-0.1501,8.2361,0.3931,0.6389
"ENSG00000104228",0.2143,9.1916,0.07165,0.209
"ENSG00000104231",-0.1936,8.8862,0.1429,0.3429
"ENSG00000104290",0.1757,7.0674,0.811,0.9198
"ENSG00000104299",0.0085,8.7615,0.9521,0.9812
"ENSG00000104312",-0.3016,8.8571,0.02032,0.08051
"ENSG00000104313",-0.9757,7.9932,1.268e-05,0.0001385
"ENSG00000104320",-0.3461,9.8838,0.0008947,0.00607
"ENSG00000104321",-1.344,9.1565,1.841e-15,7.925e-14
"ENSG00000104324",-0.0734,10.6845,0.4782,0.712
"ENSG00000104325",-0.0792,10.0722,0.4741,0.7084
"ENSG00000104331",0.3168,11.4458,0.0002609,0.002069
"ENSG00000104332",0.4939,13.5606,0.0006366,0.004526
"ENSG00000104341",-0.094,10.4609,0.3882,0.634
"ENSG00000104343",0.4332,9.118,0.0016,0.009949
"ENSG00000104356",-0.0981,8.5442,0.5689,0.7797
"ENSG00000104361",-0.268,10.4401,0.01151,0.05138
"ENSG00000104365",0.2515,10.2408,0.006151,0.03099
"ENSG00000104368",-0.2007,9.9318,0.274,0.5196
"ENSG00000104375",-0.1386,9.7345,0.2637,0.5081
"ENSG00000104381",-0.1419,8.2253,0.4307,0.6734
"ENSG00000104388",0.4093,11.5423,1.909e-05,0.0002011
"ENSG00000104408",-0.1086,12.4489,0.2037,0.4324
"ENSG00000104412",-0.0042,9.5729,0.9684,0.9873
"ENSG00000104415",-0.8771,9.0603,1.03e-05,0.0001152
"ENSG00000104419",0.1971,11.7916,0.1775,0.3965
"ENSG00000104427",-0.0018,8.8416,0.9901,0.9961
"ENSG00000104432",-0.1154,7.2858,0.8027,0.9154
"ENSG00000104442",-0.0347,9.6021,0.7689,0.8987
"ENSG00000104447",-0.1408,9.2591,0.2356,0.4731
"ENSG00000104450",0.0399,7.6344,0.8926,0.9553
"ENSG00000104472",0.2704,9.608,0.01061,0.04822
"ENSG00000104490",-0.25,7.3992,0.5483,0.7645
"ENSG00000104497",0.0133,8.5157,0.9363,0.9733
"ENSG00000104517",0.0829,11.9835,0.2915,0.5399
"ENSG00000104518",-0.056,9.6805,0.6349,0.8239
"ENSG00000104522",-0.1158,9.3639,0.3183,0.5669
"ENSG00000104524",0.3081,8.1914,0.1323,0.3249
"ENSG00000104529",-0.1272,11.4327,0.2206,0.4534
"ENSG00000104549",0.0996,9.1559,0.4154,0.6605
"ENSG00000104611",-0.4954,9.9877,0.005393,0.02781
"ENSG00000104613",0.0259,10.0331,0.817,0.9223
"ENSG00000104626",0.0439,9.275,0.7524,0.8914
"ENSG00000104635",0.0887,10.497,0.4007,0.6467
"ENSG00000104643",0.1345,9.1178,0.2836,0.5313
"ENSG00000104660",-0.0186,9.5373,0.8623,0.9428
"ENSG00000104671",0.349,8.7167,0.01054,0.04794
"ENSG00000104679",-0.1977,8.8966,0.1553,0.3633
"ENSG00000104687",0.8061,10.3488,9.97e-09,1.911e-07
"ENSG00000104689",0.3846,7.6532,0.1767,0.3954
"ENSG00000104691",0.1096,8.4034,0.5077,0.7338
"ENSG00000104695",0.5522,11.0324,6.948e-08,1.169e-06
"ENSG00000104714",0.26,8.944,0.05692,0.177
"ENSG00000104722",0.4009,7.5332,0.2658,0.5102
"ENSG00000104723",-0.2095,10.6124,0.02773,0.1025
"ENSG00000104725",0.3314,7.2821,0.5841,0.7897
"ENSG00000104728",-0.0649,11.0031,0.4657,0.7014
"ENSG00000104731",0.001,8.3329,0.9953,0.998
"ENSG00000104738",-0.4679,9.46,6.559e-05,0.0006059
"ENSG00000104756",0.8272,10.9056,1.794e-17,9.192e-16
"ENSG00000104763",0.0226,11.6933,0.8464,0.9363
"ENSG00000104765",0.3257,13.0318,0.004096,0.02207
"ENSG00000104774",0.038,11.0192,0.6764,0.8478
"ENSG00000104804",0.4172,7.1735,0.4592,0.6964
"ENSG00000104805",0.0496,12.5515,0.5237,0.7447
"ENSG00000104812",0.4567,10.8179,0.2533,0.496
"ENSG00000104823",0.3102,9.7366,0.01722,0.07044
"ENSG00000104824",-0.1949,10.9863,0.02201,0.08569
"ENSG00000104825",0.3356,9.2555,0.006592,0.03274
"ENSG00000104835",0.2758,7.0532,0.7214,0.8748
"ENSG00000104852",0.2398,12.0525,0.007848,0.03792
"ENSG00000104853",0.1985,11.1208,0.02101,0.08261
"ENSG00000104856",-0.3288,8.265,0.0986,0.2629
"ENSG00000104859",0.0849,9.2271,0.5676,0.7785
"ENSG00000104863",-0.5669,7.5235,0.09448,0.2544
"ENSG00000104866",-0.2627,9.574,0.01167,0.05191
"ENSG00000104870",0.0721,11.5486,0.4166,0.6614
"ENSG00000104872",0.159,9.6129,0.1547,0.3625
"ENSG00000104880",0.2752,9.024,0.03245,0.1157
"ENSG00000104881",0.2894,8.3839,0.2037,0.4324
"ENSG00000104883",-0.1208,7.5741,0.7001,0.8621
"ENSG00000104884",0.2037,9.1691,0.1726,0.3893
"ENSG00000104885",0.354,8.9269,0.005251,0.02724
"ENSG00000104886",0.4075,9.3938,0.0006761,0.00477
"ENSG00000104888",0.4145,7.124,0.5161,0.7397
"ENSG00000104889",-0.2703,7.899,0.2261,0.4609
"ENSG00000104894",-1.1784,7.3909,0.003667,0.02006
"ENSG00000104897",-0.0378,9.4549,0.7311,0.8797
"ENSG00000104899",0.7492,7.2172,0.205,0.434
"ENSG00000104904",0.1895,12.8553,0.0256,0.09661
"ENSG00000104907",0.1936,9.2106,0.1559,0.3642
"ENSG00000104915",-0.108,9.5696,0.3152,0.5641
"ENSG00000104936",0.8149,10.4589,2.159e-11,5.716e-10
"ENSG00000104946",0.0919,10.3404,0.4251,0.6688
"ENSG00000104951",-2.4884,7.0636,0.002892,0.01649
"ENSG00000104953",1.2366,7.2024,0.02369,0.09087
"ENSG00000104957",0.1899,9.2159,0.1127,0.2897
"ENSG00000104960",-0.0385,9.4527,0.734,0.8813
"ENSG00000104964",0.3724,11.7868,3.099e-05,0.0003092
"ENSG00000104969",0.1215,10.2428,0.2132,0.4443
"ENSG00000104973",0.212,9.6917,0.03587,0.1246
"ENSG00000104976",0.3965,8.9615,0.00319,0.0178
"ENSG00000104979",-0.0421,10.1694,0.7003,0.8621
"ENSG00000104980",0.094,9.2235,0.4276,0.6709
"ENSG00000104983",0.0634,8.1011,0.749,0.8896
"ENSG00000104998",-0.3186,7.5721,0.3141,0.5631
"ENSG00000105011",-0.0224,7.2207,0.9653,0.9863
"ENSG00000105048",-0.4921,7.2597,0.3093,0.558
"ENSG00000105053",0.0853,9.3625,0.4744,0.7086
"ENSG00000105058",0.2282,10.8204,0.01837,0.07425
"ENSG00000105063",0.1042,10.6864,0.2628,0.5073
"ENSG00000105072",-0.3418,8.438,0.02981,0.1083
"ENSG00000105085",0.0351,8.0355,0.862,0.9428
"ENSG00000105088",-1.3928,7.6651,7.048e-06,8.16e-05
"ENSG00000105127",0.2045,9.6117,0.07466,0.2153
"ENSG00000105135",0.0461,9.869,0.6914,0.8574
"ENSG00000105136",-0.3351,8.5493,0.05055,0.1619
"ENSG00000105137",0.5256,10.6315,1.09e-06,1.461e-05
"ENSG00000105146",0.2655,7.4721,0.4623,0.6987
"ENSG00000105171",0.0744,9.283,0.5321,0.7518
"ENSG00000105173",-0.6597,7.7143,0.01726,0.07059
"ENSG00000105176",-0.0525,10.5848,0.5745,0.7833
"ENSG00000105185",0.2489,9.8251,0.04164,0.1399
"ENSG00000105186",0.3816,9.5226,0.0006036,0.004319
"ENSG00000105193",-0.0289,13.0781,0.7983,0.9134
"ENSG00000105197",0.0896,9.7053,0.4802,0.7132
"ENSG00000105202",0.0968,10.1529,0.3444,0.5923
"ENSG00000105204",-0.3621,9.2544,0.00827,0.03944
"ENSG00000105220",-0.0276,11.5975,0.8361,0.9318
"ENSG00000105221",-0.1909,11.5362,0.0288,0.1055
"ENSG00000105223",-0.1288,12.5762,0.08507,0.2365
"ENSG00000105227",-0.4295,8.6267,0.01027,0.04698
"ENSG00000105229",0.143,8.7638,0.3446,0.5926
"ENSG00000105245",-0.1949,11.3277,0.1571,0.366
"ENSG00000105248",0.0349,8.4859,0.8329,0.9307
"ENSG00000105254",0.2302,10.0901,0.02008,0.07986
"ENSG00000105255",0.0328,7.7302,0.8999,0.9591
"ENSG00000105258",0.0072,7.8589,0.9759,0.99
"ENSG00000105270",0.0886,11.364,0.3951,0.641
"ENSG00000105281",0.4089,12.3952,1.124e-07,1.824e-06
"ENSG00000105287",-0.1084,9.3174,0.3549,0.6025
"ENSG00000105289",-0.6244,7.0481,0.4359,0.6782
"ENSG00000105290",-0.6473,7.9864,0.002628,0.01519
"ENSG00000105298",0.0914,9.0001,0.4999,0.7281
"ENSG00000105321",0.144,9.0892,0.2648,0.5095
"ENSG00000105323",-0.04,12.2043,0.615,0.8106
"ENSG00000105325",-0.219,9.9093,0.0228,0.08813
"ENSG00000105327",-0.7601,8.8796,4.745e-09,9.55e-08
"ENSG00000105329",-0.2802,10.989,0.01372,0.05888
"ENSG00000105339",0.3848,9.5281,0.0005545,0.004008
"ENSG00000105341",0.0015,9.6017,0.9893,0.9956
"ENSG00000105355",0.0774,11.273,0.481,0.714
"ENSG00000105364",0.2673,8.9704,0.03565,0.124
"ENSG00000105369",-0.3639,7.0215,0.6827,0.8513
"ENSG00000105372",0.0282,13.8876,0.7644,0.8973
"ENSG00000105373",0.0084,11.8912,0.9346,0.9728
"ENSG00000105376",0.1457,7.8548,0.6142,0.8101
"ENSG00000105379",-0.0521,8.3872,0.7898,0.9097
"ENSG00000105393",0.3212,8.6386,0.05096,0.1627
"ENSG00000105397",0.0582,10.3082,0.6029,0.8028
"ENSG00000105401",0.0832,11.2632,0.3906,0.6365
"ENSG00000105402",0.3485,10.8696,6.63e-05,0.0006118
"ENSG00000105404",0.3285,10.9395,0.00024,0.001919
"ENSG00000105419",0.6903,10.0515,8.701e-11,2.146e-09
"ENSG00000105426",0.4023,11.8558,0.02034,0.08056
"ENSG00000105429",0.0549,12.0504,0.5879,0.7919
"ENSG00000105438",0.0304,11.6527,0.6985,0.8614
"ENSG00000105443",-0.136,9.5977,0.341,0.5896
"ENSG00000105447",0.1772,9.1869,0.2118,0.4426
"ENSG00000105464",-0.0522,7.2232,0.919,0.9665
"ENSG00000105472",0.0219,9.972,0.8268,0.9271
"ENSG00000105483",-0.3911,9.1509,0.0025,0.01454
"ENSG00000105486",-1.0174,8.2945,2.242e-09,4.751e-08
"ENSG00000105497",-0.1517,8.653,0.322,0.5699
"ENSG00000105499",-1.0318,8.1499,5.003e-08,8.665e-07
"ENSG00000105514",0.4443,8.5411,0.009347,0.04353
"ENSG00000105516",-1.6519,7.9303,4.87e-13,1.614e-11
"ENSG00000105518",0.0898,8.2951,0.6169,0.8116
"ENSG00000105519",0.1824,8.1833,0.3285,0.5773
"ENSG00000105520",-0.086,10.1459,0.4233,0.6676
"ENSG00000105538",0.3065,7.7251,0.2569,0.5007
"ENSG00000105552",0.7408,9.4276,3.274e-07,4.895e-06
"ENSG00000105556",-0.1283,8.7511,0.3812,0.6279
"ENSG00000105559",-0.5581,10.4224,5.393e-05,0.0005065
"ENSG00000105568",0.1288,12.4564,0.1127,0.2897
"ENSG00000105576",0.0556,11.4116,0.5658,0.7767
"ENSG00000105583",0.1459,9.0803,0.303,0.5521
"ENSG00000105605",0.1098,7.6411,0.7048,0.8647
"ENSG00000105607",0.4607,8.5071,0.002585,0.01498
"ENSG00000105612",0.0894,9.982,0.4033,0.6494
"ENSG00000105613",0.1045,7.0408,0.8973,0.958
"ENSG00000105617",0.0308,7.8362,0.8945,0.9565
"ENSG00000105618",0.0347,9.1674,0.7822,0.9061
"ENSG00000105619",0.1147,8.2724,0.5244,0.7454
"ENSG00000105639",0.3097,7.8984,0.1649,0.3782
"ENSG00000105640",-0.0055,13.5533,0.9531,0.9815
"ENSG00000105643",0.7841,8.9731,3.618e-08,6.421e-07
"ENSG00000105649",-0.519,7.5551,0.1158,0.2951
"ENSG00000105650",-0.5587,7.4655,0.1143,0.2926
"ENSG00000105655",-0.6096,8.1761,0.0025,0.01454
"ENSG00000105656",0.324,8.9605,0.0132,0.05706
"ENSG00000105662",0.028,9.8411,0.7836,0.9065
"ENSG00000105664",2.0323,7.0416,0.0181,0.07338
"ENSG00000105668",-0.0322,7.1948,0.9549,0.9823
"ENSG00000105669",0.0381,10.0144,0.7204,0.8742
"ENSG00000105671",0.0041,9.2932,0.9725,0.9891
"ENSG00000105672",0.1832,7.2585,0.7013,0.8625
"ENSG00000105676",-3e-04,9.004,0.9981,0.9992
"ENSG00000105677",0.0744,9.7777,0.4937,0.7242
"ENSG00000105696",0.2036,7.9157,0.3838,0.6302
"ENSG00000105698",-0.0335,10.4294,0.7594,0.8949
"ENSG00000105699",-0.0684,7.3582,0.8688,0.9449
"ENSG00000105700",0.0449,9.9049,0.656,0.8363
"ENSG00000105701",0.0779,12.4755,0.3444,0.5923
"ENSG00000105705",-0.019,9.4283,0.8664,0.9446
"ENSG00000105708",-0.23,7.99,0.2764,0.5222
"ENSG00000105711",-1.2892,8.0491,1.514e-09,3.284e-08
"ENSG00000105717",-0.2465,7.2308,0.6238,0.8164
"ENSG00000105722",-0.0219,9.5584,0.8538,0.9398
"ENSG00000105723",0.157,9.6153,0.1387,0.3361
"ENSG00000105726",0.3226,10.0811,0.0009367,0.006333
"ENSG00000105732",-0.1628,8.5004,0.3359,0.5848
"ENSG00000105737",-0.4788,8.3286,0.005785,0.02942
"ENSG00000105738",-0.2047,8.8255,0.1645,0.3775
"ENSG00000105750",-0.8941,7.6047,0.004564,0.02419
"ENSG00000105755",-0.3927,9.1996,0.00244,0.01427
"ENSG00000105767",-0.4345,7.6042,0.1606,0.3712
"ENSG00000105771",-0.3443,9.6043,0.001181,0.007669
"ENSG00000105778",0.2932,9.9063,0.006037,0.03049
"ENSG00000105784",-0.4463,7.7443,0.1275,0.3162
"ENSG00000105792",0.8379,8.7115,3.682e-07,5.451e-06
"ENSG00000105793",0.0908,8.9847,0.4627,0.6991
"ENSG00000105808",-0.1638,8.3869,0.3556,0.6029
"ENSG00000105810",-0.7128,10.6161,1.723e-15,7.431e-14
"ENSG00000105819",0.1101,10.1239,0.3351,0.5841
"ENSG00000105821",0.1443,9.1329,0.2712,0.5164
"ENSG00000105825",-0.0944,8.6207,0.6487,0.8316
"ENSG00000105829",-0.0601,9.2839,0.6237,0.8163
"ENSG00000105835",1.0508,11.3856,4.492e-12,1.304e-10
"ENSG00000105849",0.181,8.9743,0.1444,0.3454
"ENSG00000105854",0.1156,10.3346,0.2169,0.4492
"ENSG00000105855",-0.4639,10.9767,6.416e-05,0.0005933
"ENSG00000105856",-0.0901,10.7732,0.4477,0.6873
"ENSG00000105865",-0.3171,7.8168,0.1826,0.4037
"ENSG00000105866",0.0587,8.2612,0.7717,0.9005
"ENSG00000105875",0.0251,8.9853,0.8895,0.9545
"ENSG00000105877",0.6166,7.3666,0.1889,0.4125
"ENSG00000105879",0.0676,9.3128,0.573,0.782
"ENSG00000105887",0.0553,11.4003,0.5562,0.77
"ENSG00000105889",1.0386,8.6414,2.269e-13,7.869e-12
"ENSG00000105894",-0.642,12.434,7.508e-12,2.093e-10
"ENSG00000105926",0.0738,8.749,0.6794,0.8494
"ENSG00000105928",0.0268,10.0221,0.8024,0.9153
"ENSG00000105939",0.161,10.7511,0.107,0.279
"ENSG00000105948",0.0834,8.516,0.6715,0.845
"ENSG00000105953",-0.007,10.3758,0.943,0.976
"ENSG00000105963",1.7086,7.1173,0.01208,0.05333
"ENSG00000105968",0.0116,10.6494,0.893,0.9555
"ENSG00000105971",0.6077,10.6754,2.689e-06,3.379e-05
"ENSG00000105974",0.655,13.5511,7.671e-06,8.821e-05
"ENSG00000105976",0.5864,10.0515,0.0002002,0.001633
"ENSG00000105982",-0.1142,7.4248,0.7533,0.8917
"ENSG00000105983",-0.1653,9.911,0.1051,0.2757
"ENSG00000105988",-0.1515,7.0258,0.8663,0.9446
"ENSG00000105989",-3.042,8.5664,4.01e-57,2.009e-54
"ENSG00000105991",0.1923,7.4284,0.6139,0.8101
"ENSG00000105993",0.3412,11.1592,0.0001695,0.001408
"ENSG00000105996",-0.7815,7.7561,0.001956,0.01184
"ENSG00000105997",-0.7431,8.2161,0.0001676,0.001394
"ENSG00000106003",-2.6913,7.2358,4.16e-06,5.041e-05
"ENSG00000106004",-0.2873,8.301,0.09183,0.2491
"ENSG00000106009",-0.0789,9.3136,0.4839,0.7161
"ENSG00000106012",-0.071,9.9102,0.4785,0.7121
"ENSG00000106013",-0.0679,7.0615,0.9331,0.9726
"ENSG00000106025",-0.3057,7.4479,0.4701,0.7047
"ENSG00000106028",0.0265,9.7791,0.7937,0.9115
"ENSG00000106034",1.0561,11.204,2.178e-16,1.012e-14
"ENSG00000106049",-0.2579,10.6201,0.003181,0.01775
"ENSG00000106052",0.0169,11.7048,0.8388,0.9329
"ENSG00000106069",-0.4558,7.1646,0.4838,0.716
"ENSG00000106070",0.3481,9.8231,0.002497,0.01454
"ENSG00000106077",-0.5817,7.9972,0.01136,0.05086
"ENSG00000106080",-0.1936,10.367,0.03938,0.1341
"ENSG00000106086",0.6748,9.3537,1.938e-06,2.499e-05
"ENSG00000106089",-0.1606,8.236,0.4261,0.6698
"ENSG00000106100",0.0218,8.5444,0.8982,0.9585
"ENSG00000106105",-0.3257,11.5885,0.0003105,0.00241
"ENSG00000106123",1.4073,11.0924,6.354e-23,5.405e-21
"ENSG00000106125",0.0757,7.2258,0.8944,0.9564
"ENSG00000106133",-0.1386,8.3905,0.4562,0.6938
"ENSG00000106144",-0.2229,9.1747,0.07872,0.2238
"ENSG00000106153",0.0418,11.0901,0.6633,0.8409
"ENSG00000106211",0.4794,13.043,4.645e-07,6.709e-06
"ENSG00000106244",0.0196,11.046,0.8286,0.928
"ENSG00000106245",0.1054,9.1446,0.4066,0.6525
"ENSG00000106246",0.3928,7.5168,0.2695,0.5148
"ENSG00000106258",-0.2146,7.4856,0.5371,0.7559
"ENSG00000106261",-0.3493,11.624,4.134e-05,0.0004005
"ENSG00000106263",0.1126,11.477,0.2429,0.4829
"ENSG00000106266",0.0629,10.0442,0.5672,0.7781
"ENSG00000106268",0.1446,8.4808,0.3785,0.6251
"ENSG00000106290",-0.0454,9.6251,0.6718,0.8453
"ENSG00000106299",0.357,10.6475,0.003657,0.02003
"ENSG00000106305",0.1762,8.302,0.3111,0.5601
"ENSG00000106327",0.2234,7.0479,0.7775,0.9037
"ENSG00000106330",-0.1963,8.9191,0.2115,0.4424
"ENSG00000106333",-0.6096,12.5124,1.895e-14,7.254e-13
"ENSG00000106336",-1.2101,7.0726,0.1178,0.2987
"ENSG00000106344",0.3437,9.3606,0.00735,0.03597
"ENSG00000106346",-0.0939,8.7163,0.4943,0.7245
"ENSG00000106348",0.4242,10.0179,0.0006395,0.00454
"ENSG00000106351",-0.0922,8.3461,0.6424,0.8282
"ENSG00000106355",0.1446,8.9406,0.2682,0.5129
"ENSG00000106366",0.6375,12.5869,0.04647,0.1523
"ENSG00000106367",-0.0236,10.121,0.7965,0.9127
"ENSG00000106392",-0.0115,9.605,0.9106,0.9631
"ENSG00000106397",0.326,10.9334,0.0001983,0.001621
"ENSG00000106399",0.0383,8.1316,0.8457,0.9362
"ENSG00000106400",-0.0192,9.909,0.8526,0.9395
"ENSG00000106404",0.0652,8.4755,0.6876,0.855
"ENSG00000106415",0.5742,8.6303,0.000433,0.00321
"ENSG00000106443",-0.3792,9.6614,0.0004754,0.003496
"ENSG00000106459",-0.0771,8.6354,0.5988,0.799
"ENSG00000106460",0.0167,10.767,0.8804,0.95
"ENSG00000106462",-0.9526,8.0767,1.666e-05,0.0001781
"ENSG00000106477",-0.3892,8.5427,0.01412,0.06027
"ENSG00000106479",-0.1847,9.521,0.09267,0.2506
"ENSG00000106483",-1.1064,8.9039,7.326e-07,1.014e-05
"ENSG00000106484",-1.8637,9.5036,5.981e-42,1.383e-39
"ENSG00000106511",0.8909,7.1429,0.1571,0.3659
"ENSG00000106524",-0.6477,9.0382,1.744e-07,2.74e-06
"ENSG00000106526",-0.5647,7.099,0.44,0.6816
"ENSG00000106537",-0.3352,7.3043,0.455,0.6929
"ENSG00000106538",-0.3569,11.2422,0.001208,0.007822
"ENSG00000106546",-0.1594,10.9056,0.159,0.3687
"ENSG00000106554",-0.0471,10.4139,0.6254,0.8174
"ENSG00000106560",0.7345,7.0906,0.316,0.5648
"ENSG00000106565",0.3441,9.3493,0.008752,0.0413
"ENSG00000106571",-0.5151,9.9667,2.296e-07,3.539e-06
"ENSG00000106588",-0.2902,7.6936,0.3061,0.5551
"ENSG00000106591",0.1787,9.5862,0.1164,0.2962
"ENSG00000106603",-0.3748,9.2389,0.00198,0.01195
"ENSG00000106605",0.0622,9.3976,0.5918,0.7947
"ENSG00000106608",-0.0088,9.5785,0.9345,0.9728
"ENSG00000106609",0.2172,11.6463,0.009949,0.04577
"ENSG00000106610",-0.194,7.8345,0.4142,0.6596
"ENSG00000106615",0.9472,11.1565,2.883e-22,2.342e-20
"ENSG00000106617",1.6167,10.0857,3.892e-36,6.749e-34
"ENSG00000106624",-0.1783,13.5146,0.1519,0.3582
"ENSG00000106628",-0.0814,10.1988,0.4294,0.6725
"ENSG00000106633",-0.3049,7.4686,0.4111,0.657
"ENSG00000106635",0.1789,9.7056,0.08427,0.235
"ENSG00000106636",0.0865,11.1612,0.3227,0.5708
"ENSG00000106638",0.0341,9.761,0.7649,0.8973
"ENSG00000106665",-0.2357,11.0376,0.02635,0.09859
"ENSG00000106682",0.0411,12.6175,0.6085,0.8067
"ENSG00000106683",-0.2596,10.4241,0.004399,0.02346
"ENSG00000106686",-0.7078,7.1921,0.2057,0.4346
"ENSG00000106688",0.6611,9.5713,0.000112,0.0009778
"ENSG00000106692",0.1132,10.4096,0.2254,0.46
"ENSG00000106701",0.1864,8.2294,0.2953,0.5434
"ENSG00000106714",0.915,7.5649,0.004957,0.02595
"ENSG00000106723",-0.3173,11.045,0.0008023,0.00553
"ENSG00000106733",0.0933,8.76,0.4923,0.723
"ENSG00000106771",0.2071,11.2538,0.01858,0.07492
"ENSG00000106772",0.7896,12.4367,2.474e-16,1.138e-14
"ENSG00000106780",0.3018,10.5967,0.009217,0.0431
"ENSG00000106785",-0.5653,8.6073,0.002592,0.01501
"ENSG00000106789",0.3056,7.1362,0.6258,0.8176
"ENSG00000106799",0.0316,11.8236,0.9224,0.9673
"ENSG00000106803",0.0952,9.9898,0.4357,0.6781
"ENSG00000106804",0.1961,8.7201,0.1514,0.3578
"ENSG00000106809",-0.9852,11.1491,5.024e-16,2.276e-14
"ENSG00000106819",0.1408,10.9497,0.4514,0.6904
"ENSG00000106823",-0.3668,10.0294,0.01666,0.06852
"ENSG00000106829",-0.2127,9.9455,0.09937,0.2643
"ENSG00000106853",-0.044,10.6068,0.7457,0.8882
"ENSG00000106868",0.1529,9.4468,0.1935,0.4188
"ENSG00000106927",0.3908,7.0601,0.6305,0.8209
"ENSG00000106948",-0.7648,9.4408,3.835e-11,9.878e-10
"ENSG00000106976",-1.7562,9.9061,2.997e-69,2.456e-66
"ENSG00000106991",-0.4254,11.5046,2.322e-07,3.572e-06
"ENSG00000106992",-0.2156,8.5072,0.1838,0.4052
"ENSG00000106993",0.5677,9.2014,0.0001441,0.00122
"ENSG00000107020",0.0953,8.5912,0.5579,0.7712
"ENSG00000107021",-0.0492,10.2169,0.5952,0.7964
"ENSG00000107036",0.091,10.6825,0.316,0.5648
"ENSG00000107077",-0.1835,9.2032,0.1511,0.3575
"ENSG00000107099",-0.0715,7.2651,0.8801,0.9499
"ENSG00000107104",1.1666,10.4016,2.467e-14,9.305e-13
"ENSG00000107130",-0.4869,10.2997,1.238e-05,0.0001361
"ENSG00000107140",0.1908,9.5279,0.1389,0.3363
"ENSG00000107159",-0.5151,7.391,0.2478,0.4892
"ENSG00000107164",0.0607,10.4128,0.4881,0.7198
"ENSG00000107175",-0.0368,10.137,0.7062,0.8656
"ENSG00000107185",0.0268,10.0385,0.7931,0.9114
"ENSG00000107186",-0.252,10.8846,0.005378,0.02775
"ENSG00000107201",-0.0902,9.0846,0.5565,0.7702
"ENSG00000107223",-0.0536,11.3447,0.5623,0.7745
"ENSG00000107249",0.3723,9.7961,0.0003787,0.002861
"ENSG00000107262",0.0604,9.6241,0.6081,0.8064
"ENSG00000107263",0.2304,10.9876,0.02372,0.09097
"ENSG00000107281",0.1769,9.9872,0.08953,0.2449
"ENSG00000107282",-0.2445,9.2771,0.03116,0.1121
"ENSG00000107290",0.0422,11.685,0.6203,0.814
"ENSG00000107317",-0.1824,12.1972,0.08896,0.2437
"ENSG00000107331",-0.0274,10.552,0.8551,0.9403
"ENSG00000107338",-1.0086,8.1664,6.145e-08,1.044e-06
"ENSG00000107341",0.031,10.8778,0.7643,0.8973
"ENSG00000107362",0.4749,8.5746,0.005807,0.02951
"ENSG00000107371",0.0814,8.434,0.6359,0.8242
"ENSG00000107372",0.6938,12.3656,7.015e-05,0.000643
"ENSG00000107404",0.1275,10.2582,0.168,0.3822
"ENSG00000107438",0.7624,11.5233,5.528e-06,6.575e-05
"ENSG00000107443",-0.0864,8.2064,0.6395,0.8263
"ENSG00000107518",-0.7901,7.2942,0.0866,0.2393
"ENSG00000107521",0.0657,11.0606,0.4583,0.6959
"ENSG00000107537",0.0522,9.8515,0.6159,0.8111
"ENSG00000107551",-0.1928,9.5176,0.2903,0.5386
"ENSG00000107554",-0.1193,9.9587,0.3156,0.5645
"ENSG00000107560",0.111,9.6607,0.3186,0.5673
"ENSG00000107562",-1.9116,14.2747,2.55e-72,2.299e-69
"ENSG00000107566",-0.0148,10.862,0.8603,0.9425
"ENSG00000107581",0.2035,13.1468,0.006619,0.03285
"ENSG00000107611",-1.538,7.5787,1.371e-06,1.817e-05
"ENSG00000107614",-0.2236,8.1273,0.2591,0.5036
"ENSG00000107623",-0.7666,11.9302,2.475e-05,0.0002546
"ENSG00000107625",-0.0347,10.1168,0.7319,0.8801
"ENSG00000107643",-0.0116,9.435,0.921,0.967
"ENSG00000107651",0.1811,10.5017,0.09429,0.254
"ENSG00000107669",0.0223,9.5349,0.8606,0.9425
"ENSG00000107672",0.2895,8.5224,0.05493,0.1719
"ENSG00000107679",0.3052,9.7414,0.002458,0.01435
"ENSG00000107719",0.3553,7.2844,0.5212,0.7434
"ENSG00000107731",-1.0236,9.4971,5.229e-12,1.506e-10
"ENSG00000107736",-0.1959,7.0583,0.7983,0.9134
"ENSG00000107738",0.3474,12.1994,0.001076,0.007122
"ENSG00000107742",-0.098,7.1034,0.8959,0.9573
"ENSG00000107745",-0.0982,10.8459,0.2847,0.5328
"ENSG00000107758",0.1414,10.8025,0.1958,0.422
"ENSG00000107771",-0.0522,10.4677,0.6143,0.8101
"ENSG00000107779",6e-04,10.217,0.9951,0.998
"ENSG00000107789",0.1617,9.632,0.1508,0.3569
"ENSG00000107796",1.1431,11.2149,1.035e-20,7.466e-19
"ENSG00000107798",0.1965,10.5215,0.0402,0.1362
"ENSG00000107815",0.2558,8.2397,0.1696,0.385
"ENSG00000107816",0.1585,11.5581,0.05347,0.1687
"ENSG00000107819",0.2689,11.08,0.001152,0.007531
"ENSG00000107821",-1.0294,9.3163,1.308e-14,5.149e-13
"ENSG00000107829",0.2535,9.4491,0.02204,0.08574
"ENSG00000107833",-0.2037,8.6536,0.1877,0.4108
"ENSG00000107854",-0.2481,11.301,0.008343,0.03969
"ENSG00000107862",-0.0863,11.4107,0.3016,0.5504
"ENSG00000107863",0.1004,12.3748,0.3131,0.5625
"ENSG00000107864",0.0023,7.6261,0.9939,0.9977
"ENSG00000107872",0.2014,8.1152,0.2967,0.5455
"ENSG00000107874",0.0159,10.0487,0.8691,0.945
"ENSG00000107882",-0.4939,9.8578,7.653e-07,1.055e-05
"ENSG00000107890",-0.2553,8.9309,0.06588,0.1968
"ENSG00000107897",-0.0444,9.8165,0.692,0.8579
"ENSG00000107902",-0.3202,8.6914,0.0259,0.09747
"ENSG00000107929",0.5829,10.4664,7.717e-07,1.063e-05
"ENSG00000107937",0.4885,9.9096,1.199e-05,0.0001323
"ENSG00000107938",-0.0709,9.0137,0.5711,0.7811
"ENSG00000107949",0.0891,9.3013,0.4537,0.6919
"ENSG00000107951",0.0803,8.7505,0.554,0.7687
"ENSG00000107954",-0.1591,7.1051,0.818,0.9227
"ENSG00000107957",0.163,13.1237,0.09369,0.2527
"ENSG00000107959",0.1702,10.5585,0.07141,0.2087
"ENSG00000107960",-0.1335,8.8121,0.4262,0.6698
"ENSG00000107968",1.1331,9.4498,9.545e-19,5.607e-17
"ENSG00000107984",0.4338,9.3344,0.0003284,0.002539
"ENSG00000108001",-0.4487,8.3306,0.1069,0.2789
"ENSG00000108010",0.0733,9.7372,0.5363,0.7551
"ENSG00000108021",-0.0252,10.5068,0.7699,0.8992
"ENSG00000108039",0.0368,10.3805,0.686,0.8539
"ENSG00000108055",0.031,10.7357,0.7699,0.8992
"ENSG00000108061",0.2745,10.5168,0.009292,0.04333
"ENSG00000108064",-0.0972,9.1585,0.4289,0.6721
"ENSG00000108091",0.0787,10.7071,0.3844,0.6308
"ENSG00000108094",0.0392,9.9959,0.6928,0.8585
"ENSG00000108100",0.1895,11.0522,0.06791,0.2011
"ENSG00000108106",0.2235,8.7962,0.1518,0.3581
"ENSG00000108107",-0.1428,13.288,0.1,0.2655
"ENSG00000108175",-0.3835,11.8794,0.001179,0.007666
"ENSG00000108176",-1.0531,7.3094,0.02281,0.08813
"ENSG00000108179",0.2989,9.5785,0.008455,0.04011
"ENSG00000108187",-0.0486,8.5493,0.7487,0.8895
"ENSG00000108219",-0.0704,9.9718,0.5116,0.7363
"ENSG00000108231",-1.9764,7.3048,0.0002607,0.002069
"ENSG00000108239",0.0743,9.8161,0.4815,0.7143
"ENSG00000108256",0.3896,11.36,3.744e-06,4.577e-05
"ENSG00000108262",0.5805,10.4159,1.514e-05,0.0001632
"ENSG00000108264",0.0712,8.7597,0.5949,0.7964
"ENSG00000108270",0.2489,9.8529,0.01629,0.06746
"ENSG00000108272",-0.1526,7.6175,0.6138,0.8101
"ENSG00000108278",-0.1675,8.885,0.2314,0.4676
"ENSG00000108292",0.1415,11.0914,0.08756,0.241
"ENSG00000108294",0.0866,10.0294,0.369,0.6158
"ENSG00000108296",-0.0308,9.2557,0.8148,0.9217
"ENSG00000108298",-0.0823,14.1165,0.3913,0.637
"ENSG00000108306",-0.248,8.49,0.1351,0.3297
"ENSG00000108309",0.5367,7.2162,0.3267,0.5754
"ENSG00000108312",-0.1215,11.212,0.1917,0.4161
"ENSG00000108344",-4e-04,10.9388,0.9959,0.9983
"ENSG00000108349",-0.0855,11.057,0.3207,0.5689
"ENSG00000108352",-0.6876,7.7421,0.009425,0.0438
"ENSG00000108370",0.3828,7.4156,0.3196,0.5682
"ENSG00000108379",-0.3154,7.7381,0.2468,0.4881
"ENSG00000108381",0.2637,8.9381,0.1283,0.3175
"ENSG00000108384",-0.1287,8.3903,0.4363,0.6785
"ENSG00000108387",2.0089,7.301,2.493e-05,0.0002563
"ENSG00000108389",0.1825,10.1263,0.1115,0.2877
"ENSG00000108395",-0.1202,10.0226,0.2807,0.528
"ENSG00000108406",0.0583,10.7971,0.5548,0.769
"ENSG00000108423",-0.0355,7.6973,0.8999,0.9591
"ENSG00000108424",0.2243,12.28,0.002575,0.01493
"ENSG00000108433",-0.0246,9.2067,0.8734,0.9465
"ENSG00000108439",-0.0691,8.2997,0.7018,0.8629
"ENSG00000108443",-0.0059,9.8223,0.953,0.9815
"ENSG00000108448",-0.3872,8.5499,0.008539,0.04043
"ENSG00000108465",0.1081,10.2043,0.2526,0.4954
"ENSG00000108468",-0.4682,10.6817,1.376e-07,2.195e-06
"ENSG00000108469",-0.1271,9.1054,0.2877,0.5363
"ENSG00000108474",-0.2225,8.2137,0.3226,0.5708
"ENSG00000108479",0.1967,8.5601,0.21,0.4406
"ENSG00000108506",0.1187,8.8059,0.4622,0.6986
"ENSG00000108509",0.1372,9.8622,0.1523,0.3589
"ENSG00000108510",0.1529,10.8925,0.08436,0.2352
"ENSG00000108511",0.2982,7.5915,0.3477,0.5955
"ENSG00000108515",0.586,8.003,0.01833,0.07415
"ENSG00000108518",0.2772,12.0255,0.01364,0.05856
"ENSG00000108523",0.1924,10.548,0.05387,0.1696
"ENSG00000108528",-0.0765,9.5401,0.4634,0.6996
"ENSG00000108551",1.5571,7.8226,0.01904,0.07632
"ENSG00000108556",0.2558,7.0848,0.7381,0.8838
"ENSG00000108557",-0.1875,9.8674,0.141,0.34
"ENSG00000108559",0.1034,9.2134,0.3718,0.6185
"ENSG00000108561",0.1339,9.6451,0.1969,0.4234
"ENSG00000108578",-0.1661,9.1957,0.243,0.4829
"ENSG00000108582",0.5474,12.8801,2.284e-06,2.911e-05
"ENSG00000108587",-0.0787,9.801,0.4365,0.6786
"ENSG00000108588",0.2681,10.5465,0.002669,0.01537
"ENSG00000108590",0.196,7.7783,0.4421,0.6833
"ENSG00000108591",0.1528,9.5471,0.1442,0.3451
"ENSG00000108592",0.2796,10.5269,0.003256,0.01811
"ENSG00000108599",0.1047,9.8083,0.3507,0.5983
"ENSG00000108602",-2.5558,7.061,0.001867,0.01135
"ENSG00000108604",1.2445,11.091,1.142e-20,8.174e-19
"ENSG00000108639",0.6637,9.0761,1.875e-05,0.0001982
"ENSG00000108641",-0.5788,8.4541,0.004566,0.02419
"ENSG00000108651",0.083,9.5786,0.4371,0.679
"ENSG00000108654",0.1184,13.6915,0.1375,0.3339
"ENSG00000108666",-0.0553,8.2327,0.7594,0.8949
"ENSG00000108669",-0.1709,9.0389,0.2698,0.515
"ENSG00000108671",0.0444,10.2761,0.6811,0.8503
"ENSG00000108679",-0.0735,11.9135,0.3777,0.6242
"ENSG00000108684",-2.8074,7.0541,0.002938,0.01672
"ENSG00000108688",-3.2621,7.1669,0.000215,0.001741
"ENSG00000108691",-0.5593,9.8704,0.07802,0.2222
"ENSG00000108700",-4.0382,7.142,5.446e-07,7.751e-06
"ENSG00000108733",-0.339,8.629,0.02027,0.08039
"ENSG00000108771",0.0589,8.8909,0.6463,0.8302
"ENSG00000108773",0.0237,9.4507,0.842,0.9343
"ENSG00000108774",0.2402,9.9713,0.01032,0.04717
"ENSG00000108784",0.1841,10.4714,0.03269,0.1163
"ENSG00000108785",-0.0401,7.7097,0.8827,0.9512
"ENSG00000108786",0.0621,8.187,0.7316,0.88
"ENSG00000108788",0.2727,9.485,0.01547,0.06473
"ENSG00000108797",-0.6035,10.7608,1.096e-09,2.422e-08
"ENSG00000108799",0.3402,10.5737,0.000389,0.002929
"ENSG00000108819",-0.2157,10.7556,0.03449,0.1212
"ENSG00000108821",-1.3049,16.481,6.208e-52,2.73e-49
"ENSG00000108823",0.0641,7.1365,0.9179,0.966
"ENSG00000108826",-0.2437,9.0807,0.0788,0.2239
"ENSG00000108828",-0.6214,13.5942,3.466e-10,8.065e-09
"ENSG00000108829",0.4845,10.8395,1.374e-06,1.821e-05
"ENSG00000108830",-2.3632,8.2542,5.241e-20,3.526e-18
"ENSG00000108839",-0.5576,7.6282,0.06084,0.186
"ENSG00000108840",0.5657,11.5086,8.344e-07,1.143e-05
"ENSG00000108846",0.7407,9.1838,7.587e-06,8.731e-05
"ENSG00000108848",0.0092,11.6841,0.9217,0.967
"ENSG00000108852",-0.7338,8.2735,0.0005095,0.003722
"ENSG00000108854",-0.2654,11.6789,0.05775,0.179
"ENSG00000108861",0.4982,11.1492,2.366e-08,4.319e-07
"ENSG00000108883",0.0842,10.2014,0.3617,0.6087
"ENSG00000108924",1.2875,7.6899,4.052e-05,0.0003943
"ENSG00000108932",0.8421,7.5408,0.05439,0.1706
"ENSG00000108946",0.2678,12.8993,0.001551,0.009689
"ENSG00000108947",-0.2566,7.9983,0.2758,0.5216
"ENSG00000108950",1.0911,10.1615,4.396e-18,2.424e-16
"ENSG00000108953",0.1023,12.7119,0.2061,0.4351
"ENSG00000108958",0.0709,8.7359,0.6061,0.8052
"ENSG00000108960",1.6867,10.716,4.718e-08,8.228e-07
"ENSG00000108961",0.009,7.1997,0.9884,0.9952
"ENSG00000108963",0.0754,9.0253,0.5788,0.7862
"ENSG00000108984",-0.6705,7.9604,0.007373,0.03606
"ENSG00000109016",0.4988,9.0023,0.001008,0.006725
"ENSG00000109046",0.1129,12.1084,0.2528,0.4955
"ENSG00000109062",0.1447,8.5756,0.3202,0.5686
"ENSG00000109063",0.3348,7.5371,0.3554,0.6029
"ENSG00000109065",0.0155,9.4709,0.8875,0.9541
"ENSG00000109066",0.266,9.479,0.01594,0.06636
"ENSG00000109072",-0.3054,7.2718,0.5201,0.7427
"ENSG00000109079",0.2835,10.1748,0.003795,0.02065
"ENSG00000109083",-0.1328,8.9118,0.3333,0.5824
"ENSG00000109084",0.3694,8.4165,0.04148,0.1396
"ENSG00000109089",0.164,9.6321,0.2655,0.51
"ENSG00000109099",-0.248,12.7925,0.004848,0.02546
"ENSG00000109103",-0.2965,9.2428,0.03813,0.1308
"ENSG00000109107",-0.3706,8.8694,0.04655,0.1524
"ENSG00000109111",0.0234,12.0131,0.7614,0.8962
"ENSG00000109113",-0.0226,11.2381,0.791,0.9101
"ENSG00000109118",-0.1146,9.9557,0.2292,0.4651
"ENSG00000109133",0.2814,9.8342,0.00522,0.0271
"ENSG00000109171",0.1856,10.2037,0.05995,0.1839
"ENSG00000109180",0.0029,10.9497,0.9731,0.9892
"ENSG00000109184",0.3506,10.4234,0.0002685,0.002122
"ENSG00000109189",0.7252,9.6948,1.042e-11,2.852e-10
"ENSG00000109220",0.3109,8.8572,0.02461,0.09356
"ENSG00000109265",-1.2814,7.8853,4.286e-08,7.533e-07
"ENSG00000109270",0.1,9.6928,0.3482,0.5959
"ENSG00000109320",-0.2097,10.301,0.03464,0.1216
"ENSG00000109323",-0.2611,10.9032,0.00419,0.02249
"ENSG00000109332",0.1355,12.4688,0.1116,0.2878
"ENSG00000109339",-0.7598,9.8907,1.073e-08,2.048e-07
"ENSG00000109381",-0.0057,9.9096,0.9591,0.9842
"ENSG00000109390",-0.0369,9.1231,0.7693,0.899
"ENSG00000109436",-0.068,10.0574,0.4975,0.7263
"ENSG00000109445",0.1617,9.6757,0.1851,0.4069
"ENSG00000109452",0.125,8.7476,0.4431,0.6842
"ENSG00000109458",-0.3362,10.0399,0.0004159,0.003104
"ENSG00000109466",0.1146,9.1104,0.3855,0.6314
"ENSG00000109472",-0.242,13.0592,0.00113,0.00741
"ENSG00000109475",0.0923,12.5143,0.285,0.5332
"ENSG00000109501",0.5273,11.0524,1.901e-08,3.526e-07
"ENSG00000109519",0.4558,8.9936,0.001513,0.009478
"ENSG00000109534",-0.0097,8.2523,0.9583,0.9842
"ENSG00000109536",-0.0276,9.4224,0.8455,0.9361
"ENSG00000109572",-0.3872,10.9077,4.874e-05,0.0004633
"ENSG00000109576",-0.6501,8.2461,0.001961,0.01186
"ENSG00000109586",0.3553,9.142,0.005734,0.02921
"ENSG00000109606",0.1286,11.3806,0.1531,0.3597
"ENSG00000109610",-0.0808,12.1164,0.4105,0.6566
"ENSG00000109618",-0.1705,8.6832,0.2814,0.5288
"ENSG00000109625",-1.8144,7.5754,6.799e-08,1.147e-06
"ENSG00000109654",-0.8749,10.4794,2.085e-19,1.319e-17
"ENSG00000109667",0.3659,8.2655,0.0415,0.1397
"ENSG00000109670",-0.25,9.0799,0.03965,0.1349
"ENSG00000109674",-1.4266,7.6485,5.283e-06,6.313e-05
"ENSG00000109680",-0.7092,9.5825,1.254e-08,2.377e-07
"ENSG00000109685",-0.3468,10.0029,0.0003317,0.002559
"ENSG00000109686",0.7291,12.5369,2.944e-11,7.66e-10
"ENSG00000109689",-0.9982,10.319,2.066e-12,6.229e-11
"ENSG00000109705",-0.2079,7.1188,0.7786,0.9045
"ENSG00000109736",0.4966,10.2658,2.385e-05,0.0002464
"ENSG00000109738",-0.2184,9.0446,0.1572,0.366
"ENSG00000109743",0.2471,9.0668,0.04694,0.1533
"ENSG00000109756",0.0431,10.724,0.6447,0.8294
"ENSG00000109762",0.3105,9.2969,0.007961,0.03826
"ENSG00000109771",-0.438,7.546,0.1809,0.4011
"ENSG00000109775",-0.5039,8.9979,5.1e-05,0.000482
"ENSG00000109787",-0.1597,10.6654,0.1562,0.3647
"ENSG00000109790",-0.104,10.591,0.2279,0.4633
"ENSG00000109794",-1.0096,8.0871,8.466e-06,9.643e-05
"ENSG00000109805",-0.4978,7.6855,0.06584,0.1967
"ENSG00000109814",0.413,10.9377,6.688e-06,7.805e-05
"ENSG00000109819",-0.2393,8.2644,0.1664,0.3799
"ENSG00000109846",0.4801,10.887,4.381e-06,5.288e-05
"ENSG00000109854",0.161,9.3385,0.2254,0.46
"ENSG00000109861",1.0183,11.9496,9.447e-33,1.431e-30
"ENSG00000109881",-1.3388,7.8187,1.237e-07,1.991e-06
"ENSG00000109906",7.3527,8.4418,9.143e-43,2.322e-40
"ENSG00000109911",-0.25,8.277,0.1471,0.3504
"ENSG00000109917",0.2407,9.2629,0.04605,0.1512
"ENSG00000109919",0.1948,10.4888,0.03566,0.1241
"ENSG00000109920",0.1449,10.5477,0.1862,0.4083
"ENSG00000109927",0.1361,7.5583,0.6862,0.854
"ENSG00000109929",0.0218,9.3067,0.8479,0.9372
"ENSG00000109944",-0.1369,8.3079,0.4754,0.7095
"ENSG00000109971",-0.2375,14.294,0.00311,0.01745
"ENSG00000110002",-0.4807,10.1038,4.636e-06,5.569e-05
"ENSG00000110011",-0.2089,9.0155,0.1137,0.2916
"ENSG00000110013",-0.0247,10.7264,0.8114,0.9198
"ENSG00000110025",0.0396,7.2106,0.9406,0.9752
"ENSG00000110031",-0.4933,8.1321,0.01013,0.04644
"ENSG00000110042",0.3089,9.8622,0.05901,0.1818
"ENSG00000110046",0.2312,9.9349,0.03067,0.1107
"ENSG00000110047",0.4175,11.1131,0.0003726,0.002823
"ENSG00000110048",-0.1075,10.7952,0.2897,0.5382
"ENSG00000110057",0.6942,9.0175,1.211e-08,2.303e-07
"ENSG00000110060",-0.3503,8.3566,0.03897,0.1331
"ENSG00000110063",-0.3539,8.5167,0.03366,0.1188
"ENSG00000110066",0.0297,9.6093,0.7888,0.9092
"ENSG00000110074",-0.1818,8.741,0.2298,0.4657
"ENSG00000110075",0.1613,10.594,0.07151,0.2087
"ENSG00000110080",0.0153,9.7575,0.8912,0.9549
"ENSG00000110090",0.7358,11.2285,1.429e-11,3.87e-10
"ENSG00000110092",-0.027,13.6135,0.7886,0.9091
"ENSG00000110104",0.2611,8.4855,0.1827,0.4037
"ENSG00000110107",-0.115,10.549,0.2482,0.4895
"ENSG00000110108",0.3413,11.1801,3.541e-05,0.0003482
"ENSG00000110169",-0.7614,7.2941,0.125,0.3115
"ENSG00000110171",0.072,9.1641,0.5635,0.7752
"ENSG00000110172",0.0874,9.5169,0.4228,0.6672
"ENSG00000110195",-0.357,7.1088,0.5912,0.7943
"ENSG00000110200",0.0948,7.6557,0.7395,0.8844
"ENSG00000110203",-1.4254,7.3144,0.001375,0.008761
"ENSG00000110218",0.3403,9.838,0.0006246,0.004451
"ENSG00000110237",0.3949,11.454,3.286e-05,0.0003256
"ENSG00000110274",-0.119,10.0185,0.2348,0.472
"ENSG00000110315",0.3759,10.6294,0.0121,0.05336
"ENSG00000110318",-0.1573,9.3417,0.3206,0.5689
"ENSG00000110321",-0.0668,14.8014,0.3313,0.5799
"ENSG00000110328",-0.3615,7.7984,0.1768,0.3955
"ENSG00000110330",0.1413,10.6565,0.169,0.3841
"ENSG00000110344",0.0064,10.3882,0.945,0.9765
"ENSG00000110367",0.0688,11.3443,0.5526,0.7676
"ENSG00000110395",0.3261,10.0923,0.002832,0.01618
"ENSG00000110400",-0.9052,8.3358,4.383e-07,6.378e-06
"ENSG00000110422",0.5551,11.3743,5.598e-06,6.645e-05
"ENSG00000110427",-0.3378,8.0748,0.1808,0.401
"ENSG00000110429",0.0353,9.802,0.7209,0.8746
"ENSG00000110435",-0.1004,9.3986,0.3655,0.6127
"ENSG00000110436",-0.372,8.7932,0.04218,0.1413
"ENSG00000110442",-0.3745,9.252,0.002115,0.01265
"ENSG00000110446",0.2577,8.9936,0.05035,0.1615
"ENSG00000110455",-0.0894,9.2602,0.4384,0.6804
"ENSG00000110492",-0.4883,10.7563,2.547e-08,4.611e-07
"ENSG00000110497",-0.0034,9.7611,0.9753,0.9898
"ENSG00000110514",-0.0242,9.815,0.8042,0.9161
"ENSG00000110536",0.1758,7.5804,0.5765,0.7847
"ENSG00000110583",-0.5278,9.2032,1.907e-05,0.000201
"ENSG00000110619",-0.1259,10.2785,0.1656,0.379
"ENSG00000110628",0.7046,8.7414,2.394e-07,3.674e-06
"ENSG00000110651",0.0019,13.9617,0.9818,0.9923
"ENSG00000110660",0.2479,7.6619,0.3848,0.6309
"ENSG00000110693",0.1104,7.2198,0.8406,0.9337
"ENSG00000110696",0.1268,11.5089,0.1256,0.3128
"ENSG00000110697",0.1826,9.7584,0.1614,0.3728
"ENSG00000110700",0.0065,12.5143,0.9346,0.9728
"ENSG00000110711",0.0635,9.7262,0.5587,0.7719
"ENSG00000110713",0.2516,11.3044,0.003123,0.01751
"ENSG00000110717",-0.0584,9.3822,0.677,0.848
"ENSG00000110719",0.3641,10.137,0.001124,0.007375
"ENSG00000110721",0.5568,8.0569,0.01153,0.05147
"ENSG00000110723",0.2096,9.0814,0.1486,0.3531
"ENSG00000110756",1.5765,10.0733,1.151e-31,1.647e-29
"ENSG00000110768",0.3767,10.5914,6.857e-05,0.0006308
"ENSG00000110799",-0.8008,7.3318,0.09003,0.2459
"ENSG00000110801",0.0106,8.1636,0.9546,0.9822
"ENSG00000110811",-0.3314,10.5602,0.001308,0.008393
"ENSG00000110841",-0.2348,10.7874,0.04925,0.159
"ENSG00000110844",-0.2769,8.4846,0.07257,0.2111
"ENSG00000110851",0.1406,9.7286,0.1686,0.3834
"ENSG00000110852",0.0255,8.4523,0.8937,0.9561
"ENSG00000110871",-0.1146,9.1431,0.3439,0.5922
"ENSG00000110876",-0.5429,7.94,0.02112,0.08281
"ENSG00000110880",0.3202,12.9543,0.0009769,0.006549
"ENSG00000110881",-0.4073,8.8051,0.003804,0.02069
"ENSG00000110888",-0.263,9.6967,0.01794,0.07283
"ENSG00000110900",-1.4652,8.7187,1.926e-25,2.055e-23
"ENSG00000110906",0.5258,11.5679,1.475e-09,3.205e-08
"ENSG00000110911",0.3269,10.2569,0.0003194,0.002475
"ENSG00000110917",0.0157,12.0259,0.889,0.9544
"ENSG00000110921",-0.4814,8.0004,0.02787,0.1029
"ENSG00000110925",0.0571,9.5381,0.6273,0.8184
"ENSG00000110931",0.2808,10.4075,0.001451,0.00917
"ENSG00000110944",0.4509,7.3144,0.3197,0.5683
"ENSG00000110955",0.1716,12.7103,0.01878,0.0755
"ENSG00000110958",0.026,11.5114,0.7513,0.8909
"ENSG00000110987",0.3651,8.7294,0.08776,0.2414
"ENSG00000111011",-0.0342,10.457,0.7413,0.8853
"ENSG00000111052",0.0376,9.3111,0.785,0.9071
"ENSG00000111057",0.1129,7.1946,0.8621,0.9428
"ENSG00000111058",0.0973,9.8146,0.4624,0.6988
"ENSG00000111077",0.2873,11.902,0.001821,0.01113
"ENSG00000111087",-1.474,7.2406,0.01934,0.07726
"ENSG00000111110",-1.2484,7.3022,0.01114,0.05015
"ENSG00000111142",-0.0583,10.8979,0.5638,0.7753
"ENSG00000111144",-0.1944,10.5734,0.03154,0.1132
"ENSG00000111145",0.1147,10.8638,0.2198,0.4526
"ENSG00000111186",-0.0031,10.47,0.9753,0.9898
"ENSG00000111196",-0.4448,8.0872,0.05077,0.1623
"ENSG00000111199",0.5388,8.3529,0.001398,0.008888
"ENSG00000111203",-0.4405,8.8454,0.001084,0.007157
"ENSG00000111206",-0.656,8.3203,0.0001655,0.001378
"ENSG00000111215",-0.2114,7.5746,0.4918,0.7227
"ENSG00000111224",-0.4463,8.7514,0.001493,0.009374
"ENSG00000111229",0.2547,10.9355,0.003083,0.01735
"ENSG00000111231",0.7498,8.7169,6.003e-08,1.023e-06
"ENSG00000111237",0.2323,10.0202,0.02987,0.1084
"ENSG00000111247",-0.6683,7.4,0.08139,0.2289
"ENSG00000111252",0.2444,10.3754,0.02274,0.08797
"ENSG00000111254",-0.6218,7.3775,0.1294,0.3198
"ENSG00000111261",-0.1545,9.9079,0.1156,0.2948
"ENSG00000111266",-0.2372,9.2397,0.0647,0.1942
"ENSG00000111269",0.2059,11.0643,0.03285,0.1167
"ENSG00000111271",-0.0422,9.4501,0.725,0.8765
"ENSG00000111275",0.3252,10.7778,0.005522,0.02833
"ENSG00000111276",-0.0285,10.1995,0.7588,0.8945
"ENSG00000111300",0.1287,9.2432,0.2635,0.508
"ENSG00000111305",0.1781,7.4017,0.6958,0.8604
"ENSG00000111319",-0.1103,7.0807,0.8775,0.949
"ENSG00000111321",0.275,11.6884,0.0004088,0.003055
"ENSG00000111325",-0.3342,7.1708,0.59,0.7935
"ENSG00000111328",-0.0366,10.6598,0.7288,0.8781
"ENSG00000111331",-0.5291,8.5515,0.004937,0.02588
"ENSG00000111335",-0.632,7.9037,0.01235,0.05424
"ENSG00000111341",0.5977,10.9888,2.629e-05,0.000268
"ENSG00000111348",0.9874,7.4049,0.02454,0.09342
"ENSG00000111358",0.2027,9.4247,0.1217,0.3054
"ENSG00000111361",0.0347,9.9534,0.7286,0.8781
"ENSG00000111364",-0.0581,8.8084,0.6859,0.8539
"ENSG00000111371",0.8043,11.3148,4.667e-12,1.353e-10
"ENSG00000111405",1.2032,7.0383,0.1618,0.3735
"ENSG00000111412",0.2118,9.445,0.07847,0.2232
"ENSG00000111424",-0.168,10.1512,0.24,0.4792
"ENSG00000111445",-0.053,8.301,0.7735,0.9015
"ENSG00000111450",0.6495,10.3599,9.815e-11,2.408e-09
"ENSG00000111452",0.7426,12.9037,1.38e-10,3.33e-09
"ENSG00000111481",-0.2445,11.1344,0.00239,0.01401
"ENSG00000111490",-1.6248,7.2537,0.005443,0.02802
"ENSG00000111530",0.0155,11.6586,0.8718,0.946
"ENSG00000111540",0.1624,9.8318,0.1746,0.392
"ENSG00000111554",-0.1489,8.5656,0.3648,0.6121
"ENSG00000111581",-0.0204,9.4547,0.8621,0.9428
"ENSG00000111596",-0.0646,10.2126,0.4795,0.7127
"ENSG00000111602",-0.4962,8.4767,0.002127,0.01271
"ENSG00000111605",0.0434,10.5086,0.6454,0.8298
"ENSG00000111615",-0.1276,9.2485,0.2878,0.5364
"ENSG00000111639",0.0807,10.1285,0.3868,0.6326
"ENSG00000111640",-0.1538,14.68,0.2032,0.4318
"ENSG00000111641",0.3922,9.1916,0.001664,0.01029
"ENSG00000111642",-0.4389,12.1934,3.11e-08,5.579e-07
"ENSG00000111644",-0.709,7.077,0.3376,0.5861
"ENSG00000111647",-0.1183,9.8137,0.2652,0.5096
"ENSG00000111652",-0.0021,10.9692,0.9808,0.9919
"ENSG00000111653",-0.2933,9.4339,0.02397,0.09169
"ENSG00000111664",-0.369,7.6175,0.2122,0.4429
"ENSG00000111665",-0.2828,7.5541,0.4034,0.6495
"ENSG00000111666",0.1814,10.1526,0.06988,0.2054
"ENSG00000111667",-0.1675,10.8273,0.04671,0.1528
"ENSG00000111669",0.0815,12.8118,0.8115,0.9198
"ENSG00000111670",-0.3409,11.7043,0.0002736,0.002153
"ENSG00000111671",-0.4313,8.2154,0.02144,0.08391
"ENSG00000111674",-0.3316,10.4453,0.06747,0.2002
"ENSG00000111676",0.1477,12.3243,0.1693,0.3845
"ENSG00000111678",0.2291,8.6864,0.1316,0.3237
"ENSG00000111684",0.4731,9.7165,0.0001401,0.00119
"ENSG00000111696",0.8372,8.8075,3.187e-05,0.000317
"ENSG00000111707",-0.0201,9.8641,0.8535,0.9398
"ENSG00000111711",0.0241,9.9204,0.8382,0.9326
"ENSG00000111716",0.1037,12.5444,0.1913,0.4154
"ENSG00000111725",0.1917,9.4047,0.1269,0.3152
"ENSG00000111726",0.3142,9.4838,0.00642,0.03206
"ENSG00000111727",-0.0767,9.7464,0.4831,0.7155
"ENSG00000111728",-1.5277,8.476,1.152e-18,6.681e-17
"ENSG00000111729",-0.9933,7.0543,0.2173,0.4496
"ENSG00000111731",-0.1944,9.878,0.08074,0.2275
"ENSG00000111737",0.3977,10.3658,4.742e-05,0.0004527
"ENSG00000111752",-0.4056,10.0674,1.836e-05,0.0001944
"ENSG00000111775",0.1048,8.9699,0.4002,0.6464
"ENSG00000111785",0.1685,8.8523,0.2256,0.4603
"ENSG00000111786",0.2186,10.8249,0.01334,0.05761
"ENSG00000111788",-0.6779,7.9272,0.003972,0.02148
"ENSG00000111790",-0.1052,9.6224,0.3609,0.6078
"ENSG00000111799",-0.2448,15.4136,0.003537,0.01947
"ENSG00000111801",-0.7633,9.8844,1.981e-11,5.26e-10
"ENSG00000111802",0.0706,9.8346,0.6211,0.8148
"ENSG00000111816",-1.1521,7.9795,8.328e-08,1.375e-06
"ENSG00000111817",0.2099,12.1556,0.05044,0.1616
"ENSG00000111832",-0.0424,10.0619,0.7162,0.8717
"ENSG00000111834",-1.1881,7.0773,0.1136,0.2915
"ENSG00000111837",-0.604,7.1309,0.3587,0.6058
"ENSG00000111843",0.1745,10.7535,0.07566,0.2172
"ENSG00000111845",-0.1968,8.5229,0.2206,0.4534
"ENSG00000111846",1.1066,7.5614,0.002195,0.01305
"ENSG00000111850",-0.0355,7.7709,0.8875,0.9541
"ENSG00000111859",1.6236,10.7247,1.044e-21,8.22e-20
"ENSG00000111860",-0.1025,9.1887,0.3693,0.616
"ENSG00000111863",-0.7653,7.0844,0.3519,0.5992
"ENSG00000111875",-0.0754,8.7976,0.6354,0.8241
"ENSG00000111877",-0.2543,8.3689,0.1178,0.2987
"ENSG00000111879",-0.7948,7.1482,0.191,0.415
"ENSG00000111880",0.1997,8.9693,0.1659,0.3793
"ENSG00000111885",0.7786,12.4591,6.715e-08,1.134e-06
"ENSG00000111897",0.2622,13.4021,0.001611,0.01001
"ENSG00000111906",-0.0175,9.7157,0.8725,0.9463
"ENSG00000111907",-0.1696,8.412,0.4144,0.6596
"ENSG00000111911",-0.5072,9.1218,0.000358,0.002731
"ENSG00000111912",0.5408,10.5646,0.07808,0.2223
"ENSG00000111913",-0.7397,7.865,0.006333,0.0317
"ENSG00000111961",0.1364,11.7183,0.2014,0.4292
"ENSG00000111962",0.112,9.8324,0.3031,0.5521
"ENSG00000111981",-0.2875,7.5735,0.3451,0.593
"ENSG00000112029",-0.348,7.9851,0.1469,0.35
"ENSG00000112031",0.2596,9.2702,0.02454,0.09342
"ENSG00000112033",0.2146,10.2928,0.03258,0.116
"ENSG00000112039",0.309,8.2072,0.09723,0.2599
"ENSG00000112053",1.1933,7.0075,0.2121,0.4429
"ENSG00000112062",0.3042,10.5295,0.0006062,0.004336
"ENSG00000112078",0.5682,11.3126,1.476e-07,2.338e-06
"ENSG00000112079",0.1636,10.6347,0.1723,0.389
"ENSG00000112081",0.2231,11.0928,0.06559,0.1962
"ENSG00000112096",0.5884,13.7946,0.0004966,0.003636
"ENSG00000112110",0.0667,9.6315,0.5337,0.7527
"ENSG00000112118",-0.0248,9.5486,0.8102,0.9195
"ENSG00000112130",0.2699,9.1474,0.03445,0.1211
"ENSG00000112137",-1.0504,7.6253,0.000397,0.00298
"ENSG00000112139",-0.4902,10.2367,0.0002334,0.001872
"ENSG00000112144",0.0596,9.7818,0.6327,0.8222
"ENSG00000112146",0.293,10.5819,0.001515,0.009487
"ENSG00000112149",-0.7073,7.9871,0.0007451,0.005197
"ENSG00000112159",0.1287,10.5777,0.2221,0.4555
"ENSG00000112167",0.0995,8.845,0.4756,0.7096
"ENSG00000112182",0.6416,8.124,0.007006,0.03452
"ENSG00000112183",-0.8089,7.5386,0.03563,0.124
"ENSG00000112186",-0.266,9.0405,0.0663,0.1977
"ENSG00000112200",-0.1607,9.757,0.1438,0.3443
"ENSG00000112208",-0.2315,10.8807,0.06082,0.186
"ENSG00000112210",-0.0992,10.6214,0.3789,0.6256
"ENSG00000112218",1.4121,7.7255,3.506e-07,5.204e-06
"ENSG00000112234",0.1942,9.6589,0.07056,0.2069
"ENSG00000112237",0.1384,9.5849,0.2327,0.4688
"ENSG00000112242",0.0815,9.0436,0.4991,0.7273
"ENSG00000112245",0.1883,10.8767,0.07257,0.2111
"ENSG00000112249",-0.2535,11.1391,0.006519,0.03244
"ENSG00000112276",0.5698,9.2833,7.272e-07,1.007e-05
"ENSG00000112282",-0.0905,10.0248,0.3379,0.5864
"ENSG00000112290",0.536,9.6771,1.164e-07,1.885e-06
"ENSG00000112294",-0.2507,7.1895,0.6495,0.8321
"ENSG00000112297",0.6395,8.9956,0.0004545,0.003353
"ENSG00000112304",-0.5258,8.9014,0.0001959,0.001602
"ENSG00000112305",-0.336,8.4685,0.04153,0.1397
"ENSG00000112306",-0.0167,13.7566,0.8481,0.9373
"ENSG00000112308",-0.1411,11.3071,0.09099,0.2476
"ENSG00000112312",0.0468,8.172,0.8203,0.9238
"ENSG00000112319",-0.5162,9.5692,2.977e-05,0.0002977
"ENSG00000112320",-0.9517,8.9211,1.207e-06,1.61e-05
"ENSG00000112335",0.0384,11.8919,0.6365,0.8248
"ENSG00000112339",-0.0845,10.3401,0.3527,0.6
"ENSG00000112343",0.2548,10.3179,0.01427,0.06073
"ENSG00000112357",-0.1766,8.0652,0.3667,0.6138
"ENSG00000112365",0.1391,8.6183,0.3533,0.6008
"ENSG00000112367",-0.1076,9.4285,0.3565,0.6036
"ENSG00000112378",-0.0381,12.7379,0.6629,0.8408
"ENSG00000112379",0.0806,7.12,0.9051,0.9613
"ENSG00000112406",0.2107,9.98,0.1657,0.3792
"ENSG00000112414",0.703,9.8212,3.757e-06,4.589e-05
"ENSG00000112419",0.3771,10.7881,0.002101,0.01258
"ENSG00000112425",0.0588,8.1553,0.7853,0.9073
"ENSG00000112473",-0.2494,11.6911,0.01599,0.06654
"ENSG00000112511",-0.1448,10.5228,0.1723,0.3889
"ENSG00000112514",-0.2148,10.4705,0.02602,0.09782
"ENSG00000112531",0.2397,11.6392,0.005463,0.02809
"ENSG00000112541",-0.006,7.2712,0.9903,0.9961
"ENSG00000112561",-0.7983,7.895,0.0009175,0.006212
"ENSG00000112576",0.9346,9.6444,3.808e-14,1.41e-12
"ENSG00000112578",0.0104,8.4613,0.9504,0.9798
"ENSG00000112584",0.0255,10.3492,0.7984,0.9134
"ENSG00000112592",0.055,8.6642,0.7078,0.8667
"ENSG00000112599",-0.6667,7.0746,0.3667,0.6138
"ENSG00000112619",-0.5454,8.2982,0.005286,0.02737
"ENSG00000112624",-0.1176,9.458,0.2985,0.5475
"ENSG00000112640",0.0343,10.3878,0.7278,0.878
"ENSG00000112651",-0.0571,8.6353,0.6876,0.855
"ENSG00000112655",-0.1071,12.9726,0.2889,0.5375
"ENSG00000112658",0.923,10.4976,5.707e-12,1.628e-10
"ENSG00000112659",-0.3106,9.6931,0.004846,0.02546
"ENSG00000112667",-0.0846,8.4252,0.6312,0.8212
"ENSG00000112679",0.3397,9.8616,0.005196,0.02702
"ENSG00000112685",0.007,10.0901,0.943,0.976
"ENSG00000112695",0.201,9.7122,0.05777,0.179
"ENSG00000112697",-0.0058,12.6516,0.9519,0.981
"ENSG00000112699",-0.3814,9.0004,0.002131,0.01272
"ENSG00000112701",-0.0316,10.8251,0.7473,0.8891
"ENSG00000112706",0.3652,7.1993,0.5052,0.7324
"ENSG00000112715",-1.2587,10.8947,7.793e-12,2.159e-10
"ENSG00000112739",0.1052,10.8709,0.2195,0.4521
"ENSG00000112742",-0.6016,7.3011,0.2042,0.4329
"ENSG00000112759",-0.1886,9.7723,0.07127,0.2084
"ENSG00000112763",0.0623,9.5426,0.5605,0.7731
"ENSG00000112769",-0.0852,14.1078,0.3352,0.5841
"ENSG00000112773",-1.198,9.4087,7.39e-26,8.076e-24
"ENSG00000112787",0.3096,9.4499,0.004196,0.02251
"ENSG00000112796",-0.5949,7.6837,0.03594,0.1248
"ENSG00000112837",-1.8335,11.2904,1.028e-46,2.99e-44
"ENSG00000112851",0.3794,11.4834,1.738e-05,0.000185
"ENSG00000112852",-0.0962,8.297,0.5657,0.7766
"ENSG00000112855",-0.0133,9.2529,0.907,0.9615
"ENSG00000112874",-0.0043,8.9872,0.9741,0.9895
"ENSG00000112877",-0.821,7.3291,0.06594,0.197
"ENSG00000112893",0.0343,11.107,0.7221,0.8748
"ENSG00000112902",-0.382,11.9917,0.0002819,0.002212
"ENSG00000112936",3.2045,10.3618,5.151e-14,1.892e-12
"ENSG00000112941",0.0467,9.4241,0.6797,0.8495
"ENSG00000112964",0.1131,8.1249,0.5613,0.7739
"ENSG00000112972",-0.3962,8.7257,0.004368,0.02331
"ENSG00000112977",-0.1281,11.9761,0.102,0.2693
"ENSG00000112981",-0.2048,7.5431,0.5233,0.7445
"ENSG00000112983",-0.1463,10.5968,0.09157,0.2486
"ENSG00000112984",-0.1608,7.6023,0.6665,0.8423
"ENSG00000112992",-0.0575,10.8677,0.5628,0.7748
"ENSG00000112996",-0.0426,9.4308,0.7225,0.8751
"ENSG00000113013",-0.1917,11.6892,0.03137,0.1127
"ENSG00000113048",-0.113,10.3175,0.2122,0.4429
"ENSG00000113068",-0.0671,9.7129,0.5257,0.7466
"ENSG00000113070",-0.5947,7.1886,0.2865,0.5351
"ENSG00000113083",0.4684,13.5605,3.374e-08,6.017e-07
"ENSG00000113108",0.0083,9.0632,0.945,0.9765
"ENSG00000113119",0.5036,8.2813,0.004239,0.02273
"ENSG00000113140",-0.5399,14.8509,1.537e-09,3.327e-08
"ENSG00000113141",0.0909,10.9795,0.3284,0.5773
"ENSG00000113161",-0.0277,9.1476,0.8441,0.9352
"ENSG00000113163",0.4062,10.8897,0.0003362,0.002586
"ENSG00000113194",0.0726,10.8396,0.4005,0.6465
"ENSG00000113205",-0.2536,7.4314,0.5144,0.7384
"ENSG00000113209",-0.7998,7.4607,0.02588,0.09743
"ENSG00000113211",0.241,7.3079,0.5852,0.7906
"ENSG00000113212",-0.5952,7.7863,0.01863,0.07505
"ENSG00000113231",0.1993,7.5927,0.5092,0.7347
"ENSG00000113240",0.1433,9.6536,0.212,0.4428
"ENSG00000113248",-0.5029,7.3532,0.2229,0.4564
"ENSG00000113269",-0.0154,10.4813,0.8615,0.9428
"ENSG00000113272",-0.1164,8.4763,0.4628,0.6991
"ENSG00000113273",0.1239,10.8614,0.194,0.4194
"ENSG00000113282",0.0857,10.831,0.3628,0.6097
"ENSG00000113296",-0.3221,7.5719,0.2942,0.5426
"ENSG00000113300",-0.0316,9.613,0.7855,0.9075
"ENSG00000113312",0.0792,9.7888,0.4223,0.6667
"ENSG00000113318",-0.2011,9.1657,0.08436,0.2352
"ENSG00000113319",-0.6383,9.1273,1.942e-07,3.024e-06
"ENSG00000113328",-0.232,12.2625,0.04463,0.1475
"ENSG00000113356",-0.1732,8.2831,0.3603,0.6072
"ENSG00000113360",0.1225,10.4654,0.2133,0.4444
"ENSG00000113361",-1.2215,10.9744,1.348e-16,6.361e-15
"ENSG00000113368",-1.0448,7.6905,0.001627,0.01008
"ENSG00000113369",-0.3456,10.2221,0.03334,0.1179
"ENSG00000113384",0.2796,11.6284,0.003482,0.01921
"ENSG00000113387",-0.1783,11.2327,0.0333,0.1178
"ENSG00000113389",0.9243,11.2977,9.1e-16,4.042e-14
"ENSG00000113391",0.0383,10.2388,0.7185,0.8732
"ENSG00000113396",0.6252,7.1386,0.3386,0.5873
"ENSG00000113407",-0.2972,10.6458,0.004947,0.02592
"ENSG00000113441",0.5142,10.2443,4.442e-07,6.455e-06
"ENSG00000113448",0.4727,8.9449,0.02646,0.09894
"ENSG00000113456",0.8302,10.1226,7.792e-18,4.145e-16
"ENSG00000113460",0.9749,9.133,3.558e-14,1.32e-12
"ENSG00000113504",0.0118,9.5696,0.9145,0.9645
"ENSG00000113522",0.0274,10.8199,0.7529,0.8917
"ENSG00000113552",-0.5754,10.7883,3.851e-07,5.682e-06
"ENSG00000113555",-0.0624,7.4429,0.8671,0.9446
"ENSG00000113558",0.0685,11.6815,0.4045,0.6503
"ENSG00000113569",-0.0561,9.3356,0.6735,0.8467
"ENSG00000113575",0.0944,10.5889,0.2943,0.5426
"ENSG00000113578",1.0069,8.4334,8.134e-05,0.0007341
"ENSG00000113580",-0.9813,11.4742,3.888e-23,3.37e-21
"ENSG00000113583",0.0782,10.7858,0.4215,0.666
"ENSG00000113593",-0.0305,9.6337,0.7661,0.8978
"ENSG00000113594",0.3585,9.7563,0.004977,0.02602
"ENSG00000113595",0.2257,9.2924,0.07582,0.2176
"ENSG00000113597",-0.255,8.7607,0.05922,0.1823
"ENSG00000113600",0.4541,7.0301,0.615,0.8106
"ENSG00000113615",0.1026,10.1916,0.3449,0.593
"ENSG00000113621",0.25,10.4879,0.004728,0.02492
"ENSG00000113638",-0.1142,8.4885,0.4591,0.6963
"ENSG00000113643",-0.0459,10.6132,0.6131,0.8099
"ENSG00000113645",0.8794,8.2041,0.0003015,0.002349
"ENSG00000113648",0.067,10.7476,0.4671,0.7026
"ENSG00000113649",-0.0855,10.0283,0.4121,0.6581
"ENSG00000113657",-0.6065,12.2388,2.022e-09,4.305e-08
"ENSG00000113658",-0.1276,11.0601,0.2098,0.4403
"ENSG00000113712",-0.0715,11.5174,0.466,0.7015
"ENSG00000113716",0.0495,10.2087,0.6176,0.812
"ENSG00000113719",0.745,12.7282,8.029e-20,5.309e-18
"ENSG00000113721",0.3706,14.3152,0.0001307,0.001121
"ENSG00000113722",-0.4429,7.2259,0.3979,0.644
"ENSG00000113732",0.261,11.8382,0.007004,0.03452
"ENSG00000113734",-0.3024,8.2113,0.1165,0.2963
"ENSG00000113739",1.0585,13.8173,0.0003841,0.002895
"ENSG00000113742",0.1258,9.6105,0.3208,0.5689
"ENSG00000113758",-0.1821,11.8307,0.07908,0.2244
"ENSG00000113761",-0.0399,8.8486,0.7796,0.9047
"ENSG00000113790",0.3255,8.2911,0.06552,0.196
"ENSG00000113805",-0.079,9.4609,0.6535,0.8347
"ENSG00000113810",-0.4811,9.8249,6.605e-05,0.0006098
"ENSG00000113811",0.2577,9.1218,0.03369,0.1189
"ENSG00000113812",-0.1173,9.6829,0.2929,0.5414
"ENSG00000113838",0.0994,8.3133,0.5636,0.7752
"ENSG00000113845",0.1677,10.3605,0.1055,0.2763
"ENSG00000113851",0.0156,9.5427,0.9041,0.9612
"ENSG00000113916",0.7956,10.8381,2.622e-12,7.827e-11
"ENSG00000113966",-0.2794,8.0308,0.1635,0.3759
"ENSG00000113971",-0.0151,9.9421,0.8866,0.9537
"ENSG00000114019",0.9224,11.739,1.26e-16,5.981e-15
"ENSG00000114021",0.4911,9.6818,7.05e-06,8.16e-05
"ENSG00000114023",-0.2549,9.7959,0.05173,0.1645
"ENSG00000114026",-0.2332,8.8671,0.1186,0.2999
"ENSG00000114030",0.1437,10.0186,0.1556,0.3638
"ENSG00000114054",-0.3411,9.1016,0.007141,0.03507
"ENSG00000114062",0.0876,10.6001,0.3205,0.5688
"ENSG00000114098",1.3464,10.1342,6.562e-33,1.003e-30
"ENSG00000114107",0.206,8.7261,0.1967,0.4232
"ENSG00000114115",-1.5675,7.3081,0.003103,0.01743
"ENSG00000114120",0.145,11.1462,0.1228,0.3077
"ENSG00000114125",0.1794,9.8337,0.1356,0.3307
"ENSG00000114126",-0.2938,10.1931,0.008816,0.04153
"ENSG00000114127",0.0726,10.819,0.4619,0.6983
"ENSG00000114166",0.0023,9.7444,0.9844,0.9933
"ENSG00000114200",-0.291,7.7065,0.3555,0.6029
"ENSG00000114209",0.4149,9.3638,0.0005141,0.003752
"ENSG00000114251",-0.4602,11.9995,0.0008628,0.005887
"ENSG00000114268",-0.3325,8.1821,0.2255,0.4601
"ENSG00000114270",1.2334,10.6636,2.146e-32,3.198e-30
"ENSG00000114302",0.0815,10.3938,0.4004,0.6465
"ENSG00000114316",0.1367,10.5791,0.1952,0.4207
"ENSG00000114331",-0.2153,11.1434,0.02775,0.1025
"ENSG00000114346",0.0203,9.1823,0.8769,0.9486
"ENSG00000114353",-0.0224,12.7666,0.7657,0.8977
"ENSG00000114354",0.0623,11.152,0.436,0.6783
"ENSG00000114374",0.0231,9.6525,0.8386,0.9329
"ENSG00000114378",0.2711,7.3408,0.5587,0.7719
"ENSG00000114383",0.2682,9.0424,0.0313,0.1125
"ENSG00000114388",-0.2854,8.6974,0.0625,0.1896
"ENSG00000114391",-0.0254,12.6829,0.7423,0.886
"ENSG00000114395",-0.0773,8.1131,0.6956,0.8603
"ENSG00000114405",0.2348,8.191,0.203,0.4315
"ENSG00000114416",-0.0355,11.6366,0.726,0.8774
"ENSG00000114423",0.4746,9.7355,0.001535,0.009597
"ENSG00000114439",0.3083,11.3669,0.0007831,0.005423
"ENSG00000114446",-0.038,10.014,0.6938,0.859
"ENSG00000114450",0.935,10.2539,1.738e-14,6.712e-13
"ENSG00000114473",0.0274,8.6733,0.8569,0.9409
"ENSG00000114480",0.3957,11.8151,8.663e-06,9.824e-05
"ENSG00000114491",-0.0274,8.8301,0.8416,0.9341
"ENSG00000114503",-0.0097,10.6383,0.9123,0.9636
"ENSG00000114520",0.2123,9.1335,0.1007,0.2666
"ENSG00000114529",-0.1334,7.4083,0.7328,0.8805
"ENSG00000114541",-0.891,6.9761,0.3875,0.6333
"ENSG00000114544",8e-04,10.0928,0.9944,0.9978
"ENSG00000114554",2e-04,11.518,0.9986,0.9993
"ENSG00000114573",-0.3036,11.0981,0.01119,0.05028
"ENSG00000114626",0.5696,10.2237,3.398e-07,5.052e-06
"ENSG00000114631",-0.5782,7.4851,0.09915,0.2638
"ENSG00000114648",-0.071,9.1473,0.5442,0.7615
"ENSG00000114650",0.3468,10.7851,0.0002613,0.002071
"ENSG00000114670",-1.2572,8.4654,6.701e-15,2.709e-13
"ENSG00000114686",0.0032,9.9824,0.975,0.9898
"ENSG00000114698",0.5291,11.2222,9.202e-10,2.051e-08
"ENSG00000114735",-0.4737,9.1004,0.0008667,0.005909
"ENSG00000114737",0.0428,7.6852,0.8778,0.9491
"ENSG00000114738",-0.1086,9.6209,0.3091,0.5579
"ENSG00000114739",0.0078,8.0671,0.9721,0.9891
"ENSG00000114742",-0.022,10.4503,0.8569,0.9409
"ENSG00000114744",0.1381,9.5105,0.2327,0.4688
"ENSG00000114745",0.5522,10.1957,2.327e-09,4.917e-08
"ENSG00000114757",-0.4064,7.162,0.4906,0.7222
"ENSG00000114767",0.9322,8.5698,2.895e-09,6.006e-08
"ENSG00000114770",0.3177,10.3728,0.009265,0.04323
"ENSG00000114779",0.162,9.9691,0.1054,0.2763
"ENSG00000114784",-0.0188,9.5361,0.8905,0.9547
"ENSG00000114790",0.3805,7.7632,0.1808,0.401
"ENSG00000114796",0.1023,10.4927,0.5698,0.78
"ENSG00000114841",-0.285,8.8081,0.09246,0.2502
"ENSG00000114850",0.4008,11.611,1.247e-05,0.0001365
"ENSG00000114853",0.7489,11.7629,1.619e-19,1.046e-17
"ENSG00000114857",-0.3145,10.7435,0.0005259,0.003823
"ENSG00000114859",-0.0907,7.8161,0.7213,0.8748
"ENSG00000114861",-0.3293,10.8928,0.0001291,0.001109
"ENSG00000114867",0.2062,12.9687,0.01438,0.06101
"ENSG00000114902",0.1004,10.425,0.3039,0.5529
"ENSG00000114904",-0.0789,9.1771,0.5333,0.7526
"ENSG00000114923",-0.1604,8.4899,0.3229,0.5708
"ENSG00000114933",0.1144,9.0133,0.3685,0.6152
"ENSG00000114942",-0.0691,12.496,0.48,0.713
"ENSG00000114948",0.4789,9.3122,0.0006325,0.004499
"ENSG00000114956",0.0991,9.0305,0.4447,0.6848
"ENSG00000114978",0.2997,11.5945,0.002642,0.01525
"ENSG00000114982",0.2568,11.1653,0.02353,0.09035
"ENSG00000114988",0.0543,9.2977,0.644,0.8294
"ENSG00000114993",-0.2691,8.7494,0.05961,0.1832
"ENSG00000114999",0.1016,10.5394,0.2618,0.5061
"ENSG00000115020",0.2382,10.58,0.01575,0.06574
"ENSG00000115041",0.0468,8.2504,0.7948,0.912
"ENSG00000115042",-0.0869,9.1927,0.4677,0.7029
"ENSG00000115053",-0.0531,13.124,0.538,0.7564
"ENSG00000115073",0.0537,10.0283,0.6058,0.8052
"ENSG00000115084",0.7001,10.8604,4.82e-09,9.689e-08
"ENSG00000115091",0.5645,11.8762,6.585e-09,1.295e-07
"ENSG00000115107",-0.4418,8.8061,0.06788,0.201
"ENSG00000115109",0.2225,9.838,0.05024,0.1612
"ENSG00000115128",-0.0151,9.7618,0.8856,0.9531
"ENSG00000115129",-0.3129,9.6707,0.007689,0.03727
"ENSG00000115137",-0.1338,8.2865,0.4676,0.7028
"ENSG00000115145",0.1272,10.1657,0.2178,0.4499
"ENSG00000115159",0.5454,9.8291,0.0001617,0.001349
"ENSG00000115163",0.6495,7.1241,0.3085,0.5575
"ENSG00000115170",-0.0353,10.7991,0.7115,0.8687
"ENSG00000115183",-0.4746,10.3808,1.069e-05,0.000119
"ENSG00000115194",0.4173,7.0471,0.5927,0.7953
"ENSG00000115204",-0.0956,10.338,0.2994,0.5482
"ENSG00000115207",0.0372,9.568,0.7196,0.8739
"ENSG00000115211",0.1062,9.4674,0.3355,0.5845
"ENSG00000115216",0.0028,11.2144,0.9753,0.9898
"ENSG00000115226",0.0254,9.405,0.819,0.9231
"ENSG00000115232",0.5126,11.2417,0.000162,0.00135
"ENSG00000115233",0.1464,9.8673,0.1847,0.4064
"ENSG00000115234",0.0312,11.1189,0.7015,0.8625
"ENSG00000115239",-0.0535,7.1699,0.9267,0.9697
"ENSG00000115241",0.0271,10.4925,0.7668,0.8978
"ENSG00000115252",0.5288,9.113,0.0001987,0.001623
"ENSG00000115255",0.4415,7.7776,0.08248,0.2314
"ENSG00000115257",-0.2266,7.7314,0.4687,0.7039
"ENSG00000115266",0.0805,8.0568,0.6968,0.8609
"ENSG00000115267",-0.435,8.504,0.009424,0.0438
"ENSG00000115268",-0.0386,12.2385,0.671,0.8447
"ENSG00000115271",0.5548,8.182,0.005575,0.02857
"ENSG00000115274",-0.1399,8.9381,0.3295,0.5782
"ENSG00000115275",0.2622,9.997,0.009632,0.04456
"ENSG00000115282",-0.1103,9.1131,0.3612,0.6082
"ENSG00000115286",-0.1715,8.9244,0.2309,0.4669
"ENSG00000115289",-0.2161,8.55,0.2171,0.4493
"ENSG00000115290",0.5544,7.6321,0.08762,0.2411
"ENSG00000115295",0.3941,10.9537,0.001277,0.008215
"ENSG00000115306",0.1556,13.5592,0.06793,0.2011
"ENSG00000115307",0.3795,10.4575,0.0002424,0.001935
"ENSG00000115310",0.1469,13.9919,0.04592,0.1508
"ENSG00000115317",0.0441,8.6382,0.7692,0.899
"ENSG00000115318",-0.1363,9.3392,0.3506,0.5983
"ENSG00000115325",0.1443,9.0471,0.2603,0.5044
"ENSG00000115339",0.3385,7.4034,0.403,0.6492
"ENSG00000115350",0.1056,8.7831,0.4679,0.7031
"ENSG00000115355",-0.2173,10.4388,0.06662,0.1983
"ENSG00000115361",0.5575,7.2587,0.2712,0.5164
"ENSG00000115363",-0.2462,7.9558,0.3159,0.5648
"ENSG00000115364",-0.01,9.3684,0.9331,0.9726
"ENSG00000115365",0.0564,10.737,0.6252,0.8174
"ENSG00000115368",0.1034,9.6717,0.3538,0.6012
"ENSG00000115380",0.073,14.4106,0.4001,0.6463
"ENSG00000115392",-0.1876,8.181,0.3235,0.5715
"ENSG00000115414",0.0734,18.2672,0.4994,0.7277
"ENSG00000115415",0.3308,12.8551,0.0007003,0.004923
"ENSG00000115419",1.1936,11.8773,1.334e-19,8.718e-18
"ENSG00000115421",0.1666,9.1097,0.1743,0.3917
"ENSG00000115423",-0.8249,7.0521,0.3,0.5489
"ENSG00000115425",-0.3386,8.1434,0.09821,0.262
"ENSG00000115446",0.1616,9.6992,0.1249,0.3115
"ENSG00000115457",2.2141,10.4738,1.303e-34,2.217e-32
"ENSG00000115459",-0.1588,9.1408,0.2304,0.4663
"ENSG00000115461",-0.1424,17.2189,0.287,0.5358
"ENSG00000115464",-0.0421,11.6008,0.6161,0.8111
"ENSG00000115468",2.7407,7.0223,0.003796,0.02065
"ENSG00000115484",-0.0581,10.8767,0.4965,0.7256
"ENSG00000115486",-0.2112,10.2776,0.1041,0.2739
"ENSG00000115504",-0.2444,12.0223,0.001704,0.0105
"ENSG00000115507",-0.2927,7.1925,0.6179,0.8122
"ENSG00000115514",0.2685,9.1081,0.02808,0.1035
"ENSG00000115520",0.0735,9.4334,0.5033,0.7309
"ENSG00000115524",-0.1345,12.9436,0.08205,0.2304
"ENSG00000115525",-0.1585,9.1221,0.2902,0.5385
"ENSG00000115526",-0.0848,8.4134,0.608,0.8063
"ENSG00000115539",0.401,8.2197,0.02736,0.1015
"ENSG00000115540",0.141,8.9132,0.3509,0.5984
"ENSG00000115541",0.1859,8.1585,0.3922,0.638
"ENSG00000115548",0.3155,10.5512,0.001858,0.01132
"ENSG00000115556",-0.3834,8.2536,0.03937,0.1341
"ENSG00000115561",-0.075,10.8817,0.4584,0.6959
"ENSG00000115568",-0.0586,9.3409,0.6527,0.8341
"ENSG00000115594",0.2565,13.5077,0.0541,0.17
"ENSG00000115598",-0.2568,7.4281,0.5027,0.7305
"ENSG00000115604",-0.1564,7.471,0.6611,0.8404
"ENSG00000115641",0.2867,12.184,0.004676,0.0247
"ENSG00000115648",-0.9516,7.7648,0.0006311,0.004493
"ENSG00000115649",0.3006,10.0688,0.004159,0.02236
"ENSG00000115652",0.2681,9.7691,0.03619,0.1254
"ENSG00000115657",0.2031,7.413,0.586,0.7908
"ENSG00000115661",0.068,9.4237,0.5549,0.769
"ENSG00000115677",-0.1078,14.4201,0.1534,0.3603
"ENSG00000115685",-0.1419,10.0737,0.1272,0.3156
"ENSG00000115687",0.0949,7.8128,0.7169,0.872
"ENSG00000115694",0.0995,10.737,0.2934,0.5419
"ENSG00000115738",0.2589,10.6529,0.03236,0.1155
"ENSG00000115750",-0.0128,9.0346,0.9165,0.9657
"ENSG00000115756",0.0861,8.8974,0.5034,0.7311
"ENSG00000115758",0.1466,9.3087,0.2846,0.5327
"ENSG00000115760",0.2621,11.6915,0.003685,0.02013
"ENSG00000115761",0.069,9.1549,0.5716,0.7813
"ENSG00000115762",0.0876,10.6488,0.3194,0.5679
"ENSG00000115806",-0.1622,11.1282,0.06701,0.1993
"ENSG00000115808",0.0597,9.9841,0.5459,0.7628
"ENSG00000115816",0.109,9.4785,0.3323,0.5813
"ENSG00000115825",-0.074,10.9154,0.5243,0.7453
"ENSG00000115827",-0.0566,9.2408,0.6873,0.855
"ENSG00000115828",1.1782,8.9892,2.13e-06,2.721e-05
"ENSG00000115839",-0.0453,11.43,0.5568,0.7705
"ENSG00000115840",0.476,9.3772,0.002019,0.01216
"ENSG00000115841",0.7742,8.4859,3.922e-06,4.772e-05
"ENSG00000115866",0.0723,10.7227,0.5753,0.7837
"ENSG00000115875",-0.0564,9.9748,0.6262,0.8178
"ENSG00000115884",-0.8486,9.2032,2.541e-13,8.729e-12
"ENSG00000115896",0.3367,9.1946,0.1022,0.2696
"ENSG00000115902",-0.185,8.3877,0.3502,0.5978
"ENSG00000115904",0.1268,11.7357,0.4025,0.6487
"ENSG00000115919",-0.1114,7.1009,0.8746,0.9474
"ENSG00000115935",0.1967,10.7042,0.04999,0.1607
"ENSG00000115942",-0.0129,8.8986,0.9215,0.967
"ENSG00000115944",-0.0446,10.7083,0.6025,0.8024
"ENSG00000115946",0.7048,8.4451,4.427e-05,0.0004257
"ENSG00000115947",0.0166,9.0355,0.898,0.9585
"ENSG00000115963",-0.7592,14.0538,3.537e-09,7.282e-08
"ENSG00000115966",0.0205,10.1294,0.8412,0.9339
"ENSG00000115970",0.0259,9.7248,0.8044,0.9161
"ENSG00000115977",-0.1862,8.9225,0.2525,0.4953
"ENSG00000115993",0.9122,12.2465,1.602e-15,6.928e-14
"ENSG00000115998",-0.3828,8.52,0.01025,0.04692
"ENSG00000116001",-0.5051,10.5728,7.287e-09,1.43e-07
"ENSG00000116005",0.4357,13.0525,1.506e-06,1.985e-05
"ENSG00000116016",-0.6578,14.3929,6.072e-10,1.377e-08
"ENSG00000116017",0.4092,9.2645,0.0008898,0.006043
"ENSG00000116030",-0.0524,10.7745,0.5892,0.793
"ENSG00000116032",-0.1663,7.7453,0.5267,0.7474
"ENSG00000116035",0.6395,7.2426,0.2056,0.4346
"ENSG00000116039",0.6874,7.304,0.1461,0.3485
"ENSG00000116044",0.1415,12.6564,0.2551,0.4983
"ENSG00000116062",0.0793,10.2471,0.3885,0.6342
"ENSG00000116095",0.3817,9.2088,0.004255,0.02278
"ENSG00000116096",0.2666,9.0154,0.02945,0.1073
"ENSG00000116106",1.124,8.7681,1.74e-05,0.0001851
"ENSG00000116117",0.4885,11.2081,0.0001713,0.001422
"ENSG00000116120",0.0419,9.3027,0.7434,0.8866
"ENSG00000116127",-0.423,9.118,0.002367,0.0139
"ENSG00000116128",-0.5473,9.3775,8.466e-07,1.158e-05
"ENSG00000116132",-0.7704,12.4459,1.072e-20,7.702e-19
"ENSG00000116133",0.9223,12.1587,1.654e-11,4.458e-10
"ENSG00000116138",0.2052,9.6091,0.06679,0.1987
"ENSG00000116141",0.8906,7.6529,0.00613,0.0309
"ENSG00000116151",-0.1064,7.5924,0.7273,0.8778
"ENSG00000116157",-0.1915,8.5997,0.1963,0.4225
"ENSG00000116161",-0.2627,9.8298,0.01461,0.06183
"ENSG00000116171",-0.3006,11.6489,0.0006371,0.004528
"ENSG00000116183",-0.3862,7.7495,0.1916,0.4159
"ENSG00000116191",-0.3619,11.1373,0.0002531,0.002014
"ENSG00000116194",1.9421,8.5513,1.094e-18,6.384e-17
"ENSG00000116198",0.2215,9.6077,0.07622,0.2185
"ENSG00000116199",0.2464,10.9629,0.01407,0.06009
"ENSG00000116205",-0.1072,8.8257,0.4304,0.6733
"ENSG00000116209",0.1124,12.0546,0.2029,0.4313
"ENSG00000116212",0.2797,9.5807,0.01277,0.05563
"ENSG00000116213",0.2432,8.9459,0.05201,0.1651
"ENSG00000116221",0.0022,10.0777,0.9815,0.9922
"ENSG00000116237",0.1033,11.4185,0.1988,0.4262
"ENSG00000116251",-0.0489,13.0659,0.5216,0.7438
"ENSG00000116254",0.3471,7.1497,0.5609,0.7735
"ENSG00000116260",-0.0267,17.6198,0.7726,0.9011
"ENSG00000116266",0.19,10.0638,0.05505,0.1722
"ENSG00000116273",0.1809,9.703,0.1326,0.3255
"ENSG00000116285",2.4245,11.3268,5.318e-63,2.997e-60
"ENSG00000116288",0.0729,11.2741,0.3848,0.6309
"ENSG00000116299",-1.1206,7.4806,0.001884,0.01144
"ENSG00000116337",-0.2756,9.9572,0.009635,0.04456
"ENSG00000116350",0.0873,10.6946,0.4029,0.649
"ENSG00000116353",-0.167,8.6773,0.3092,0.558
"ENSG00000116396",0.0778,8.0773,0.6988,0.8616
"ENSG00000116406",0.3648,10.8667,0.0005045,0.003687
"ENSG00000116455",0.4773,8.7487,0.0004256,0.003167
"ENSG00000116459",0.03,10.9639,0.7215,0.8748
"ENSG00000116473",0.1088,10.2442,0.2946,0.5428
"ENSG00000116478",0.0482,10.6646,0.6452,0.8297
"ENSG00000116489",0.1222,11.6753,0.1106,0.2862
"ENSG00000116497",0.088,9.6207,0.4659,0.7015
"ENSG00000116514",-0.3436,8.4924,0.08342,0.2331
"ENSG00000116521",0.1614,10.3252,0.1324,0.325
"ENSG00000116525",0.1982,8.5208,0.2281,0.4637
"ENSG00000116539",-0.1134,11.3423,0.1798,0.3998
"ENSG00000116560",0.1574,11.804,0.1102,0.2853
"ENSG00000116574",-0.2473,8.7528,0.2595,0.5039
"ENSG00000116580",-0.1231,10.3307,0.2045,0.4334
"ENSG00000116584",-1.0157,11.1894,8.812e-30,1.195e-27
"ENSG00000116586",-0.0679,9.2172,0.5526,0.7676
"ENSG00000116604",0.3367,10.8467,0.0005562,0.004015
"ENSG00000116641",-0.0333,11.5355,0.6913,0.8574
"ENSG00000116649",0.7712,10.4604,2.645e-09,5.521e-08
"ENSG00000116652",-0.8357,7.0932,0.2275,0.4629
"ENSG00000116661",0.2874,7.612,0.3512,0.5986
"ENSG00000116663",0.0264,8.1948,0.8866,0.9537
"ENSG00000116667",0.7892,11.3991,1.702e-05,0.0001816
"ENSG00000116668",-0.2519,8.4565,0.1356,0.3306
"ENSG00000116670",0.2561,9.0521,0.03603,0.125
"ENSG00000116675",2.2263,7.6349,2.32e-11,6.133e-10
"ENSG00000116678",0.3966,9.9976,0.02827,0.104
"ENSG00000116679",-0.7836,9.8409,3.202e-10,7.47e-09
"ENSG00000116685",0.167,10.4566,0.08684,0.2396
"ENSG00000116688",-0.1216,11.504,0.1369,0.3328
"ENSG00000116690",1.889,7.3736,0.0003677,0.002793
"ENSG00000116691",0.3852,8.5833,0.0116,0.05167
"ENSG00000116698",-0.0837,10.2512,0.3702,0.6169
"ENSG00000116704",0.8447,9.6594,2.581e-09,5.411e-08
"ENSG00000116711",-2.451,8.0095,1.478e-20,1.045e-18
"ENSG00000116717",0.1155,10.7086,0.4686,0.7038
"ENSG00000116729",-0.2042,11.8904,0.0251,0.09504
"ENSG00000116731",0.2359,10.4396,0.008966,0.04212
"ENSG00000116741",-0.1036,8.5134,0.6973,0.8611
"ENSG00000116747",0.227,9.9138,0.03556,0.1238
"ENSG00000116750",0.0875,8.9623,0.521,0.7432
"ENSG00000116752",-0.1861,9.0927,0.133,0.3258
"ENSG00000116754",0.1235,12.2146,0.1736,0.3908
"ENSG00000116761",0.9235,7.6816,0.002484,0.01448
"ENSG00000116771",0.4614,7.1305,0.4904,0.722
"ENSG00000116774",0.1443,11.9629,0.05783,0.1791
"ENSG00000116785",0.6,7.0489,0.4619,0.6983
"ENSG00000116786",0.1461,11.785,0.1242,0.3102
"ENSG00000116791",-0.2654,9.3752,0.03144,0.1129
"ENSG00000116793",0.2091,9.5644,0.1216,0.3054
"ENSG00000116809",-0.0745,9.2015,0.5318,0.7516
"ENSG00000116815",0.0668,7.8824,0.7823,0.9061
"ENSG00000116819",-0.5766,7.2845,0.2169,0.4492
"ENSG00000116830",-0.2748,8.8359,0.04557,0.1498
"ENSG00000116857",-0.2418,10.0078,0.03538,0.1234
"ENSG00000116863",0.0655,9.1307,0.6067,0.8056
"ENSG00000116871",0.077,11.6484,0.4174,0.6618
"ENSG00000116874",-0.095,8.9638,0.4607,0.6977
"ENSG00000116883",0.2808,8.1022,0.2368,0.4747
"ENSG00000116885",-0.2936,8.1267,0.1201,0.3024
"ENSG00000116898",4e-04,9.6823,0.9975,0.9989
"ENSG00000116903",0.2279,9.0589,0.07146,0.2087
"ENSG00000116906",0.1837,10.0737,0.05521,0.1726
"ENSG00000116918",0.2831,9.5288,0.01515,0.06368
"ENSG00000116922",0.1009,8.9784,0.4109,0.657
"ENSG00000116954",0.2211,10.6616,0.09072,0.2472
"ENSG00000116957",-0.0873,9.2197,0.4461,0.6859
"ENSG00000116962",1.4812,13.0034,1.093e-19,7.195e-18
"ENSG00000116977",0.1545,10.0993,0.1943,0.4197
"ENSG00000116984",0.0913,10.9802,0.3598,0.607
"ENSG00000116985",0.3638,7.1486,0.5426,0.7599
"ENSG00000116991",-2.5827,7.9991,7.099e-22,5.639e-20
"ENSG00000117000",0.1032,9.6503,0.3913,0.637
"ENSG00000117010",-0.1123,7.7867,0.6477,0.8312
"ENSG00000117016",0.191,7.804,0.4428,0.6839
"ENSG00000117020",0.3273,10.4347,0.008076,0.03875
"ENSG00000117036",0.0915,9.5028,0.4144,0.6596
"ENSG00000117054",0.3208,9.3459,0.01299,0.05633
"ENSG00000117069",-0.4087,7.2285,0.4362,0.6785
"ENSG00000117114",-0.2123,11.1202,0.04246,0.1421
"ENSG00000117118",0.1402,9.9062,0.1906,0.4144
"ENSG00000117122",-0.6471,9.7652,1.994e-07,3.097e-06
"ENSG00000117133",0.0917,9.1146,0.4584,0.6959
"ENSG00000117139",-0.125,11.0853,0.1658,0.3792
"ENSG00000117143",0.65,10.7872,2.579e-11,6.778e-10
"ENSG00000117148",-1.8778,6.9555,0.1013,0.2678
"ENSG00000117151",0.1639,9.4427,0.1672,0.3812
"ENSG00000117152",-1.0311,8.0622,0.0002114,0.001715
"ENSG00000117153",-0.0426,9.9855,0.6497,0.8321
"ENSG00000117155",-0.3278,9.6216,0.127,0.3153
"ENSG00000117174",0.1394,9.7929,0.1824,0.4033
"ENSG00000117222",-0.2593,9.4599,0.02605,0.0979
"ENSG00000117226",-0.5304,9.2005,0.0002242,0.001806
"ENSG00000117228",0.3233,10.3269,0.03832,0.1313
"ENSG00000117242",0.1808,8.0248,0.3731,0.6197
"ENSG00000117245",0.4442,7.5274,0.1996,0.4271
"ENSG00000117262",-0.0338,9.5054,0.7805,0.9052
"ENSG00000117266",-0.8942,7.9016,0.0001978,0.001617
"ENSG00000117280",0.5316,10.4577,2.195e-07,3.397e-06
"ENSG00000117281",0.0861,7.3141,0.8428,0.9348
"ENSG00000117289",-0.242,13.8527,0.07715,0.2204
"ENSG00000117298",0.2801,12.863,0.008102,0.03881
"ENSG00000117305",-0.0489,9.7431,0.6356,0.8241
"ENSG00000117308",-0.1983,7.9699,0.4592,0.6964
"ENSG00000117318",0.1091,8.1588,0.6432,0.829
"ENSG00000117335",0.0591,12.3576,0.479,0.7124
"ENSG00000117360",0.0097,9.541,0.9318,0.9725
"ENSG00000117362",0.1197,11.0143,0.2183,0.4507
"ENSG00000117385",-0.3631,10.6569,3.579e-05,0.0003511
"ENSG00000117394",0.3477,11.3654,0.2629,0.5075
"ENSG00000117395",0.1854,9.4679,0.1177,0.2985
"ENSG00000117399",-0.0472,7.5036,0.8876,0.9541
"ENSG00000117407",-0.3237,7.0509,0.684,0.8525
"ENSG00000117408",0.0699,9.904,0.5378,0.7564
"ENSG00000117410",0.3651,9.7226,0.0005545,0.004008
"ENSG00000117411",-0.2428,10.3103,0.02068,0.08157
"ENSG00000117419",0.143,9.8277,0.1512,0.3575
"ENSG00000117425",-0.2518,7.608,0.4476,0.6871
"ENSG00000117448",-0.1029,9.9846,0.3007,0.5497
"ENSG00000117450",0.0073,12.0161,0.9338,0.9726
"ENSG00000117461",-1.7009,8.5308,1.154e-20,8.228e-19
"ENSG00000117475",0.1316,9.4047,0.2291,0.465
"ENSG00000117477",-0.2789,7.1186,0.6799,0.8496
"ENSG00000117479",0.9968,8.7508,1.693e-06,2.209e-05
"ENSG00000117480",0.254,7.4864,0.4938,0.7242
"ENSG00000117481",0.024,8.8859,0.8546,0.94
"ENSG00000117500",0.41,11.0543,4.088e-05,0.0003975
"ENSG00000117505",0.0804,10.2595,0.4172,0.6617
"ENSG00000117519",0.4511,12.6714,5.917e-05,0.0005511
"ENSG00000117523",-0.216,12.4645,0.009513,0.04413
"ENSG00000117525",0.5353,9.42,3.281e-05,0.0003253
"ENSG00000117528",-0.0578,10.2518,0.5632,0.7749
"ENSG00000117533",0.0537,10.5289,0.6374,0.8252
"ENSG00000117543",-0.3586,8.6457,0.01907,0.0764
"ENSG00000117569",-0.356,8.8775,0.01716,0.07025
"ENSG00000117586",0.1507,7.604,0.656,0.8363
"ENSG00000117592",0.4256,11.8953,8.393e-05,0.0007548
"ENSG00000117593",0.133,8.9474,0.2938,0.5423
"ENSG00000117594",1.568,9.6636,0.003599,0.01976
"ENSG00000117595",0.2822,7.6515,0.3264,0.5748
"ENSG00000117597",0.2448,9.7015,0.03787,0.1301
"ENSG00000117600",-2.3761,7.5198,2.406e-08,4.383e-07
"ENSG00000117602",0.893,8.813,2.003e-09,4.276e-08
"ENSG00000117614",0.0686,10.3929,0.5505,0.7661
"ENSG00000117616",0.1919,10.6835,0.1148,0.2936
"ENSG00000117620",0.353,9.4029,0.008498,0.04026
"ENSG00000117625",-0.1104,9.9212,0.2662,0.5107
"ENSG00000117632",-0.0072,10.4302,0.9584,0.9842
"ENSG00000117640",-0.03,9.9042,0.7637,0.8972
"ENSG00000117643",-0.5433,10.1407,3.97e-09,8.127e-08
"ENSG00000117650",-0.1809,7.1172,0.7809,0.9054
"ENSG00000117676",-0.196,7.2152,0.7196,0.8739
"ENSG00000117682",0.0351,9.7868,0.7233,0.8754
"ENSG00000117691",-0.0422,9.858,0.6937,0.859
"ENSG00000117697",-0.3334,9.124,0.005272,0.02734
"ENSG00000117707",-0.21,7.1024,0.762,0.8966
"ENSG00000117713",-0.0582,10.7889,0.5326,0.7522
"ENSG00000117724",-0.6617,8.2242,0.001216,0.007865
"ENSG00000117748",-0.2153,9.4916,0.05427,0.1704
"ENSG00000117751",0.1266,9.7028,0.2043,0.433
"ENSG00000117758",0.9451,10.8527,2.151e-16,1.002e-14
"ENSG00000117791",0.4237,8.9593,0.001352,0.008636
"ENSG00000117834",0.1888,7.3073,0.674,0.847
"ENSG00000117859",0.4161,10.7784,0.004551,0.02414
"ENSG00000117862",0.1666,10.3399,0.07318,0.2122
"ENSG00000117868",0.5503,12.3143,5.488e-12,1.571e-10
"ENSG00000117877",0.4701,7.3821,0.2481,0.4895
"ENSG00000117899",0.2335,10.7459,0.0141,0.06019
"ENSG00000117906",0.2793,10.8528,0.004174,0.02242
"ENSG00000117984",-0.0541,11.7975,0.4975,0.7263
"ENSG00000118007",-0.0447,10.6751,0.619,0.8133
"ENSG00000118017",-0.0112,7.0448,0.9895,0.9957
"ENSG00000118046",-0.0963,10.302,0.305,0.5542
"ENSG00000118058",-0.2709,11.4657,0.008443,0.04006
"ENSG00000118096",-0.177,9.2308,0.1414,0.3407
"ENSG00000118156",-1.0276,6.9985,0.3335,0.5826
"ENSG00000118162",0.1481,8.4468,0.3376,0.5861
"ENSG00000118181",-0.0234,12.9762,0.7876,0.9086
"ENSG00000118193",-0.2067,7.3206,0.6346,0.8237
"ENSG00000118194",3.0762,6.9449,0.01388,0.05947
"ENSG00000118197",0.3086,8.7006,0.02722,0.1012
"ENSG00000118200",0.0739,10.8458,0.4577,0.6953
"ENSG00000118217",0.0893,10.58,0.3365,0.5852
"ENSG00000118242",-0.3339,7.6218,0.3034,0.5525
"ENSG00000118246",0.0295,9.3639,0.8053,0.9167
"ENSG00000118257",1.007,10.8519,3.057e-09,6.322e-08
"ENSG00000118260",-0.3039,9.894,0.00593,0.03006
"ENSG00000118263",0.2878,9.5718,0.0638,0.1922
"ENSG00000118276",0.0968,7.6823,0.7271,0.8778
"ENSG00000118292",-0.1817,8.5116,0.2285,0.4642
"ENSG00000118298",0.517,7.1083,0.432,0.6748
"ENSG00000118307",-0.9504,7.1597,0.1255,0.3126
"ENSG00000118363",0.1707,10.4363,0.1239,0.3097
"ENSG00000118369",-0.2438,9.2643,0.03953,0.1345
"ENSG00000118402",-0.1824,8.1117,0.3911,0.637
"ENSG00000118407",-0.6295,8.3996,0.006636,0.03291
"ENSG00000118412",0.0562,9.2012,0.6495,0.8321
"ENSG00000118418",-0.3224,9.2786,0.01483,0.06255
"ENSG00000118420",-0.7376,7.5879,0.01767,0.07192
"ENSG00000118454",0.3428,9.9596,0.0008384,0.005749
"ENSG00000118473",0.0014,9.8142,0.9904,0.9961
"ENSG00000118482",-0.1032,10.9819,0.2271,0.4622
"ENSG00000118495",-0.1314,10.5432,0.2448,0.4851
"ENSG00000118496",0.1681,10.094,0.1981,0.4252
"ENSG00000118503",0.5625,9.0826,0.0001473,0.001245
"ENSG00000118507",1.0286,8.0607,6.293e-07,8.845e-06
"ENSG00000118508",-0.343,9.7802,0.0007905,0.005467
"ENSG00000118515",0.5542,11.4987,8.303e-06,9.476e-05
"ENSG00000118518",-0.0109,10.3199,0.9306,0.9722
"ENSG00000118523",1.2082,13.2072,2.003e-15,8.601e-14
"ENSG00000118526",0.4986,12.519,3.912e-06,4.763e-05
"ENSG00000118557",0.7164,7.0561,0.3558,0.603
"ENSG00000118564",0.0552,10.1878,0.6153,0.8109
"ENSG00000118579",0.3629,10.3674,0.0007057,0.00495
"ENSG00000118596",0.2545,9.3994,0.1052,0.276
"ENSG00000118600",0.0864,8.6969,0.606,0.8052
"ENSG00000118620",0.0455,8.126,0.8334,0.9308
"ENSG00000118640",-0.5954,7.3711,0.1868,0.4094
"ENSG00000118655",0.3721,8.3107,0.0516,0.1642
"ENSG00000118680",0.4757,12.5192,2.533e-09,5.317e-08
"ENSG00000118689",1.2601,12.2586,1.72e-23,1.551e-21
"ENSG00000118690",0.5998,7.8301,0.01655,0.06828
"ENSG00000118705",0.0519,12.3597,0.5167,0.7403
"ENSG00000118707",-0.5978,8.6453,0.0003738,0.00283
"ENSG00000118762",0.8393,11.8794,1.66e-12,5.101e-11
"ENSG00000118777",-0.5222,7.4958,0.1919,0.4164
"ENSG00000118804",0.3096,7.8152,0.2849,0.5332
"ENSG00000118816",0.0608,12.3196,0.6093,0.8072
"ENSG00000118849",0.037,11.0489,0.7819,0.9061
"ENSG00000118855",-0.1977,11.2963,0.05902,0.1818
"ENSG00000118873",-0.0094,10.5695,0.9165,0.9658
"ENSG00000118894",-0.055,7.9166,0.8169,0.9223
"ENSG00000118898",-0.1391,12.196,0.3877,0.6334
"ENSG00000118900",0.1755,10.5768,0.1059,0.277
"ENSG00000118922",-0.0574,9.9555,0.5956,0.7966
"ENSG00000118939",-0.1341,7.4181,0.7751,0.9025
"ENSG00000118960",0.2454,10.2488,0.007312,0.03582
"ENSG00000118961",-0.2212,8.9891,0.07987,0.2259
"ENSG00000118965",0.1287,9.4185,0.2461,0.4872
"ENSG00000118971",-0.5755,11.5967,1.648e-05,0.0001764
"ENSG00000118976",0.3326,7.5007,0.327,0.5755
"ENSG00000118985",0.2491,12.5897,0.003059,0.01725
"ENSG00000118990",1.1928,6.9944,0.2539,0.4968
"ENSG00000118997",-1.0599,7.9653,1.442e-05,0.0001561
"ENSG00000119004",0.1037,8.9237,0.4827,0.7153
"ENSG00000119013",0.0434,9.2244,0.708,0.8668
"ENSG00000119041",0.0164,9.7613,0.8753,0.9477
"ENSG00000119042",0.0331,8.8419,0.8153,0.922
"ENSG00000119048",0.3041,10.5804,0.01268,0.05537
"ENSG00000119121",-0.0134,7.0411,0.9881,0.9951
"ENSG00000119138",2.083,10.5924,2.375e-38,4.605e-36
"ENSG00000119139",1.928,12.0372,1.273e-55,6.043e-53
"ENSG00000119185",0.2863,10.9713,0.001158,0.007561
"ENSG00000119203",0.0689,9.7173,0.5338,0.7527
"ENSG00000119227",0.4758,8.4536,0.002367,0.0139
"ENSG00000119231",0.1864,9.7862,0.06811,0.2015
"ENSG00000119242",-0.1227,10.5177,0.2251,0.4597
"ENSG00000119280",0.4424,11.4736,0.003422,0.0189
"ENSG00000119283",-0.2751,7.0524,0.7335,0.8811
"ENSG00000119285",0.1363,10.3567,0.1478,0.3515
"ENSG00000119314",0.0949,9.7785,0.3461,0.5941
"ENSG00000119318",0.497,13.061,7.704e-06,8.848e-05
"ENSG00000119321",0.0121,10.4773,0.8941,0.9563
"ENSG00000119326",0.3006,10.7901,0.0034,0.01878
"ENSG00000119328",-0.1328,8.8912,0.3033,0.5524
"ENSG00000119333",-0.2298,9.0525,0.08681,0.2396
"ENSG00000119335",0.032,12.0577,0.7103,0.8679
"ENSG00000119383",-0.1236,10.958,0.1417,0.3411
"ENSG00000119392",0.3221,9.6305,0.001943,0.01177
"ENSG00000119396",0.0293,10.9688,0.7471,0.889
"ENSG00000119397",-0.3148,8.7944,0.02601,0.09782
"ENSG00000119401",0.063,9.8568,0.524,0.7451
"ENSG00000119402",0.0503,11.0959,0.5489,0.7647
"ENSG00000119403",-0.1647,9.732,0.1065,0.278
"ENSG00000119408",-0.5823,11.3386,2.351e-06,2.98e-05
"ENSG00000119414",0.085,10.2708,0.3989,0.6452
"ENSG00000119421",0.1128,9.2013,0.3506,0.5983
"ENSG00000119431",-0.1339,8.1594,0.473,0.7072
"ENSG00000119446",0.1382,9.2972,0.3061,0.5551
"ENSG00000119471",0.2422,10.889,0.005209,0.02706
"ENSG00000119487",0.1677,11.6045,0.04341,0.1445
"ENSG00000119508",2.0779,8.4956,1.626e-33,2.618e-31
"ENSG00000119509",-0.0952,9.0262,0.4516,0.6905
"ENSG00000119514",-1.1266,8.7964,6.879e-12,1.926e-10
"ENSG00000119522",0.0143,9.1829,0.9035,0.9611
"ENSG00000119523",0.3702,9.954,0.0001168,0.001015
"ENSG00000119535",0.3958,7.0682,0.6412,0.8275
"ENSG00000119537",0.5815,11.4241,2.036e-06,2.613e-05
"ENSG00000119541",0.3705,10.6142,0.0001417,0.001202
"ENSG00000119559",0.1656,9.3068,0.1471,0.3504
"ENSG00000119574",0.0925,8.8873,0.4957,0.7252
"ENSG00000119596",0.0265,11.1425,0.751,0.8907
"ENSG00000119599",-0.0121,8.5057,0.9384,0.9744
"ENSG00000119608",-0.9242,7.577,0.004668,0.02467
"ENSG00000119616",0.0394,10.0627,0.7131,0.8693
"ENSG00000119630",-1.1281,9.6625,0.02114,0.08287
"ENSG00000119632",-0.1647,9.6763,0.1977,0.4248
"ENSG00000119636",-0.1283,7.683,0.6742,0.847
"ENSG00000119638",-0.0079,11.9578,0.9261,0.9695
"ENSG00000119640",-0.7253,8.2744,0.01684,0.06917
"ENSG00000119650",0.1534,8.9399,0.2767,0.5225
"ENSG00000119655",-0.1409,11.6354,0.1321,0.3245
"ENSG00000119661",0.153,8.5906,0.2945,0.5427
"ENSG00000119669",-0.0769,10.6392,0.5434,0.7606
"ENSG00000119673",0.7587,9.2829,3.87e-08,6.835e-07
"ENSG00000119681",-0.237,14.8041,0.02046,0.08085
"ENSG00000119682",0.1689,10.2912,0.06247,0.1895
"ENSG00000119684",-0.1761,9.1042,0.1629,0.3751
"ENSG00000119685",0.0883,9.3342,0.4635,0.6996
"ENSG00000119686",0.704,7.5983,0.03529,0.1232
"ENSG00000119688",-0.2448,9.5883,0.02761,0.1022
"ENSG00000119689",0.2419,12.2099,0.02653,0.09912
"ENSG00000119698",0.0443,8.0157,0.8512,0.9384
"ENSG00000119699",0.1019,8.6739,0.5798,0.787
"ENSG00000119703",-1.2383,7.4566,0.0007178,0.005019
"ENSG00000119705",0.0579,8.8425,0.6876,0.855
"ENSG00000119707",-0.0967,11.4117,0.2755,0.5213
"ENSG00000119711",1.2046,9.483,2.292e-13,7.916e-12
"ENSG00000119714",-2.8322,7.6293,4.825e-12,1.394e-10
"ENSG00000119718",-0.4293,9.123,0.01296,0.0563
"ENSG00000119720",-0.1392,8.7913,0.2959,0.5443
"ENSG00000119723",-0.2121,7.842,0.4135,0.659
"ENSG00000119725",-0.4978,7.1013,0.464,0.6999
"ENSG00000119729",0.2283,11.8372,0.02726,0.1013
"ENSG00000119737",-0.0325,7.2506,0.9536,0.9816
"ENSG00000119760",-0.1414,9.8994,0.1946,0.42
"ENSG00000119771",0.449,10.179,0.0001165,0.001013
"ENSG00000119772",-0.5942,8.7918,1.9e-05,0.0002004
"ENSG00000119777",0.2047,11.168,0.02793,0.103
"ENSG00000119778",-0.0631,8.7912,0.6382,0.8257
"ENSG00000119782",0.4975,7.3226,0.3017,0.5505
"ENSG00000119787",0.3313,9.1979,0.01424,0.06065
"ENSG00000119801",0.1949,11.2519,0.06913,0.2037
"ENSG00000119812",0.0474,10.2563,0.6161,0.8111
"ENSG00000119820",0.3144,10.507,0.0103,0.04711
"ENSG00000119844",0.0279,9.4657,0.8086,0.9183
"ENSG00000119862",-0.0987,7.6383,0.7348,0.8819
"ENSG00000119865",0.1092,9.6666,0.3016,0.5505
"ENSG00000119878",0.0395,8.8797,0.7938,0.9115
"ENSG00000119899",0.4923,10.6959,6.362e-06,7.449e-05
"ENSG00000119900",0.538,9.8987,4.091e-05,0.0003975
"ENSG00000119906",-0.2504,10.0934,0.01336,0.05767
"ENSG00000119912",-0.0478,10.1666,0.6336,0.8229
"ENSG00000119915",0.466,7.491,0.2138,0.4452
"ENSG00000119917",-0.0897,9.9868,0.6027,0.8026
"ENSG00000119922",-0.7064,9.1198,8.751e-05,0.0007823
"ENSG00000119927",0.0774,9.1607,0.5423,0.7597
"ENSG00000119929",0.048,8.4283,0.7949,0.912
"ENSG00000119938",-0.4278,11.8732,0.001506,0.00944
"ENSG00000119943",-0.5534,8.6735,0.001293,0.008303
"ENSG00000119946",0.4102,7.7947,0.1458,0.3481
"ENSG00000119950",0.1675,10.7793,0.1811,0.4014
"ENSG00000119953",0.3213,9.6632,0.007069,0.03477
"ENSG00000119965",-0.0289,8.4843,0.8552,0.9403
"ENSG00000119969",-0.2825,7.9292,0.2277,0.463
"ENSG00000119977",-0.4309,11.1909,5.579e-05,0.0005221
"ENSG00000119979",0.2828,10.6929,0.002211,0.01313
"ENSG00000119986",0.1224,9.7833,0.4169,0.6615
"ENSG00000120008",0.1913,11.1201,0.02752,0.1019
"ENSG00000120029",0.0707,9.6715,0.4908,0.7224
"ENSG00000120049",-0.3307,7.3729,0.4292,0.6723
"ENSG00000120051",0.3016,7.2978,0.5274,0.7479
"ENSG00000120053",0.0336,9.07,0.7872,0.9085
"ENSG00000120063",0.0625,10.4054,0.5477,0.7642
"ENSG00000120068",-0.2991,7.0683,0.6952,0.86
"ENSG00000120071",-0.0509,10.2313,0.6116,0.8089
"ENSG00000120075",-0.1347,7.8383,0.6046,0.8042
"ENSG00000120093",-0.0991,10.0284,0.3855,0.6314
"ENSG00000120129",2.9478,11.2562,3.034e-129,1.824e-125
"ENSG00000120137",-0.0724,10.229,0.4267,0.67
"ENSG00000120149",-1.0233,8.2897,4.776e-08,8.32e-07
"ENSG00000120156",-0.3392,8.6136,0.04921,0.1589
"ENSG00000120158",0.1269,8.0497,0.5274,0.7479
"ENSG00000120159",-0.1035,8.7407,0.4644,0.7001
"ENSG00000120162",2.7114,7.6752,1.936e-18,1.108e-16
"ENSG00000120215",0.0232,7.1329,0.9709,0.989
"ENSG00000120217",-0.7839,8.1607,0.0006931,0.004878
"ENSG00000120253",-1e-04,9.3722,0.9993,0.9996
"ENSG00000120254",-0.6186,10.6239,4.534e-05,0.0004351
"ENSG00000120256",-0.1205,10.193,0.2533,0.496
"ENSG00000120262",0.307,8.1082,0.182,0.4029
"ENSG00000120265",0.3083,10.2501,0.003039,0.01718
"ENSG00000120278",-0.4894,9.3767,2.091e-05,0.0002182
"ENSG00000120306",0.1902,9.4565,0.0864,0.2391
"ENSG00000120314",0.0117,9.3148,0.9182,0.9662
"ENSG00000120318",-0.5627,8.9224,2.864e-05,0.000288
"ENSG00000120322",-0.4518,7.629,0.1274,0.316
"ENSG00000120324",-0.262,7.9934,0.2212,0.4542
"ENSG00000120327",-0.2791,8.0483,0.1831,0.4042
"ENSG00000120328",-0.4771,7.3105,0.2798,0.5269
"ENSG00000120333",-0.0644,9.249,0.5802,0.7872
"ENSG00000120334",-0.3211,8.0558,0.1374,0.3336
"ENSG00000120370",-0.4856,9.0068,0.0001531,0.001288
"ENSG00000120437",0.2742,8.2505,0.1404,0.339
"ENSG00000120438",0.103,11.404,0.2175,0.4497
"ENSG00000120451",0.0407,11.8074,0.6435,0.8292
"ENSG00000120458",-0.1556,8.5149,0.3359,0.5848
"ENSG00000120500",-0.1829,7.162,0.7674,0.8982
"ENSG00000120509",-0.0926,9.5532,0.4251,0.6688
"ENSG00000120519",0.1068,8.2033,0.5809,0.7874
"ENSG00000120526",0.6256,8.7364,6.299e-06,7.393e-05
"ENSG00000120533",0.1468,9.7111,0.1588,0.3685
"ENSG00000120539",0.124,8.6,0.434,0.6763
"ENSG00000120549",-1.1143,7.6733,0.0003556,0.00272
"ENSG00000120555",0.0755,7.0665,0.9199,0.967
"ENSG00000120594",0.9515,10.1446,0.06645,0.198
"ENSG00000120616",-0.0678,9.1741,0.571,0.7811
"ENSG00000120645",-0.5365,7.1524,0.3795,0.6263
"ENSG00000120647",-0.1457,8.26,0.4134,0.659
"ENSG00000120656",-0.1634,9.3645,0.1654,0.3787
"ENSG00000120658",0.0764,8.7661,0.7686,0.8986
"ENSG00000120662",0.0496,8.3429,0.7835,0.9065
"ENSG00000120664",0.9805,7.0714,0.2541,0.497
"ENSG00000120669",0.09,7.0866,0.9046,0.9612
"ENSG00000120675",0.3171,9.5605,0.005968,0.03022
"ENSG00000120685",-0.0311,9.4535,0.7734,0.9015
"ENSG00000120686",0.0798,11.036,0.3476,0.5955
"ENSG00000120688",0.3377,9.1698,0.005806,0.02951
"ENSG00000120690",0.9159,10.5757,7.141e-22,5.647e-20
"ENSG00000120693",-0.2913,9.2776,0.009864,0.04544
"ENSG00000120694",-0.2044,10.4779,0.08614,0.2386
"ENSG00000120696",-0.4895,8.4535,0.00266,0.01533
"ENSG00000120697",0.2886,9.376,0.00817,0.03909
"ENSG00000120699",-0.1556,8.6586,0.2856,0.5339
"ENSG00000120705",0.2915,11.5997,0.0005776,0.004151
"ENSG00000120708",-0.4468,13.3216,0.000107,0.0009376
"ENSG00000120709",-0.0462,10.3056,0.6272,0.8184
"ENSG00000120725",-0.1112,9.8507,0.318,0.5667
"ENSG00000120727",0.2016,9.5595,0.08373,0.2337
"ENSG00000120733",0.034,11.0536,0.7015,0.8625
"ENSG00000120738",-0.9945,9.6608,0.01964,0.07833
"ENSG00000120742",-0.0246,11.0376,0.8239,0.9257
"ENSG00000120756",-1.0729,7.1213,0.1061,0.2774
"ENSG00000120784",0.1781,8.6275,0.2708,0.516
"ENSG00000120798",0.1228,9.409,0.3309,0.5796
"ENSG00000120800",0.5285,9.9676,0.0001791,0.001478
"ENSG00000120802",-0.3908,9.3444,0.002537,0.01474
"ENSG00000120805",-0.1863,11.242,0.05585,0.1743
"ENSG00000120820",-0.3759,10.1718,7.807e-05,0.0007081
"ENSG00000120832",0.4692,8.6923,0.001897,0.01151
"ENSG00000120833",-0.1568,8.0116,0.4561,0.6937
"ENSG00000120837",1.0357,10.8651,6.604e-25,6.766e-23
"ENSG00000120860",-0.049,10.0375,0.6551,0.8355
"ENSG00000120868",0.0984,9.4428,0.3798,0.6263
"ENSG00000120885",-0.1883,13.8339,0.05853,0.1808
"ENSG00000120889",-0.3217,11.3582,0.0008577,0.005856
"ENSG00000120896",0.4244,11.6408,4.099e-06,4.978e-05
"ENSG00000120899",0.9888,9.081,7.429e-08,1.243e-06
"ENSG00000120910",0.3727,9.0492,0.02462,0.09356
"ENSG00000120913",0.1432,10.3016,0.3354,0.5844
"ENSG00000120915",-0.4398,7.5794,0.1433,0.3437
"ENSG00000120925",0.1059,9.6557,0.3086,0.5575
"ENSG00000120942",0.7012,8.866,3.306e-06,4.092e-05
"ENSG00000120948",-0.2035,11.4241,0.009092,0.04265
"ENSG00000120963",-0.1594,9.83,0.1245,0.3108
"ENSG00000120992",0.3073,9.3299,0.025,0.09475
"ENSG00000121005",0.2669,7.0933,0.7186,0.8732
"ENSG00000121022",-0.1264,9.7572,0.224,0.4577
"ENSG00000121039",-0.1244,12.8743,0.66,0.8396
"ENSG00000121057",0.1827,9.2179,0.1717,0.3881
"ENSG00000121058",0.0381,8.858,0.7893,0.9095
"ENSG00000121060",0.0031,10.6781,0.973,0.9891
"ENSG00000121064",-0.0905,11.5067,0.3624,0.6094
"ENSG00000121067",0.0414,10.1189,0.6773,0.8482
"ENSG00000121068",0.2685,11.6981,0.000889,0.006042
"ENSG00000121073",0.1763,9.3954,0.1571,0.3659
"ENSG00000121075",0.1637,9.7229,0.132,0.3243
"ENSG00000121089",-0.091,7.3047,0.8421,0.9343
"ENSG00000121104",-0.4939,8.34,0.003963,0.02144
"ENSG00000121152",0.2987,7.2055,0.5762,0.7844
"ENSG00000121207",-0.4504,7.2264,0.3948,0.6407
"ENSG00000121210",-0.6128,9.2782,2.681e-07,4.07e-06
"ENSG00000121236",-0.2419,8.088,0.2118,0.4427
"ENSG00000121270",-0.2292,7.0806,0.8021,0.9153
"ENSG00000121274",0.1808,9.0288,0.2225,0.456
"ENSG00000121281",-0.1435,8.2171,0.4833,0.7158
"ENSG00000121289",0.0503,9.2633,0.6763,0.8478
"ENSG00000121297",-0.2376,10.0535,0.02241,0.08694
"ENSG00000121310",-0.2544,10.1366,0.02848,0.1046
"ENSG00000121316",-0.2373,7.5769,0.4409,0.6821
"ENSG00000121350",0.1602,8.3585,0.3809,0.6277
"ENSG00000121361",0.7571,8.4263,0.0001034,0.000909
"ENSG00000121390",0.0385,9.637,0.7544,0.8922
"ENSG00000121406",-0.3581,8.245,0.05495,0.1719
"ENSG00000121410",-0.4684,7.1075,0.4934,0.724
"ENSG00000121413",-0.1322,8.9641,0.3161,0.5649
"ENSG00000121417",-0.54,8.5396,0.0009821,0.006579
"ENSG00000121440",-0.0504,11.4797,0.6705,0.8443
"ENSG00000121454",-0.8047,7.8641,0.002119,0.01266
"ENSG00000121481",-0.24,9.0182,0.06088,0.1861
"ENSG00000121486",-0.1382,9.4699,0.2114,0.4423
"ENSG00000121542",-0.17,8.6353,0.2593,0.5037
"ENSG00000121552",-0.3738,7.7715,0.156,0.3644
"ENSG00000121577",-0.3865,7.22,0.4704,0.705
"ENSG00000121578",0.1294,9.3251,0.2612,0.5053
"ENSG00000121579",0.04,11.4052,0.6762,0.8478
"ENSG00000121621",-1.6127,7.4746,4.882e-05,0.0004638
"ENSG00000121644",0.2107,10.6673,0.02045,0.08085
"ENSG00000121653",-0.7134,8.6134,1.241e-05,0.0001363
"ENSG00000121671",-0.1836,9.5411,0.1313,0.3231
"ENSG00000121680",0.299,8.8169,0.02455,0.09342
"ENSG00000121690",-0.626,8.0168,0.003879,0.02102
"ENSG00000121691",0.7474,11.1091,3.624e-09,7.452e-08
"ENSG00000121716",0.7444,7.2836,0.1098,0.2847
"ENSG00000121741",0.0416,10.743,0.6588,0.8386
"ENSG00000121743",-0.7357,7.9732,0.03171,0.1136
"ENSG00000121749",0.0846,10.2467,0.4559,0.6935
"ENSG00000121753",-0.6474,9.4352,8.783e-08,1.444e-06
"ENSG00000121766",-0.097,9.0848,0.4511,0.6903
"ENSG00000121769",-0.6625,7.9811,0.003214,0.0179
"ENSG00000121774",-0.2074,11.0674,0.05092,0.1627
"ENSG00000121775",-0.1708,8.7833,0.2143,0.4459
"ENSG00000121848",0.2394,10.9466,0.01613,0.0669
"ENSG00000121851",0.2355,9.5472,0.03931,0.1339
"ENSG00000121858",-1.0324,8.7034,4.702e-11,1.199e-09
"ENSG00000121864",-0.0307,9.1545,0.7966,0.9127
"ENSG00000121879",0.5846,10.2909,1.224e-06,1.63e-05
"ENSG00000121892",0.2384,11.3926,0.005397,0.02781
"ENSG00000121897",-0.3866,8.1975,0.04532,0.1492
"ENSG00000121898",-0.0899,11.3953,0.4374,0.6794
"ENSG00000121900",-0.2686,8.6997,0.1048,0.2753
"ENSG00000121903",-0.2357,8.2771,0.2214,0.4545
"ENSG00000121904",0.2925,10.0251,0.08856,0.2431
"ENSG00000121931",0.2562,8.5165,0.09092,0.2475
"ENSG00000121940",0.0974,9.4663,0.4153,0.6604
"ENSG00000121957",0.3919,9.3051,0.01443,0.0612
"ENSG00000121964",-0.0078,9.2115,0.9501,0.9796
"ENSG00000121988",-0.2472,8.1099,0.2028,0.4313
"ENSG00000121989",0.059,8.6092,0.6884,0.8554
"ENSG00000122008",0.1013,9.563,0.3439,0.5922
"ENSG00000122026",-0.0748,13.4349,0.4222,0.6667
"ENSG00000122033",-0.1808,9.1369,0.1261,0.3138
"ENSG00000122034",0.0764,9.5451,0.4673,0.7026
"ENSG00000122035",2.2889,9.7889,4.118e-56,2.007e-53
"ENSG00000122042",-0.0359,10.3415,0.7718,0.9005
"ENSG00000122068",0.0691,10.4988,0.4812,0.7142
"ENSG00000122085",-0.3358,9.1856,0.005465,0.02809
"ENSG00000122121",0.3134,9.075,0.02031,0.08051
"ENSG00000122126",0.0658,10.5241,0.4401,0.6816
"ENSG00000122140",-0.0321,8.8359,0.8063,0.9173
"ENSG00000122176",-0.0973,13.8597,0.3432,0.5916
"ENSG00000122203",0.2244,11.2279,0.03914,0.1335
"ENSG00000122218",-0.0107,12.8248,0.891,0.9549
"ENSG00000122257",0.053,10.4775,0.6403,0.8267
"ENSG00000122299",0.2954,10.6876,0.007707,0.03734
"ENSG00000122335",-0.2933,10.1599,0.004794,0.02523
"ENSG00000122359",0.3426,12.9631,0.0001114,0.000973
"ENSG00000122367",0.5025,7.1834,0.3676,0.6146
"ENSG00000122376",0.3821,9.316,0.000799,0.005512
"ENSG00000122378",0.1768,7.8751,0.5514,0.7666
"ENSG00000122386",-0.2575,8.1843,0.2049,0.434
"ENSG00000122390",-0.1723,7.448,0.6382,0.8257
"ENSG00000122406",0.0019,13.6669,0.9816,0.9922
"ENSG00000122417",-0.2503,9.4069,0.02661,0.09931
"ENSG00000122420",-0.6784,10.8684,5.574e-07,7.921e-06
"ENSG00000122432",0.36,7.1885,0.5285,0.7487
"ENSG00000122435",-0.2698,8.7076,0.05604,0.1747
"ENSG00000122477",0.498,7.1857,0.387,0.6327
"ENSG00000122481",0.1102,7.7824,0.6687,0.8436
"ENSG00000122482",0.1194,9.7295,0.226,0.4609
"ENSG00000122483",0.4839,7.9658,0.04843,0.1569
"ENSG00000122484",-0.1799,9.5354,0.09615,0.2578
"ENSG00000122490",0.405,9.8602,0.0001551,0.001303
"ENSG00000122497",-0.0885,11.3403,0.3423,0.5908
"ENSG00000122507",-0.3662,9.5362,0.003292,0.01828
"ENSG00000122512",-0.3082,8.9366,0.01612,0.0669
"ENSG00000122515",0.0964,10.2679,0.3631,0.6102
"ENSG00000122545",0.2432,13.1045,0.001621,0.01005
"ENSG00000122547",-0.0593,8.6092,0.7919,0.9108
"ENSG00000122550",-0.0512,9.8784,0.6136,0.8101
"ENSG00000122557",0.2254,9.9753,0.02263,0.08766
"ENSG00000122565",0.0132,11.1298,0.8884,0.9543
"ENSG00000122566",0.2328,12.98,0.002205,0.01311
"ENSG00000122591",0.1307,11.923,0.2748,0.5206
"ENSG00000122641",0.9738,9.9478,4.528e-08,7.927e-07
"ENSG00000122642",0.0518,12.7651,0.5026,0.7304
"ENSG00000122643",0.1079,8.7655,0.4415,0.6829
"ENSG00000122644",-0.0695,8.5835,0.7072,0.8663
"ENSG00000122674",0.2172,10.1721,0.0476,0.1549
"ENSG00000122678",0.2142,9.199,0.09954,0.2647
"ENSG00000122679",-3.7799,7.0564,0.0001199,0.001038
"ENSG00000122687",-0.0614,8.997,0.6643,0.8414
"ENSG00000122691",-0.188,9.2565,0.1268,0.315
"ENSG00000122692",-0.0169,10.4638,0.8536,0.9398
"ENSG00000122694",-0.2577,10.478,0.02607,0.09795
"ENSG00000122696",0.1587,8.7008,0.2821,0.5296
"ENSG00000122705",-0.1153,11.2647,0.1707,0.3867
"ENSG00000122707",-0.2611,13.4763,0.03307,0.1173
"ENSG00000122729",0.0105,11.6529,0.9051,0.9613
"ENSG00000122733",-0.1774,7.0719,0.8215,0.9245
"ENSG00000122741",0.2568,10.222,0.009283,0.0433
"ENSG00000122778",-0.4562,8.6527,0.007564,0.03682
"ENSG00000122779",-0.1674,8.8392,0.2612,0.5053
"ENSG00000122783",0.1406,9.1663,0.3132,0.5626
"ENSG00000122786",0.7996,14.4225,2.03e-14,7.708e-13
"ENSG00000122824",0.1018,7.4624,0.7694,0.899
"ENSG00000122861",-0.5006,9.5466,6.816e-05,0.0006277
"ENSG00000122862",0.2161,8.5745,0.1722,0.3889
"ENSG00000122863",0.8065,10.2199,2.133e-08,3.925e-07
"ENSG00000122870",-0.0481,12.0154,0.6163,0.8111
"ENSG00000122873",-0.0926,8.6814,0.5296,0.7496
"ENSG00000122877",-3.067,7.2467,1.237e-07,1.991e-06
"ENSG00000122882",-0.0479,9.3443,0.673,0.8463
"ENSG00000122884",-0.3694,11.3644,0.02035,0.08057
"ENSG00000122912",0.0834,8.9344,0.5157,0.7393
"ENSG00000122952",0.0282,7.898,0.8988,0.9587
"ENSG00000122958",0.1371,10.5973,0.1725,0.3891
"ENSG00000122965",0.0797,9.6424,0.4505,0.6898
"ENSG00000122966",-1.5492,8.8009,1.98e-14,7.531e-13
"ENSG00000122970",0.5525,9.5646,3.774e-07,5.573e-06
"ENSG00000122971",0.9685,9.4274,3.17e-17,1.588e-15
"ENSG00000122986",-0.08,7.741,0.7584,0.8943
"ENSG00000123009",0.0791,7.4911,0.8323,0.9304
"ENSG00000123064",-0.0455,9.6943,0.7003,0.8621
"ENSG00000123066",0.1822,11.6813,0.04701,0.1535
"ENSG00000123080",-0.1936,9.3657,0.2232,0.4568
"ENSG00000123091",0.0321,11.3547,0.727,0.8778
"ENSG00000123094",0.8722,10.4861,4.135e-17,2.049e-15
"ENSG00000123095",-0.2248,7.9991,0.3655,0.6127
"ENSG00000123096",0.1186,8.6154,0.4783,0.712
"ENSG00000123104",0.8444,8.5742,8.764e-07,1.195e-05
"ENSG00000123106",0.0379,9.2514,0.7363,0.8828
"ENSG00000123119",0.3857,7.8556,0.1124,0.2893
"ENSG00000123124",-0.0315,10.0511,0.7972,0.9129
"ENSG00000123130",0.4169,10.1141,3.898e-05,0.0003803
"ENSG00000123131",0.01,10.7383,0.9146,0.9645
"ENSG00000123136",0.243,9.093,0.043,0.1435
"ENSG00000123143",0.1145,11.5111,0.1654,0.3788
"ENSG00000123144",0.1606,10.728,0.1036,0.2728
"ENSG00000123146",0.4045,9.5389,0.04169,0.1401
"ENSG00000123154",0.4682,7.8221,0.05018,0.1611
"ENSG00000123159",0.2304,10.4426,0.02162,0.0844
"ENSG00000123178",0.686,8.521,2.812e-05,0.000284
"ENSG00000123179",0.4978,9.0621,0.0003908,0.00294
"ENSG00000123191",-0.0707,7.9741,0.7382,0.8839
"ENSG00000123200",-0.0836,11.6102,0.2973,0.5459
"ENSG00000123213",0.8084,9.4472,1.269e-11,3.461e-10
"ENSG00000123219",-0.3133,7.6132,0.3163,0.565
"ENSG00000123240",-0.0285,12.3419,0.7235,0.8754
"ENSG00000123243",-0.9556,13.0363,3.611e-27,4.37e-25
"ENSG00000123268",0.0769,9.27,0.5073,0.7336
"ENSG00000123297",0.1716,8.4413,0.2733,0.5188
"ENSG00000123342",0.4099,9.6596,0.0001246,0.001074
"ENSG00000123349",-0.0392,12.0452,0.65,0.8323
"ENSG00000123352",-0.5882,9.6691,1.837e-07,2.87e-06
"ENSG00000123353",0.2981,8.0399,0.1414,0.3406
"ENSG00000123358",1.2548,8.4403,3.89e-08,6.864e-07
"ENSG00000123374",0.0819,8.6318,0.6042,0.8039
"ENSG00000123384",-0.1359,16.3323,0.1989,0.4262
"ENSG00000123395",0.2836,8.8024,0.04966,0.16
"ENSG00000123405",-2.7725,7.1941,5.763e-06,6.832e-05
"ENSG00000123411",-0.6568,8.7378,1.211e-06,1.613e-05
"ENSG00000123415",-0.0876,8.72,0.5629,0.7748
"ENSG00000123416",-0.8048,10.559,1.652e-05,0.0001767
"ENSG00000123427",0.0685,8.2952,0.7071,0.8663
"ENSG00000123444",0.0092,8.176,0.9616,0.9851
"ENSG00000123453",-0.4463,7.5264,0.2004,0.4281
"ENSG00000123472",-0.0407,9.7939,0.687,0.855
"ENSG00000123473",-0.1133,8.0509,0.6014,0.8014
"ENSG00000123485",-0.1642,7.4135,0.6747,0.8472
"ENSG00000123496",-0.2109,8.6317,0.1988,0.4262
"ENSG00000123500",0.1956,7.1718,0.7394,0.8843
"ENSG00000123505",0.3763,9.4932,0.0008562,0.005853
"ENSG00000123545",0.243,8.2932,0.2209,0.4538
"ENSG00000123552",0.1734,8.6913,0.215,0.4468
"ENSG00000123560",-0.2669,7.1102,0.6989,0.8616
"ENSG00000123562",1.0281,12.2736,2.252e-33,3.594e-31
"ENSG00000123570",-0.3838,7.7748,0.1175,0.2983
"ENSG00000123572",1.2053,8.0121,0.0002418,0.001932
"ENSG00000123575",0.2239,9.7528,0.03903,0.1332
"ENSG00000123595",0.0769,9.5669,0.5616,0.7741
"ENSG00000123600",-0.0183,9.4781,0.8779,0.9491
"ENSG00000123607",0.2277,9.23,0.05197,0.1651
"ENSG00000123609",-0.3996,8.685,0.0118,0.05234
"ENSG00000123610",-2.5705,8.7249,6.191e-09,1.229e-07
"ENSG00000123612",-1.4628,7.3406,0.0006215,0.004432
"ENSG00000123636",-0.3728,9.6911,0.000973,0.006532
"ENSG00000123643",0.7404,9.9124,7.092e-10,1.599e-08
"ENSG00000123684",0.2242,10.28,0.02046,0.08085
"ENSG00000123685",1.8723,7.561,1.782e-07,2.797e-06
"ENSG00000123689",-2.6784,7.53,4.076e-09,8.324e-08
"ENSG00000123700",-0.0591,10.0002,0.7011,0.8625
"ENSG00000123728",0.0091,9.5341,0.9328,0.9726
"ENSG00000123737",0.5197,9.2678,2.103e-05,0.0002192
"ENSG00000123739",-0.041,9.5914,0.7159,0.8714
"ENSG00000123810",-0.2598,7.6562,0.3568,0.604
"ENSG00000123815",-0.2535,9.1813,0.06224,0.1891
"ENSG00000123836",0.0646,9.0353,0.6261,0.8178
"ENSG00000123870",0.1892,7.5697,0.5346,0.7536
"ENSG00000123892",0.0467,7.516,0.8867,0.9538
"ENSG00000123908",0.5587,9.1892,0.0003876,0.00292
"ENSG00000123933",-0.2312,11.7609,0.0243,0.09265
"ENSG00000123965",-0.0016,7.8137,0.9948,0.9979
"ENSG00000123975",0.0533,8.7573,0.7464,0.8886
"ENSG00000123983",-0.4388,11.4765,6.067e-08,1.032e-06
"ENSG00000123989",0.2818,11.603,0.01898,0.07617
"ENSG00000123992",-0.0754,10.9293,0.4186,0.663
"ENSG00000123999",0.679,7.3247,0.1201,0.3024
"ENSG00000124006",0.3703,10.754,0.0001407,0.001194
"ENSG00000124067",0.0641,10.88,0.5086,0.7347
"ENSG00000124074",-0.0193,8.7563,0.8998,0.959
"ENSG00000124091",-1.0541,7.0282,0.2468,0.4881
"ENSG00000124097",-0.1566,7.5051,0.6666,0.8423
"ENSG00000124098",-0.0257,11.5435,0.7514,0.8909
"ENSG00000124104",-0.7927,9.9871,1.114e-10,2.717e-09
"ENSG00000124107",-0.1641,7.2132,0.7535,0.8917
"ENSG00000124116",0.1159,7.1652,0.8643,0.9438
"ENSG00000124120",0.2424,10.0539,0.02697,0.1005
"ENSG00000124126",-0.6078,8.531,0.0003115,0.002416
"ENSG00000124134",-2.9497,7.3326,2.772e-09,5.773e-08
"ENSG00000124140",-0.0968,7.0534,0.8989,0.9588
"ENSG00000124145",-0.3844,12.4644,0.003302,0.01831
"ENSG00000124151",1.3563,10.6484,5.369e-21,3.936e-19
"ENSG00000124155",-0.0498,12.2979,0.5286,0.7487
"ENSG00000124160",-0.0334,9.7749,0.7577,0.894
"ENSG00000124164",0.2578,10.4679,0.003661,0.02004
"ENSG00000124171",0.6206,7.2593,0.2056,0.4346
"ENSG00000124172",0.0316,11.3213,0.7277,0.878
"ENSG00000124177",-0.2391,10.7028,0.03167,0.1135
"ENSG00000124181",-0.0254,10.7202,0.7665,0.8978
"ENSG00000124191",-0.3246,8.6101,0.04388,0.1456
"ENSG00000124193",-0.1471,11.5431,0.09651,0.2585
"ENSG00000124198",0.3182,10.83,0.0005948,0.004261
"ENSG00000124201",0.024,11.6981,0.7823,0.9061
"ENSG00000124207",-0.0965,10.5166,0.3026,0.5517
"ENSG00000124209",0.053,10.4626,0.5539,0.7687
"ENSG00000124212",-0.6615,13.1724,2.428e-15,1.021e-13
"ENSG00000124214",-0.1066,11.6109,0.2298,0.4657
"ENSG00000124215",0.2713,7.0414,0.7526,0.8915
"ENSG00000124216",-0.6303,7.8248,0.01427,0.06073
"ENSG00000124217",-0.1079,8.4336,0.5419,0.7596
"ENSG00000124222",-0.0435,10.382,0.6526,0.8341
"ENSG00000124224",-0.1818,8.4153,0.2651,0.5096
"ENSG00000124225",-1.0713,8.2333,3.557e-08,6.325e-07
"ENSG00000124226",-0.4612,10.733,1.549e-06,2.038e-05
"ENSG00000124228",0.1466,9.8175,0.1628,0.3749
"ENSG00000124243",-0.2418,8.7596,0.1186,0.2999
"ENSG00000124249",-1.4507,7.9779,2.408e-11,6.349e-10
"ENSG00000124251",-0.0482,7.0888,0.945,0.9765
"ENSG00000124257",-0.2599,7.2128,0.6463,0.8302
"ENSG00000124275",0.023,9.5677,0.8454,0.9361
"ENSG00000124279",-0.17,8.0889,0.3767,0.6231
"ENSG00000124299",-0.0899,10.8316,0.3458,0.5938
"ENSG00000124313",0.1103,9.0028,0.3751,0.6217
"ENSG00000124333",-0.0049,10.1552,0.9588,0.9842
"ENSG00000124343",0.111,10.4454,0.3556,0.6029
"ENSG00000124356",-0.0366,9.6734,0.7244,0.8761
"ENSG00000124357",-0.3598,10.4956,5.182e-05,0.0004885
"ENSG00000124370",-0.4608,8.4027,0.007481,0.03653
"ENSG00000124374",1.2387,7.412,0.003219,0.01792
"ENSG00000124380",0.102,9.105,0.4082,0.6541
"ENSG00000124383",-0.1656,9.4504,0.1654,0.3787
"ENSG00000124399",-0.5891,7.2035,0.2744,0.5202
"ENSG00000124406",-0.5244,7.4068,0.1922,0.4166
"ENSG00000124422",-0.3422,12.0001,6.533e-06,7.639e-05
"ENSG00000124440",2.53,8.3491,3.882e-48,1.228e-45
"ENSG00000124444",-0.239,8.1842,0.2214,0.4545
"ENSG00000124459",-0.4407,8.7969,0.002093,0.01254
"ENSG00000124466",-1.358,7.3319,0.002342,0.01379
"ENSG00000124467",-0.7853,7.4614,0.02761,0.1022
"ENSG00000124486",0.4116,12.4158,2.386e-06,3.019e-05
"ENSG00000124496",-0.8397,9.3744,2.292e-10,5.424e-09
"ENSG00000124508",-0.3537,8.6666,0.01203,0.05314
"ENSG00000124523",0.0311,8.5902,0.8492,0.9375
"ENSG00000124532",0.0383,8.9134,0.7646,0.8973
"ENSG00000124535",0.1298,9.882,0.2036,0.4324
"ENSG00000124541",-0.0172,9.3953,0.8807,0.9501
"ENSG00000124549",-0.1232,8.338,0.5002,0.7284
"ENSG00000124562",-0.0037,9.7776,0.9737,0.9894
"ENSG00000124570",-0.2234,10.8099,0.01604,0.06663
"ENSG00000124571",0.1618,9.5642,0.1201,0.3024
"ENSG00000124574",0.028,9.5089,0.8197,0.9236
"ENSG00000124587",0.1509,9.7445,0.1871,0.4097
"ENSG00000124588",-0.2347,8.7895,0.08162,0.2294
"ENSG00000124593",0.0998,8.0286,0.6518,0.8335
"ENSG00000124596",0.0482,9.0814,0.756,0.893
"ENSG00000124608",-0.7896,9.0509,4.008e-07,5.899e-06
"ENSG00000124613",-0.4428,8.2008,0.0278,0.1027
"ENSG00000124614",-0.2885,7.2319,0.5701,0.7803
"ENSG00000124615",0.4787,9.4602,2.724e-05,0.0002761
"ENSG00000124635",0.0839,7.6151,0.7763,0.9032
"ENSG00000124641",0.0255,9.0926,0.8333,0.9308
"ENSG00000124659",0.2111,9.3854,0.1041,0.2739
"ENSG00000124688",0.1909,8.8713,0.1707,0.3867
"ENSG00000124702",0.6076,10.2626,2.004e-09,4.276e-08
"ENSG00000124713",-0.0232,7.0706,0.9747,0.9898
"ENSG00000124733",-0.1615,9.7079,0.1743,0.3917
"ENSG00000124749",-0.1643,8.0879,0.5747,0.7834
"ENSG00000124762",-1.008,12.8946,1.382e-42,3.414e-40
"ENSG00000124766",-2.412,10.2042,1.482e-65,9.542e-63
"ENSG00000124767",0.1425,10.7821,0.08859,0.2431
"ENSG00000124772",0.7078,7.2503,0.2212,0.4542
"ENSG00000124782",0.0068,9.6569,0.9509,0.9802
"ENSG00000124783",-0.0328,11.4591,0.7293,0.8784
"ENSG00000124784",0.0459,8.9744,0.7188,0.8733
"ENSG00000124785",-0.5529,7.129,0.3921,0.638
"ENSG00000124786",0.1337,9.7841,0.312,0.561
"ENSG00000124787",-0.1924,7.8303,0.444,0.6844
"ENSG00000124788",-0.4018,10.6209,0.0006534,0.004627
"ENSG00000124789",0.0297,10.3044,0.7427,0.8862
"ENSG00000124795",0.2693,11.5185,0.002717,0.01562
"ENSG00000124802",0.2959,7.6733,0.2821,0.5296
"ENSG00000124813",0.412,8.2702,0.0158,0.06591
"ENSG00000124831",0.6154,11.1433,5.318e-06,6.347e-05
"ENSG00000124839",1.5602,7.0228,0.08373,0.2337
"ENSG00000124875",0.4816,7.3049,0.3137,0.5628
"ENSG00000124882",-0.2007,6.9504,0.8578,0.9414
"ENSG00000124920",0.2113,7.3571,0.6053,0.8047
"ENSG00000124942",0.319,16.6768,0.001034,0.006875
"ENSG00000125037",0.2582,10.4576,0.01154,0.0515
"ENSG00000125089",-1.8164,7.0112,0.06415,0.1931
"ENSG00000125107",-0.0466,11.9532,0.5775,0.7852
"ENSG00000125122",-0.0927,7.5251,0.8112,0.9198
"ENSG00000125124",-0.2739,10.2614,0.01261,0.05514
"ENSG00000125144",2.4106,7.1856,0.1382,0.3352
"ENSG00000125148",2.211,11.5733,1.85e-96,3.706e-93
"ENSG00000125149",-0.049,8.9259,0.7024,0.8631
"ENSG00000125166",-0.0067,9.9108,0.9484,0.9786
"ENSG00000125170",0.1209,9.3199,0.329,0.5777
"ENSG00000125246",0.5317,7.5496,0.09007,0.246
"ENSG00000125247",-0.4082,8.8676,0.002778,0.01593
"ENSG00000125249",-0.0987,9.8614,0.3218,0.5697
"ENSG00000125257",0.5517,10.5085,8.521e-06,9.694e-05
"ENSG00000125266",0.4988,10.3688,0.1769,0.3956
"ENSG00000125304",0.1309,11.6392,0.2017,0.4297
"ENSG00000125319",0.0786,7.4299,0.8289,0.928
"ENSG00000125347",-0.5001,9.4038,0.002621,0.01517
"ENSG00000125351",0.114,8.8976,0.4595,0.6967
"ENSG00000125352",0.0981,8.3168,0.5628,0.7748
"ENSG00000125354",-0.0716,8.6932,0.6368,0.825
"ENSG00000125355",-0.1718,7.0853,0.8218,0.9247
"ENSG00000125356",0.2062,9.7563,0.04564,0.15
"ENSG00000125375",0.3382,8.4112,0.04134,0.1392
"ENSG00000125378",0.1578,11.4664,0.253,0.4956
"ENSG00000125384",0.2326,8.8543,0.1551,0.3629
"ENSG00000125386",-0.0472,9.7721,0.6365,0.8248
"ENSG00000125388",-0.2917,8.2933,0.09778,0.261
"ENSG00000125398",-1.3236,9.4563,1.679e-14,6.51e-13
"ENSG00000125409",-1.5007,7.0794,0.05631,0.1754
"ENSG00000125430",0.8969,9.0649,1.319e-12,4.099e-11
"ENSG00000125434",0.0575,7.9373,0.8008,0.9147
"ENSG00000125445",-0.0247,9.1791,0.8408,0.9338
"ENSG00000125447",0.0814,9.6345,0.5265,0.7473
"ENSG00000125449",0.1013,8.4501,0.5253,0.7461
"ENSG00000125450",0.182,9.2989,0.12,0.3023
"ENSG00000125454",0.3648,7.7109,0.1654,0.3787
"ENSG00000125457",0.2849,8.399,0.0781,0.2223
"ENSG00000125458",0.1873,8.9139,0.183,0.4041
"ENSG00000125459",0.0016,8.9014,0.9916,0.9965
"ENSG00000125482",-0.0858,8.8589,0.5054,0.7326
"ENSG00000125484",-0.0761,10.1851,0.4106,0.6567
"ENSG00000125485",0.194,8.5378,0.2121,0.4429
"ENSG00000125503",0.6574,11.4193,2.68e-11,7.013e-10
"ENSG00000125505",-0.0679,10.6111,0.4358,0.6782
"ENSG00000125510",-0.3688,7.8487,0.1453,0.3473
"ENSG00000125520",-0.4001,10.1708,4.345e-05,0.0004188
"ENSG00000125531",-0.7457,7.0992,0.289,0.5375
"ENSG00000125534",-0.0586,11.1659,0.5337,0.7527
"ENSG00000125551",0.0667,7.5942,0.8315,0.9299
"ENSG00000125611",-0.2052,8.4022,0.2407,0.4802
"ENSG00000125618",-0.5503,7.3852,0.2034,0.432
"ENSG00000125629",0.3985,9.2893,0.01096,0.04952
"ENSG00000125630",-0.0655,8.843,0.6363,0.8247
"ENSG00000125633",-0.2244,10.7562,0.02027,0.08039
"ENSG00000125637",-0.1778,7.944,0.4298,0.6729
"ENSG00000125648",-0.0105,10.7797,0.9015,0.9599
"ENSG00000125650",0.3418,7.7672,0.1734,0.3906
"ENSG00000125651",-0.1224,10.6746,0.1913,0.4154
"ENSG00000125652",0.0972,8.7553,0.5546,0.7689
"ENSG00000125656",0.1089,9.3641,0.3289,0.5776
"ENSG00000125657",-1.8547,7.2142,0.000984,0.006589
"ENSG00000125675",-0.7074,9.275,1.701e-07,2.681e-06
"ENSG00000125676",0.6511,10.945,9.66e-07,1.308e-05
"ENSG00000125686",0.0058,10.6014,0.9494,0.9793
"ENSG00000125691",-0.0353,13.5196,0.6647,0.8415
"ENSG00000125703",-0.0852,8.6805,0.5692,0.7797
"ENSG00000125730",0.0782,12.9791,0.2939,0.5424
"ENSG00000125731",-0.1216,7.4021,0.7533,0.8917
"ENSG00000125733",0.1822,10.7317,0.1154,0.2946
"ENSG00000125734",-0.0128,10.4154,0.892,0.9552
"ENSG00000125735",-0.172,7.0668,0.819,0.9231
"ENSG00000125740",0.435,7.3403,0.3013,0.5501
"ENSG00000125741",0.049,9.4852,0.6766,0.8479
"ENSG00000125743",-0.0166,10.9339,0.8465,0.9363
"ENSG00000125744",0.3665,8.8674,0.01405,0.06003
"ENSG00000125746",0.433,9.4919,0.0008192,0.005631
"ENSG00000125753",0.4594,10.1309,0.001188,0.007705
"ENSG00000125755",0.0824,10.4641,0.359,0.6061
"ENSG00000125772",-0.5649,8.9893,5.534e-06,6.578e-05
"ENSG00000125775",0.341,7.5649,0.2936,0.5421
"ENSG00000125779",0.1726,9.6166,0.09727,0.2599
"ENSG00000125812",0.1481,8.9377,0.2354,0.4729
"ENSG00000125814",0.1791,8.659,0.235,0.4722
"ENSG00000125817",0.1053,11.007,0.2013,0.4292
"ENSG00000125818",0.14,10.8992,0.09379,0.2528
"ENSG00000125821",0.0985,9.4654,0.3895,0.6355
"ENSG00000125826",-0.0447,10.6455,0.6032,0.8031
"ENSG00000125827",0.1218,11.0584,0.3388,0.5874
"ENSG00000125834",-0.2119,9.3993,0.05313,0.1681
"ENSG00000125835",0.5178,9.4183,0.0002456,0.001958
"ENSG00000125841",-0.1891,10.4261,0.03377,0.1192
"ENSG00000125843",-0.2276,8.6725,0.1472,0.3505
"ENSG00000125844",0.0611,13.7942,0.5933,0.7957
"ENSG00000125845",-0.5317,8.0493,0.1002,0.2658
"ENSG00000125846",-0.0505,8.7598,0.7154,0.8713
"ENSG00000125848",-2.4812,8.3343,1.279e-25,1.381e-23
"ENSG00000125851",0.1346,10.3931,0.4746,0.7088
"ENSG00000125863",-0.1743,9.5102,0.1034,0.2723
"ENSG00000125864",0.1117,7.7377,0.6701,0.8441
"ENSG00000125868",0.9167,13.8738,3.624e-33,5.733e-31
"ENSG00000125870",0.0832,9.6033,0.4534,0.6919
"ENSG00000125871",0.202,8.8933,0.1519,0.3582
"ENSG00000125875",-0.0344,10.902,0.7158,0.8714
"ENSG00000125877",0.3034,9.241,0.01007,0.04619
"ENSG00000125885",0.1119,8.2525,0.527,0.7477
"ENSG00000125898",0.1996,7.8976,0.4196,0.664
"ENSG00000125901",0.1088,8.7481,0.4987,0.7271
"ENSG00000125912",0.1473,10.4586,0.1735,0.3907
"ENSG00000125944",-0.1027,10.9488,0.3351,0.5841
"ENSG00000125945",-0.5034,9.8419,6.029e-07,8.527e-06
"ENSG00000125952",0.1378,10.143,0.2504,0.4925
"ENSG00000125962",-0.3462,8.2623,0.0672,0.1997
"ENSG00000125965",-1.2927,8.6775,4.968e-08,8.614e-07
"ENSG00000125966",0.4378,7.7684,0.08954,0.2449
"ENSG00000125967",-0.357,8.4057,0.03917,0.1335
"ENSG00000125968",0.6392,7.6948,0.07387,0.2136
"ENSG00000125970",-0.4493,11.1198,8.363e-05,0.0007525
"ENSG00000125971",0.1369,10.6846,0.2084,0.4381
"ENSG00000125977",0.0397,11.1546,0.6438,0.8294
"ENSG00000125991",-0.1194,11.9196,0.125,0.3115
"ENSG00000125995",0.1217,9.1647,0.3308,0.5796
"ENSG00000126001",-0.301,9.8756,0.01873,0.07538
"ENSG00000126003",0.2055,9.0925,0.09841,0.2624
"ENSG00000126005",0.1539,9.8496,0.1898,0.4137
"ENSG00000126012",0.0365,10.964,0.7099,0.8676
"ENSG00000126016",-2.3742,8.9533,5.686e-42,1.332e-39
"ENSG00000126062",0.3827,10.223,6.448e-05,0.000596
"ENSG00000126067",-0.0658,10.4387,0.4583,0.6959
"ENSG00000126070",0.1609,9.3683,0.1481,0.352
"ENSG00000126088",-0.2138,10.4292,0.02108,0.08277
"ENSG00000126091",-0.0047,8.6622,0.9741,0.9895
"ENSG00000126106",0.5801,8.0944,0.004662,0.02465
"ENSG00000126107",-0.1563,10.4044,0.09156,0.2486
"ENSG00000126214",0.3306,9.4801,0.01421,0.06054
"ENSG00000126215",0.2626,8.4936,0.1283,0.3175
"ENSG00000126216",-0.0809,9.435,0.4653,0.7009
"ENSG00000126218",0.7374,8.8854,1.674e-05,0.0001787
"ENSG00000126226",0.0689,10.0597,0.4604,0.6974
"ENSG00000126243",0.2179,8.9441,0.08963,0.245
"ENSG00000126247",0.1611,12.7383,0.04787,0.1556
"ENSG00000126249",0.1714,7.3895,0.6666,0.8423
"ENSG00000126254",0.2257,10.106,0.03531,0.1232
"ENSG00000126261",0.3036,10.8775,0.005998,0.03034
"ENSG00000126264",0.359,7.2383,0.4701,0.7047
"ENSG00000126267",0.0047,10.737,0.9616,0.9851
"ENSG00000126351",0.2059,10.7546,0.06016,0.1844
"ENSG00000126353",0.0425,7.4099,0.9142,0.9643
"ENSG00000126368",-0.4184,9.0571,0.03783,0.1301
"ENSG00000126391",0.4182,9.6463,0.0001101,0.0009629
"ENSG00000126432",-6e-04,11.3066,0.9953,0.998
"ENSG00000126453",0.1472,8.1637,0.4204,0.6648
"ENSG00000126456",-0.1185,9.3816,0.3108,0.5597
"ENSG00000126457",-0.0875,10.4374,0.4299,0.673
"ENSG00000126458",0.5721,11.092,1.057e-09,2.339e-08
"ENSG00000126460",-0.3276,7.0633,0.6612,0.8404
"ENSG00000126461",0.1691,10.5314,0.05076,0.1623
"ENSG00000126464",-0.0053,9.7191,0.9602,0.9847
"ENSG00000126467",-0.4975,7.0971,0.4891,0.7208
"ENSG00000126522",0.4692,8.7516,0.003394,0.01876
"ENSG00000126524",0.3784,10.9718,0.0005044,0.003687
"ENSG00000126561",0.6052,10.0411,7.307e-10,1.645e-08
"ENSG00000126562",-1.2755,7.3083,0.01296,0.0563
"ENSG00000126581",0.2219,10.187,0.02851,0.1047
"ENSG00000126602",-0.2233,8.8433,0.1111,0.287
"ENSG00000126603",-0.1646,9.8476,0.2073,0.4365
"ENSG00000126653",0.052,9.8326,0.6654,0.8419
"ENSG00000126698",-0.1867,10.652,0.03331,0.1179
"ENSG00000126705",-0.6514,9.607,2.163e-09,4.588e-08
"ENSG00000126709",0.1347,9.6927,0.4022,0.6485
"ENSG00000126746",-0.065,9.8359,0.5369,0.7556
"ENSG00000126749",0.2072,8.8065,0.1964,0.4226
"ENSG00000126756",0.1632,9.3601,0.1602,0.3707
"ENSG00000126767",0.3947,9.7187,0.0003062,0.002381
"ENSG00000126768",0.0394,8.5951,0.791,0.9101
"ENSG00000126773",-0.2466,10.5672,0.004289,0.02295
"ENSG00000126775",-0.0779,10.0924,0.56,0.7728
"ENSG00000126777",0.3343,12.8276,0.0114,0.05102
"ENSG00000126778",-0.2378,9.3691,0.06123,0.1868
"ENSG00000126785",-1.2156,9.6597,8.408e-19,5.053e-17
"ENSG00000126787",-0.0295,7.3102,0.9487,0.9787
"ENSG00000126790",0.3278,9.3026,0.01143,0.05113
"ENSG00000126803",2.4588,8.9691,1.159e-50,4.179e-48
"ENSG00000126804",0.2963,9.9202,0.006051,0.03055
"ENSG00000126814",-0.0682,9.1592,0.5571,0.7705
"ENSG00000126821",0.2864,9.5984,0.0166,0.06842
"ENSG00000126822",-0.0053,8.7297,0.9786,0.9913
"ENSG00000126838",0.3165,7.3452,0.5151,0.7389
"ENSG00000126858",-0.0346,9.4353,0.7671,0.8978
"ENSG00000126860",-1.4747,7.3656,0.0005758,0.004142
"ENSG00000126861",-1.7199,8.847,1.964e-17,1.001e-15
"ENSG00000126870",-0.0939,9.4402,0.3835,0.63
"ENSG00000126878",-2.6691,7.881,4.352e-26,4.875e-24
"ENSG00000126882",-1.0988,7.3107,0.0141,0.06019
"ENSG00000126883",-0.0076,10.1942,0.9405,0.9752
"ENSG00000126903",0.1615,9.9301,0.08864,0.2432
"ENSG00000126934",0.2177,11.5138,0.02616,0.09817
"ENSG00000126945",-0.0153,10.7771,0.8683,0.9449
"ENSG00000126947",-0.28,10.4136,0.0228,0.08813
"ENSG00000126950",-1.7081,9.7703,4.851e-24,4.604e-22
"ENSG00000126953",0.0334,7.9053,0.8814,0.9504
"ENSG00000126970",-0.4036,8.5108,0.008502,0.04027
"ENSG00000127022",0.0364,13.8179,0.6968,0.8609
"ENSG00000127054",0.0531,10.3061,0.5939,0.7961
"ENSG00000127080",-0.1133,7.7416,0.6608,0.8402
"ENSG00000127081",-0.2338,7.8889,0.3187,0.5673
"ENSG00000127083",1.8129,8.7449,3.716e-27,4.467e-25
"ENSG00000127124",0.6271,7.3383,0.1405,0.3392
"ENSG00000127125",0.0373,9.4578,0.7391,0.8842
"ENSG00000127184",0.0238,11.1854,0.7838,0.9065
"ENSG00000127191",-0.2498,8.3211,0.1596,0.3699
"ENSG00000127220",-0.0261,8.7293,0.8529,0.9395
"ENSG00000127241",-0.2285,12.9628,0.006595,0.03274
"ENSG00000127311",-0.1213,7.5299,0.745,0.8876
"ENSG00000127314",0.3671,11.8129,0.0003381,0.002599
"ENSG00000127324",4.373,7.2791,2.215e-12,6.655e-11
"ENSG00000127328",0.6492,7.6046,0.02973,0.108
"ENSG00000127329",-0.4101,7.2881,0.4129,0.6587
"ENSG00000127334",0.077,9.7381,0.5433,0.7606
"ENSG00000127337",-0.1944,8.1958,0.2898,0.5382
"ENSG00000127364",-0.4409,7.0393,0.6215,0.8149
"ENSG00000127366",-0.8963,7.0969,0.2144,0.4459
"ENSG00000127377",0.6936,7.1443,0.3434,0.5918
"ENSG00000127399",-0.5722,7.0865,0.4338,0.6761
"ENSG00000127415",-0.0661,9.3646,0.5914,0.7944
"ENSG00000127418",-0.0614,9.6607,0.6492,0.8319
"ENSG00000127419",-0.0937,9.1643,0.508,0.734
"ENSG00000127423",-0.6162,7.0917,0.3798,0.6263
"ENSG00000127445",0.1758,9.7178,0.0878,0.2414
"ENSG00000127452",0.0941,9.3426,0.479,0.7124
"ENSG00000127463",-0.064,10.5673,0.5132,0.7375
"ENSG00000127472",0.1048,7.2163,0.8502,0.9381
"ENSG00000127481",-0.1661,12.9704,0.1015,0.2681
"ENSG00000127483",-0.0353,12.0783,0.6453,0.8297
"ENSG00000127507",0.383,7.4871,0.275,0.5207
"ENSG00000127511",-0.1356,10.5062,0.1199,0.3022
"ENSG00000127526",0.1218,10.1073,0.2948,0.5429
"ENSG00000127527",-0.2588,9.5424,0.02159,0.08431
"ENSG00000127528",-0.3579,8.013,0.1316,0.3237
"ENSG00000127540",0.1201,8.6029,0.4416,0.683
"ENSG00000127554",0.1874,8.401,0.2763,0.5221
"ENSG00000127561",1.0503,7.5745,0.001891,0.01147
"ENSG00000127564",0.4771,7.076,0.5159,0.7396
"ENSG00000127580",-0.0209,8.4544,0.8994,0.9589
"ENSG00000127585",0.7127,7.1924,0.1985,0.4258
"ENSG00000127586",-0.4664,7.9469,0.03283,0.1167
"ENSG00000127589",-1.1645,8.8846,1.03e-11,2.823e-10
"ENSG00000127603",0.3585,13.4698,0.01526,0.06404
"ENSG00000127616",-0.0935,10.7951,0.3274,0.5759
"ENSG00000127663",0.1675,10.573,0.05969,0.1834
"ENSG00000127666",0.353,8.7946,0.009821,0.04528
"ENSG00000127720",-0.2038,7.9482,0.3824,0.629
"ENSG00000127774",-0.265,7.1701,0.6619,0.8404
"ENSG00000127804",-0.2528,9.7131,0.04079,0.1378
"ENSG00000127824",-1.561,8.6134,1.86e-23,1.668e-21
"ENSG00000127837",0.2969,10.5999,0.001569,0.009788
"ENSG00000127838",-0.0284,9.1938,0.817,0.9223
"ENSG00000127863",-0.8839,10.9777,1.287e-07,2.064e-06
"ENSG00000127870",0.1177,9.886,0.2362,0.4739
"ENSG00000127884",-0.1613,10.3042,0.06906,0.2035
"ENSG00000127903",-0.5111,7.0148,0.5939,0.7961
"ENSG00000127914",0.0611,10.7001,0.527,0.7477
"ENSG00000127920",0.3365,10.0116,0.007996,0.03841
"ENSG00000127922",0.1337,9.834,0.1881,0.4113
"ENSG00000127946",0.4771,10.6403,2.645e-05,0.0002693
"ENSG00000127947",0.4011,10.8371,2.535e-05,0.0002597
"ENSG00000127948",0.247,10.0541,0.01154,0.05151
"ENSG00000127951",-0.7769,8.4587,9.897e-05,0.0008731
"ENSG00000127952",-0.2185,9.1403,0.08148,0.229
"ENSG00000127954",5.2072,8.2602,4.55e-26,5.064e-24
"ENSG00000127955",0.5396,9.4543,3.361e-05,0.0003322
"ENSG00000127957",0.0048,7.9994,0.9834,0.9929
"ENSG00000127980",-0.1438,9.1706,0.2423,0.482
"ENSG00000127989",0.2249,8.4098,0.1812,0.4017
"ENSG00000127990",0.0431,10.9921,0.6126,0.8097
"ENSG00000127993",0.0791,8.6641,0.6046,0.8042
"ENSG00000127995",-0.0721,8.998,0.5783,0.7859
"ENSG00000128000",-0.4022,8.7742,0.02374,0.09101
"ENSG00000128011",-0.4763,7.1347,0.4439,0.6844
"ENSG00000128016",0.3406,10.8108,0.0009601,0.00646
"ENSG00000128039",0.4328,8.2943,0.01501,0.06315
"ENSG00000128045",4.7028,7.9162,4.045e-10,9.326e-09
"ENSG00000128050",-0.2515,10.2664,0.03238,0.1155
"ENSG00000128059",-0.1076,8.4189,0.5571,0.7705
"ENSG00000128159",0.2785,10.3753,0.003698,0.02019
"ENSG00000128165",-2.6193,7.6722,1.123e-15,4.952e-14
"ENSG00000128185",-0.0607,9.7083,0.5426,0.7599
"ENSG00000128191",-0.1319,9.4958,0.2484,0.4898
"ENSG00000128203",0.0028,7.4601,0.994,0.9977
"ENSG00000128228",0.4336,8.2288,0.1658,0.3792
"ENSG00000128242",1.1817,7.0151,0.2171,0.4493
"ENSG00000128245",-0.0229,10.5756,0.8084,0.9183
"ENSG00000128262",1.2928,8.2638,7.016e-06,8.136e-05
"ENSG00000128266",0.5243,7.1698,0.4059,0.6516
"ENSG00000128268",0.0636,7.1632,0.9214,0.967
"ENSG00000128272",-0.2334,12.5447,0.004492,0.02389
"ENSG00000128274",0.5288,10.4941,3.517e-05,0.0003463
"ENSG00000128283",0.0709,10.8111,0.4449,0.685
"ENSG00000128284",0.4294,9.3159,0.006829,0.03377
"ENSG00000128285",-5.3253,6.9989,2.093e-05,0.0002183
"ENSG00000128294",0.0685,8.8181,0.65,0.8323
"ENSG00000128298",0.347,7.3993,0.4257,0.6695
"ENSG00000128309",0.9737,9.5421,1.826e-12,5.563e-11
"ENSG00000128311",1.2973,8.9185,3.609e-21,2.7e-19
"ENSG00000128335",0.2633,10.3026,0.03315,0.1175
"ENSG00000128340",-0.4394,7.4831,0.2269,0.462
"ENSG00000128342",-2.6075,8.2141,4.698e-22,3.782e-20
"ENSG00000128346",0.0861,8.3355,0.665,0.8417
"ENSG00000128394",-0.4653,8.0207,0.04259,0.1424
"ENSG00000128408",-0.8093,7.0565,0.3465,0.5942
"ENSG00000128463",-0.0229,10.1804,0.8129,0.9205
"ENSG00000128482",0.3724,7.5106,0.2727,0.5181
"ENSG00000128487",-0.8789,8.13,9.369e-06,0.0001057
"ENSG00000128510",-2.2615,8.216,9.475e-24,8.717e-22
"ENSG00000128512",0.0995,10.2776,0.3889,0.6347
"ENSG00000128513",0.0059,9.0687,0.9623,0.9853
"ENSG00000128524",0.0079,9.8665,0.9365,0.9733
"ENSG00000128534",0.0132,8.9641,0.9234,0.968
"ENSG00000128536",-0.3383,7.9692,0.1395,0.3374
"ENSG00000128563",-0.2222,9.2241,0.08052,0.2271
"ENSG00000128567",-0.6297,7.1512,0.3028,0.5519
"ENSG00000128573",-0.0206,9.3225,0.8529,0.9395
"ENSG00000128578",-0.701,7.8176,0.01109,0.05
"ENSG00000128581",-0.2546,9.1578,0.03121,0.1122
"ENSG00000128585",0.0295,10.6003,0.7478,0.8892
"ENSG00000128590",0.1756,9.5724,0.09744,0.2603
"ENSG00000128591",-0.2642,13.4967,0.0281,0.1035
"ENSG00000128594",-1.6727,7.3043,0.000534,0.003879
"ENSG00000128595",0.08,14.6049,0.2768,0.5226
"ENSG00000128596",0.2834,9.0868,0.04052,0.1371
"ENSG00000128602",-1.0144,8.7345,8.367e-13,2.685e-11
"ENSG00000128606",-2.4096,9.9972,9.934e-15,3.945e-13
"ENSG00000128607",-0.0599,10.0074,0.5799,0.787
"ENSG00000128609",0.1588,10.0822,0.1318,0.324
"ENSG00000128617",0.426,7.9466,0.0506,0.162
"ENSG00000128626",0.2609,8.7242,0.08622,0.2388
"ENSG00000128641",-0.3488,11.2186,0.01541,0.06452
"ENSG00000128654",-0.0141,9.2024,0.907,0.9615
"ENSG00000128656",-0.5627,11.0797,5.092e-05,0.0004814
"ENSG00000128692",0.0321,9.279,0.7797,0.9047
"ENSG00000128694",-0.4974,8.0395,0.01614,0.06693
"ENSG00000128699",0.9985,10.9309,6.401e-22,5.107e-20
"ENSG00000128708",-0.146,9.355,0.1788,0.3986
"ENSG00000128731",0.1435,11.5906,0.1123,0.289
"ENSG00000128739",-0.7688,7.3161,0.08409,0.2346
"ENSG00000128789",0.2303,9.9066,0.03067,0.1107
"ENSG00000128791",0.0575,13.3371,0.5728,0.782
"ENSG00000128805",-0.7568,9.0699,3.077e-07,4.623e-06
"ENSG00000128815",1.1128,7.523,0.007134,0.03504
"ENSG00000128829",-0.0836,11.3741,0.335,0.584
"ENSG00000128849",0.1682,7.795,0.5843,0.7898
"ENSG00000128872",0.1233,9.9601,0.2566,0.5002
"ENSG00000128881",-0.1769,9.43,0.1526,0.3591
"ENSG00000128891",-0.0185,8.2031,0.9189,0.9665
"ENSG00000128908",0.369,10.3276,0.000425,0.003166
"ENSG00000128915",0.0402,9.8182,0.6995,0.8621
"ENSG00000128917",2.8619,7.5199,0.003049,0.0172
"ENSG00000128923",1.0383,10.5894,1.422e-33,2.332e-31
"ENSG00000128928",0.3076,10.5078,0.0026,0.01505
"ENSG00000128944",0.5804,8.1933,0.002831,0.01618
"ENSG00000128951",0.2993,9.8311,0.01284,0.05588
"ENSG00000128965",-0.7636,7.9351,0.06339,0.1915
"ENSG00000128973",0.0635,8.5013,0.7063,0.8656
"ENSG00000128989",0.3381,11.1986,2.959e-05,0.0002961
"ENSG00000129003",-0.0544,11.4353,0.5892,0.793
"ENSG00000129007",0.3218,8.186,0.07317,0.2122
"ENSG00000129009",-0.2157,11.9497,0.005306,0.02745
"ENSG00000129028",-0.299,7.8726,0.206,0.4351
"ENSG00000129038",-0.5234,11.9377,1.237e-06,1.646e-05
"ENSG00000129048",-1.4536,10.4988,2.502e-06,3.156e-05
"ENSG00000129055",-0.1862,10.1099,0.06091,0.1861
"ENSG00000129071",-0.001,9.583,0.9922,0.9967
"ENSG00000129083",0.2156,11.9521,0.008259,0.03941
"ENSG00000129084",0.2884,8.5417,0.06092,0.1861
"ENSG00000129103",0.1046,11.5135,0.1716,0.3879
"ENSG00000129116",0.8488,14.3,4.829e-21,3.554e-19
"ENSG00000129128",0.7474,11.7829,1.718e-12,5.258e-11
"ENSG00000129158",0.0426,8.1397,0.8216,0.9246
"ENSG00000129187",0.0145,11.0815,0.8567,0.9409
"ENSG00000129194",-0.0922,7.3421,0.8281,0.928
"ENSG00000129195",0.1429,7.2029,0.8044,0.9161
"ENSG00000129197",-0.0567,8.9948,0.6794,0.8494
"ENSG00000129204",0.2992,7.8527,0.2024,0.4308
"ENSG00000129214",-0.0148,7.4158,0.9715,0.9891
"ENSG00000129219",-0.0252,9.828,0.8113,0.9198
"ENSG00000129235",0.2988,8.9467,0.0204,0.08075
"ENSG00000129245",0.2673,9.7524,0.007264,0.0356
"ENSG00000129250",0.5103,12.8173,4.221e-10,9.708e-09
"ENSG00000129255",-0.1223,9.6081,0.2989,0.5479
"ENSG00000129270",2.1911,7.0438,0.01009,0.04627
"ENSG00000129282",0.569,7.7857,0.01876,0.07546
"ENSG00000129292",0.0365,10.481,0.734,0.8813
"ENSG00000129295",-0.1554,7.6859,0.6001,0.8
"ENSG00000129315",0.2187,9.7728,0.02985,0.1084
"ENSG00000129317",-0.2107,8.5942,0.1827,0.4037
"ENSG00000129347",0.069,9.3046,0.5498,0.7656
"ENSG00000129351",-0.0401,11.5734,0.6401,0.8266
"ENSG00000129353",0.5573,11.998,1.641e-07,2.593e-06
"ENSG00000129355",0.5469,7.9168,0.04123,0.1389
"ENSG00000129422",0.1445,9.418,0.2951,0.5434
"ENSG00000129460",0.032,8.7593,0.8226,0.925
"ENSG00000129465",0.2755,7.3539,0.5466,0.7632
"ENSG00000129467",-1.6664,8.0523,3.184e-11,8.249e-10
"ENSG00000129472",0.1729,9.0983,0.2097,0.4401
"ENSG00000129473",0.3477,10.7243,0.0002699,0.002129
"ENSG00000129474",-0.3198,9.5171,0.01531,0.0642
"ENSG00000129480",0.1646,8.4689,0.3073,0.5562
"ENSG00000129484",-0.7681,8.5595,5.616e-07,7.974e-06
"ENSG00000129493",0.1735,9.92,0.1129,0.29
"ENSG00000129514",-0.9905,7.1312,0.1722,0.3889
"ENSG00000129515",0.0584,11.431,0.5048,0.7319
"ENSG00000129518",0.0112,9.7442,0.9207,0.967
"ENSG00000129521",-0.9924,7.8182,0.0173,0.07072
"ENSG00000129534",0.2552,9.3002,0.02877,0.1054
"ENSG00000129535",0.1926,7.1525,0.747,0.889
"ENSG00000129559",0.2618,9.1963,0.0255,0.09629
"ENSG00000129562",0.1558,10.7978,0.08369,0.2337
"ENSG00000129566",0.4034,10.1306,0.0002694,0.002127
"ENSG00000129596",0.8937,7.9186,0.007597,0.03695
"ENSG00000129625",0.1435,11.693,0.1368,0.3328
"ENSG00000129636",0.1813,10.8856,0.05187,0.1649
"ENSG00000129646",-0.3191,7.754,0.226,0.4609
"ENSG00000129657",0.0913,10.8096,0.3815,0.6281
"ENSG00000129667",-0.3983,7.7339,0.2003,0.4281
"ENSG00000129675",-8e-04,9.9627,0.9933,0.9974
"ENSG00000129680",0.3156,9.9969,0.004865,0.02554
"ENSG00000129682",-1.5538,8.6247,1.155e-15,5.078e-14
"ENSG00000129691",-0.0838,9.8114,0.3935,0.6391
"ENSG00000129696",-0.0607,8.2101,0.7574,0.8938
"ENSG00000129749",0.3782,7.1178,0.5595,0.7725
"ENSG00000129757",0.2837,9.4194,0.106,0.2773
"ENSG00000129824",-0.0838,10.7903,0.5632,0.7749
"ENSG00000129910",1.0872,7.0164,0.2229,0.4564
"ENSG00000129911",-0.0811,8.2303,0.6873,0.855
"ENSG00000129925",0.2493,11.0275,0.002477,0.01445
"ENSG00000129932",0.2951,8.3881,0.07651,0.2191
"ENSG00000129933",0.1083,10.407,0.269,0.5141
"ENSG00000129946",-0.2246,8.9321,0.09932,0.2642
"ENSG00000129951",0.2181,7.3972,0.599,0.7992
"ENSG00000129968",0.1419,10.2938,0.214,0.4455
"ENSG00000129988",0.9211,7.1935,0.1172,0.2978
"ENSG00000129990",-0.3372,7.0577,0.6689,0.8436
"ENSG00000130005",-0.3704,9.1259,0.002744,0.01576
"ENSG00000130021",0.1691,9.0096,0.2303,0.4662
"ENSG00000130023",-0.0216,9.2605,0.8513,0.9384
"ENSG00000130024",0.1813,10.3837,0.06266,0.1899
"ENSG00000130032",-2.0992,7.4711,7.85e-06,8.981e-05
"ENSG00000130037",-0.5959,7.2626,0.2522,0.4951
"ENSG00000130038",-0.0675,7.6993,0.8013,0.915
"ENSG00000130045",-0.0902,7.3105,0.8536,0.9398
"ENSG00000130052",-0.3346,8.4531,0.1757,0.3939
"ENSG00000130066",1.3175,11.9288,1.269e-16,6.007e-15
"ENSG00000130119",0.0878,8.5179,0.5891,0.793
"ENSG00000130147",-0.0568,11.6864,0.6785,0.8489
"ENSG00000130150",0.6821,9.9648,1.851e-06,2.398e-05
"ENSG00000130158",-0.1164,9.7608,0.3561,0.6031
"ENSG00000130159",-0.1977,8.9799,0.1431,0.3435
"ENSG00000130164",0.6026,10.0398,0.000766,0.005317
"ENSG00000130165",0.0056,9.5431,0.9656,0.9863
"ENSG00000130175",0.0617,12.3456,0.4446,0.6848
"ENSG00000130176",0.7639,10.2501,0.01484,0.06256
"ENSG00000130177",0.0755,10.7175,0.3662,0.6133
"ENSG00000130193",-0.3928,8.001,0.09883,0.2633
"ENSG00000130202",0.3357,10.3778,0.001743,0.01071
"ENSG00000130203",-0.2451,11.2205,0.03273,0.1164
"ENSG00000130204",0.1506,9.1524,0.3135,0.5627
"ENSG00000130208",-0.8077,7.5514,0.01649,0.0681
"ENSG00000130222",-1.8759,7.1829,0.003672,0.02008
"ENSG00000130224",0.7701,9.1103,6.005e-08,1.023e-06
"ENSG00000130227",-0.4237,10.892,3.398e-07,5.052e-06
"ENSG00000130244",-0.3141,8.4184,0.0562,0.1751
"ENSG00000130254",0.2032,10.6372,0.08285,0.232
"ENSG00000130255",-4e-04,12.2443,0.9975,0.9989
"ENSG00000130270",-0.0287,7.8637,0.907,0.9615
"ENSG00000130299",0.0213,8.2364,0.9101,0.9629
"ENSG00000130303",-0.0856,7.913,0.7287,0.8781
"ENSG00000130304",-0.1068,9.4479,0.3476,0.5955
"ENSG00000130305",-0.0094,8.8248,0.9442,0.9765
"ENSG00000130309",0.2615,10.9468,0.001956,0.01184
"ENSG00000130311",0.5189,9.6909,7.144e-07,9.909e-06
"ENSG00000130312",0.2483,9.2521,0.03068,0.1107
"ENSG00000130313",-0.1674,9.9148,0.1382,0.3352
"ENSG00000130332",-0.1858,8.9797,0.1517,0.3581
"ENSG00000130338",-0.4325,9.4672,0.0001207,0.001044
"ENSG00000130340",-0.4659,12.0984,1.553e-05,0.0001672
"ENSG00000130347",-0.4584,7.7956,0.05945,0.1829
"ENSG00000130348",-0.174,8.8467,0.1948,0.4202
"ENSG00000130349",-0.0364,8.5325,0.8106,0.9198
"ENSG00000130363",-0.0277,8.9982,0.8428,0.9348
"ENSG00000130377",-2.6262,6.9882,0.01198,0.05301
"ENSG00000130382",0.2852,9.9516,0.02732,0.1014
"ENSG00000130396",0.1319,9.7286,0.2038,0.4324
"ENSG00000130402",0.781,13.6767,6.16e-09,1.225e-07
"ENSG00000130413",0.1224,7.466,0.7397,0.8844
"ENSG00000130414",-0.0033,10.5658,0.9711,0.9891
"ENSG00000130429",0.0888,10.0701,0.4839,0.7161
"ENSG00000130449",-0.1012,9.678,0.3682,0.615
"ENSG00000130475",-0.0622,7.2338,0.9028,0.9606
"ENSG00000130479",0.5002,9.4724,2.815e-05,0.000284
"ENSG00000130487",-2.6722,7.0387,0.008465,0.04014
"ENSG00000130489",0.2584,7.7686,0.3316,0.5803
"ENSG00000130508",0.2742,13.5212,0.006972,0.03438
"ENSG00000130511",-0.3661,9.6685,0.001041,0.00692
"ENSG00000130513",-1.8685,9.1658,1.521e-41,3.344e-39
"ENSG00000130517",-0.5573,10.4111,8.843e-06,0.0001002
"ENSG00000130518",-0.7632,7.9954,0.0004428,0.003272
"ENSG00000130520",0.08,9.642,0.4614,0.698
"ENSG00000130522",-0.2238,10.6007,0.009193,0.04303
"ENSG00000130529",0.7139,9.469,2.033e-10,4.867e-09
"ENSG00000130540",0.1453,7.4614,0.7029,0.8633
"ENSG00000130544",-0.0175,8.1302,0.9273,0.9701
"ENSG00000130558",0.2621,8.5566,0.07925,0.2246
"ENSG00000130559",-0.1019,9.5313,0.4392,0.681
"ENSG00000130560",-0.019,9.4072,0.8657,0.9445
"ENSG00000130584",-0.766,8.47,1.046e-06,1.407e-05
"ENSG00000130589",-0.0269,9.8257,0.8458,0.9362
"ENSG00000130590",-0.2928,7.6606,0.2873,0.5359
"ENSG00000130592",-1.8388,7.2977,0.0005453,0.003952
"ENSG00000130600",-1.3201,7.9553,2.59e-07,3.943e-06
"ENSG00000130635",-0.5659,13.1828,3.334e-08,5.953e-07
"ENSG00000130638",0.0929,11.1855,0.3165,0.5652
"ENSG00000130640",-0.0059,10.4746,0.947,0.9777
"ENSG00000130649",-0.5685,7.3409,0.2277,0.463
"ENSG00000130653",0.3479,8.3375,0.05652,0.1759
"ENSG00000130669",-0.1405,9.2048,0.3216,0.5697
"ENSG00000130684",-0.1696,7.8125,0.4817,0.7144
"ENSG00000130695",-0.3495,7.9378,0.1529,0.3596
"ENSG00000130699",0.1051,8.5031,0.5118,0.7365
"ENSG00000130702",-0.115,10.3448,0.3329,0.5819
"ENSG00000130703",-0.0831,9.6845,0.4312,0.6739
"ENSG00000130706",0.157,9.7722,0.1404,0.339
"ENSG00000130707",-0.4086,10.3635,0.001036,0.00689
"ENSG00000130713",-0.237,8.5098,0.1656,0.379
"ENSG00000130714",0.1139,9.6591,0.2712,0.5164
"ENSG00000130717",0.0612,9.64,0.5877,0.7918
"ENSG00000130720",-0.3928,8.4097,0.03903,0.1332
"ENSG00000130723",0.0969,12.3284,0.3202,0.5686
"ENSG00000130724",0.0227,10.5309,0.8025,0.9153
"ENSG00000130725",0.0906,9.7005,0.3817,0.6282
"ENSG00000130726",-0.0184,11.6123,0.815,0.9219
"ENSG00000130731",-3e-04,9.3009,0.9983,0.9992
"ENSG00000130733",-0.2926,9.5495,0.009005,0.04229
"ENSG00000130734",0.3025,8.0491,0.1548,0.3625
"ENSG00000130741",-0.2006,11.3221,0.01665,0.06852
"ENSG00000130748",0.3446,7.5733,0.2815,0.5288
"ENSG00000130749",-0.0214,9.7404,0.8457,0.9362
"ENSG00000130751",-0.3113,7.1755,0.6154,0.8109
"ENSG00000130758",0.2051,8.5029,0.1963,0.4226
"ENSG00000130764",0.0389,9.6652,0.6997,0.8621
"ENSG00000130766",-0.9438,9.9639,3.511e-14,1.305e-12
"ENSG00000130770",-0.1498,9.7817,0.1883,0.4115
"ENSG00000130772",0.2051,8.7266,0.1406,0.3392
"ENSG00000130775",-0.3709,7.9886,0.07676,0.2195
"ENSG00000130779",0.2448,12.4266,0.008549,0.04047
"ENSG00000130783",0.3688,7.1076,0.5861,0.7908
"ENSG00000130787",-0.3342,8.9442,0.02756,0.102
"ENSG00000130803",-0.0033,9.5661,0.9764,0.9903
"ENSG00000130810",0.7003,7.4624,0.08543,0.2372
"ENSG00000130811",0.213,11.0012,0.02267,0.0878
"ENSG00000130812",-0.1408,7.0308,0.867,0.9446
"ENSG00000130813",-0.0048,9.064,0.9681,0.9873
"ENSG00000130816",-0.0588,10.9407,0.4958,0.7252
"ENSG00000130818",-0.26,8.6608,0.06533,0.1956
"ENSG00000130821",0.1443,10.1861,0.1555,0.3637
"ENSG00000130822",-0.4688,7.1578,0.4472,0.6869
"ENSG00000130826",0.0609,9.3937,0.6174,0.8119
"ENSG00000130827",-0.1384,10.7104,0.2264,0.4615
"ENSG00000130830",-0.0216,8.9142,0.8935,0.9559
"ENSG00000130844",0.0373,8.8152,0.7761,0.9032
"ENSG00000130856",-0.2341,9.0012,0.07404,0.2141
"ENSG00000130876",0.4953,7.174,0.4057,0.6516
"ENSG00000130881",-0.3442,9.6944,0.007162,0.03514
"ENSG00000130921",-0.4122,8.955,0.001103,0.007268
"ENSG00000130935",-0.0013,9.3741,0.9913,0.9964
"ENSG00000130939",-0.0042,11.2872,0.972,0.9891
"ENSG00000130940",0.0203,7.0095,0.982,0.9923
"ENSG00000130943",-0.4549,7.4443,0.2215,0.4545
"ENSG00000130950",-0.0871,7.0511,0.9123,0.9636
"ENSG00000130956",0.5702,10.2471,8.845e-09,1.721e-07
"ENSG00000130958",0.3504,9.4297,0.003592,0.01973
"ENSG00000130962",0.3484,9.9632,0.003523,0.01941
"ENSG00000130985",0.0363,12.6431,0.6266,0.818
"ENSG00000130988",-0.1981,8.2287,0.3038,0.5529
"ENSG00000130997",-0.4574,7.6493,0.15,0.3553
"ENSG00000131002",-0.0895,9.0848,0.515,0.7388
"ENSG00000131013",-0.0579,9.7795,0.5602,0.7729
"ENSG00000131015",-0.3348,7.3056,0.4657,0.7014
"ENSG00000131016",-0.9152,15.1383,9.439e-16,4.18e-14
"ENSG00000131018",0.0368,11.7351,0.723,0.8754
"ENSG00000131019",-0.662,7.5939,0.05494,0.1719
"ENSG00000131023",0.0277,9.8447,0.7942,0.9117
"ENSG00000131037",1.4464,7.1811,0.01552,0.06487
"ENSG00000131043",0.2383,9.7973,0.01808,0.07335
"ENSG00000131051",-0.0387,12.2058,0.6647,0.8416
"ENSG00000131061",0.0783,7.9369,0.7324,0.8804
"ENSG00000131067",0.0304,9.7074,0.7789,0.9045
"ENSG00000131069",0.2689,9.7571,0.01877,0.0755
"ENSG00000131080",-0.9479,10.3074,6.755e-19,4.115e-17
"ENSG00000131089",-0.3361,9.5712,0.00242,0.01418
"ENSG00000131094",-0.3657,7.4528,0.3012,0.5501
"ENSG00000131100",0.3201,11.2329,0.0001952,0.001598
"ENSG00000131115",-0.2178,8.4787,0.1547,0.3624
"ENSG00000131116",-0.0704,8.592,0.634,0.8232
"ENSG00000131127",-0.2887,8.2371,0.127,0.3153
"ENSG00000131143",-0.0281,11.8842,0.7644,0.8973
"ENSG00000131148",0.3868,9.0718,0.001382,0.008795
"ENSG00000131149",-0.3266,10.0106,0.02081,0.08196
"ENSG00000131153",-0.4901,7.357,0.2385,0.477
"ENSG00000131165",0.2013,10.7,0.01757,0.07165
"ENSG00000131171",-0.0032,11.5962,0.972,0.9891
"ENSG00000131174",-0.2107,10.0306,0.0505,0.1617
"ENSG00000131187",0.003,7.0588,0.9969,0.9986
"ENSG00000131188",-0.2536,7.5024,0.5181,0.7414
"ENSG00000131196",0.0631,8.2768,0.7323,0.8804
"ENSG00000131236",0.5205,12.8185,1.726e-09,3.696e-08
"ENSG00000131238",0.0739,9.8623,0.4586,0.696
"ENSG00000131242",-2.1896,7.4621,6.338e-09,1.254e-07
"ENSG00000131263",0.1682,10.4225,0.05493,0.1719
"ENSG00000131269",-0.2314,8.8824,0.0728,0.2115
"ENSG00000131323",-0.4257,9.6094,7.71e-05,0.0007004
"ENSG00000131351",0.1949,7.5653,0.5283,0.7486
"ENSG00000131368",0.0059,9.5653,0.9604,0.9847
"ENSG00000131370",-0.9932,8.8451,9.827e-10,2.177e-08
"ENSG00000131373",0.1003,8.5456,0.5327,0.7523
"ENSG00000131374",-0.2145,11.7613,0.02043,0.08084
"ENSG00000131375",-0.0369,9.8744,0.7183,0.8731
"ENSG00000131378",0.1884,10.7828,0.1896,0.4135
"ENSG00000131379",-1.2334,7.0091,0.1937,0.4189
"ENSG00000131381",-0.1442,10.1278,0.1927,0.4175
"ENSG00000131386",1.6154,13.2705,1.57e-26,1.815e-24
"ENSG00000131389",-2.1249,9.6453,1.946e-48,6.497e-46
"ENSG00000131400",-0.0459,7.1392,0.9401,0.9752
"ENSG00000131408",0.3564,10.8073,0.0002008,0.001636
"ENSG00000131409",-0.4488,7.2873,0.3561,0.6031
"ENSG00000131435",-0.394,8.9809,0.01044,0.04761
"ENSG00000131437",-0.6084,9.1104,7.927e-07,1.089e-05
"ENSG00000131446",0.8656,12.3802,4.918e-25,5.068e-23
"ENSG00000131459",1.2284,10.1232,3.565e-11,9.195e-10
"ENSG00000131462",-0.2844,9.2981,0.04745,0.1545
"ENSG00000131467",0.3138,10.8786,0.0002142,0.001735
"ENSG00000131469",-0.0382,12.9631,0.6697,0.8439
"ENSG00000131470",0.3674,7.6905,0.2108,0.4413
"ENSG00000131471",0.359,8.8273,0.04146,0.1396
"ENSG00000131473",0.1554,11.8945,0.06771,0.2007
"ENSG00000131475",0.1087,9.4803,0.3065,0.5555
"ENSG00000131477",0.7189,7.0913,0.3222,0.5701
"ENSG00000131480",0.5778,7.4047,0.1699,0.3855
"ENSG00000131484",-0.4952,7.3079,0.3304,0.5792
"ENSG00000131495",0.141,8.5545,0.3509,0.5984
"ENSG00000131503",-0.1351,7.3738,0.7316,0.88
"ENSG00000131504",0.2934,10.9237,0.003823,0.02078
"ENSG00000131507",0.3922,11.5998,1.932e-05,0.0002032
"ENSG00000131508",0.2932,10.4018,0.01272,0.05544
"ENSG00000131558",-0.0697,11.3017,0.4013,0.6475
"ENSG00000131584",-0.4609,10.2976,8.647e-05,0.0007747
"ENSG00000131591",-2e-04,8.2183,0.999,0.9994
"ENSG00000131620",-0.053,10.0493,0.9347,0.9728
"ENSG00000131626",0.1453,10.4374,0.1376,0.3339
"ENSG00000131634",0.7557,9.14,7.756e-09,1.515e-07
"ENSG00000131652",-0.1199,8.5421,0.4361,0.6784
"ENSG00000131653",0.1053,11.2932,0.2184,0.4509
"ENSG00000131669",-0.6182,9.3676,2.293e-07,3.537e-06
"ENSG00000131697",-0.088,8.627,0.5938,0.7961
"ENSG00000131711",-0.4602,12.6737,1.741e-07,2.737e-06
"ENSG00000131724",-0.0187,10.8817,0.8348,0.9313
"ENSG00000131725",0.2342,9.5292,0.02981,0.1083
"ENSG00000131730",-1.2262,7.3404,0.004387,0.0234
"ENSG00000131732",-0.4057,9.6254,0.0001666,0.001386
"ENSG00000131747",-0.3004,8.8195,0.0603,0.1847
"ENSG00000131748",-0.0076,9.9001,0.9402,0.9752
"ENSG00000131759",-0.2828,9.7882,0.02103,0.08265
"ENSG00000131771",-2.9986,7.8149,4.072e-21,3.034e-19
"ENSG00000131773",0.3162,8.4778,0.07136,0.2086
"ENSG00000131778",-0.279,9.7782,0.02194,0.08548
"ENSG00000131779",0.195,9.5124,0.07944,0.225
"ENSG00000131781",0.3182,7.94,0.1351,0.3297
"ENSG00000131788",-0.0698,9.8226,0.5074,0.7336
"ENSG00000131791",0.0252,10.1778,0.7929,0.9114
"ENSG00000131795",0.0546,9.6015,0.6149,0.8106
"ENSG00000131797",-0.557,7.7803,0.0322,0.1151
"ENSG00000131828",0.0744,9.7299,0.4748,0.7089
"ENSG00000131831",1.4285,9.8317,2.746e-39,5.563e-37
"ENSG00000131844",0.4554,9.5679,0.0001556,0.001306
"ENSG00000131845",-0.1455,8.8421,0.2662,0.5107
"ENSG00000131848",-0.0252,7.6571,0.9328,0.9726
"ENSG00000131849",-0.1371,8.4594,0.4305,0.6734
"ENSG00000131871",0.6872,9.9509,4.11e-13,1.38e-11
"ENSG00000131873",-0.0767,9.8819,0.555,0.769
"ENSG00000131876",-0.0498,8.8092,0.7229,0.8753
"ENSG00000131899",-0.4472,10.443,1.245e-05,0.0001364
"ENSG00000131931",0.0866,8.4534,0.5826,0.7887
"ENSG00000131941",0.3796,8.1194,0.05192,0.1649
"ENSG00000131943",0.3165,9.5968,0.01058,0.04811
"ENSG00000131944",-0.0264,7.9352,0.9028,0.9606
"ENSG00000131966",0.0865,10.5214,0.3815,0.6281
"ENSG00000131969",-0.2637,7.0802,0.7172,0.8723
"ENSG00000131979",1.5992,7.9275,1.408e-11,3.824e-10
"ENSG00000131981",-0.33,12.2506,0.0001411,0.001198
"ENSG00000132000",0.1024,8.9246,0.5711,0.7811
"ENSG00000132002",-0.3093,10.7665,0.001245,0.008028
"ENSG00000132003",0.5728,8.2958,0.00309,0.01738
"ENSG00000132004",-0.1864,7.8426,0.4513,0.6904
"ENSG00000132005",-0.067,8.4246,0.6968,0.8609
"ENSG00000132016",-0.5023,7.2108,0.3558,0.603
"ENSG00000132017",-0.1775,8.56,0.2684,0.5132
"ENSG00000132024",-0.0765,9.4802,0.4851,0.7171
"ENSG00000132031",0.6395,7.7318,0.01397,0.05972
"ENSG00000132109",-0.2197,9.2914,0.07387,0.2136
"ENSG00000132122",0.2343,8.8162,0.1126,0.2897
"ENSG00000132128",-0.0215,10.9993,0.796,0.9124
"ENSG00000132141",0.5437,7.5537,0.1131,0.2905
"ENSG00000132142",-0.1465,10.5185,0.2687,0.5137
"ENSG00000132153",0.1307,10.3648,0.1601,0.3705
"ENSG00000132155",0.7878,11.5067,2.207e-18,1.252e-16
"ENSG00000132170",1.0427,9.393,3.974e-10,9.187e-09
"ENSG00000132196",-0.062,8.0688,0.7705,0.8996
"ENSG00000132199",-0.7436,9.0551,2.59e-06,3.261e-05
"ENSG00000132205",-0.3217,9.5001,0.002801,0.01604
"ENSG00000132207",-0.0584,7.1569,0.9276,0.9702
"ENSG00000132254",-0.165,9.7723,0.09704,0.2595
"ENSG00000132256",-0.6072,9.5376,6.721e-07,9.401e-06
"ENSG00000132274",-0.1259,11.6599,0.1676,0.3816
"ENSG00000132275",-0.0291,8.7218,0.8368,0.9324
"ENSG00000132286",0.206,9.1471,0.08913,0.244
"ENSG00000132294",-0.0144,11.5973,0.8682,0.9449
"ENSG00000132300",0.0191,10.1656,0.8375,0.9326
"ENSG00000132305",0.1082,10.4058,0.2206,0.4534
"ENSG00000132313",0.0105,9.3649,0.9282,0.9704
"ENSG00000132321",-1.5047,7.3918,0.0001715,0.001423
"ENSG00000132323",0.0209,9.1033,0.8702,0.945
"ENSG00000132326",-1.2427,7.99,2.426e-05,0.0002504
"ENSG00000132329",-0.3281,8.3345,0.2627,0.5073
"ENSG00000132330",0.2909,7.4272,0.4614,0.698
"ENSG00000132334",1.1462,7.8751,0.0007596,0.005285
"ENSG00000132341",0.1856,11.5808,0.04431,0.1468
"ENSG00000132356",0.8676,11.2843,1.208e-24,1.197e-22
"ENSG00000132357",0.3383,9.7812,0.003115,0.01747
"ENSG00000132359",0.4777,7.525,0.1575,0.3666
"ENSG00000132361",0.4709,10.0787,1.237e-05,0.000136
"ENSG00000132376",0.5229,9.8645,2.466e-05,0.0002538
"ENSG00000132382",0.1738,9.9453,0.1331,0.3259
"ENSG00000132383",-0.2282,10.5391,0.02609,0.098
"ENSG00000132386",-0.1735,13.2562,0.03146,0.113
"ENSG00000132388",0.0131,10.1221,0.906,0.9613
"ENSG00000132394",-0.1264,8.3814,0.4464,0.6862
"ENSG00000132405",-0.2449,9.512,0.02655,0.09916
"ENSG00000132406",0.3545,9.2237,0.003787,0.02061
"ENSG00000132423",0.3685,7.6253,0.1982,0.4254
"ENSG00000132424",-0.1821,11.7971,0.04668,0.1528
"ENSG00000132429",0.4129,8.2373,0.05313,0.1681
"ENSG00000132432",0.1673,9.3911,0.2752,0.5209
"ENSG00000132434",-0.1672,8.9566,0.1902,0.4141
"ENSG00000132436",-0.3145,8.421,0.05878,0.1813
"ENSG00000132463",0.341,10.8763,0.000371,0.002813
"ENSG00000132464",-0.298,7.1536,0.6188,0.8132
"ENSG00000132465",-0.052,7.4648,0.891,0.9549
"ENSG00000132466",0.0265,11.4596,0.7337,0.8813
"ENSG00000132467",0.2848,9.6047,0.01558,0.06511
"ENSG00000132470",-0.4814,7.2029,0.3712,0.6179
"ENSG00000132471",0.1256,10.7792,0.2879,0.5364
"ENSG00000132475",-0.1815,11.8328,0.02034,0.08056
"ENSG00000132478",-0.3584,8.9911,0.005762,0.02932
"ENSG00000132481",-0.2568,7.8014,0.3192,0.5678
"ENSG00000132485",0.1047,10.9268,0.2717,0.5167
"ENSG00000132507",0.2261,11.3259,0.0258,0.0972
"ENSG00000132510",-0.3825,9.7358,0.00276,0.01584
"ENSG00000132518",5.885,6.9623,7.723e-06,8.859e-05
"ENSG00000132522",0.1526,7.126,0.828,0.9279
"ENSG00000132530",-0.9235,9.4655,8.257e-17,4.024e-15
"ENSG00000132535",-0.315,9.3718,0.00441,0.02351
"ENSG00000132541",-0.642,9.253,5.908e-08,1.009e-06
"ENSG00000132549",-0.222,11.6065,0.01481,0.06251
"ENSG00000132554",-0.171,7.8038,0.4924,0.7231
"ENSG00000132561",-0.298,11.6278,0.01114,0.05015
"ENSG00000132563",0.2228,9.1495,0.1037,0.2731
"ENSG00000132570",-0.1676,7.8744,0.4982,0.7269
"ENSG00000132581",0.2416,9.8863,0.01279,0.05571
"ENSG00000132589",0.4775,11.0879,4.396e-07,6.392e-06
"ENSG00000132591",0.1817,9.3786,0.1062,0.2774
"ENSG00000132600",0.2269,9.584,0.0651,0.195
"ENSG00000132603",0.3927,8.8522,0.00239,0.01401
"ENSG00000132604",-0.1087,9.2965,0.3295,0.5782
"ENSG00000132612",0.4301,10.095,8.538e-06,9.708e-05
"ENSG00000132613",0.7298,10.1926,1.304e-08,2.468e-07
"ENSG00000132622",-2.2787,7.747,6.607e-15,2.677e-13
"ENSG00000132623",0.04,7.8789,0.8653,0.9444
"ENSG00000132635",-0.1038,9.6818,0.3463,0.5942
"ENSG00000132639",-0.6356,8.2962,0.03587,0.1246
"ENSG00000132640",0.2496,10.6516,0.02166,0.08452
"ENSG00000132646",-0.652,10.0613,1.443e-10,3.473e-09
"ENSG00000132661",-0.3272,7.8223,0.1851,0.4069
"ENSG00000132664",0.0077,8.3787,0.9616,0.9851
"ENSG00000132669",0.313,10.398,0.001591,0.009905
"ENSG00000132670",0.1469,11.3387,0.09688,0.2592
"ENSG00000132676",-0.0164,10.4553,0.85,0.938
"ENSG00000132680",0.159,9.7878,0.1288,0.3185
"ENSG00000132688",-0.7798,9.782,2.018e-12,6.096e-11
"ENSG00000132694",0.0285,10.5459,0.7535,0.8917
"ENSG00000132716",0.2018,10.3818,0.06527,0.1954
"ENSG00000132718",0.0578,11.2461,0.5072,0.7336
"ENSG00000132740",0.6083,8.8907,1.061e-05,0.0001183
"ENSG00000132763",-0.4327,7.9171,0.06467,0.1942
"ENSG00000132768",0.3551,8.418,0.03873,0.1323
"ENSG00000132773",-0.2544,7.9537,0.2302,0.4661
"ENSG00000132780",-0.2182,10.1658,0.04512,0.1488
"ENSG00000132781",-0.1139,8.1674,0.5518,0.767
"ENSG00000132792",0.1285,9.4725,0.2778,0.5243
"ENSG00000132793",0.7149,8.4526,0.0001957,0.001602
"ENSG00000132801",-0.5688,8.1203,0.002945,0.01675
"ENSG00000132819",-0.1363,8.2721,0.4435,0.6843
"ENSG00000132821",0.0591,7.3982,0.8783,0.9492
"ENSG00000132823",0.374,10.082,0.007629,0.03706
"ENSG00000132824",0.412,12.7842,4.247e-06,5.136e-05
"ENSG00000132825",0.4009,8.3177,0.02102,0.08261
"ENSG00000132832",-1.2121,7.1331,0.07265,0.2113
"ENSG00000132837",-0.3851,8.2196,0.03319,0.1176
"ENSG00000132840",-0.3265,9.2411,0.005631,0.0288
"ENSG00000132842",0.115,10.9923,0.2063,0.4354
"ENSG00000132846",-0.5021,8.7467,0.001764,0.01082
"ENSG00000132849",0.2083,8.695,0.1325,0.3251
"ENSG00000132854",-3.0265,7.0067,0.004047,0.02182
"ENSG00000132879",-0.0702,9.2209,0.5521,0.7672
"ENSG00000132881",0.3595,7.823,0.1247,0.3111
"ENSG00000132906",0.0877,8.4579,0.5789,0.7863
"ENSG00000132912",-0.0339,10.7063,0.7055,0.8653
"ENSG00000132950",-0.1858,8.8423,0.1795,0.3993
"ENSG00000132952",-0.0032,8.8951,0.9801,0.9917
"ENSG00000132953",0.0741,9.7692,0.4779,0.7118
"ENSG00000132963",0.3831,10.2385,0.0002651,0.002098
"ENSG00000132964",0.1103,8.8641,0.5392,0.7573
"ENSG00000132965",1.6235,7.1936,0.01257,0.05498
"ENSG00000132967",-0.1691,10.512,0.08589,0.2381
"ENSG00000132970",1.108,10.4967,3.288e-23,2.879e-21
"ENSG00000133026",0.6182,13.7441,4.455e-08,7.807e-07
"ENSG00000133027",0.5105,8.5604,0.002057,0.01235
"ENSG00000133028",0.0951,9.1665,0.4494,0.6888
"ENSG00000133030",-0.014,12.2638,0.8739,0.9468
"ENSG00000133048",-0.252,8.7493,0.2065,0.4354
"ENSG00000133056",-0.3897,8.4827,0.09329,0.2519
"ENSG00000133059",-0.456,10.8211,5.732e-06,6.8e-05
"ENSG00000133065",0.1403,10.4819,0.1421,0.3418
"ENSG00000133069",-1.0328,8.298,5.547e-09,1.108e-07
"ENSG00000133083",-0.6945,9.2965,0.07262,0.2112
"ENSG00000133103",-0.5729,9.6432,5.299e-08,9.143e-07
"ENSG00000133104",0.439,11.3169,8.682e-05,0.000777
"ENSG00000133106",0.6461,8.6196,0.0007014,0.004927
"ENSG00000133107",-0.2915,7.2935,0.5224,0.744
"ENSG00000133110",-1.4205,11.6059,8.103e-18,4.298e-16
"ENSG00000133111",-0.4248,7.8322,0.07549,0.2169
"ENSG00000133112",0.095,14.8147,0.2151,0.447
"ENSG00000133114",-0.1427,9.2177,0.2703,0.5155
"ENSG00000133116",-0.5387,7.0573,0.5048,0.7319
"ENSG00000133119",-0.035,7.9033,0.8732,0.9465
"ENSG00000133121",0.6801,10.2182,9.92e-06,0.0001114
"ENSG00000133131",-0.2416,10.0364,0.03146,0.113
"ENSG00000133135",-0.2041,7.5092,0.5584,0.7717
"ENSG00000133136",-0.012,7.1003,0.9866,0.9944
"ENSG00000133138",-0.2359,9.481,0.07949,0.2251
"ENSG00000133142",1.5391,11.4911,1.795e-49,6.107e-47
"ENSG00000133193",-0.0616,8.9705,0.6564,0.8363
"ENSG00000133195",-0.1044,8.8212,0.4749,0.709
"ENSG00000133216",-1.7706,8.9056,2.584e-28,3.352e-26
"ENSG00000133226",-0.0717,10.746,0.4223,0.6667
"ENSG00000133243",0.1252,10.9451,0.1489,0.3536
"ENSG00000133247",-0.4757,7.8595,0.03832,0.1313
"ENSG00000133250",-0.0771,8.2267,0.7272,0.8778
"ENSG00000133256",-0.0288,7.3707,0.946,0.9771
"ENSG00000133265",0.055,9.151,0.6974,0.8611
"ENSG00000133275",0.0482,10.2608,0.626,0.8177
"ENSG00000133302",0.2871,8.2322,0.1223,0.3066
"ENSG00000133313",0.1462,10.179,0.1133,0.2909
"ENSG00000133315",-0.0203,8.329,0.9045,0.9612
"ENSG00000133316",0.3211,8.613,0.0403,0.1365
"ENSG00000133318",0.1692,11.8522,0.09981,0.2652
"ENSG00000133321",-0.5779,9.237,0.0008634,0.005888
"ENSG00000133392",0.3774,7.987,0.1791,0.3989
"ENSG00000133393",0.0411,9.7739,0.7321,0.8802
"ENSG00000133398",0.229,9.3786,0.04058,0.1372
"ENSG00000133401",1.1594,7.9764,1.621e-05,0.0001739
"ENSG00000133422",0.0974,9.8987,0.3479,0.5956
"ENSG00000133424",-0.3308,10.0495,0.007418,0.03625
"ENSG00000133433",0.2835,8.4939,0.1237,0.3094
"ENSG00000133460",-0.3405,8.3079,0.06823,0.2018
"ENSG00000133466",-0.6579,8.8079,2.612e-05,0.0002665
"ENSG00000133488",0.6885,6.995,0.4784,0.712
"ENSG00000133597",0.4396,8.7072,0.001988,0.01198
"ENSG00000133606",0.1742,11.1376,0.06282,0.1902
"ENSG00000133612",0.1181,10.3627,0.1857,0.4077
"ENSG00000133619",-0.2387,8.6359,0.1018,0.2689
"ENSG00000133624",-0.1388,8.8373,0.312,0.561
"ENSG00000133627",-0.0303,7.9362,0.8895,0.9545
"ENSG00000133639",0.4458,10.5639,0.0003337,0.002572
"ENSG00000133641",0.5774,8.8127,1.635e-05,0.0001753
"ENSG00000133657",0.2031,12.1795,0.07208,0.21
"ENSG00000133661",-0.1462,7.0894,0.8524,0.9394
"ENSG00000133678",-0.0332,8.8393,0.8052,0.9166
"ENSG00000133687",0.682,12.427,2.058e-09,4.376e-08
"ENSG00000133703",0.0042,9.7831,0.9699,0.9884
"ENSG00000133704",-0.0864,10.6322,0.3368,0.5855
"ENSG00000133706",0.0022,10.9269,0.9834,0.9929
"ENSG00000133731",0.3549,8.9235,0.007736,0.03746
"ENSG00000133739",0.0027,8.4756,0.9872,0.9946
"ENSG00000133740",-0.2161,7.8271,0.3586,0.6058
"ENSG00000133773",-0.0101,8.8074,0.944,0.9765
"ENSG00000133789",0.6783,11.9063,7.279e-15,2.936e-13
"ENSG00000133794",0.7244,8.842,2.002e-05,0.0002098
"ENSG00000133800",0.7681,7.1039,0.2548,0.4978
"ENSG00000133805",0.402,9.9183,0.02234,0.08675
"ENSG00000133812",0.2043,11.4472,0.06673,0.1986
"ENSG00000133816",1.0579,10.8132,1.363e-15,5.937e-14
"ENSG00000133818",0.6309,11.5824,5.903e-12,1.671e-10
"ENSG00000133835",0.2507,11.3969,0.005199,0.02702
"ENSG00000133858",0.2998,11.1716,0.001038,0.0069
"ENSG00000133872",-0.1028,11.4359,0.2083,0.438
"ENSG00000133874",-0.5751,8.1627,0.003178,0.01774
"ENSG00000133884",-0.1696,10.2989,0.07748,0.221
"ENSG00000133895",0.0666,9.7574,0.5324,0.752
"ENSG00000133935",-0.2191,9.0914,0.1032,0.2719
"ENSG00000133943",-0.8863,9.481,7.322e-16,3.276e-14
"ENSG00000133958",-0.2612,7.2604,0.6276,0.8186
"ENSG00000133961",0.2014,10.8369,0.02017,0.08006
"ENSG00000133983",0.3204,8.2442,0.08024,0.2265
"ENSG00000133997",-0.0043,8.6907,0.9768,0.9904
"ENSG00000134001",0.1948,10.2544,0.03411,0.1201
"ENSG00000134013",-0.7886,11.4014,4.165e-07,6.121e-06
"ENSG00000134014",0.0866,9.567,0.4441,0.6844
"ENSG00000134020",0.8792,7.2438,0.07514,0.2163
"ENSG00000134030",0.1595,11.1567,0.1379,0.3347
"ENSG00000134046",0.5453,10.6212,1.771e-08,3.306e-07
"ENSG00000134049",0.317,9.0976,0.04061,0.1373
"ENSG00000134056",0.5468,8.8815,2.708e-05,0.0002748
"ENSG00000134057",0.1697,8.1567,0.3774,0.6241
"ENSG00000134058",0.3523,9.3873,0.001731,0.01064
"ENSG00000134070",-1.0725,7.6494,0.000237,0.001898
"ENSG00000134072",0.0837,7.6721,0.7895,0.9096
"ENSG00000134077",0.0084,9.5468,0.9366,0.9733
"ENSG00000134086",-0.0345,9.7135,0.7351,0.882
"ENSG00000134107",-0.9234,8.9029,2.187e-05,0.0002273
"ENSG00000134108",0.2736,11.3224,0.002806,0.01605
"ENSG00000134109",0.3474,10.421,0.006647,0.03296
"ENSG00000134121",1.401,8.0361,1.125e-09,2.48e-08
"ENSG00000134138",-0.8032,9.7408,2.45e-12,7.339e-11
"ENSG00000134146",0.3194,7.925,0.1474,0.3509
"ENSG00000134152",0.261,9.0929,0.03705,0.1278
"ENSG00000134153",0.2341,10.2121,0.01872,0.07535
"ENSG00000134183",-0.6538,7.1021,0.364,0.611
"ENSG00000134184",-0.3819,7.3332,0.3618,0.6087
"ENSG00000134186",0.1511,10.3605,0.1722,0.3889
"ENSG00000134198",-0.5885,7.2458,0.3103,0.5591
"ENSG00000134201",-0.7072,9.1573,6.325e-09,1.253e-07
"ENSG00000134202",-0.3301,9.9113,0.001178,0.007666
"ENSG00000134222",0.2049,7.9504,0.4142,0.6596
"ENSG00000134242",2.1577,7.0313,0.01339,0.05776
"ENSG00000134243",2.1957,12.0812,7.481e-85,1.038e-81
"ENSG00000134245",0.2465,8.7664,0.1751,0.3928
"ENSG00000134247",-0.786,10.452,1.84e-11,4.932e-10
"ENSG00000134248",0.3079,9.6014,0.003351,0.01856
"ENSG00000134250",0.1081,13.3927,0.2561,0.4997
"ENSG00000134253",-1.9584,8.2025,3.264e-23,2.879e-21
"ENSG00000134255",-0.2202,9.8773,0.02628,0.09846
"ENSG00000134259",-1.2904,7.6119,0.0001274,0.001095
"ENSG00000134262",0.0372,8.2681,0.8285,0.928
"ENSG00000134265",0.4308,9.3598,0.0001771,0.001464
"ENSG00000134278",-0.1804,9.6084,0.1388,0.3361
"ENSG00000134283",0.1735,10.0195,0.0725,0.211
"ENSG00000134285",0.3254,8.7732,0.06383,0.1923
"ENSG00000134287",0.2515,11.2184,0.006211,0.03123
"ENSG00000134291",-0.219,9.5361,0.0626,0.1898
"ENSG00000134294",1.2054,14.2037,3.773e-15,1.561e-13
"ENSG00000134297",-0.0182,7.5786,0.9525,0.9813
"ENSG00000134308",0.0829,12.7844,0.3288,0.5775
"ENSG00000134313",-0.0577,11.8142,0.5275,0.7479
"ENSG00000134317",-0.5396,7.6954,0.06838,0.2021
"ENSG00000134318",0.8085,12.1575,1.043e-22,8.703e-21
"ENSG00000134321",-3.1465,6.973,0.01115,0.05015
"ENSG00000134324",0.5945,12.174,8.445e-05,0.0007588
"ENSG00000134330",0.1515,9.7291,0.159,0.3687
"ENSG00000134333",0.885,13.7073,4.71e-09,9.49e-08
"ENSG00000134343",0.896,7.7339,0.02733,0.1014
"ENSG00000134352",0.1297,15.2727,0.2348,0.472
"ENSG00000134363",-1.8075,11.3225,3.48e-43,8.964e-41
"ENSG00000134369",0.0621,11.9564,0.6191,0.8133
"ENSG00000134371",0.3065,10.1512,0.002234,0.01325
"ENSG00000134375",0.1305,9.7445,0.2825,0.53
"ENSG00000134376",-2.0736,7.0506,0.01522,0.06392
"ENSG00000134419",-0.0514,10.7524,0.5718,0.7813
"ENSG00000134440",0.0674,11.513,0.4673,0.7026
"ENSG00000134444",0.1321,9.7087,0.2108,0.4412
"ENSG00000134452",0.1112,10.7654,0.1875,0.4105
"ENSG00000134453",0.0622,10.5541,0.5466,0.7632
"ENSG00000134461",-0.07,7.9785,0.7384,0.884
"ENSG00000134463",0.3682,7.7338,0.1783,0.3978
"ENSG00000134470",0.1612,9.4252,0.4039,0.6498
"ENSG00000134480",0.3255,9.119,0.01397,0.05972
"ENSG00000134490",0.2662,8.2505,0.1239,0.3097
"ENSG00000134504",0.1369,8.7838,0.444,0.6844
"ENSG00000134508",0.8121,10.2414,1.97e-12,5.96e-11
"ENSG00000134516",-0.3392,8.397,0.06036,0.1849
"ENSG00000134531",0.9536,12.4032,1.931e-16,9.023e-15
"ENSG00000134532",0.6965,8.3275,0.0002707,0.002134
"ENSG00000134533",0.372,7.1382,0.5592,0.7723
"ENSG00000134539",-0.7003,7.1023,0.3133,0.5627
"ENSG00000134548",-0.4548,7.3125,0.306,0.5551
"ENSG00000134569",-0.5836,7.8205,0.01867,0.07519
"ENSG00000134574",-0.3113,10.2538,0.002904,0.01654
"ENSG00000134575",0.3874,9.4295,0.0005174,0.00377
"ENSG00000134590",0.1912,12.0952,0.02497,0.09465
"ENSG00000134594",-1.0736,7.1943,0.0687,0.2029
"ENSG00000134597",-0.2228,8.9113,0.0812,0.2286
"ENSG00000134602",0.5062,7.7847,0.05372,0.1693
"ENSG00000134627",0.3478,8.0528,0.1783,0.3978
"ENSG00000134644",0.0915,11.291,0.2738,0.5194
"ENSG00000134668",0.1064,9.6415,0.567,0.7779
"ENSG00000134684",-0.7447,10.4447,6.585e-14,2.389e-12
"ENSG00000134686",1.3876,11.3857,4.012e-51,1.55e-48
"ENSG00000134690",0.0681,7.4542,0.861,0.9427
"ENSG00000134697",0.4675,10.1846,1.281e-05,0.0001398
"ENSG00000134698",0.2806,9.7386,0.008228,0.0393
"ENSG00000134716",-0.8587,7.3289,0.06145,0.1873
"ENSG00000134717",0.0697,9.9311,0.4813,0.7142
"ENSG00000134744",-0.3649,10.0238,9.611e-05,0.0008512
"ENSG00000134748",-0.132,9.3716,0.236,0.4736
"ENSG00000134758",-0.0741,8.1542,0.695,0.86
"ENSG00000134759",-0.0985,11.0417,0.249,0.4906
"ENSG00000134762",1.2654,8.7473,2.237e-10,5.307e-09
"ENSG00000134769",-0.8873,8.9023,6.361e-09,1.258e-07
"ENSG00000134775",0.126,11.5793,0.3262,0.5747
"ENSG00000134779",-0.2495,11.225,0.005654,0.0289
"ENSG00000134780",-0.6752,8.2292,0.00163,0.0101
"ENSG00000134802",-0.3685,9.0906,0.01048,0.04772
"ENSG00000134809",0.0321,8.4518,0.8407,0.9338
"ENSG00000134815",-0.3077,8.6265,0.0656,0.1962
"ENSG00000134824",-0.048,10.8804,0.9099,0.9628
"ENSG00000134825",0.0148,9.5897,0.8905,0.9547
"ENSG00000134851",0.6091,11.0083,8.516e-13,2.723e-11
"ENSG00000134852",-0.0192,10.0382,0.8554,0.9404
"ENSG00000134853",0.5595,13.9595,7.055e-07,9.801e-06
"ENSG00000134864",0.1978,7.77,0.432,0.6748
"ENSG00000134871",0.8884,12.0248,1.356e-18,7.787e-17
"ENSG00000134874",-0.4216,10.8065,6.872e-06,7.99e-05
"ENSG00000134882",0.109,10.5364,0.2361,0.4737
"ENSG00000134884",0.0562,11.2104,0.4751,0.7093
"ENSG00000134897",0.1309,9.3193,0.3053,0.5544
"ENSG00000134899",0.0992,9.1139,0.4327,0.6751
"ENSG00000134900",0.1908,10.9203,0.0716,0.209
"ENSG00000134901",-0.2261,8.7779,0.1092,0.2836
"ENSG00000134905",0.3337,10.0678,0.003286,0.01825
"ENSG00000134909",-0.3239,9.2403,0.006462,0.03222
"ENSG00000134910",0.0579,11.7921,0.5419,0.7596
"ENSG00000134917",0.1294,12.444,0.6381,0.8257
"ENSG00000134954",0.2159,10.2932,0.06423,0.1933
"ENSG00000134970",0.2903,11.0574,0.01003,0.04607
"ENSG00000134982",0.1951,10.458,0.1111,0.287
"ENSG00000134986",-0.5821,9.5727,0.000147,0.001243
"ENSG00000134987",-0.7132,10.2799,1.903e-09,4.072e-08
"ENSG00000134996",0.067,9.1426,0.5911,0.7942
"ENSG00000135002",0.1774,9.7467,0.1431,0.3435
"ENSG00000135018",0.2349,11.2019,0.003842,0.02085
"ENSG00000135040",-0.1638,9.2021,0.1904,0.4143
"ENSG00000135045",-0.2961,7.9137,0.2177,0.4499
"ENSG00000135046",0.4276,13.2188,3.459e-05,0.0003412
"ENSG00000135047",0.1473,12.3976,0.1918,0.4162
"ENSG00000135048",0.8908,10.0974,8.615e-19,5.144e-17
"ENSG00000135049",0.2344,8.7174,0.09314,0.2516
"ENSG00000135052",-0.3592,11.0805,0.0001084,0.0009499
"ENSG00000135069",-1.2976,9.7322,8.499e-19,5.092e-17
"ENSG00000135070",0.5365,9.8929,6.945e-08,1.169e-06
"ENSG00000135074",0.4915,9.8604,0.002537,0.01474
"ENSG00000135077",-0.1358,7.3164,0.7681,0.8984
"ENSG00000135083",-0.8574,7.0486,0.3125,0.5616
"ENSG00000135090",0.3649,10.6021,0.0003452,0.00265
"ENSG00000135093",-0.4067,9.0031,0.003047,0.0172
"ENSG00000135100",-0.0556,7.2006,0.9245,0.9686
"ENSG00000135108",-0.1618,10.2374,0.1263,0.3141
"ENSG00000135111",-0.4395,10.9458,4.254e-05,0.000411
"ENSG00000135119",-0.2686,7.0402,0.7432,0.8865
"ENSG00000135124",0.0349,9.1535,0.7998,0.914
"ENSG00000135148",0.0429,10.2708,0.7721,0.9007
"ENSG00000135164",0.1059,10.4539,0.2498,0.4917
"ENSG00000135185",0.382,8.8766,0.007632,0.03706
"ENSG00000135205",0.2205,8.0805,0.2976,0.5463
"ENSG00000135211",0.2603,8.8519,0.08695,0.2398
"ENSG00000135213",0.1012,10.5296,0.3083,0.5573
"ENSG00000135218",0.271,7.5818,0.3703,0.617
"ENSG00000135241",0.523,10.1486,9.061e-05,0.0008089
"ENSG00000135245",0.1191,8.4093,0.6102,0.808
"ENSG00000135249",-0.03,8.9791,0.8286,0.928
"ENSG00000135250",-0.2321,10.1117,0.02624,0.09835
"ENSG00000135253",-1.5912,7.0116,0.08642,0.2391
"ENSG00000135269",-0.154,10.4905,0.3683,0.615
"ENSG00000135272",0.4049,10.5418,0.0001937,0.001588
"ENSG00000135297",-0.2108,8.9865,0.09962,0.2648
"ENSG00000135299",-0.1024,7.9448,0.6621,0.8406
"ENSG00000135312",2.8005,6.9606,0.01178,0.0523
"ENSG00000135314",-0.2079,7.6868,0.4547,0.6927
"ENSG00000135315",-0.3671,9.007,0.00424,0.02273
"ENSG00000135316",0.1772,11.3638,0.04974,0.1602
"ENSG00000135317",0.1403,10.3953,0.1589,0.3687
"ENSG00000135318",-0.8879,12.0135,2.229e-16,1.033e-14
"ENSG00000135334",-0.0053,9.9404,0.9623,0.9853
"ENSG00000135336",0.0317,9.7682,0.7459,0.8883
"ENSG00000135338",-0.0921,8.7121,0.5459,0.7628
"ENSG00000135341",-0.0359,10.7123,0.6663,0.8423
"ENSG00000135362",1.5368,8.1007,1.748e-12,5.334e-11
"ENSG00000135365",-0.0619,10.6104,0.5425,0.7599
"ENSG00000135372",0.1604,9.9379,0.1855,0.4075
"ENSG00000135378",1.4204,7.2259,0.01588,0.06621
"ENSG00000135387",-0.1573,12.5564,0.03184,0.114
"ENSG00000135390",-0.1288,10.9796,0.1995,0.427
"ENSG00000135392",-0.14,9.0805,0.2659,0.5104
"ENSG00000135404",-0.1653,14.463,0.04669,0.1528
"ENSG00000135407",0.284,7.9848,0.2218,0.4551
"ENSG00000135414",-0.4487,9.5072,3.163e-05,0.000315
"ENSG00000135423",-0.2278,7.4635,0.5271,0.7477
"ENSG00000135424",-0.4767,11.1956,8.424e-07,1.153e-05
"ENSG00000135436",0.265,7.0734,0.7222,0.8748
"ENSG00000135437",-0.8435,7.846,0.003975,0.02149
"ENSG00000135441",-0.0606,7.897,0.7923,0.9111
"ENSG00000135446",-0.7886,10.2167,1.152e-14,4.565e-13
"ENSG00000135451",0.472,7.0883,0.4997,0.728
"ENSG00000135452",0.3322,9.2649,0.006054,0.03055
"ENSG00000135454",0.7505,7.0767,0.3047,0.5539
"ENSG00000135457",-0.0915,9.5401,0.4278,0.6711
"ENSG00000135469",-0.0653,8.1606,0.7452,0.8877
"ENSG00000135472",-1.6952,8.2936,9.567e-17,4.625e-15
"ENSG00000135473",0.1504,9.3798,0.2651,0.5096
"ENSG00000135476",0.0507,7.6641,0.8666,0.9446
"ENSG00000135480",1.0328,8.3782,0.0006858,0.004832
"ENSG00000135482",-0.0867,8.027,0.6674,0.8426
"ENSG00000135486",0.1535,13.5386,0.04719,0.1539
"ENSG00000135502",0.5675,7.3493,0.1858,0.4079
"ENSG00000135503",0.3299,9.8688,0.0008031,0.005533
"ENSG00000135506",-0.0309,12.5194,0.6912,0.8574
"ENSG00000135521",0.2269,8.9968,0.1166,0.2967
"ENSG00000135525",-0.1688,7.6173,0.5909,0.7941
"ENSG00000135535",-0.0583,12.7827,0.5172,0.7407
"ENSG00000135537",0.1361,7.892,0.5514,0.7666
"ENSG00000135540",0.4387,9.6078,0.0001384,0.001177
"ENSG00000135541",-0.4778,9.2844,4.785e-05,0.0004561
"ENSG00000135549",-1.0555,7.0234,0.2266,0.4616
"ENSG00000135587",-0.0874,7.9353,0.6929,0.8585
"ENSG00000135596",0.4289,10.5792,3.528e-06,4.351e-05
"ENSG00000135597",-0.162,9.2189,0.216,0.4482
"ENSG00000135604",2.3931,7.305,6.346e-07,8.905e-06
"ENSG00000135605",-0.301,7.4205,0.4694,0.7042
"ENSG00000135617",-0.2347,8.4344,0.2602,0.5043
"ENSG00000135622",-0.0499,8.8644,0.7349,0.882
"ENSG00000135624",0.1018,11.3722,0.2236,0.4573
"ENSG00000135631",0.0344,10.9737,0.6888,0.8557
"ENSG00000135632",-0.1671,9.3034,0.1574,0.3663
"ENSG00000135637",-0.1804,8.1738,0.3268,0.5754
"ENSG00000135643",0.3961,7.2164,0.4441,0.6844
"ENSG00000135655",0.0305,9.835,0.7715,0.9005
"ENSG00000135677",-0.1254,13.2532,0.1046,0.2751
"ENSG00000135678",1.374,9.8851,0.0002008,0.001636
"ENSG00000135679",-0.5844,11.1587,3.51e-11,9.066e-10
"ENSG00000135686",0.265,10.8462,0.0023,0.01357
"ENSG00000135698",0.1471,8.8531,0.3361,0.5849
"ENSG00000135709",-0.2999,10.5862,0.06062,0.1855
"ENSG00000135720",0.0256,11.8054,0.7468,0.8889
"ENSG00000135722",0.0095,7.9082,0.9655,0.9863
"ENSG00000135723",-0.8312,9.0137,1.369e-10,3.314e-09
"ENSG00000135736",-0.1933,8.8186,0.1891,0.4128
"ENSG00000135740",-0.3828,8.0983,0.05611,0.1749
"ENSG00000135744",-1.1558,9.4461,5.821e-10,1.322e-08
"ENSG00000135747",0.2111,7.7123,0.4645,0.7001
"ENSG00000135749",-0.6004,9.5035,3.073e-08,5.519e-07
"ENSG00000135750",0.481,7.7546,0.07701,0.22
"ENSG00000135763",0.2518,8.3885,0.1572,0.366
"ENSG00000135766",0.2622,10.7582,0.07626,0.2186
"ENSG00000135775",-0.2389,9.3174,0.05742,0.1782
"ENSG00000135776",0.3628,8.9396,0.004735,0.02494
"ENSG00000135778",-0.4025,9.7292,0.0003037,0.002363
"ENSG00000135801",0.4308,8.9883,0.0004679,0.003448
"ENSG00000135821",2.9228,13.5769,5.536e-18,3.006e-16
"ENSG00000135823",0.4582,9.9606,0.0004747,0.003493
"ENSG00000135828",0.0638,9.0897,0.601,0.801
"ENSG00000135829",-0.0215,11.8357,0.7838,0.9065
"ENSG00000135835",-0.0135,9.1296,0.911,0.9631
"ENSG00000135837",0.0795,11.4374,0.3418,0.5901
"ENSG00000135838",0.6409,7.7456,0.01633,0.06757
"ENSG00000135842",-0.745,11.079,4.371e-13,1.46e-11
"ENSG00000135845",0.2988,9.0114,0.02766,0.1023
"ENSG00000135847",-0.3349,9.7764,0.0009048,0.006132
"ENSG00000135862",0.8073,15.0019,3.107e-15,1.291e-13
"ENSG00000135870",0.2113,9.7661,0.06218,0.189
"ENSG00000135899",0.5031,9.5565,0.0009446,0.006384
"ENSG00000135900",0.059,9.0112,0.6405,0.8269
"ENSG00000135905",0.0235,9.4595,0.8528,0.9395
"ENSG00000135912",0.0393,8.6788,0.8037,0.916
"ENSG00000135913",-0.2739,8.1487,0.2042,0.4329
"ENSG00000135914",-0.338,7.1689,0.579,0.7864
"ENSG00000135916",-0.0246,11.9328,0.749,0.8896
"ENSG00000135917",1.3083,7.6669,4.771e-05,0.0004552
"ENSG00000135919",-0.6245,13.1093,2.641e-09,5.519e-08
"ENSG00000135924",-0.2335,11.0045,0.005457,0.02808
"ENSG00000135926",0.5329,12.3925,2.658e-07,4.038e-06
"ENSG00000135929",-0.0601,10.3238,0.544,0.7613
"ENSG00000135930",0.2339,10.3329,0.009467,0.04396
"ENSG00000135931",0.4995,10.1838,0.001505,0.009437
"ENSG00000135932",0.2985,10.8681,0.004951,0.02592
"ENSG00000135940",0.0913,10.29,0.3957,0.6415
"ENSG00000135945",-0.1991,9.2058,0.09163,0.2487
"ENSG00000135951",-0.2072,7.5487,0.5228,0.7444
"ENSG00000135953",0.0557,8.535,0.7385,0.884
"ENSG00000135956",0.3411,11.3242,6.864e-05,0.0006312
"ENSG00000135966",0.1727,9.7531,0.08191,0.2301
"ENSG00000135968",-0.1025,10.5846,0.2302,0.4661
"ENSG00000135972",-0.1196,8.5956,0.4226,0.6671
"ENSG00000135974",-0.0633,9.505,0.545,0.762
"ENSG00000135976",-0.5373,9.195,1.071e-05,0.0001193
"ENSG00000135999",-0.1213,9.6489,0.2312,0.4673
"ENSG00000136002",-0.328,7.4288,0.4059,0.6516
"ENSG00000136003",-0.083,11.4163,0.399,0.6452
"ENSG00000136010",-0.2697,11.1672,0.01241,0.05443
"ENSG00000136014",0.5058,8.6873,0.0009881,0.00661
"ENSG00000136021",-0.0156,10.4202,0.8653,0.9444
"ENSG00000136026",-0.2418,12.0666,0.006411,0.03203
"ENSG00000136040",-0.0236,12.1021,0.7911,0.9101
"ENSG00000136044",-0.052,11.3709,0.6317,0.8214
"ENSG00000136045",0.156,10.1124,0.1002,0.2658
"ENSG00000136048",-0.2657,12.4569,0.01913,0.07662
"ENSG00000136051",0.354,11.1512,0.000394,0.002962
"ENSG00000136052",-0.9899,9.016,1.446e-13,5.102e-12
"ENSG00000136059",-0.2328,8.3691,0.1651,0.3783
"ENSG00000136068",0.4499,11.0446,0.008132,0.03892
"ENSG00000136098",0.1857,8.6674,0.253,0.4956
"ENSG00000136100",0.2743,9.9637,0.005381,0.02776
"ENSG00000136104",-0.0987,8.8627,0.488,0.7198
"ENSG00000136108",-0.3189,9.1486,0.01287,0.05599
"ENSG00000136111",0.5496,9.7802,0.0001899,0.001559
"ENSG00000136114",0.3239,8.1699,0.1348,0.3291
"ENSG00000136122",0.3403,7.75,0.1853,0.4072
"ENSG00000136141",-0.612,9.456,1.255e-07,2.017e-06
"ENSG00000136143",-0.059,9.8095,0.5752,0.7837
"ENSG00000136144",-0.2255,10.1044,0.05492,0.1719
"ENSG00000136146",0.1732,9.2609,0.1437,0.3443
"ENSG00000136147",0.1686,9.4284,0.1436,0.344
"ENSG00000136149",0.0237,10.3587,0.821,0.9242
"ENSG00000136152",-0.0367,9.509,0.7314,0.8799
"ENSG00000136153",0.3773,11.6164,0.02347,0.09019
"ENSG00000136156",0.5137,13.8635,3.722e-10,8.626e-09
"ENSG00000136158",0.6257,8.7512,1.838e-05,0.0001945
"ENSG00000136159",-0.0441,8.4887,0.8034,0.9158
"ENSG00000136160",0.5707,9.5078,0.000256,0.002035
"ENSG00000136161",0.2112,8.9561,0.1007,0.2666
"ENSG00000136167",-1.0721,7.0193,0.2271,0.4622
"ENSG00000136169",-0.0206,9.317,0.8593,0.9423
"ENSG00000136193",0.4296,12.3093,4.946e-07,7.096e-06
"ENSG00000136197",0.0018,7.0871,0.998,0.9991
"ENSG00000136205",-0.0363,13.1031,0.7793,0.9046
"ENSG00000136206",0.0243,7.2787,0.9593,0.9842
"ENSG00000136213",0.3076,9.1271,0.03184,0.114
"ENSG00000136231",0.265,8.6891,0.07545,0.2168
"ENSG00000136235",-0.404,14.6839,1.905e-06,2.461e-05
"ENSG00000136237",2.6503,7.8987,2.278e-13,7.885e-12
"ENSG00000136238",0.3306,12.3122,2.206e-05,0.000229
"ENSG00000136240",0.005,12.2188,0.9627,0.9855
"ENSG00000136243",0.0837,8.7819,0.568,0.7788
"ENSG00000136244",-0.7512,8.119,0.01686,0.06925
"ENSG00000136247",0.0848,9.37,0.446,0.6859
"ENSG00000136261",-0.5795,9.0308,0.0001126,0.0009815
"ENSG00000136267",-3.1208,7.0403,0.0005962,0.004269
"ENSG00000136270",0.5203,9.5664,6.401e-07,8.975e-06
"ENSG00000136271",0.1764,9.8826,0.07078,0.2073
"ENSG00000136273",0.0339,8.6937,0.8097,0.9192
"ENSG00000136274",-0.1809,9.5978,0.2351,0.4723
"ENSG00000136279",0.0171,11.0069,0.8732,0.9465
"ENSG00000136280",0.0695,9.7271,0.4972,0.7262
"ENSG00000136295",-0.7592,11.178,5.161e-13,1.698e-11
"ENSG00000136319",-0.1842,8.6863,0.2041,0.4329
"ENSG00000136367",-0.6587,7.7169,0.01202,0.05308
"ENSG00000136371",-0.0393,7.2036,0.9458,0.977
"ENSG00000136378",0.741,10.8781,1.659e-07,2.62e-06
"ENSG00000136379",0.6039,9.4355,9.729e-07,1.315e-05
"ENSG00000136381",0.0625,10.3669,0.4966,0.7256
"ENSG00000136383",2.7883,7.704,6.481e-10,1.468e-08
"ENSG00000136404",0.2609,8.0243,0.2383,0.4768
"ENSG00000136425",-0.4199,7.6742,0.1397,0.3378
"ENSG00000136436",1.1354,11.5915,5.333e-23,4.579e-21
"ENSG00000136444",-0.2843,9.3043,0.02854,0.1048
"ENSG00000136448",0.0466,11.6698,0.5854,0.7906
"ENSG00000136449",0.0619,7.4771,0.8565,0.9408
"ENSG00000136450",-0.0151,11.0616,0.8756,0.9478
"ENSG00000136451",0.1676,10.8687,0.07583,0.2176
"ENSG00000136457",-0.2876,7.2462,0.5726,0.7819
"ENSG00000136463",-0.0776,8.7246,0.595,0.7964
"ENSG00000136478",1.4658,11.7459,2.788e-55,1.289e-52
"ENSG00000136485",0.112,10.9432,0.2372,0.4751
"ENSG00000136490",-0.1992,7.8191,0.4046,0.6503
"ENSG00000136492",0.1852,7.8885,0.4644,0.7001
"ENSG00000136504",-0.1794,9.692,0.09546,0.2564
"ENSG00000136514",-0.491,7.7227,0.06994,0.2055
"ENSG00000136518",-0.0098,9.1319,0.933,0.9726
"ENSG00000136521",0.0276,9.9089,0.7839,0.9065
"ENSG00000136522",0.1077,9.0085,0.4144,0.6596
"ENSG00000136527",-0.0317,10.5875,0.7442,0.8872
"ENSG00000136531",-0.865,8.7485,1.38e-07,2.199e-06
"ENSG00000136536",-0.069,10.7254,0.4785,0.712
"ENSG00000136542",-0.2488,11.4048,0.0203,0.08048
"ENSG00000136546",1.3687,12.078,5.66e-28,7.187e-26
"ENSG00000136560",0.5396,10.4213,8.795e-08,1.444e-06
"ENSG00000136603",-0.1463,10.0229,0.1182,0.2994
"ENSG00000136628",-0.2786,11.483,0.004104,0.0221
"ENSG00000136630",0.3222,9.0119,0.01515,0.06367
"ENSG00000136631",-0.1773,9.828,0.08666,0.2394
"ENSG00000136636",-0.2184,10.801,0.07594,0.2178
"ENSG00000136643",-0.2609,9.8249,0.01487,0.06269
"ENSG00000136653",0.1774,8.6311,0.3176,0.5662
"ENSG00000136682",0.0734,9.5964,0.5654,0.7765
"ENSG00000136699",-0.0262,10.4425,0.7651,0.8975
"ENSG00000136709",0.2268,10.1496,0.0336,0.1186
"ENSG00000136710",-0.0586,9.7068,0.6213,0.8149
"ENSG00000136715",-0.2786,9.7059,0.02378,0.09115
"ENSG00000136717",-0.5616,9.8214,2.511e-05,0.0002577
"ENSG00000136718",0.288,9.4609,0.01434,0.06093
"ENSG00000136720",0.4992,10.6837,0.001082,0.007149
"ENSG00000136731",-0.0683,11.4866,0.5356,0.7545
"ENSG00000136732",-0.3362,10.4972,0.006469,0.03223
"ENSG00000136738",-0.1665,10.0003,0.1227,0.3074
"ENSG00000136754",0.1817,10.3894,0.08047,0.227
"ENSG00000136758",0.0636,11.7583,0.4124,0.6583
"ENSG00000136770",-0.0901,9.5293,0.4198,0.6642
"ENSG00000136783",0.5149,8.8702,0.0001743,0.001444
"ENSG00000136802",-0.0915,10.6005,0.3237,0.5716
"ENSG00000136807",0.2005,10.0144,0.04899,0.1583
"ENSG00000136810",0.0104,11.5399,0.924,0.9682
"ENSG00000136811",-0.0761,9.4587,0.4742,0.7084
"ENSG00000136813",0.3077,11.5679,0.001386,0.008818
"ENSG00000136816",0.2246,9.9434,0.06223,0.1891
"ENSG00000136819",0.0942,10.007,0.3517,0.5991
"ENSG00000136824",-0.1146,9.5197,0.2948,0.5429
"ENSG00000136826",-0.8025,10.4442,2.992e-07,4.504e-06
"ENSG00000136827",0.2554,10.1879,0.01119,0.05028
"ENSG00000136828",-0.4365,8.1013,0.02711,0.101
"ENSG00000136830",0.6591,14.1107,3.439e-13,1.17e-11
"ENSG00000136840",0.2681,9.1743,0.02398,0.09169
"ENSG00000136842",-0.3574,7.9152,0.1768,0.3955
"ENSG00000136848",-0.2369,10.7857,0.05684,0.1768
"ENSG00000136854",-0.0822,10.567,0.456,0.6936
"ENSG00000136856",-0.0319,8.3203,0.8502,0.9381
"ENSG00000136859",-0.8771,12.6267,8.382e-11,2.071e-09
"ENSG00000136861",-0.2628,10.874,0.006357,0.03181
"ENSG00000136866",-0.4,7.7865,0.1134,0.291
"ENSG00000136867",0.4333,7.0442,0.5972,0.7975
"ENSG00000136868",0.4151,10.2823,7.62e-05,0.0006932
"ENSG00000136869",0.516,8.8084,0.04739,0.1544
"ENSG00000136870",-0.2736,9.0273,0.04524,0.149
"ENSG00000136874",0.1077,9.0546,0.3782,0.6248
"ENSG00000136875",-0.0133,9.4369,0.905,0.9612
"ENSG00000136877",0.6366,10.2658,4.134e-12,1.213e-10
"ENSG00000136878",-0.1903,9.5158,0.07055,0.2069
"ENSG00000136888",-0.1536,10.3111,0.09703,0.2595
"ENSG00000136891",0.0094,9.6866,0.9265,0.9696
"ENSG00000136895",-0.3848,7.7146,0.1604,0.3708
"ENSG00000136897",0.1602,8.8021,0.2681,0.5128
"ENSG00000136908",0.1841,9.1782,0.1383,0.3354
"ENSG00000136925",-0.381,8.9263,0.003046,0.0172
"ENSG00000136928",1.2987,8.2297,0.03495,0.1224
"ENSG00000136930",-0.1693,11.1074,0.04305,0.1436
"ENSG00000136932",-0.1379,8.3526,0.4111,0.657
"ENSG00000136933",-0.0046,9.097,0.974,0.9895
"ENSG00000136935",-0.0787,9.8148,0.4278,0.6711
"ENSG00000136936",-0.1449,8.6003,0.3507,0.5983
"ENSG00000136937",-0.2298,9.9731,0.0439,0.1457
"ENSG00000136938",0.0993,11.3204,0.3259,0.5743
"ENSG00000136940",0.0263,9.3242,0.8612,0.9428
"ENSG00000136942",-0.0607,12.2448,0.5765,0.7847
"ENSG00000136950",-0.0065,9.1205,0.9557,0.9829
"ENSG00000136960",-1.075,9.2253,2.703e-13,9.266e-12
"ENSG00000136982",0.015,7.9334,0.9449,0.9765
"ENSG00000136986",0.3172,10.5329,0.0008855,0.006025
"ENSG00000136997",0.8428,9.8405,1.658e-13,5.793e-12
"ENSG00000136999",-2.5524,9.0204,2.009e-44,5.49e-42
"ENSG00000137033",-0.2726,10.02,0.04579,0.1505
"ENSG00000137038",0.1139,9.0519,0.3652,0.6126
"ENSG00000137040",-0.11,9.3665,0.3935,0.6391
"ENSG00000137054",-0.1902,9.2619,0.1497,0.3549
"ENSG00000137055",-0.0478,9.6179,0.673,0.8463
"ENSG00000137070",-0.2198,9.0274,0.1043,0.2743
"ENSG00000137073",0.0267,9.8806,0.8328,0.9307
"ENSG00000137074",-0.1227,9.2469,0.3397,0.588
"ENSG00000137075",0.2337,10.1092,0.05977,0.1835
"ENSG00000137076",0.5555,14.2509,1.862e-08,3.46e-07
"ENSG00000137094",-0.2748,9.0152,0.05688,0.1769
"ENSG00000137098",-0.6848,7.4323,0.0609,0.1861
"ENSG00000137100",-0.1548,9.9272,0.1814,0.402
"ENSG00000137101",-0.1508,7.6787,0.6086,0.8068
"ENSG00000137103",0.0666,9.5284,0.5357,0.7545
"ENSG00000137106",0.1388,10.4126,0.1515,0.3579
"ENSG00000137124",0.9608,9.6871,5.226e-07,7.449e-06
"ENSG00000137133",-0.1099,8.2219,0.5643,0.7757
"ENSG00000137135",0.2078,7.3588,0.6191,0.8133
"ENSG00000137145",0.0712,10.7656,0.5444,0.7616
"ENSG00000137154",-0.079,14.5594,0.4122,0.6582
"ENSG00000137161",0.013,9.5492,0.9071,0.9615
"ENSG00000137166",0.1621,9.1176,0.2031,0.4316
"ENSG00000137168",-0.1453,8.7605,0.4601,0.6973
"ENSG00000137171",-0.2694,9.0056,0.06365,0.192
"ENSG00000137177",0.1658,12.1851,0.03013,0.1091
"ENSG00000137185",-0.2705,8.202,0.1792,0.399
"ENSG00000137193",-0.8522,9.8263,2.093e-09,4.446e-08
"ENSG00000137198",0.2758,8.5659,0.1651,0.3784
"ENSG00000137200",0.0563,10.4962,0.5545,0.7688
"ENSG00000137203",-1.1192,7.7539,0.0002575,0.002046
"ENSG00000137207",0.082,11.2605,0.3012,0.5501
"ENSG00000137210",0.0639,9.2857,0.5807,0.7874
"ENSG00000137216",-0.2529,10.0667,0.0487,0.1576
"ENSG00000137218",0.0678,7.9094,0.7663,0.8978
"ENSG00000137221",0.0687,9.6884,0.4971,0.7261
"ENSG00000137261",-1.4535,7.0417,0.09176,0.249
"ENSG00000137265",1.0633,8.591,4.786e-05,0.0004561
"ENSG00000137266",-1.3709,8.2625,5.518e-13,1.806e-11
"ENSG00000137267",0.0329,9.3707,0.8687,0.9449
"ENSG00000137269",0.681,8.0671,0.000627,0.004466
"ENSG00000137273",-0.7589,11.2154,5.56e-08,9.521e-07
"ENSG00000137274",-0.3467,8.0805,0.07747,0.221
"ENSG00000137275",0.0569,10.1895,0.5462,0.7629
"ENSG00000137285",-0.0718,8.8813,0.7382,0.8839
"ENSG00000137288",-0.4035,8.995,0.01108,0.04995
"ENSG00000137309",-0.4663,11.7275,3.142e-05,0.000313
"ENSG00000137310",-0.4223,8.2644,0.01528,0.06411
"ENSG00000137312",0.2077,11.7754,0.01239,0.05439
"ENSG00000137331",-1.2975,8.2159,1.708e-09,3.669e-08
"ENSG00000137337",-0.0613,9.3303,0.5955,0.7965
"ENSG00000137338",-0.0071,8.4242,0.9651,0.9863
"ENSG00000137343",-0.7859,8.3885,1.19e-06,1.59e-05
"ENSG00000137364",-0.3712,9.0569,0.02185,0.08516
"ENSG00000137393",2.1248,8.2565,8.037e-20,5.309e-18
"ENSG00000137404",-0.5453,8.2368,0.001871,0.01137
"ENSG00000137409",-0.087,12.0822,0.2574,0.5016
"ENSG00000137411",0.1641,9.1346,0.197,0.4237
"ENSG00000137413",0.1078,9.1843,0.3831,0.6295
"ENSG00000137414",0.0901,10.9104,0.4322,0.6748
"ENSG00000137434",-0.483,7.0869,0.4916,0.7225
"ENSG00000137449",0.2517,9.3081,0.03341,0.1181
"ENSG00000137460",-0.1751,7.2755,0.7393,0.8842
"ENSG00000137462",-0.4083,7.4456,0.3146,0.5635
"ENSG00000137463",0.4856,8.1332,0.07533,0.2166
"ENSG00000137478",0.2333,9.6508,0.04468,0.1477
"ENSG00000137486",-0.2384,8.7022,0.1085,0.2821
"ENSG00000137492",0.0356,10.0466,0.7226,0.8752
"ENSG00000137494",-0.0451,8.9062,0.7275,0.878
"ENSG00000137496",-0.1642,7.9291,0.4712,0.7058
"ENSG00000137497",-0.2594,12.0591,0.00629,0.03152
"ENSG00000137500",-0.2639,10.0723,0.006946,0.03427
"ENSG00000137501",-0.8366,9.9792,0.01263,0.05519
"ENSG00000137502",-0.1083,9.9029,0.3231,0.5709
"ENSG00000137504",0.0441,10.4483,0.6548,0.8355
"ENSG00000137507",-0.1443,11.6354,0.123,0.3079
"ENSG00000137509",0.1131,11.6361,0.2505,0.4926
"ENSG00000137513",-0.1369,8.4102,0.3969,0.6429
"ENSG00000137522",-0.1278,9.0424,0.292,0.5403
"ENSG00000137547",0.3924,9.0984,0.001304,0.008366
"ENSG00000137561",1.6148,7.0194,0.08652,0.2392
"ENSG00000137563",0.402,8.7566,0.003829,0.0208
"ENSG00000137573",0.3169,13.8063,0.003758,0.02049
"ENSG00000137574",-0.0146,9.0791,0.9117,0.9635
"ENSG00000137575",-0.2273,12.6364,0.03786,0.1301
"ENSG00000137601",-0.1793,9.8643,0.132,0.3243
"ENSG00000137628",-0.252,9.3448,0.05291,0.1676
"ENSG00000137642",-1.5625,7.2366,0.01035,0.04728
"ENSG00000137656",-0.2926,8.4928,0.05699,0.1771
"ENSG00000137672",1.9543,9.5419,8.417e-39,1.686e-36
"ENSG00000137673",4.7331,6.9511,0.0003325,0.002563
"ENSG00000137691",0.0601,7.8969,0.7915,0.9105
"ENSG00000137692",0.1866,8.9828,0.1412,0.3403
"ENSG00000137693",0.3482,12.0785,7.966e-05,0.0007208
"ENSG00000137700",-0.2283,8.4319,0.1519,0.3582
"ENSG00000137710",-0.0211,11.1329,0.8238,0.9257
"ENSG00000137713",0.0293,9.9418,0.839,0.933
"ENSG00000137714",0.0761,8.6896,0.6001,0.8
"ENSG00000137720",-0.149,8.2585,0.4514,0.6904
"ENSG00000137727",-0.456,10.3497,0.002183,0.013
"ENSG00000137752",-0.678,8.7844,3.292e-06,4.077e-05
"ENSG00000137760",0.0911,8.54,0.5806,0.7874
"ENSG00000137764",0.0907,9.5179,0.4842,0.7163
"ENSG00000137767",1.0336,10.0103,2.738e-19,1.714e-17
"ENSG00000137770",-0.0603,9.3791,0.6388,0.8258
"ENSG00000137776",0.0519,10.5116,0.6379,0.8257
"ENSG00000137801",1.8876,16.1007,6.254e-11,1.568e-09
"ENSG00000137802",0.24,9.5908,0.03193,0.1143
"ENSG00000137804",0.1646,8.1299,0.4022,0.6485
"ENSG00000137806",0.2612,8.6248,0.08687,0.2397
"ENSG00000137807",0.2474,8.1084,0.224,0.4579
"ENSG00000137809",-1.7211,10.033,5.341e-36,9.172e-34
"ENSG00000137812",0.0789,7.5591,0.8158,0.9222
"ENSG00000137814",-0.0879,9.1196,0.4591,0.6963
"ENSG00000137815",-0.0427,10.7662,0.6058,0.8052
"ENSG00000137817",0.0707,9.6429,0.5208,0.7431
"ENSG00000137818",0.0415,14.2319,0.6639,0.8413
"ENSG00000137819",0.0115,8.3796,0.9566,0.9835
"ENSG00000137821",-0.6409,8.7401,2.319e-06,2.948e-05
"ENSG00000137822",-0.1905,9.5283,0.08871,0.2433
"ENSG00000137824",0.1822,9.6354,0.07875,0.2239
"ENSG00000137825",-0.7948,7.1904,0.1559,0.3642
"ENSG00000137831",-0.4508,11.5199,7.784e-06,8.918e-05
"ENSG00000137834",-0.1164,8.8778,0.4776,0.7116
"ENSG00000137842",0.3927,8.2433,0.02737,0.1015
"ENSG00000137845",0.0609,11.8471,0.5092,0.7347
"ENSG00000137857",-0.0526,7.4463,0.8928,0.9554
"ENSG00000137860",-0.1364,7.005,0.8803,0.9499
"ENSG00000137869",1.2095,7.7861,9.769e-05,0.0008627
"ENSG00000137871",-0.0942,9.757,0.3836,0.63
"ENSG00000137872",-1.3719,8.826,2.87e-10,6.721e-09
"ENSG00000137876",0.0938,10.4223,0.3335,0.5826
"ENSG00000137877",0.4064,7.2672,0.3978,0.644
"ENSG00000137880",1.3264,8.0502,3.128e-10,7.307e-09
"ENSG00000137936",0.0896,9.5825,0.4001,0.6463
"ENSG00000137941",-0.1857,9.4006,0.1198,0.302
"ENSG00000137942",0.4237,9.5632,0.0008869,0.00603
"ENSG00000137944",0.0752,9.4608,0.5068,0.7333
"ENSG00000137947",0.0711,9.0074,0.5813,0.7878
"ENSG00000137955",0.1255,9.2806,0.3087,0.5575
"ENSG00000137959",1.8681,8.0185,1.543e-09,3.336e-08
"ENSG00000137960",1.5413,7.3009,0.0007913,0.005469
"ENSG00000137962",1.1557,12.0387,1.002e-22,8.446e-21
"ENSG00000137965",-0.8408,8.6172,1.524e-07,2.413e-06
"ENSG00000137970",-0.0647,12.4261,0.4243,0.6683
"ENSG00000137975",-0.6701,9.4932,8.414e-05,0.0007563
"ENSG00000137992",0.1744,9.7525,0.1155,0.2947
"ENSG00000137996",0.18,9.5239,0.08989,0.2456
"ENSG00000138002",-0.3613,9.5242,0.001431,0.009072
"ENSG00000138018",0.0644,8.9058,0.6389,0.8258
"ENSG00000138028",0.6826,8.6855,0.0001194,0.001034
"ENSG00000138029",0.1985,11.3888,0.05697,0.1771
"ENSG00000138030",0.9096,7.396,0.02934,0.107
"ENSG00000138031",0.5106,10.3029,7.223e-06,8.344e-05
"ENSG00000138032",0.7652,9.9666,9.186e-10,2.05e-08
"ENSG00000138035",0.1973,9.1669,0.1184,0.2997
"ENSG00000138036",0.2979,9.1934,0.02218,0.0862
"ENSG00000138039",1.2998,7.2485,0.0116,0.05168
"ENSG00000138041",0.0076,10.8582,0.933,0.9726
"ENSG00000138050",-0.3329,8.2847,0.06485,0.1944
"ENSG00000138061",0.0793,10.8087,0.6699,0.844
"ENSG00000138069",0.1807,11.7928,0.02116,0.08293
"ENSG00000138071",0.2938,12.3879,0.001812,0.01108
"ENSG00000138073",1.1014,10.7877,3.792e-25,3.953e-23
"ENSG00000138074",1.2073,9.2288,1.469e-19,9.562e-18
"ENSG00000138078",-0.6675,10.4265,4.145e-12,1.213e-10
"ENSG00000138080",0.235,13.6091,0.01191,0.05273
"ENSG00000138081",-0.0383,9.8439,0.7197,0.874
"ENSG00000138085",0.0332,10.7306,0.7579,0.8941
"ENSG00000138092",-0.5152,8.0995,0.0171,0.07002
"ENSG00000138095",-0.1525,11.1411,0.07891,0.2241
"ENSG00000138101",-0.5592,8.0067,0.01118,0.05026
"ENSG00000138107",0.1631,11.5529,0.06351,0.1917
"ENSG00000138111",0.0106,7.9566,0.9617,0.9851
"ENSG00000138119",0.295,13.9587,0.00226,0.01336
"ENSG00000138131",-0.0959,9.9567,0.3758,0.6222
"ENSG00000138134",-0.4714,8.6922,0.05937,0.1827
"ENSG00000138135",-1.6726,7.5422,4.484e-06,5.405e-05
"ENSG00000138138",0.1454,10.2685,0.1057,0.2767
"ENSG00000138160",-0.5473,8.3687,0.002194,0.01305
"ENSG00000138161",-0.1205,7.3223,0.79,0.9097
"ENSG00000138162",-0.0631,8.3689,0.7311,0.8797
"ENSG00000138166",1.2321,9.1293,2.616e-16,1.2e-14
"ENSG00000138172",0.0964,10.3328,0.364,0.611
"ENSG00000138175",0.0441,9.4966,0.6936,0.859
"ENSG00000138180",0.1137,7.6488,0.708,0.8668
"ENSG00000138182",-0.3952,8.4321,0.02967,0.1079
"ENSG00000138185",-0.3621,10.5747,0.0006394,0.00454
"ENSG00000138190",0.2538,9.0538,0.1794,0.3993
"ENSG00000138193",0.4444,8.9972,0.0006405,0.004542
"ENSG00000138207",0.5564,7.1167,0.3925,0.6382
"ENSG00000138231",0.0114,8.7873,0.9388,0.9746
"ENSG00000138246",1e-04,12.0706,0.9994,0.9997
"ENSG00000138279",-0.0396,10.9738,0.6727,0.8461
"ENSG00000138286",-0.2211,9.6321,0.03539,0.1234
"ENSG00000138293",-0.1015,12.003,0.2552,0.4984
"ENSG00000138297",0.2151,9.8751,0.02507,0.09493
"ENSG00000138303",-0.0765,9.307,0.5284,0.7486
"ENSG00000138311",-1.0278,8.1103,1.151e-05,0.0001271
"ENSG00000138316",-2.5072,9.6584,1.049e-49,3.638e-47
"ENSG00000138326",-0.0667,13.4374,0.4688,0.7039
"ENSG00000138336",-0.2513,7.9383,0.3594,0.6066
"ENSG00000138346",-0.2118,7.7725,0.4877,0.7196
"ENSG00000138347",-0.5319,7.2088,0.3253,0.5736
"ENSG00000138356",1.5543,11.965,7.96e-08,1.321e-06
"ENSG00000138363",0.1104,10.386,0.2645,0.5092
"ENSG00000138375",-0.2826,9.6564,0.005284,0.02737
"ENSG00000138376",0.2505,8.0207,0.2942,0.5426
"ENSG00000138378",-0.2476,7.1411,0.697,0.8609
"ENSG00000138379",1.212,8.0411,0.0001204,0.001042
"ENSG00000138380",-0.5741,8.7105,3.545e-05,0.0003484
"ENSG00000138381",0.2066,10.2589,0.05354,0.1688
"ENSG00000138382",0.4652,9.0456,0.001222,0.007901
"ENSG00000138385",0.807,10.9146,3.532e-18,1.966e-16
"ENSG00000138386",-0.4376,9.4293,0.0003492,0.002677
"ENSG00000138395",-0.3947,8.1181,0.1142,0.2924
"ENSG00000138398",-0.1149,10.5461,0.247,0.4882
"ENSG00000138399",-0.0659,8.4495,0.6831,0.8516
"ENSG00000138400",-0.9559,7.3854,0.0185,0.07467
"ENSG00000138411",-0.1196,7.5571,0.7116,0.8687
"ENSG00000138413",-0.0448,10.7635,0.609,0.807
"ENSG00000138430",-0.123,10.1623,0.1749,0.3926
"ENSG00000138433",-0.2005,9.9175,0.07,0.2056
"ENSG00000138434",-0.1203,11.7903,0.218,0.4503
"ENSG00000138439",-0.2946,8.363,0.1563,0.3649
"ENSG00000138442",-0.0724,9.2249,0.5619,0.7743
"ENSG00000138443",-0.2444,10.2985,0.0157,0.06553
"ENSG00000138448",0.1268,12.4343,0.1797,0.3995
"ENSG00000138449",0.2095,12.7322,0.2376,0.4757
"ENSG00000138459",0.3156,10.083,0.0009584,0.006453
"ENSG00000138463",0.2182,9.082,0.1549,0.3626
"ENSG00000138468",-0.7516,8.9947,6.497e-09,1.28e-07
"ENSG00000138483",3.7027,6.9937,0.001211,0.007842
"ENSG00000138495",0.1229,8.3258,0.4821,0.7148
"ENSG00000138496",-0.5084,10.0413,3.123e-07,4.685e-06
"ENSG00000138587",-0.6366,7.8825,0.005481,0.02815
"ENSG00000138592",0.0561,10.5151,0.5486,0.7646
"ENSG00000138593",0.0551,11.1067,0.5061,0.733
"ENSG00000138594",-0.0557,10.485,0.5664,0.7774
"ENSG00000138600",0.2027,9.9541,0.06331,0.1913
"ENSG00000138604",0.9219,10.6209,4.749e-21,3.511e-19
"ENSG00000138606",-0.2668,8.1197,0.1675,0.3813
"ENSG00000138613",0.0729,9.8037,0.5246,0.7456
"ENSG00000138614",-0.0051,9.488,0.9637,0.9859
"ENSG00000138615",1.3482,9.8715,1.321e-15,5.767e-14
"ENSG00000138617",-0.2081,8.5548,0.1812,0.4016
"ENSG00000138621",0.0246,7.9348,0.9097,0.9628
"ENSG00000138623",0.1945,8.8601,0.3131,0.5625
"ENSG00000138629",0.1373,9.8804,0.1913,0.4154
"ENSG00000138639",-0.1326,9.2514,0.2707,0.516
"ENSG00000138640",0.1229,9.9494,0.2583,0.5025
"ENSG00000138641",0.4347,9.6632,0.002951,0.01678
"ENSG00000138642",-0.3982,8.5026,0.009771,0.04513
"ENSG00000138646",-0.9175,7.8612,0.0001987,0.001623
"ENSG00000138650",-0.4528,8.3069,0.06172,0.1879
"ENSG00000138658",-0.9965,7.8085,5.952e-05,0.0005538
"ENSG00000138660",0.1968,8.7809,0.2218,0.455
"ENSG00000138663",-0.1355,9.7157,0.2637,0.5081
"ENSG00000138668",0.0092,10.8589,0.9238,0.9681
"ENSG00000138669",-1.702,8.6072,2.578e-15,1.081e-13
"ENSG00000138674",-0.1865,13.1463,0.01136,0.05086
"ENSG00000138675",-0.221,10.73,0.1113,0.2873
"ENSG00000138678",1.1751,8.1565,1.353e-08,2.553e-07
"ENSG00000138685",-0.1998,10.5188,0.04362,0.145
"ENSG00000138686",0.4858,9.6982,7.698e-06,8.848e-05
"ENSG00000138688",-0.1255,12.0823,0.1788,0.3986
"ENSG00000138696",0.9048,7.6368,0.002562,0.01488
"ENSG00000138698",0.113,10.3161,0.2107,0.4412
"ENSG00000138709",0.3229,8.732,0.01813,0.07347
"ENSG00000138735",-1.1788,12.6471,5.066e-38,9.616e-36
"ENSG00000138738",-0.1741,8.92,0.2414,0.4807
"ENSG00000138741",0.1459,7.2582,0.7645,0.8973
"ENSG00000138744",0.598,8.6521,0.0003605,0.002746
"ENSG00000138750",0.0382,9.6844,0.7099,0.8676
"ENSG00000138756",-0.609,9.5666,0.0004822,0.003539
"ENSG00000138757",0.0257,11.5938,0.7693,0.899
"ENSG00000138758",0.0936,14.486,0.4215,0.6661
"ENSG00000138759",0.708,7.3368,0.1846,0.4063
"ENSG00000138760",-0.0134,13.2401,0.8615,0.9428
"ENSG00000138764",-0.0707,10.6294,0.631,0.8212
"ENSG00000138767",0.0622,9.3548,0.5794,0.7868
"ENSG00000138768",0.2171,11.4054,0.03495,0.1224
"ENSG00000138769",-0.6907,7.1186,0.3076,0.5564
"ENSG00000138771",0.5022,10.3365,0.004628,0.0245
"ENSG00000138772",0.2649,7.8089,0.3053,0.5544
"ENSG00000138777",0.0045,9.3337,0.9709,0.989
"ENSG00000138778",-0.3288,8.4608,0.06367,0.192
"ENSG00000138780",-0.2203,8.3809,0.2118,0.4427
"ENSG00000138785",0.1117,8.4454,0.4925,0.7232
"ENSG00000138792",0.7976,7.3313,0.07507,0.2161
"ENSG00000138794",-0.1741,8.3674,0.3371,0.5857
"ENSG00000138795",0.2299,8.1499,0.2897,0.5382
"ENSG00000138796",0.018,9.5294,0.8904,0.9547
"ENSG00000138801",-0.1062,10.3886,0.2337,0.4702
"ENSG00000138802",0.4897,10.4716,8.128e-05,0.0007339
"ENSG00000138814",-0.0147,10.546,0.8701,0.945
"ENSG00000138821",0.0578,9.0248,0.6659,0.8422
"ENSG00000138829",1.9193,13.4283,9.409e-32,1.365e-29
"ENSG00000138834",-0.275,10.6081,0.01065,0.04836
"ENSG00000138835",-0.1005,10.1015,0.3182,0.5668
"ENSG00000138867",0.1642,10.9262,0.09641,0.2583
"ENSG00000138942",0.269,10.3068,0.01568,0.06548
"ENSG00000138944",-1.5864,8.5954,2.336e-11,6.167e-10
"ENSG00000139055",1.9538,7.2516,0.00018,0.001484
"ENSG00000139083",0.1439,9.5201,0.2449,0.4853
"ENSG00000139112",0.4604,12.6413,2.382e-07,3.662e-06
"ENSG00000139116",-0.2713,7.8894,0.26,0.5041
"ENSG00000139117",-0.1357,8.5196,0.3839,0.6302
"ENSG00000139131",-0.0226,8.5961,0.8912,0.9549
"ENSG00000139132",2.2289,10.1802,1.73e-86,2.836e-83
"ENSG00000139133",-0.1007,7.5115,0.7662,0.8978
"ENSG00000139146",0.4087,8.18,0.02416,0.09222
"ENSG00000139154",-0.2684,9.7354,0.008675,0.04102
"ENSG00000139160",-0.2005,7.9947,0.3722,0.6188
"ENSG00000139163",0.3467,9.647,0.01007,0.0462
"ENSG00000139168",-0.0963,9.8382,0.3435,0.5919
"ENSG00000139173",-0.6265,8.4555,0.0001001,0.0008806
"ENSG00000139174",0.1135,8.6826,0.4819,0.7146
"ENSG00000139178",0.2451,10.9469,0.01004,0.04607
"ENSG00000139180",0.1105,8.0664,0.593,0.7955
"ENSG00000139182",-0.2322,9.5067,0.07909,0.2244
"ENSG00000139187",-0.8344,7.1768,0.2071,0.4363
"ENSG00000139190",0.1015,9.2397,0.4609,0.6978
"ENSG00000139192",-0.3109,8.7382,0.02158,0.08431
"ENSG00000139193",-0.2054,7.1553,0.7333,0.8811
"ENSG00000139194",-0.1127,7.9858,0.6225,0.8154
"ENSG00000139197",0.018,9.9407,0.8555,0.9404
"ENSG00000139200",0.3876,9.3642,0.01066,0.04838
"ENSG00000139209",0.147,8.5932,0.4597,0.6967
"ENSG00000139211",0.3541,8.6326,0.04346,0.1446
"ENSG00000139218",0.0734,10.9597,0.4408,0.6821
"ENSG00000139220",1.0186,7.8018,0.0004377,0.003243
"ENSG00000139233",0.3588,8.5766,0.01916,0.0767
"ENSG00000139239",-0.152,11.095,0.2144,0.4459
"ENSG00000139263",-0.3215,11.0864,0.001608,0.009994
"ENSG00000139266",0.099,8.4797,0.5423,0.7597
"ENSG00000139269",-1.8323,7.2762,0.0001607,0.001342
"ENSG00000139278",-0.0656,10.7911,0.6313,0.8212
"ENSG00000139289",-0.992,11.0217,2.17e-32,3.207e-30
"ENSG00000139291",0.6959,9.4681,4.488e-06,5.406e-05
"ENSG00000139292",3.2019,6.9685,0.009798,0.04521
"ENSG00000139304",-0.0794,8.2062,0.7383,0.8839
"ENSG00000139318",-0.1106,8.4156,0.8243,0.9257
"ENSG00000139323",0.1373,8.7073,0.3735,0.62
"ENSG00000139324",-0.0279,10.2787,0.8151,0.9219
"ENSG00000139329",-0.8921,13.6421,4.744e-19,2.94e-17
"ENSG00000139343",-0.157,8.706,0.3115,0.5604
"ENSG00000139344",-0.5166,7.1757,0.4023,0.6486
"ENSG00000139350",0.06,9.3414,0.5963,0.797
"ENSG00000139351",-0.4355,7.078,0.5696,0.7799
"ENSG00000139354",-1.135,8.1869,1.367e-07,2.186e-06
"ENSG00000139364",-0.429,7.8627,0.07072,0.2072
"ENSG00000139370",0.2016,9.5225,0.07957,0.2253
"ENSG00000139372",0.0087,8.9929,0.9446,0.9765
"ENSG00000139405",-0.0487,8.4361,0.7635,0.8972
"ENSG00000139410",-0.8379,7.81,0.0005763,0.004144
"ENSG00000139428",-0.5396,8.0769,0.006767,0.0335
"ENSG00000139433",0.1959,10.2615,0.05298,0.1678
"ENSG00000139436",0.5121,10.1332,6.152e-07,8.673e-06
"ENSG00000139437",0.3802,9.1957,0.001865,0.01135
"ENSG00000139438",-0.4126,7.0375,0.6434,0.8291
"ENSG00000139496",0.2133,9.7551,0.04162,0.1399
"ENSG00000139505",-0.0024,9.9698,0.9831,0.9928
"ENSG00000139508",-0.1452,8.6659,0.3251,0.5733
"ENSG00000139514",-0.1353,9.5742,0.3115,0.5604
"ENSG00000139517",-0.0563,8.2719,0.7543,0.8922
"ENSG00000139531",-0.2632,9.0029,0.07435,0.2146
"ENSG00000139537",0.3125,7.4215,0.4058,0.6516
"ENSG00000139546",0.2656,9.0403,0.04834,0.1567
"ENSG00000139567",0.8485,10.0162,4.77e-19,2.946e-17
"ENSG00000139579",0.0328,9.1217,0.7841,0.9067
"ENSG00000139597",0.1539,8.5154,0.4949,0.7247
"ENSG00000139613",-0.1291,11.2798,0.1423,0.3419
"ENSG00000139618",-0.6268,7.7794,0.02632,0.09855
"ENSG00000139620",-0.0451,9.0531,0.7212,0.8748
"ENSG00000139624",0.4755,9.7512,6.29e-06,7.389e-05
"ENSG00000139625",-0.2524,10.7019,0.01234,0.05424
"ENSG00000139626",-0.4072,7.2522,0.4495,0.6888
"ENSG00000139629",-0.4737,8.3143,0.01575,0.06574
"ENSG00000139631",-0.2195,8.941,0.1003,0.2658
"ENSG00000139636",0.2789,9.7024,0.008338,0.03967
"ENSG00000139637",0.0163,9.118,0.8901,0.9546
"ENSG00000139641",0.0188,11.6828,0.8243,0.9257
"ENSG00000139644",0.3096,13.4401,1.289e-05,0.0001404
"ENSG00000139645",0.0956,10.7993,0.2588,0.5032
"ENSG00000139651",0.0372,9.9313,0.7253,0.8768
"ENSG00000139668",-0.4357,8.2601,0.03162,0.1134
"ENSG00000139675",0.2269,10.4136,0.02291,0.08844
"ENSG00000139679",0.2372,8.5549,0.1287,0.3183
"ENSG00000139684",0.0797,11.076,0.3267,0.5753
"ENSG00000139687",0.3212,10.4368,0.000558,0.004026
"ENSG00000139697",-0.0088,10.4555,0.9216,0.967
"ENSG00000139714",-0.0174,7.4544,0.9639,0.986
"ENSG00000139718",0.2296,10.1913,0.01828,0.07399
"ENSG00000139719",-0.0121,8.5967,0.936,0.9733
"ENSG00000139722",-0.0984,9.1532,0.4084,0.6543
"ENSG00000139725",0.588,7.2214,0.2578,0.502
"ENSG00000139726",0.0094,10.3678,0.9167,0.9658
"ENSG00000139734",0.5498,8.4292,0.001347,0.008611
"ENSG00000139746",-0.2024,9.9937,0.03528,0.1232
"ENSG00000139793",0.5089,10.8526,5.421e-08,9.336e-07
"ENSG00000139826",0.3569,9.0952,0.009853,0.0454
"ENSG00000139832",0.4929,8.014,0.02182,0.08507
"ENSG00000139835",0.3871,7.6833,0.1507,0.3568
"ENSG00000139842",0.1597,11.165,0.04515,0.1488
"ENSG00000139874",-0.1932,8.731,0.3921,0.638
"ENSG00000139880",-0.7425,8.3793,1.601e-05,0.0001719
"ENSG00000139890",0.1248,7.042,0.8785,0.9492
"ENSG00000139899",-0.2047,8.7127,0.2006,0.4285
"ENSG00000139908",-0.362,7.5494,0.2618,0.506
"ENSG00000139910",-0.5941,8.9363,4.713e-05,0.0004506
"ENSG00000139921",0.2958,10.3307,0.01343,0.05785
"ENSG00000139926",-0.0923,12.5928,0.3583,0.6053
"ENSG00000139946",-0.6791,9.1559,2.113e-06,2.704e-05
"ENSG00000139970",0.2029,7.663,0.4903,0.722
"ENSG00000139971",-0.5742,8.1191,0.01414,0.06032
"ENSG00000139974",-0.2288,9.133,0.06965,0.205
"ENSG00000139977",0.1313,9.5877,0.2564,0.5001
"ENSG00000139985",-0.3237,7.2663,0.5266,0.7473
"ENSG00000139990",-0.2398,10.4771,0.02387,0.0914
"ENSG00000139998",-0.1702,8.7907,0.2154,0.4474
"ENSG00000140006",-0.1007,7.7959,0.6831,0.8516
"ENSG00000140015",-1.4236,7.0789,0.09496,0.2553
"ENSG00000140022",-1.0516,8.6664,2.248e-08,4.116e-07
"ENSG00000140025",-0.483,7.9412,0.02999,0.1088
"ENSG00000140043",-0.2631,8.0136,0.2077,0.4371
"ENSG00000140044",-0.3275,10.5639,0.01047,0.04772
"ENSG00000140057",0.3047,7.0871,0.6738,0.8469
"ENSG00000140092",0.3238,13.2193,0.0001056,0.0009266
"ENSG00000140104",-0.3099,8.5036,0.05123,0.1633
"ENSG00000140105",-1.3053,11.2479,1.605e-21,1.237e-19
"ENSG00000140153",0.058,9.0373,0.6763,0.8478
"ENSG00000140157",0.1538,9.6712,0.1494,0.3543
"ENSG00000140181",-0.0562,11.4335,0.6201,0.8139
"ENSG00000140199",-0.1362,9.8189,0.2732,0.5187
"ENSG00000140259",-0.1779,9.9803,0.09607,0.2577
"ENSG00000140262",0.0473,11.5942,0.5974,0.7976
"ENSG00000140263",-0.2211,8.6769,0.1354,0.3303
"ENSG00000140264",0.0303,11.4774,0.7534,0.8917
"ENSG00000140265",-0.2831,9.439,0.01228,0.05402
"ENSG00000140280",0.1165,7.806,0.6479,0.8312
"ENSG00000140285",-0.178,13.184,0.1119,0.2883
"ENSG00000140299",0.2826,10.8968,0.002979,0.0169
"ENSG00000140307",0.0759,9.4579,0.497,0.7261
"ENSG00000140319",0.0178,12.1155,0.8142,0.9216
"ENSG00000140320",0.1309,9.4012,0.2319,0.4681
"ENSG00000140323",-0.4579,7.5491,0.2106,0.4411
"ENSG00000140326",-0.2477,9.0312,0.0445,0.1473
"ENSG00000140332",-0.4313,9.3141,0.0003964,0.002977
"ENSG00000140350",-0.4369,9.827,0.000125,0.001076
"ENSG00000140365",0.0548,9.8097,0.5902,0.7935
"ENSG00000140367",0.1975,10.4241,0.04735,0.1543
"ENSG00000140368",0.3271,7.248,0.5401,0.7583
"ENSG00000140374",0.3146,10.5327,0.001661,0.01027
"ENSG00000140379",-0.6924,7.3114,0.1306,0.3219
"ENSG00000140382",0.1693,9.9637,0.07558,0.217
"ENSG00000140386",0.0359,8.929,0.8038,0.916
"ENSG00000140391",0.0786,12.2363,0.3186,0.5673
"ENSG00000140395",-0.067,9.3772,0.5809,0.7874
"ENSG00000140396",-0.0598,10.6748,0.5183,0.7415
"ENSG00000140398",0.4628,8.4754,0.004431,0.02361
"ENSG00000140400",0.0321,10.8443,0.7616,0.8963
"ENSG00000140403",0.2688,7.9217,0.222,0.4552
"ENSG00000140406",0.4319,8.6947,0.004557,0.02416
"ENSG00000140416",0.5573,11.987,0.0004233,0.003154
"ENSG00000140443",0.5578,12.192,7.694e-08,1.282e-06
"ENSG00000140450",-0.73,10.4885,9.822e-10,2.177e-08
"ENSG00000140451",0.2026,8.2633,0.2952,0.5434
"ENSG00000140455",-0.4955,8.7715,0.0003361,0.002586
"ENSG00000140459",0.6301,7.4712,0.09965,0.2648
"ENSG00000140463",-0.0227,9.802,0.8505,0.9381
"ENSG00000140464",0.2774,10.6845,0.01658,0.06836
"ENSG00000140470",1.2517,7.0018,0.188,0.4112
"ENSG00000140471",-0.2295,8.1808,0.244,0.4842
"ENSG00000140474",0.356,9.0348,0.006361,0.03182
"ENSG00000140479",0.3165,7.6439,0.4523,0.6911
"ENSG00000140497",0.3101,10.565,0.0015,0.009414
"ENSG00000140511",1.4908,8.2686,7.143e-08,1.199e-06
"ENSG00000140521",0.1815,9.9738,0.1086,0.2825
"ENSG00000140525",0.1694,8.642,0.2327,0.4688
"ENSG00000140526",0.4244,10.8309,0.0003971,0.00298
"ENSG00000140534",-0.1878,7.6397,0.5726,0.7819
"ENSG00000140543",-0.5698,8.2742,0.005851,0.02969
"ENSG00000140545",1.1111,13.0896,2.231e-29,3.002e-27
"ENSG00000140548",-0.0577,8.8005,0.7326,0.8805
"ENSG00000140553",0.1377,10.7907,0.1691,0.3842
"ENSG00000140563",-0.1637,8.167,0.4989,0.7272
"ENSG00000140564",0.4964,11.3692,7.951e-07,1.092e-05
"ENSG00000140575",0.1933,12.8286,0.01311,0.05679
"ENSG00000140577",0.038,10.4559,0.6802,0.8498
"ENSG00000140598",-0.3397,9.275,0.004512,0.02397
"ENSG00000140600",-2.9298,7.1272,3.95e-05,0.000385
"ENSG00000140612",0.0826,11.2757,0.31,0.5588
"ENSG00000140632",-0.0735,10.3065,0.5188,0.7417
"ENSG00000140650",0.2527,8.4364,0.1148,0.2936
"ENSG00000140682",0.6205,10.9586,6.34e-07,8.904e-06
"ENSG00000140688",0.0312,9.83,0.8016,0.9152
"ENSG00000140691",-0.0657,8.4591,0.6984,0.8614
"ENSG00000140694",0.1429,10.1015,0.1272,0.3156
"ENSG00000140718",-0.1213,9.9924,0.234,0.4706
"ENSG00000140740",-0.0105,10.9731,0.9072,0.9615
"ENSG00000140743",0.4645,9.9296,7.987e-05,0.0007223
"ENSG00000140749",-0.9635,7.0421,0.2693,0.5144
"ENSG00000140750",-0.013,10.098,0.8918,0.9551
"ENSG00000140807",2.4286,7.9259,2.29e-22,1.868e-20
"ENSG00000140829",0.1481,10.4,0.1053,0.2761
"ENSG00000140830",0.1091,8.3003,0.5526,0.7676
"ENSG00000140836",0.0242,10.5639,0.8029,0.9155
"ENSG00000140848",0.1112,9.2376,0.3495,0.597
"ENSG00000140853",0.1795,9.2422,0.1133,0.2909
"ENSG00000140854",-0.0602,9.0411,0.6255,0.8174
"ENSG00000140859",0.2254,9.733,0.2163,0.4485
"ENSG00000140876",-0.3406,7.4527,0.3796,0.6263
"ENSG00000140905",-0.0673,8.3235,0.7028,0.8633
"ENSG00000140931",0.1652,9.7505,0.1418,0.3413
"ENSG00000140937",-0.1408,13.1975,0.2872,0.5359
"ENSG00000140939",-0.1084,8.8207,0.4436,0.6843
"ENSG00000140941",0.0162,11.8983,0.8556,0.9404
"ENSG00000140943",-0.053,11.9822,0.5039,0.7314
"ENSG00000140945",0.3306,9.7541,0.03816,0.1309
"ENSG00000140948",-0.2127,10.6152,0.03551,0.1237
"ENSG00000140950",0.2558,9.2796,0.03255,0.1159
"ENSG00000140961",0.0297,8.492,0.906,0.9613
"ENSG00000140983",0.0806,10.1716,0.4887,0.7204
"ENSG00000140987",-0.0583,8.745,0.669,0.8436
"ENSG00000140988",-0.0625,14.4129,0.5026,0.7304
"ENSG00000140990",0.0089,10.1228,0.9332,0.9726
"ENSG00000140992",0.0054,10.2643,0.9585,0.9842
"ENSG00000140993",0.194,7.3836,0.625,0.8172
"ENSG00000140995",0.2504,10.2292,0.01104,0.04983
"ENSG00000141002",-0.0999,11.1633,0.2568,0.5005
"ENSG00000141012",0.0834,9.6878,0.4445,0.6847
"ENSG00000141013",-0.0747,8.3034,0.6968,0.8609
"ENSG00000141026",-0.1815,8.6915,0.1905,0.4143
"ENSG00000141027",0.0547,11.5382,0.541,0.7591
"ENSG00000141030",-0.2684,9.6987,0.01102,0.04976
"ENSG00000141034",0.2378,9.478,0.07625,0.2186
"ENSG00000141040",-0.0499,8.382,0.7833,0.9065
"ENSG00000141052",0.6105,7.8954,0.0797,0.2255
"ENSG00000141068",-0.5752,9.1146,0.001643,0.01017
"ENSG00000141076",0.0782,9.6381,0.4987,0.7271
"ENSG00000141084",-0.0205,9.514,0.854,0.9398
"ENSG00000141098",-0.1811,8.793,0.2024,0.4308
"ENSG00000141101",-0.1437,9.3292,0.2196,0.4522
"ENSG00000141127",-0.4524,8.4441,0.01066,0.04838
"ENSG00000141140",0.1723,8.9379,0.1882,0.4114
"ENSG00000141141",-0.0835,9.4805,0.4723,0.7065
"ENSG00000141150",1.5624,8.2849,6.025e-16,2.703e-14
"ENSG00000141179",0.2245,8.5992,0.1429,0.3429
"ENSG00000141198",0.719,8.5132,2.193e-05,0.0002277
"ENSG00000141219",-0.1675,9.1499,0.1514,0.3578
"ENSG00000141232",0.138,10.1042,0.1603,0.3708
"ENSG00000141252",0.1091,10.3189,0.2257,0.4603
"ENSG00000141258",-0.2165,10.5713,0.0143,0.06083
"ENSG00000141279",-0.0288,12.0336,0.7938,0.9115
"ENSG00000141294",0.2443,7.2818,0.5947,0.7964
"ENSG00000141295",-0.2108,9.0772,0.1101,0.2852
"ENSG00000141298",1.233,11.0229,6.356e-13,2.065e-11
"ENSG00000141314",-0.8803,7.059,0.2705,0.5157
"ENSG00000141337",0.5336,9.2751,1.812e-05,0.0001922
"ENSG00000141338",0.0617,12.1017,0.5903,0.7936
"ENSG00000141349",0.1822,9.8059,0.09897,0.2636
"ENSG00000141367",0.0012,13.4062,0.9884,0.9952
"ENSG00000141376",0.0282,9.6671,0.826,0.9266
"ENSG00000141378",0.2272,8.5713,0.1409,0.3398
"ENSG00000141380",0.2142,10.7583,0.0153,0.06419
"ENSG00000141384",0.631,7.8565,0.01462,0.06183
"ENSG00000141385",0.1877,9.5749,0.1096,0.2844
"ENSG00000141391",-0.268,7.8376,0.264,0.5084
"ENSG00000141401",2.3269,9.4276,1.821e-47,5.449e-45
"ENSG00000141404",-0.0531,7.5405,0.8702,0.945
"ENSG00000141424",-0.1805,11.3991,0.03241,0.1156
"ENSG00000141425",0.1922,9.7172,0.1048,0.2753
"ENSG00000141428",-0.1005,8.5102,0.5149,0.7388
"ENSG00000141429",-0.1518,10.9044,0.07187,0.2095
"ENSG00000141431",-1.4885,7.4392,0.0001735,0.001438
"ENSG00000141437",0.0433,7.0883,0.9512,0.9803
"ENSG00000141441",0.2759,8.1785,0.1445,0.3457
"ENSG00000141446",0.1326,8.8682,0.3394,0.5878
"ENSG00000141447",-0.3724,10.9097,0.0004403,0.003257
"ENSG00000141448",-0.6056,8.1214,0.009852,0.0454
"ENSG00000141452",0.528,8.9107,0.0008243,0.005658
"ENSG00000141456",-0.1668,9.9667,0.08376,0.2338
"ENSG00000141458",0.8373,10.0968,7.296e-09,1.43e-07
"ENSG00000141469",-4.1248,7.5152,0.0002613,0.002071
"ENSG00000141480",-0.3489,8.3223,0.05438,0.1706
"ENSG00000141497",0.2373,7.1739,0.7106,0.8682
"ENSG00000141499",-0.0514,8.0484,0.8039,0.9161
"ENSG00000141503",-0.1093,10.9042,0.2107,0.4412
"ENSG00000141504",-0.2153,9.7895,0.04678,0.1529
"ENSG00000141505",-0.8729,7.1215,0.1984,0.4257
"ENSG00000141510",-0.4275,9.9209,2.517e-05,0.000258
"ENSG00000141519",-0.277,8.0493,0.2371,0.4751
"ENSG00000141522",0.4546,11.4018,1.57e-06,2.062e-05
"ENSG00000141526",0.4845,10.7257,0.24,0.4792
"ENSG00000141527",-0.739,7.1905,0.1896,0.4135
"ENSG00000141540",-0.6532,7.7264,0.01669,0.06863
"ENSG00000141542",-0.3429,8.8774,0.01664,0.06852
"ENSG00000141543",0.195,10.2768,0.0672,0.1997
"ENSG00000141551",-0.0369,11.4902,0.6791,0.8494
"ENSG00000141552",0.2255,9.7727,0.0282,0.1038
"ENSG00000141556",-0.0392,10.8515,0.6628,0.8408
"ENSG00000141560",-0.0446,9.3871,0.7088,0.8672
"ENSG00000141562",-0.2225,9.748,0.02585,0.09738
"ENSG00000141564",0.1423,9.7194,0.1786,0.3984
"ENSG00000141568",0.1588,9.843,0.1387,0.3361
"ENSG00000141569",-0.0214,9.0478,0.8852,0.9528
"ENSG00000141570",0.3192,8.3891,0.06732,0.1999
"ENSG00000141574",-0.6776,9.6642,1.201e-08,2.288e-07
"ENSG00000141576",0.7646,8.4428,0.001329,0.00852
"ENSG00000141577",-0.2108,8.4955,0.1731,0.3903
"ENSG00000141580",-0.0055,10.998,0.9593,0.9842
"ENSG00000141582",0.0585,9.0413,0.6767,0.8479
"ENSG00000141627",-0.0672,9.9593,0.5536,0.7685
"ENSG00000141642",-0.3161,7.9834,0.1557,0.3639
"ENSG00000141644",-0.1091,10.3252,0.2363,0.4741
"ENSG00000141646",0.2238,10.4337,0.04329,0.1442
"ENSG00000141655",-0.6227,7.1938,0.3155,0.5645
"ENSG00000141664",0.1316,8.9995,0.5283,0.7486
"ENSG00000141665",-0.4898,7.1182,0.451,0.6903
"ENSG00000141682",0.0044,8.0059,0.9869,0.9944
"ENSG00000141696",-0.1697,9.371,0.1454,0.3474
"ENSG00000141698",-0.0709,9.6799,0.4911,0.7225
"ENSG00000141699",0.2904,10.3238,0.006014,0.03039
"ENSG00000141720",-0.0974,11.2712,0.2611,0.5053
"ENSG00000141736",0.1549,11.0054,0.1164,0.2961
"ENSG00000141741",0.2395,8.9765,0.06507,0.1949
"ENSG00000141753",-0.2573,16.0636,0.005705,0.0291
"ENSG00000141756",-0.1246,12.6555,0.08499,0.2364
"ENSG00000141759",0.142,9.2704,0.2733,0.5188
"ENSG00000141837",-0.2596,8.6796,0.13,0.3209
"ENSG00000141854",0.1413,7.4598,0.6904,0.8569
"ENSG00000141858",-0.0558,8.9986,0.6764,0.8478
"ENSG00000141867",0.4585,10.7101,1.394e-05,0.0001512
"ENSG00000141873",0.0088,8.4854,0.9589,0.9842
"ENSG00000141905",0.1851,12.1339,0.02618,0.09819
"ENSG00000141933",0.1662,7.8418,0.4936,0.7242
"ENSG00000141934",-0.5289,7.6239,0.07307,0.2121
"ENSG00000141956",-0.2616,8.5319,0.1045,0.2749
"ENSG00000141959",0.026,11.7234,0.8683,0.9449
"ENSG00000141971",0.1882,9.1679,0.1159,0.2952
"ENSG00000141985",0.2263,10.845,0.01597,0.06646
"ENSG00000141994",0.0956,8.5673,0.582,0.7884
"ENSG00000142002",0.4429,10.5377,1.33e-06,1.764e-05
"ENSG00000142039",0.0343,9.5924,0.7499,0.8903
"ENSG00000142046",0.3259,8.1859,0.1222,0.3065
"ENSG00000142065",-0.4948,8.2309,0.009203,0.04306
"ENSG00000142082",-0.0462,9.0432,0.7,0.8621
"ENSG00000142089",0.0958,13.2824,0.1776,0.3965
"ENSG00000142102",0.447,9.6268,0.0001342,0.001147
"ENSG00000142149",-1.4505,7.503,7.693e-05,0.0006992
"ENSG00000142156",-0.1072,16.1926,0.1915,0.4157
"ENSG00000142166",-0.0735,11.2318,0.4033,0.6494
"ENSG00000142168",0.0877,11.7106,0.3087,0.5575
"ENSG00000142173",-0.1008,16.4216,0.2028,0.4313
"ENSG00000142178",0.1529,7.6343,0.6667,0.8423
"ENSG00000142186",0.0997,11.0751,0.2933,0.5418
"ENSG00000142188",0.3712,9.9483,0.01121,0.05032
"ENSG00000142192",-0.1394,14.6939,0.07095,0.2076
"ENSG00000142197",0.0615,8.9968,0.6999,0.8621
"ENSG00000142207",0.081,9.9478,0.4767,0.7107
"ENSG00000142208",0.2103,11.0853,0.02915,0.1065
"ENSG00000142227",-0.6089,11.2502,1.714e-09,3.674e-08
"ENSG00000142230",-0.0224,10.8493,0.8082,0.9181
"ENSG00000142233",-1.1494,7.1121,0.1006,0.2665
"ENSG00000142235",0.0063,7.184,0.9911,0.9964
"ENSG00000142252",0.1907,7.8755,0.4359,0.6782
"ENSG00000142279",0.6441,9.4822,1.075e-06,1.444e-05
"ENSG00000142303",-0.2798,9.1801,0.018,0.07304
"ENSG00000142327",0.6064,10.1615,2.648e-11,6.939e-10
"ENSG00000142330",0.2014,8.7105,0.176,0.3944
"ENSG00000142347",-0.4509,7.3587,0.2856,0.5339
"ENSG00000142396",-0.0983,8.4662,0.5491,0.7649
"ENSG00000142408",0.1097,7.7871,0.6879,0.8552
"ENSG00000142409",-0.1209,8.8141,0.3998,0.646
"ENSG00000142444",-0.0541,8.4593,0.7452,0.8877
"ENSG00000142453",-0.2117,10.5146,0.02875,0.1054
"ENSG00000142459",-0.3678,9.5771,0.0008976,0.006087
"ENSG00000142494",-0.7098,7.3595,0.09481,0.2551
"ENSG00000142507",-0.157,10.1484,0.09475,0.2549
"ENSG00000142528",-0.0811,8.3105,0.6415,0.8276
"ENSG00000142534",-0.0562,13.9196,0.5211,0.7433
"ENSG00000142541",-0.0736,14.9322,0.426,0.6698
"ENSG00000142544",0.5493,7.5494,0.09351,0.2524
"ENSG00000142546",0.066,9.3992,0.5694,0.7798
"ENSG00000142552",-0.0936,10.9239,0.3215,0.5696
"ENSG00000142556",-0.1842,8.5227,0.2169,0.4492
"ENSG00000142583",-0.1651,8.0687,0.8078,0.9179
"ENSG00000142599",0.0963,11.6309,0.342,0.5903
"ENSG00000142611",-0.2909,7.7005,0.2875,0.536
"ENSG00000142627",-0.132,7.7987,0.5855,0.7907
"ENSG00000142632",1.0167,7.9342,1.72e-05,0.0001832
"ENSG00000142634",0.4154,9.5566,6.972e-05,0.0006395
"ENSG00000142655",0.0289,8.9816,0.8304,0.9294
"ENSG00000142657",-0.0135,11.6108,0.9224,0.9673
"ENSG00000142669",-0.0379,10.9562,0.664,0.8413
"ENSG00000142676",-0.0935,13.5853,0.2794,0.5266
"ENSG00000142677",1.1222,7.232,0.04321,0.144
"ENSG00000142686",-0.0247,9.7146,0.81,0.9194
"ENSG00000142687",-0.053,11.0551,0.614,0.8101
"ENSG00000142694",-0.0176,9.2719,0.9049,0.9612
"ENSG00000142700",0.2895,7.2338,0.5872,0.7913
"ENSG00000142731",-0.6918,7.3951,0.0811,0.2283
"ENSG00000142733",0.3453,9.9587,0.001959,0.01185
"ENSG00000142751",0.2266,9.6276,0.0408,0.1378
"ENSG00000142784",0.2147,10.8222,0.02752,0.1019
"ENSG00000142794",0.4631,10.1781,0.0007051,0.004947
"ENSG00000142798",0.0354,13.7566,0.8198,0.9236
"ENSG00000142856",-0.1242,8.4887,0.4673,0.7026
"ENSG00000142864",0.4268,12.4314,1.081e-05,0.0001203
"ENSG00000142867",-0.0189,9.0359,0.8809,0.9501
"ENSG00000142871",1.7404,12.0788,1.053e-08,2.011e-07
"ENSG00000142875",-0.5919,10.2219,1.208e-09,2.65e-08
"ENSG00000142892",0.1439,10.5226,0.1902,0.4141
"ENSG00000142910",0.9456,8.0536,8.363e-06,9.532e-05
"ENSG00000142920",-0.1873,7.699,0.493,0.7237
"ENSG00000142937",-0.0688,13.9949,0.4321,0.6748
"ENSG00000142945",0.1403,7.432,0.7043,0.8644
"ENSG00000142949",-0.2804,11.1752,0.0842,0.2348
"ENSG00000142961",0.0938,9.1255,0.4973,0.7262
"ENSG00000143013",-0.3836,10.7307,2.676e-05,0.0002722
"ENSG00000143028",1.22,7.9832,1.555e-07,2.46e-06
"ENSG00000143033",-0.3075,8.3696,0.07502,0.216
"ENSG00000143036",0.5618,8.1179,0.003784,0.0206
"ENSG00000143061",-0.7087,7.0432,0.3876,0.6333
"ENSG00000143067",-0.7522,8.6362,2.32e-06,2.948e-05
"ENSG00000143079",0.2433,10.6832,0.05084,0.1625
"ENSG00000143093",-0.0152,10.2377,0.8689,0.945
"ENSG00000143106",0.4645,10.2672,1.013e-06,1.365e-05
"ENSG00000143110",0.1553,7.1443,0.797,0.9129
"ENSG00000143126",-0.0428,7.8091,0.8749,0.9475
"ENSG00000143127",3.8187,8.405,1.162e-17,6.036e-16
"ENSG00000143147",0.2296,9.5958,0.06284,0.1902
"ENSG00000143149",0.0158,11.259,0.8845,0.9524
"ENSG00000143153",0.65,8.7039,2.693e-05,0.0002738
"ENSG00000143155",0.1063,9.7105,0.3911,0.637
"ENSG00000143156",-0.1548,8.6737,0.3583,0.6054
"ENSG00000143157",0.2093,9.9902,0.03607,0.1251
"ENSG00000143158",-0.2467,9.1925,0.0462,0.1515
"ENSG00000143162",0.0472,11.7503,0.6153,0.8109
"ENSG00000143164",0.3266,11.456,0.000354,0.002709
"ENSG00000143178",0.1549,7.9372,0.4791,0.7124
"ENSG00000143179",0.3095,9.9308,0.02723,0.1012
"ENSG00000143183",0.1664,10.5521,0.06006,0.1842
"ENSG00000143190",-0.1189,9.0365,0.3572,0.6044
"ENSG00000143196",1.0502,10.5187,7.363e-12,2.055e-10
"ENSG00000143198",0.0447,10.6383,0.5971,0.7974
"ENSG00000143207",0.0371,9.4848,0.7811,0.9054
"ENSG00000143222",0.0047,9.9182,0.9609,0.9849
"ENSG00000143224",-0.0664,8.4157,0.6885,0.8554
"ENSG00000143226",-1.2148,7.3568,0.003549,0.01952
"ENSG00000143228",0.0888,7.2066,0.866,0.9446
"ENSG00000143248",-0.2788,8.1174,0.1659,0.3793
"ENSG00000143252",0.0997,10.7439,0.3188,0.5674
"ENSG00000143256",0.1189,8.9181,0.3728,0.6194
"ENSG00000143258",-0.3409,9.1113,0.01601,0.06654
"ENSG00000143294",-0.0469,9.8008,0.6711,0.8447
"ENSG00000143303",0.1403,8.8553,0.3218,0.5697
"ENSG00000143314",0.1062,9.3243,0.3969,0.6429
"ENSG00000143315",-0.0952,8.8465,0.5225,0.744
"ENSG00000143319",-0.0054,9.2187,0.9649,0.9863
"ENSG00000143320",-1.6366,10.5389,2.386e-31,3.335e-29
"ENSG00000143321",-0.1473,11.7845,0.1159,0.2952
"ENSG00000143322",0.5284,10.3696,6.009e-06,7.096e-05
"ENSG00000143324",-0.1362,10.2523,0.2992,0.5479
"ENSG00000143333",0.8682,7.2511,0.07855,0.2234
"ENSG00000143337",0.1218,11.8687,0.1423,0.342
"ENSG00000143341",-0.443,10.8847,0.0003573,0.002729
"ENSG00000143344",-1.075,10.2468,1.104e-16,5.278e-15
"ENSG00000143353",0.3153,8.6219,0.02824,0.1039
"ENSG00000143363",-0.0743,8.8803,0.6156,0.8111
"ENSG00000143367",-0.3116,8.5971,0.08634,0.239
"ENSG00000143368",0.1492,10.1655,0.102,0.2691
"ENSG00000143369",-0.1298,12.1802,0.1672,0.3812
"ENSG00000143373",-0.192,9.5064,0.08028,0.2266
"ENSG00000143374",-0.0566,8.9204,0.665,0.8417
"ENSG00000143376",0.0694,9.9607,0.5074,0.7336
"ENSG00000143379",-0.0226,9.2543,0.843,0.9348
"ENSG00000143382",0.8537,11.5532,6.052e-14,2.214e-12
"ENSG00000143384",0.5907,12.5527,5.7e-09,1.137e-07
"ENSG00000143387",-0.094,14.9597,0.3047,0.5539
"ENSG00000143390",-0.4558,9.6114,8.282e-05,0.0007464
"ENSG00000143393",-0.2597,10.9783,0.005808,0.02951
"ENSG00000143398",0.3864,10.5054,6.903e-06,8.01e-05
"ENSG00000143401",-0.2528,9.5651,0.02517,0.09527
"ENSG00000143409",-0.337,9.3766,0.009999,0.04597
"ENSG00000143412",-0.0635,7.9206,0.7823,0.9061
"ENSG00000143416",-0.6642,10.5715,4.194e-07,6.153e-06
"ENSG00000143418",0.1677,11.0279,0.08441,0.2353
"ENSG00000143420",-0.1321,10.6618,0.1368,0.3326
"ENSG00000143429",-0.3138,9.8619,0.003964,0.02144
"ENSG00000143434",0.8168,8.4762,1.113e-05,0.0001235
"ENSG00000143436",0.0253,8.6821,0.8803,0.9499
"ENSG00000143437",0.0322,11.0852,0.7065,0.8659
"ENSG00000143442",-0.2102,10.4925,0.01609,0.06684
"ENSG00000143443",-0.2847,8.0988,0.236,0.4736
"ENSG00000143450",-0.7138,7.0449,0.3896,0.6355
"ENSG00000143457",-0.1924,9.5749,0.08259,0.2315
"ENSG00000143458",0.2544,9.0952,0.04989,0.1605
"ENSG00000143466",-0.4554,8.5102,0.01395,0.05969
"ENSG00000143469",-0.6388,8.0601,0.002675,0.0154
"ENSG00000143476",-0.6922,7.2862,0.1493,0.3542
"ENSG00000143479",-0.1017,8.6798,0.4825,0.715
"ENSG00000143486",-0.1112,10.494,0.2432,0.483
"ENSG00000143493",-0.5815,8.9598,2.037e-05,0.0002132
"ENSG00000143494",-3.949,7.2493,1.213e-09,2.658e-08
"ENSG00000143498",-0.5636,7.9796,0.00885,0.04165
"ENSG00000143499",0.306,9.0449,0.01776,0.07222
"ENSG00000143507",-1.1849,8.931,5.63e-19,3.452e-17
"ENSG00000143512",-1.4546,7.1486,0.02392,0.09152
"ENSG00000143514",0.1365,10.3321,0.2971,0.5457
"ENSG00000143515",0.0374,13.0986,0.6743,0.847
"ENSG00000143537",0.0304,10.6769,0.7487,0.8895
"ENSG00000143543",0.1433,10.5579,0.1747,0.3922
"ENSG00000143545",0.1026,12.2709,0.245,0.4855
"ENSG00000143549",0.3654,12.0499,0.0001383,0.001177
"ENSG00000143553",-0.1235,9.436,0.2613,0.5054
"ENSG00000143554",0.1978,9.1117,0.1473,0.3508
"ENSG00000143569",0.1528,12.0253,0.05173,0.1645
"ENSG00000143570",0.3173,11.2402,0.000117,0.001016
"ENSG00000143575",-0.0555,10.0006,0.5668,0.7778
"ENSG00000143578",-0.0486,8.1935,0.8286,0.928
"ENSG00000143590",-0.2446,7.1637,0.6789,0.8493
"ENSG00000143612",0.2065,11.4453,0.01731,0.07072
"ENSG00000143614",0.0696,9.7091,0.5753,0.7837
"ENSG00000143621",-0.1521,10.7073,0.07749,0.221
"ENSG00000143622",-0.0652,9.0859,0.6058,0.8052
"ENSG00000143624",-0.1294,11.2395,0.1562,0.3647
"ENSG00000143630",-0.2179,7.975,0.3499,0.5974
"ENSG00000143631",-0.8678,8.6636,3.402e-06,4.201e-05
"ENSG00000143633",0.2484,8.1975,0.1773,0.3962
"ENSG00000143641",0.2308,12.0742,0.002241,0.01327
"ENSG00000143643",0.4269,8.6184,0.01432,0.06089
"ENSG00000143653",-0.0747,10.0995,0.4341,0.6763
"ENSG00000143669",-0.0356,10.1544,0.7807,0.9053
"ENSG00000143702",-0.4812,11.172,3.554e-07,5.266e-06
"ENSG00000143727",0.123,10.1886,0.198,0.4252
"ENSG00000143740",-0.4444,9.4559,5.503e-05,0.0005157
"ENSG00000143742",-0.0353,11.2974,0.7087,0.8672
"ENSG00000143748",-0.374,8.748,0.007529,0.03669
"ENSG00000143751",-0.1758,8.7329,0.2159,0.448
"ENSG00000143753",0.3906,11.3827,2.472e-06,3.124e-05
"ENSG00000143756",0.0801,10.0967,0.4342,0.6763
"ENSG00000143761",0.3118,12.523,0.0002151,0.001741
"ENSG00000143771",0.5091,10.308,7.956e-08,1.321e-06
"ENSG00000143772",-0.9077,10.4175,1.674e-09,3.61e-08
"ENSG00000143774",0.0815,11.1807,0.4076,0.6536
"ENSG00000143776",0.0202,11.2556,0.813,0.9205
"ENSG00000143786",-1.5196,7.8883,7.132e-11,1.779e-09
"ENSG00000143793",0.2452,8.3417,0.162,0.3738
"ENSG00000143797",-0.1849,9.9369,0.09798,0.2615
"ENSG00000143799",-0.0284,10.8236,0.7649,0.8973
"ENSG00000143801",0.1658,8.7885,0.2313,0.4674
"ENSG00000143811",0.3945,8.9285,0.002342,0.01379
"ENSG00000143815",0.0808,9.4976,0.5621,0.7744
"ENSG00000143816",-0.0902,8.2097,0.641,0.8275
"ENSG00000143819",-0.1057,11.3371,0.3691,0.6158
"ENSG00000143842",0.1817,8.4962,0.2422,0.4819
"ENSG00000143845",0.4344,8.4673,0.01117,0.05022
"ENSG00000143847",-0.6875,9.2728,0.1547,0.3624
"ENSG00000143850",-0.9728,9.5529,3.045e-07,4.579e-06
"ENSG00000143858",-0.2638,7.0573,0.7315,0.8799
"ENSG00000143862",0.3744,9.4276,0.000961,0.006461
"ENSG00000143867",0.0791,10.0445,0.8162,0.9223
"ENSG00000143869",1.8712,7.9758,4.288e-11,1.1e-09
"ENSG00000143870",-0.0988,11.6458,0.4073,0.6532
"ENSG00000143878",1.2126,11.6627,2.161e-15,9.192e-14
"ENSG00000143882",0.502,7.1686,0.39,0.6359
"ENSG00000143889",-0.2881,9.7839,0.005124,0.0267
"ENSG00000143891",-1.1169,9.4403,5.525e-23,4.721e-21
"ENSG00000143919",-0.394,7.9971,0.07728,0.2206
"ENSG00000143924",-0.2173,10.1334,0.06906,0.2035
"ENSG00000143933",0.0481,12.4439,0.6123,0.8095
"ENSG00000143942",1.0547,7.2315,0.03738,0.1288
"ENSG00000143947",0.0812,12.9384,0.356,0.6031
"ENSG00000143951",-0.1845,8.0816,0.3364,0.5852
"ENSG00000143952",-0.0197,9.6552,0.8707,0.9453
"ENSG00000143970",-0.0968,10.7098,0.3075,0.5563
"ENSG00000143971",0.2019,9.3503,0.0684,0.2022
"ENSG00000143977",0.1457,9.1692,0.2657,0.5102
"ENSG00000143994",0.6171,7.0442,0.4783,0.712
"ENSG00000143995",-0.2127,10.9592,0.0404,0.1368
"ENSG00000144021",-0.0612,10.4427,0.4956,0.7252
"ENSG00000144026",-0.2385,8.7057,0.1016,0.2683
"ENSG00000144028",-0.1849,12.1576,0.02461,0.09356
"ENSG00000144029",0.11,9.6876,0.295,0.5432
"ENSG00000144031",0.1546,7.8175,0.5138,0.738
"ENSG00000144034",-0.3835,8.3192,0.02708,0.1009
"ENSG00000144036",-0.3234,10.7126,0.0002104,0.001707
"ENSG00000144040",-0.3666,8.712,0.01706,0.06991
"ENSG00000144043",0.1143,11.5439,0.1888,0.4124
"ENSG00000144048",0.0137,9.1954,0.9172,0.9658
"ENSG00000144061",-0.4571,8.4039,0.004293,0.02296
"ENSG00000144063",-1.0533,7.9663,2.643e-05,0.0002692
"ENSG00000144115",0.3081,9.3968,0.006317,0.03163
"ENSG00000144118",0.2681,10.3481,0.002801,0.01604
"ENSG00000144120",-0.7633,7.7976,0.004154,0.02235
"ENSG00000144134",-0.1203,9.433,0.2885,0.5371
"ENSG00000144136",-0.4947,9.7848,6.207e-05,0.0005752
"ENSG00000144140",-0.7729,7.6728,0.005889,0.02987
"ENSG00000144152",0.2136,7.6841,0.4329,0.6753
"ENSG00000144158",0.2475,7.3065,0.5867,0.7912
"ENSG00000144161",-0.5551,8.0662,0.01072,0.04858
"ENSG00000144182",-0.0253,7.6326,0.9315,0.9724
"ENSG00000144191",-0.1636,7.2699,0.7554,0.8928
"ENSG00000144199",0.0457,8.5504,0.7793,0.9046
"ENSG00000144214",0.0149,7.1687,0.9792,0.9914
"ENSG00000144218",-1.7854,7.1365,0.01289,0.05605
"ENSG00000144224",-0.0524,11.6671,0.5139,0.738
"ENSG00000144228",0.505,9.2128,4.137e-05,0.0004006
"ENSG00000144230",1.1081,7.2397,0.04082,0.1378
"ENSG00000144231",0.0681,8.6205,0.6622,0.8406
"ENSG00000144233",0.3323,9.7115,0.001212,0.007848
"ENSG00000144283",-0.0612,10.5233,0.5522,0.7673
"ENSG00000144285",0.9266,7.5344,0.02942,0.1072
"ENSG00000144306",-0.3004,9.3859,0.007628,0.03706
"ENSG00000144320",0.2918,11.0066,0.007687,0.03727
"ENSG00000144339",-0.9555,7.3641,0.02032,0.08051
"ENSG00000144354",-0.278,7.5349,0.495,0.7247
"ENSG00000144357",0.273,10.409,0.003758,0.02049
"ENSG00000144362",1.3706,7.7672,1.416e-05,0.0001535
"ENSG00000144366",-0.1954,10.371,0.1592,0.3692
"ENSG00000144369",-1.348,10.4424,1.985e-31,2.796e-29
"ENSG00000144381",-0.0673,11.3233,0.4551,0.693
"ENSG00000144395",0.3683,7.461,0.3655,0.6127
"ENSG00000144401",-0.207,8.3334,0.2781,0.5247
"ENSG00000144410",-0.4758,7.0498,0.5481,0.7645
"ENSG00000144426",0.1398,9.6031,0.3451,0.593
"ENSG00000144445",0.1606,9.1833,0.2117,0.4426
"ENSG00000144451",-0.1182,8.6754,0.4498,0.6891
"ENSG00000144452",-1.6233,7.0192,0.07007,0.2058
"ENSG00000144455",-0.0254,10.8799,0.7717,0.9005
"ENSG00000144468",-0.0708,9.7553,0.4706,0.7051
"ENSG00000144476",-0.2181,10.634,0.1362,0.3316
"ENSG00000144485",0.6605,7.4306,0.08914,0.244
"ENSG00000144488",-0.8598,7.5899,0.01334,0.05761
"ENSG00000144504",-0.1092,8.2953,0.5314,0.7512
"ENSG00000144524",-0.2244,9.4358,0.0438,0.1455
"ENSG00000144535",0.1204,8.7036,0.4004,0.6465
"ENSG00000144554",-0.0161,7.5604,0.9606,0.9848
"ENSG00000144559",-0.0795,8.1799,0.6763,0.8478
"ENSG00000144560",-0.0574,9.5245,0.6793,0.8494
"ENSG00000144566",0.1351,10.2567,0.1639,0.3765
"ENSG00000144567",-0.0826,11.393,0.3465,0.5942
"ENSG00000144579",0.0362,10.9756,0.661,0.8404
"ENSG00000144580",-6e-04,9.5164,0.996,0.9983
"ENSG00000144583",0.801,8.4765,0.000151,0.001271
"ENSG00000144589",0.0855,8.9229,0.5333,0.7526
"ENSG00000144591",-0.089,9.774,0.5385,0.7567
"ENSG00000144597",0.056,8.4729,0.7186,0.8732
"ENSG00000144635",0.0234,9.6711,0.8503,0.9381
"ENSG00000144642",0.2702,10.6411,0.004941,0.0259
"ENSG00000144644",-1.8386,7.1927,0.007909,0.03808
"ENSG00000144645",-0.3859,8.2735,0.0533,0.1684
"ENSG00000144647",0.0756,9.6231,0.5171,0.7407
"ENSG00000144648",1.7833,7.3472,0.0007505,0.005229
"ENSG00000144649",0.992,8.0705,9.662e-06,0.0001088
"ENSG00000144655",0.2346,8.1144,0.2742,0.5199
"ENSG00000144659",0.2152,9.3956,0.08567,0.2376
"ENSG00000144668",-1.0026,7.2256,0.0499,0.1605
"ENSG00000144674",-0.1289,11.6399,0.1414,0.3407
"ENSG00000144677",0.1599,10.1555,0.26,0.5041
"ENSG00000144681",0.1259,8.6534,0.4329,0.6753
"ENSG00000144711",-0.1278,10.4213,0.3019,0.5508
"ENSG00000144712",-0.1354,8.7485,0.3452,0.593
"ENSG00000144713",-0.1021,13.5765,0.2868,0.5354
"ENSG00000144724",0.9317,11.5721,1.085e-18,6.352e-17
"ENSG00000144730",-0.7622,9.8274,3.014e-11,7.83e-10
"ENSG00000144736",-0.3238,9.0879,0.007867,0.03798
"ENSG00000144741",0.1331,8.815,0.3228,0.5708
"ENSG00000144744",0.3228,10.178,0.00106,0.00703
"ENSG00000144746",0.4993,12.5141,1.013e-08,1.938e-07
"ENSG00000144747",0.316,10.2913,0.0004268,0.003173
"ENSG00000144749",0.0533,11.0732,0.5944,0.7963
"ENSG00000144791",0.1041,9.649,0.3523,0.5998
"ENSG00000144792",-0.0848,7.6869,0.7836,0.9065
"ENSG00000144802",0.5576,9.1394,0.0002419,0.001932
"ENSG00000144810",1.0307,11.6524,6.02e-12,1.701e-10
"ENSG00000144815",-0.2041,9.999,0.1165,0.2963
"ENSG00000144821",-0.7027,7.0578,0.3762,0.6225
"ENSG00000144824",-0.3769,10.937,6.27e-06,7.381e-05
"ENSG00000144827",-0.6245,9.0105,1.742e-06,2.266e-05
"ENSG00000144837",-0.68,7.4614,0.06927,0.204
"ENSG00000144840",0.0644,9.1923,0.6303,0.8206
"ENSG00000144843",0.3431,8.0281,0.1006,0.2663
"ENSG00000144848",-0.0416,9.7228,0.6877,0.855
"ENSG00000144857",0.7505,10.5855,3.521e-13,1.191e-11
"ENSG00000144867",0.049,9.6632,0.6872,0.855
"ENSG00000144891",1.1874,8.1148,0.04384,0.1455
"ENSG00000144893",-0.2454,7.416,0.5357,0.7545
"ENSG00000144895",-0.1922,10.4782,0.03042,0.1101
"ENSG00000144909",0.0145,9.014,0.9217,0.967
"ENSG00000144935",0.0884,9.4044,0.5265,0.7473
"ENSG00000144959",0.4636,8.8138,0.000912,0.006178
"ENSG00000145002",-0.2887,7.8706,0.2452,0.4858
"ENSG00000145012",0.482,12.2581,0.001653,0.01022
"ENSG00000145014",-0.4399,8.8544,0.001795,0.01098
"ENSG00000145016",0.4161,9.2025,0.001279,0.008224
"ENSG00000145020",-0.064,8.6025,0.6764,0.8478
"ENSG00000145022",0.3775,9.4424,0.0008077,0.005559
"ENSG00000145029",-0.0843,8.7809,0.5488,0.7647
"ENSG00000145040",0.9157,7.1939,0.111,0.287
"ENSG00000145041",0.3548,9.5917,0.00156,0.009734
"ENSG00000145050",0.3236,9.8088,0.04988,0.1605
"ENSG00000145075",0.2802,9.2313,0.03492,0.1224
"ENSG00000145147",0.3021,10.4667,0.003365,0.01862
"ENSG00000145191",0.1499,9.6058,0.168,0.3822
"ENSG00000145194",0.937,7.3556,0.02521,0.09535
"ENSG00000145214",0.276,9.3605,0.02044,0.08084
"ENSG00000145216",-0.1683,10.004,0.1047,0.2752
"ENSG00000145217",-0.2848,7.9249,0.2617,0.506
"ENSG00000145220",0.1681,8.3176,0.3134,0.5627
"ENSG00000145241",-0.2284,8.8831,0.07541,0.2167
"ENSG00000145242",-1.4431,7.4122,0.000517,0.003769
"ENSG00000145244",1.9274,8.3257,1.427e-22,1.18e-20
"ENSG00000145246",0.0589,10.0832,0.5464,0.7631
"ENSG00000145247",-0.3293,8.2578,0.06507,0.1949
"ENSG00000145283",-0.5733,7.0653,0.4588,0.6961
"ENSG00000145284",0.0784,9.4748,0.4979,0.7266
"ENSG00000145293",-0.0819,9.2372,0.545,0.762
"ENSG00000145331",-0.3159,7.8144,0.1894,0.4132
"ENSG00000145332",0.2669,8.9891,0.05035,0.1615
"ENSG00000145335",0.0512,7.6364,0.8658,0.9445
"ENSG00000145348",0.0811,10.6003,0.3471,0.595
"ENSG00000145349",0.2897,12.0824,0.00694,0.03425
"ENSG00000145354",0.2383,8.8061,0.09015,0.2461
"ENSG00000145358",-0.7868,7.553,0.01548,0.06474
"ENSG00000145362",-1.0168,11.0111,6.046e-13,1.971e-11
"ENSG00000145365",-0.378,8.0731,0.05804,0.1795
"ENSG00000145375",0.3615,7.9634,0.08887,0.2436
"ENSG00000145386",0.9443,8.4184,8.186e-07,1.122e-05
"ENSG00000145388",-0.0266,9.4624,0.8156,0.9221
"ENSG00000145390",2.1475,12.4732,4.007e-40,8.5e-38
"ENSG00000145391",0.1062,12.0974,0.2477,0.4892
"ENSG00000145414",-0.0823,8.3875,0.6235,0.8162
"ENSG00000145416",-0.2247,7.6606,0.44,0.6816
"ENSG00000145423",-1.4648,7.5817,1.035e-05,0.0001157
"ENSG00000145425",-0.0321,12.9321,0.6673,0.8426
"ENSG00000145428",-0.4415,7.2555,0.3762,0.6225
"ENSG00000145431",-0.7408,10.1986,4.272e-12,1.248e-10
"ENSG00000145439",0.1678,8.8468,0.2166,0.4488
"ENSG00000145476",-0.0038,9.5624,0.9748,0.9898
"ENSG00000145494",-0.0286,9.3323,0.8117,0.9198
"ENSG00000145495",-0.0537,11.4091,0.5191,0.7418
"ENSG00000145506",1.4423,8.287,1.366e-12,4.224e-11
"ENSG00000145526",-1.1454,7.0456,0.2101,0.4406
"ENSG00000145545",0.1268,9.0057,0.3526,0.6
"ENSG00000145555",0.1315,12.8745,0.3215,0.5696
"ENSG00000145569",2.2303,7.2899,4.123e-05,0.0003999
"ENSG00000145592",-0.0402,13.6028,0.6788,0.8492
"ENSG00000145604",0.9351,9.6136,9.668e-13,3.059e-11
"ENSG00000145623",0.462,12.6617,2.082e-06,2.666e-05
"ENSG00000145632",-1.0211,9.4202,2.169e-18,1.234e-16
"ENSG00000145675",1.5446,11.6121,1.452e-22,1.195e-20
"ENSG00000145681",0.6717,9.9601,8.647e-07,1.181e-05
"ENSG00000145685",-1.2399,11.0051,3.917e-51,1.55e-48
"ENSG00000145687",-0.709,9.832,1.749e-06,2.274e-05
"ENSG00000145692",-0.1215,7.1595,0.8462,0.9363
"ENSG00000145700",-0.9712,7.0922,0.2229,0.4564
"ENSG00000145703",-0.5952,7.9301,0.019,0.07621
"ENSG00000145715",-0.1284,10.4296,0.1522,0.3587
"ENSG00000145723",-0.1806,7.9147,0.4399,0.6815
"ENSG00000145725",-0.1194,10.3042,0.2127,0.4436
"ENSG00000145730",0.0125,13.5476,0.8869,0.9539
"ENSG00000145734",0.206,10.1556,0.02713,0.101
"ENSG00000145736",0.1152,9.4677,0.2964,0.5449
"ENSG00000145740",0.1291,10.0909,0.1816,0.4023
"ENSG00000145741",0.0386,12.4509,0.6533,0.8346
"ENSG00000145743",0.1412,9.492,0.2149,0.4466
"ENSG00000145757",1.0372,7.3759,0.01209,0.05336
"ENSG00000145777",-2.7828,8.1994,3.809e-33,5.973e-31
"ENSG00000145779",0.3908,10.5699,0.00137,0.008732
"ENSG00000145780",-0.1295,9.6247,0.2166,0.4488
"ENSG00000145781",0.053,8.553,0.7414,0.8853
"ENSG00000145782",0.1154,10.5924,0.2913,0.5396
"ENSG00000145817",-0.2703,11.072,0.0121,0.05336
"ENSG00000145819",0.0179,9.355,0.9047,0.9612
"ENSG00000145833",0.1552,10.4714,0.1268,0.3151
"ENSG00000145860",0.3043,10.2834,0.01479,0.06246
"ENSG00000145861",-0.9769,7.9923,4.291e-05,0.0004142
"ENSG00000145868",-0.027,10.0568,0.8051,0.9166
"ENSG00000145882",0.0061,8.4249,0.9721,0.9891
"ENSG00000145901",0.5654,11.4101,1.087e-08,2.073e-07
"ENSG00000145907",0.2976,11.5891,0.0005798,0.004164
"ENSG00000145908",-0.4431,8.2265,0.01145,0.05119
"ENSG00000145911",-1.3744,7.7967,3.354e-07,5.002e-06
"ENSG00000145912",-0.0794,8.8831,0.6051,0.8047
"ENSG00000145916",-0.2404,9.3033,0.04185,0.1405
"ENSG00000145919",-0.0848,10.3346,0.5107,0.7356
"ENSG00000145934",1.5852,7.1498,0.01798,0.07298
"ENSG00000145945",0.304,8.2271,0.09263,0.2506
"ENSG00000145949",0.4755,7.7152,0.07488,0.2158
"ENSG00000145979",0.0375,8.1977,0.8378,0.9326
"ENSG00000145982",0.0905,8.3597,0.5898,0.7934
"ENSG00000145990",0.8026,8.3402,0.00125,0.008058
"ENSG00000145996",-0.2603,8.5181,0.09111,0.2478
"ENSG00000146001",-0.5162,7.2065,0.3586,0.6058
"ENSG00000146006",-4.2097,7.5101,1.279e-15,5.599e-14
"ENSG00000146007",-0.0073,10.4804,0.934,0.9728
"ENSG00000146021",-0.3573,7.9007,0.1191,0.3008
"ENSG00000146038",-0.6605,7.0092,0.4767,0.7107
"ENSG00000146054",0.8635,7.2939,0.06016,0.1844
"ENSG00000146063",0.2832,9.961,0.0125,0.05476
"ENSG00000146066",0.0563,9.0492,0.6387,0.8258
"ENSG00000146067",-0.1885,10.1756,0.1168,0.2969
"ENSG00000146072",-0.1383,10.9347,0.2326,0.4688
"ENSG00000146083",0.082,9.17,0.5646,0.7758
"ENSG00000146085",0.2258,10.1542,0.01929,0.07712
"ENSG00000146094",0.6497,7.699,0.05601,0.1747
"ENSG00000146109",0.0768,8.762,0.5948,0.7964
"ENSG00000146112",-0.1035,11.1606,0.2658,0.5102
"ENSG00000146122",1.6815,10.8561,1.112e-38,2.204e-36
"ENSG00000146143",-0.424,9.1475,0.0005938,0.004256
"ENSG00000146197",0.158,8.3266,0.4117,0.6577
"ENSG00000146205",-0.1912,7.3092,0.7013,0.8625
"ENSG00000146221",-0.3643,7.1204,0.5898,0.7934
"ENSG00000146223",0.0853,11.3031,0.3003,0.5491
"ENSG00000146232",-0.1221,8.0059,0.5483,0.7645
"ENSG00000146233",0.7137,8.1559,0.00144,0.009119
"ENSG00000146242",-0.4434,10.9329,1.705e-05,0.0001817
"ENSG00000146243",-0.1308,8.217,0.4562,0.6938
"ENSG00000146247",-0.4593,10.7108,5.928e-08,1.011e-06
"ENSG00000146250",-2.7562,8.7181,3.526e-71,3.028e-68
"ENSG00000146263",-0.2528,8.549,0.1243,0.3104
"ENSG00000146278",0.4508,11.2297,0.0003999,0.002999
"ENSG00000146281",0.5839,9.2201,4.641e-07,6.709e-06
"ENSG00000146282",0.1005,10.2408,0.2761,0.5219
"ENSG00000146350",-0.1655,8.2406,0.3484,0.5962
"ENSG00000146373",1.0818,9.9218,1.105e-17,5.76e-16
"ENSG00000146374",0.204,8.0605,0.3484,0.5962
"ENSG00000146376",0.2463,9.3115,0.04626,0.1516
"ENSG00000146386",0.5829,8.4228,0.0005487,0.003975
"ENSG00000146409",-0.7296,8.4571,4.635e-05,0.0004437
"ENSG00000146410",0.4705,7.2675,0.3152,0.564
"ENSG00000146411",-0.9186,9.8533,7.294e-19,4.414e-17
"ENSG00000146414",-0.3997,9.2666,0.004417,0.02353
"ENSG00000146416",-0.4041,9.6565,0.0005284,0.00384
"ENSG00000146425",-0.1074,9.9225,0.2852,0.5334
"ENSG00000146426",-0.2921,8.5746,0.1118,0.2881
"ENSG00000146433",0.2866,10.7965,0.001582,0.009856
"ENSG00000146457",0.055,10.5039,0.6138,0.8101
"ENSG00000146463",-0.0704,10.7373,0.4436,0.6843
"ENSG00000146476",0.2089,9.6722,0.06064,0.1856
"ENSG00000146477",1.3126,7.0719,0.1285,0.3179
"ENSG00000146535",0.3793,11.6084,0.0001173,0.001018
"ENSG00000146540",-0.1638,8.9449,0.2644,0.509
"ENSG00000146555",-0.3536,10.0451,0.001109,0.007294
"ENSG00000146556",-0.145,10.101,0.196,0.422
"ENSG00000146574",0.1919,10.246,0.0929,0.2512
"ENSG00000146576",-0.0351,8.9212,0.7838,0.9065
"ENSG00000146587",0.1658,9.0991,0.1638,0.3763
"ENSG00000146592",-2.0466,9.5612,1.132e-28,1.489e-26
"ENSG00000146648",-0.2057,12.2629,0.009396,0.04372
"ENSG00000146670",-0.2221,7.5836,0.4859,0.7179
"ENSG00000146674",0.0525,11.8039,0.8784,0.9492
"ENSG00000146676",0.1052,10.1675,0.2723,0.5174
"ENSG00000146677",-0.0195,8.5873,0.8995,0.9589
"ENSG00000146700",-0.3556,7.0887,0.6235,0.8162
"ENSG00000146701",0.1812,10.9602,0.04672,0.1528
"ENSG00000146707",-0.0932,8.2286,0.6138,0.8101
"ENSG00000146722",0.3424,7.064,0.6655,0.8419
"ENSG00000146729",0.0298,9.7418,0.8037,0.916
"ENSG00000146731",0.167,10.9667,0.04515,0.1488
"ENSG00000146733",-0.0383,8.5171,0.8003,0.9143
"ENSG00000146757",-0.2502,8.0247,0.2305,0.4663
"ENSG00000146776",-0.3834,8.7822,0.0164,0.06779
"ENSG00000146802",0.1015,9.7439,0.3308,0.5796
"ENSG00000146826",0.2693,8.4434,0.1179,0.2988
"ENSG00000146828",0.3262,9.4803,0.002554,0.01483
"ENSG00000146830",0.2454,10.829,0.008421,0.03999
"ENSG00000146833",0.049,10.0709,0.6133,0.81
"ENSG00000146834",-0.0114,10.1453,0.9081,0.9619
"ENSG00000146842",-0.1167,8.7209,0.4086,0.6545
"ENSG00000146856",-0.2376,7.5743,0.4436,0.6843
"ENSG00000146858",0.3778,8.2598,0.09619,0.2579
"ENSG00000146859",0.0562,10.0557,0.6769,0.848
"ENSG00000146872",0.1353,9.9754,0.1826,0.4037
"ENSG00000146904",0.1805,7.2813,0.7015,0.8626
"ENSG00000146909",0.115,9.1481,0.369,0.6158
"ENSG00000146918",-0.0414,8.8488,0.767,0.8978
"ENSG00000146938",-0.1258,8.2686,0.6261,0.8178
"ENSG00000146950",1.0148,7.7505,0.006203,0.0312
"ENSG00000146963",0.0122,9.2643,0.9174,0.9658
"ENSG00000146966",0.4176,11.4622,3.189e-05,0.000317
"ENSG00000147003",-0.2174,7.0815,0.7679,0.8983
"ENSG00000147010",-0.0467,10.7738,0.651,0.8328
"ENSG00000147027",1.1648,13.4893,4.339e-40,9.097e-38
"ENSG00000147036",-0.056,6.9952,0.9531,0.9815
"ENSG00000147041",-2.0268,7.1391,0.00537,0.02772
"ENSG00000147044",-0.3227,10.0527,0.001702,0.01049
"ENSG00000147050",-0.203,9.2489,0.08537,0.2371
"ENSG00000147059",-0.057,7.9556,0.7994,0.9139
"ENSG00000147065",0.0613,13.3521,0.4333,0.6756
"ENSG00000147082",-0.5455,7.0254,0.5264,0.7473
"ENSG00000147099",0.039,8.7984,0.7688,0.8986
"ENSG00000147100",-0.4716,10.5534,4.31e-07,6.302e-06
"ENSG00000147118",-0.0994,8.2853,0.5692,0.7797
"ENSG00000147119",1.5325,9.2251,7.418e-18,3.958e-16
"ENSG00000147121",-0.0851,8.7384,0.5504,0.7661
"ENSG00000147123",-0.0993,9.6799,0.3954,0.6412
"ENSG00000147124",-0.1984,8.7019,0.1736,0.3908
"ENSG00000147127",0.0819,7.0807,0.911,0.9631
"ENSG00000147130",-0.5886,10.2223,2.087e-08,3.847e-07
"ENSG00000147133",-0.0604,10.4499,0.486,0.718
"ENSG00000147140",-0.4054,12.0936,2.514e-07,3.841e-06
"ENSG00000147144",-0.2559,8.0745,0.1888,0.4123
"ENSG00000147145",0.314,7.6032,0.2808,0.528
"ENSG00000147155",-0.1823,8.0777,0.3469,0.5947
"ENSG00000147162",0.1314,12.5159,0.13,0.3209
"ENSG00000147164",0.0341,10.72,0.6927,0.8585
"ENSG00000147174",0.189,7.5205,0.5896,0.7934
"ENSG00000147180",-0.6132,7.3117,0.2217,0.4548
"ENSG00000147202",0.6703,10.4413,5.597e-08,9.576e-07
"ENSG00000147224",-0.4061,9.608,0.004589,0.02431
"ENSG00000147231",-0.4236,7.557,0.1899,0.4137
"ENSG00000147234",-1.1798,7.429,0.004464,0.02377
"ENSG00000147251",0.3791,11.1233,0.0002222,0.001791
"ENSG00000147257",0.1974,10.1889,0.1517,0.3581
"ENSG00000147274",-0.4835,11.5998,4.915e-07,7.057e-06
"ENSG00000147316",-0.1997,8.6209,0.2016,0.4297
"ENSG00000147324",0.4519,9.3214,0.0002956,0.002309
"ENSG00000147364",-0.1266,8.9079,0.3622,0.6092
"ENSG00000147382",0.2266,8.5672,0.1548,0.3625
"ENSG00000147383",0.1211,8.7496,0.3709,0.6176
"ENSG00000147394",0.1314,8.3283,0.4899,0.7214
"ENSG00000147400",-0.2389,9.8709,0.01648,0.06809
"ENSG00000147403",0.0507,14.4266,0.5203,0.7428
"ENSG00000147408",0.4311,9.8272,0.008191,0.03917
"ENSG00000147416",0.1733,11.2277,0.09669,0.2588
"ENSG00000147419",-0.0075,10.0871,0.941,0.9754
"ENSG00000147421",-0.2529,8.9655,0.08059,0.2272
"ENSG00000147437",0.7038,8.0591,0.004711,0.02484
"ENSG00000147439",0.183,8.8902,0.1522,0.3587
"ENSG00000147454",-0.3503,9.5833,0.009567,0.04429
"ENSG00000147457",0.1246,9.7825,0.22,0.453
"ENSG00000147459",0.7649,10.3584,1.137e-10,2.771e-09
"ENSG00000147465",-0.6982,7.0524,0.4078,0.6537
"ENSG00000147471",0.2329,9.534,0.03822,0.131
"ENSG00000147475",-0.4082,10.8546,1.41e-06,1.864e-05
"ENSG00000147509",-0.4524,7.9729,0.07793,0.222
"ENSG00000147526",0.8773,13.0283,4.532e-18,2.492e-16
"ENSG00000147533",-0.1554,10.1664,0.1538,0.3608
"ENSG00000147535",-0.2837,9.5118,0.01979,0.07886
"ENSG00000147536",-0.6274,7.8494,0.03413,0.1202
"ENSG00000147548",-0.0979,10.838,0.3268,0.5754
"ENSG00000147576",1.4442,8.6534,4.097e-18,2.273e-16
"ENSG00000147586",0.5209,7.8614,0.03493,0.1224
"ENSG00000147592",0.613,8.6105,5.388e-05,0.0005063
"ENSG00000147601",-0.2443,9.6925,0.02611,0.09805
"ENSG00000147604",-0.0468,14.0717,0.5393,0.7574
"ENSG00000147606",0.4299,7.1235,0.5016,0.7294
"ENSG00000147642",-0.2161,9.0717,0.2007,0.4285
"ENSG00000147649",0.528,11.8183,9.827e-10,2.177e-08
"ENSG00000147650",-0.0777,9.5273,0.5293,0.7493
"ENSG00000147654",-0.1965,8.5985,0.2372,0.4751
"ENSG00000147655",-1.3401,8.2418,2.77e-09,5.773e-08
"ENSG00000147669",0.0847,9.4194,0.4513,0.6904
"ENSG00000147677",-0.0404,11.7847,0.6497,0.8321
"ENSG00000147679",0.3248,9.1464,0.01256,0.05495
"ENSG00000147684",0.0728,9.5852,0.538,0.7564
"ENSG00000147687",-0.0139,8.7205,0.9188,0.9664
"ENSG00000147789",-0.1459,8.7356,0.2969,0.5456
"ENSG00000147799",-0.3279,7.9525,0.1275,0.3163
"ENSG00000147804",0.2999,8.0483,0.1337,0.3269
"ENSG00000147813",0.0677,8.622,0.6649,0.8417
"ENSG00000147852",-0.1841,10.6765,0.3039,0.5529
"ENSG00000147853",0.0692,11.3641,0.4129,0.6587
"ENSG00000147854",-0.1013,10.4206,0.3416,0.59
"ENSG00000147862",-0.1151,10.2018,0.2423,0.482
"ENSG00000147872",0.1714,11.6768,0.3002,0.5491
"ENSG00000147874",0.2514,9.6656,0.0148,0.06249
"ENSG00000147883",-1.4274,9.3487,8.196e-18,4.334e-16
"ENSG00000147889",-0.3235,9.9556,0.001666,0.01029
"ENSG00000147894",0.7827,7.8887,0.01358,0.05837
"ENSG00000147905",-0.348,9.1394,0.005834,0.02962
"ENSG00000147912",0.0396,8.2355,0.8286,0.928
"ENSG00000147955",0.0798,10.4396,0.3649,0.6122
"ENSG00000147996",0.0527,9.5331,0.6617,0.8404
"ENSG00000148019",-0.0541,8.9407,0.6841,0.8525
"ENSG00000148053",0.5969,7.7358,0.02254,0.08741
"ENSG00000148057",-0.3174,7.8303,0.199,0.4263
"ENSG00000148082",0.6879,9.974,7.837e-09,1.529e-07
"ENSG00000148090",-0.2884,8.8049,0.07397,0.2139
"ENSG00000148110",0.3728,10.7267,9.703e-05,0.0008581
"ENSG00000148120",1.1042,9.81,7.1e-26,7.855e-24
"ENSG00000148143",-0.4197,8.8036,0.02137,0.0837
"ENSG00000148153",-0.3932,9.1453,0.0009623,0.006466
"ENSG00000148154",0.6025,10.7712,7.418e-06,8.552e-05
"ENSG00000148158",-0.5682,9.9304,1.954e-07,3.041e-06
"ENSG00000148175",1.4479,13.3076,3.164e-65,1.925e-62
"ENSG00000148180",0.5141,13.6583,5.551e-08,9.521e-07
"ENSG00000148187",-0.1273,8.9528,0.3741,0.6205
"ENSG00000148200",-1.4235,7.0536,0.09054,0.2469
"ENSG00000148218",0.0206,10.8821,0.8082,0.9181
"ENSG00000148219",-0.8046,8.221,7.367e-06,8.504e-05
"ENSG00000148225",-0.3605,8.3752,0.02818,0.1038
"ENSG00000148229",0.0833,9.271,0.4722,0.7065
"ENSG00000148248",0.1566,12.4335,0.07346,0.2128
"ENSG00000148288",0.0154,7.5269,0.9637,0.9859
"ENSG00000148290",0.0115,9.2547,0.928,0.9703
"ENSG00000148291",0.0377,8.1269,0.8662,0.9446
"ENSG00000148296",0.072,9.3806,0.5477,0.7642
"ENSG00000148297",-0.1032,9.8649,0.2912,0.5396
"ENSG00000148300",-0.0514,9.5287,0.6217,0.815
"ENSG00000148303",-0.11,14.3459,0.2086,0.4384
"ENSG00000148308",0.0167,9.7727,0.8672,0.9446
"ENSG00000148331",0.2057,9.048,0.09461,0.2547
"ENSG00000148334",0.0313,9.3118,0.8189,0.9231
"ENSG00000148335",0.0247,9.1848,0.8384,0.9327
"ENSG00000148337",-0.0023,11.5159,0.9811,0.9921
"ENSG00000148339",0.457,8.9475,0.0006454,0.004573
"ENSG00000148341",-0.1947,10.4797,0.05011,0.161
"ENSG00000148343",0.383,9.5846,0.000361,0.002749
"ENSG00000148344",-0.8862,8.0898,0.0001621,0.001351
"ENSG00000148356",-0.5079,9.0628,7.891e-05,0.0007143
"ENSG00000148358",0.2635,11.77,0.001132,0.007416
"ENSG00000148362",-0.1348,8.4945,0.4756,0.7096
"ENSG00000148384",0.2104,9.0674,0.08236,0.2311
"ENSG00000148396",0.1967,11.4715,0.02853,0.1048
"ENSG00000148399",-0.2908,8.8924,0.02235,0.08679
"ENSG00000148400",-0.7924,8.7248,3.63e-08,6.436e-07
"ENSG00000148411",0.3823,10.5022,3.556e-05,0.0003492
"ENSG00000148426",0.7217,8.095,0.002176,0.01297
"ENSG00000148429",-0.2913,9.0351,0.02138,0.08373
"ENSG00000148444",-0.067,8.255,0.7128,0.8692
"ENSG00000148450",-0.0419,9.1329,0.7406,0.8849
"ENSG00000148459",0.0442,7.5532,0.8891,0.9545
"ENSG00000148468",-0.6801,9.4975,1.31e-08,2.476e-07
"ENSG00000148481",0.085,9.5699,0.4068,0.6526
"ENSG00000148484",0.3729,11.4637,2.538e-05,0.0002598
"ENSG00000148498",-0.0868,10.1207,0.4582,0.6958
"ENSG00000148516",0.4034,13.3835,1.864e-06,2.41e-05
"ENSG00000148541",-1.4463,7.9562,3.331e-08,5.953e-07
"ENSG00000148572",-0.1509,9.6803,0.1548,0.3625
"ENSG00000148606",-0.0622,9.6092,0.5551,0.769
"ENSG00000148634",0.0237,10.7248,0.7829,0.9063
"ENSG00000148655",-0.4279,7.5549,0.2194,0.4521
"ENSG00000148660",-0.1499,9.8587,0.146,0.3482
"ENSG00000148672",0.2677,11.4466,0.002708,0.01557
"ENSG00000148677",3.4272,6.9549,0.003497,0.01929
"ENSG00000148680",1.5527,7.1281,0.02771,0.1024
"ENSG00000148688",0.0423,9.1225,0.7344,0.8817
"ENSG00000148690",-0.0408,9.1266,0.7484,0.8895
"ENSG00000148700",-0.0224,12.4386,0.8109,0.9198
"ENSG00000148719",0.3519,10.3231,0.0002001,0.001633
"ENSG00000148730",0.6703,11.7125,7.386e-06,8.521e-05
"ENSG00000148737",0.0751,9.8078,0.5421,0.7597
"ENSG00000148773",-0.3075,7.9291,0.2613,0.5054
"ENSG00000148798",0.4069,7.1378,0.53,0.75
"ENSG00000148803",-0.0748,8.1931,0.6899,0.8567
"ENSG00000148814",-0.509,8.6429,0.000524,0.003813
"ENSG00000148824",-0.2975,7.4364,0.4132,0.6589
"ENSG00000148832",-0.0344,7.8138,0.8885,0.9543
"ENSG00000148834",0.4353,10.4597,5.874e-06,6.95e-05
"ENSG00000148835",0.0183,8.0116,0.9334,0.9726
"ENSG00000148840",-0.101,9.6493,0.3823,0.6288
"ENSG00000148841",0.4646,9.4099,0.0003724,0.002823
"ENSG00000148842",-0.1845,9.1446,0.1162,0.296
"ENSG00000148843",0.1666,10.0925,0.1045,0.2748
"ENSG00000148848",-1.8145,10.377,1.637e-72,1.553e-69
"ENSG00000148908",-0.6338,9.2128,5.318e-08,9.167e-07
"ENSG00000148925",-0.333,9.4483,0.004085,0.02202
"ENSG00000148926",0.6816,14.0472,1.83e-07,2.864e-06
"ENSG00000148935",-0.3032,7.0806,0.6813,0.8503
"ENSG00000148942",0.4091,7.0246,0.6464,0.8302
"ENSG00000148943",0.1155,9.2528,0.3928,0.6387
"ENSG00000148948",-0.2748,7.0136,0.761,0.896
"ENSG00000148950",0.1484,7.9111,0.5404,0.7586
"ENSG00000148985",-0.3355,8.8277,0.01157,0.05161
"ENSG00000149016",-0.0285,8.1445,0.8794,0.9497
"ENSG00000149050",-0.4013,7.9044,0.07473,0.2155
"ENSG00000149054",0.5002,7.7714,0.05037,0.1615
"ENSG00000149084",0.1208,10.4044,0.2293,0.4652
"ENSG00000149089",0.0512,8.6343,0.7373,0.8834
"ENSG00000149090",-0.3929,12.6558,7.642e-05,0.0006949
"ENSG00000149091",-0.2651,10.2739,0.03207,0.1147
"ENSG00000149100",0.0881,10.8393,0.3151,0.564
"ENSG00000149115",0.28,12.9885,0.0001496,0.001262
"ENSG00000149131",0.4475,14.2546,3.44e-09,7.089e-08
"ENSG00000149136",0.0392,10.8098,0.6399,0.8265
"ENSG00000149150",0.2607,9.5774,0.05927,0.1824
"ENSG00000149177",0.471,8.879,0.001108,0.007294
"ENSG00000149179",-0.1138,9.1683,0.3832,0.6295
"ENSG00000149182",0.1082,10.3716,0.2671,0.5117
"ENSG00000149187",0.0181,10.6502,0.8353,0.9315
"ENSG00000149196",0.0013,9.2013,0.9915,0.9964
"ENSG00000149201",-0.2243,7.0615,0.7748,0.9024
"ENSG00000149212",-0.5431,11.5395,5.767e-07,8.175e-06
"ENSG00000149218",1.9264,10.8438,1.011e-42,2.531e-40
"ENSG00000149231",0.0992,9.6472,0.3691,0.6158
"ENSG00000149243",0.3799,7.2547,0.433,0.6754
"ENSG00000149256",-1.3844,9.5764,7.736e-12,2.149e-10
"ENSG00000149257",-0.6992,12.7469,2.421e-07,3.706e-06
"ENSG00000149260",-0.3394,10.6085,0.00105,0.006969
"ENSG00000149262",-0.1947,9.3807,0.08924,0.2442
"ENSG00000149269",-0.1779,10.2939,0.1509,0.3571
"ENSG00000149273",-0.0072,13.6608,0.9327,0.9726
"ENSG00000149289",0.7267,9.1825,7.953e-08,1.321e-06
"ENSG00000149292",-0.363,8.611,0.0149,0.06277
"ENSG00000149308",-0.0495,9.2456,0.7113,0.8687
"ENSG00000149311",-0.1455,11.169,0.1202,0.3024
"ENSG00000149313",0.0406,9.457,0.7233,0.8754
"ENSG00000149346",-0.721,7.37,0.1027,0.2708
"ENSG00000149357",-0.0118,10.6692,0.8968,0.958
"ENSG00000149380",0.1252,8.6772,0.376,0.6223
"ENSG00000149403",-2.1788,7.5561,2.145e-10,5.103e-09
"ENSG00000149428",0.1965,10.865,0.5138,0.738
"ENSG00000149451",-0.1646,12.6977,0.1244,0.3107
"ENSG00000149474",-0.11,8.8391,0.4433,0.6843
"ENSG00000149476",-0.0337,8.8763,0.8,0.9141
"ENSG00000149480",-0.0941,10.4516,0.2837,0.5315
"ENSG00000149483",-0.225,9.226,0.06278,0.1901
"ENSG00000149485",-0.0324,10.3597,0.8162,0.9223
"ENSG00000149488",1.1296,7.7621,4.87e-05,0.0004632
"ENSG00000149489",0.2757,8.3033,0.1255,0.3126
"ENSG00000149499",0.2644,10.2555,0.01042,0.04755
"ENSG00000149503",-0.1313,8.6944,0.4285,0.6715
"ENSG00000149531",5e-04,8.9945,0.9972,0.9988
"ENSG00000149532",-0.1134,10.432,0.2353,0.4726
"ENSG00000149541",0.4438,9.3224,5.431e-05,0.0005093
"ENSG00000149547",-0.0233,11.0321,0.7808,0.9053
"ENSG00000149548",-1.0565,7.3484,0.01176,0.05226
"ENSG00000149554",0.2406,8.9905,0.07149,0.2087
"ENSG00000149557",-0.2468,10.7362,0.008853,0.04165
"ENSG00000149571",-0.1182,9.0957,0.4646,0.7002
"ENSG00000149575",-0.7506,8.1749,0.0001091,0.0009548
"ENSG00000149577",0.7489,10.5431,1.94e-11,5.174e-10
"ENSG00000149582",0.0137,8.5591,0.9272,0.9701
"ENSG00000149591",1.268,12.7378,7.774e-17,3.799e-15
"ENSG00000149596",1.0722,7.5202,0.007688,0.03727
"ENSG00000149600",-0.0427,9.7447,0.6984,0.8614
"ENSG00000149609",-0.349,7.0509,0.6605,0.8399
"ENSG00000149633",-1.4679,8.6528,7.094e-17,3.485e-15
"ENSG00000149634",-0.1275,7.422,0.7488,0.8896
"ENSG00000149636",-0.4066,8.5127,0.02485,0.09425
"ENSG00000149639",-0.1398,10.6742,0.1342,0.3279
"ENSG00000149657",-0.1609,9.9717,0.1271,0.3155
"ENSG00000149658",4e-04,9.9554,0.9969,0.9986
"ENSG00000149679",-0.0946,8.4908,0.5584,0.7717
"ENSG00000149716",0.0634,9.1105,0.5967,0.797
"ENSG00000149743",0.1052,8.7664,0.4796,0.7127
"ENSG00000149761",0.3981,8.7143,0.01931,0.07719
"ENSG00000149781",0.0497,7.3111,0.9215,0.967
"ENSG00000149782",0.1663,9.8336,0.1519,0.3583
"ENSG00000149792",-0.5416,9.7703,5.558e-08,9.521e-07
"ENSG00000149798",-0.0093,9.979,0.9325,0.9726
"ENSG00000149806",0.0575,11.3399,0.5195,0.7422
"ENSG00000149809",0.7821,8.0777,0.0006104,0.004363
"ENSG00000149823",0.0524,10.3574,0.5802,0.7872
"ENSG00000149922",-0.4094,7.1992,0.465,0.7007
"ENSG00000149923",0.2205,10.317,0.01298,0.05633
"ENSG00000149925",-0.1197,14.1081,0.3406,0.589
"ENSG00000149929",-0.132,8.4017,0.4921,0.7229
"ENSG00000149930",-0.0858,10.741,0.3399,0.5883
"ENSG00000149932",0.0103,10.289,0.9109,0.9631
"ENSG00000149948",-0.095,9.5494,0.4123,0.6583
"ENSG00000149968",-0.3109,7.7544,0.2722,0.5174
"ENSG00000150051",0.2207,7.5125,0.5167,0.7402
"ENSG00000150054",1.0253,7.4122,0.01791,0.07275
"ENSG00000150076",-0.2421,7.2614,0.6664,0.8423
"ENSG00000150093",0.3244,15.6341,2.047e-05,0.0002141
"ENSG00000150281",-0.0038,8.8578,0.9803,0.9917
"ENSG00000150316",-0.0428,9.8406,0.6694,0.8438
"ENSG00000150347",0.1415,13.3263,0.1181,0.2992
"ENSG00000150401",-0.1528,8.7748,0.2901,0.5384
"ENSG00000150403",0.2795,11.8974,0.001007,0.006715
"ENSG00000150433",-0.1554,8.7169,0.2714,0.5166
"ENSG00000150455",-0.0714,8.0141,0.7504,0.8905
"ENSG00000150456",-0.1831,8.1942,0.364,0.611
"ENSG00000150457",0.0818,11.3364,0.3326,0.5815
"ENSG00000150459",0.1798,11.1241,0.03259,0.116
"ENSG00000150477",-0.2697,8.4131,0.1123,0.2891
"ENSG00000150510",0.725,8.9557,4.338e-06,5.239e-05
"ENSG00000150527",0.4763,7.1531,0.4381,0.6803
"ENSG00000150540",0.9089,10.1787,5.541e-14,2.031e-12
"ENSG00000150593",-0.6045,11.2237,5.353e-11,1.352e-09
"ENSG00000150594",-2.1044,7.517,4.347e-07,6.342e-06
"ENSG00000150627",-0.0385,7.8217,0.883,0.9513
"ENSG00000150630",-0.4342,10.5139,4.524e-05,0.0004344
"ENSG00000150636",-1.0796,7.8708,5.014e-05,0.0004748
"ENSG00000150667",-0.8309,7.2209,0.1317,0.3239
"ENSG00000150672",0.5562,7.6903,0.06119,0.1867
"ENSG00000150687",-0.7193,12.7282,1.841e-11,4.932e-10
"ENSG00000150712",0.4288,9.9323,0.0003688,0.0028
"ENSG00000150722",0.595,7.2114,0.2598,0.5041
"ENSG00000150753",0.3543,10.813,5.631e-05,0.0005266
"ENSG00000150756",-0.2357,8.4486,0.1437,0.3443
"ENSG00000150760",-0.0433,11.6072,0.6586,0.8384
"ENSG00000150764",0.3006,10.399,0.001365,0.008702
"ENSG00000150768",0.4161,9.3374,0.0004008,0.003004
"ENSG00000150773",-0.0557,7.4296,0.8822,0.9509
"ENSG00000150776",-0.1661,9.5542,0.1319,0.3242
"ENSG00000150779",-0.1662,8.7226,0.3039,0.5529
"ENSG00000150787",0.0326,9.0529,0.7903,0.9099
"ENSG00000150867",0.256,9.8496,0.06378,0.1922
"ENSG00000150907",2.2279,9.5098,1.388e-41,3.129e-39
"ENSG00000150938",1.0504,13.3086,1.836e-14,7.073e-13
"ENSG00000150961",-0.1125,11.4565,0.1707,0.3867
"ENSG00000150967",-0.7745,7.7599,0.002641,0.01525
"ENSG00000150977",0.5404,9.4523,6.187e-07,8.716e-06
"ENSG00000150990",0.6046,9.1078,2.332e-06,2.959e-05
"ENSG00000150991",0.2618,16.445,0.01356,0.05831
"ENSG00000150995",0.4908,11.3504,0.000521,0.003794
"ENSG00000151006",-0.1003,7.3837,0.8052,0.9166
"ENSG00000151012",-1.1413,9.7335,2.941e-16,1.339e-14
"ENSG00000151014",-0.2938,7.5734,0.3825,0.629
"ENSG00000151062",-0.1868,7.4693,0.6113,0.8087
"ENSG00000151065",-0.4791,9.2119,3.127e-05,0.0003117
"ENSG00000151067",-0.566,10.5347,6.429e-06,7.523e-05
"ENSG00000151090",0.4294,9.2809,0.0002182,0.001762
"ENSG00000151092",-0.1094,9.1397,0.351,0.5985
"ENSG00000151093",-0.0611,8.1208,0.7574,0.8938
"ENSG00000151116",0.222,9.8119,0.04138,0.1394
"ENSG00000151117",0.067,7.993,0.7538,0.8918
"ENSG00000151131",-0.3081,7.6929,0.2464,0.4877
"ENSG00000151135",-0.1905,11.1805,0.05795,0.1794
"ENSG00000151136",0.3956,7.3068,0.4965,0.7256
"ENSG00000151148",0.1131,10.8262,0.2567,0.5005
"ENSG00000151150",0.3504,7.0105,0.7041,0.8643
"ENSG00000151151",0.6491,9.0183,6.095e-07,8.607e-06
"ENSG00000151164",-0.7358,7.3221,0.08766,0.2412
"ENSG00000151176",0.0571,11.1783,0.6656,0.8419
"ENSG00000151208",0.2282,11.4499,0.01847,0.07458
"ENSG00000151229",0.4192,9.1765,0.0006536,0.004627
"ENSG00000151233",0.2619,9.726,0.04093,0.1381
"ENSG00000151239",-0.0133,11.5769,0.8655,0.9444
"ENSG00000151240",-0.1801,10.2059,0.08459,0.2356
"ENSG00000151247",0.0435,9.8414,0.6814,0.8503
"ENSG00000151276",0.5403,9.6692,0.001161,0.00757
"ENSG00000151287",0.4171,8.2665,0.02895,0.1059
"ENSG00000151292",0.0375,9.996,0.7213,0.8748
"ENSG00000151304",0.1065,8.3004,0.5393,0.7574
"ENSG00000151320",0.5472,8.0515,0.0597,0.1834
"ENSG00000151327",0.4604,9.8188,5.155e-05,0.0004866
"ENSG00000151332",-0.4831,9.0219,9.38e-05,0.0008336
"ENSG00000151338",0.0164,8.2075,0.9308,0.9722
"ENSG00000151348",-0.0613,11.3925,0.5177,0.7413
"ENSG00000151353",-0.1426,9.0907,0.2696,0.5148
"ENSG00000151364",0.2448,7.0814,0.7317,0.88
"ENSG00000151366",0.2702,9.2641,0.02316,0.08921
"ENSG00000151376",-0.5066,9.1672,1.506e-05,0.0001624
"ENSG00000151388",0.0536,10.0548,0.7287,0.8781
"ENSG00000151413",-0.1089,8.6323,0.4937,0.7242
"ENSG00000151414",0.2022,11.4821,0.01366,0.05865
"ENSG00000151422",-0.0539,10.0268,0.5657,0.7766
"ENSG00000151445",-0.1039,9.3846,0.3527,0.6
"ENSG00000151458",-0.0812,10.1606,0.3923,0.638
"ENSG00000151461",-0.0714,10.3977,0.4792,0.7124
"ENSG00000151465",0.0595,9.8637,0.5482,0.7645
"ENSG00000151466",-0.2119,8.3809,0.2497,0.4916
"ENSG00000151468",0.5762,7.9103,0.01334,0.0576
"ENSG00000151470",-0.5808,7.9788,0.009148,0.04287
"ENSG00000151474",-0.3253,8.8264,0.04552,0.1497
"ENSG00000151490",-0.4079,7.8235,0.1201,0.3024
"ENSG00000151491",0.5342,10.8729,8.005e-08,1.327e-06
"ENSG00000151498",-0.0387,9.2597,0.7429,0.8864
"ENSG00000151500",-0.3057,9.2634,0.01148,0.0513
"ENSG00000151502",-0.1554,10.3364,0.1126,0.2897
"ENSG00000151503",0.0197,8.9602,0.8781,0.9492
"ENSG00000151532",0.1843,9.6283,0.07914,0.2244
"ENSG00000151552",-0.0723,9.2246,0.5946,0.7963
"ENSG00000151553",0.0849,10.5624,0.3921,0.638
"ENSG00000151572",0.6128,7.7057,0.06616,0.1973
"ENSG00000151575",-0.7838,7.5885,0.01621,0.06719
"ENSG00000151576",0.2569,8.5791,0.09561,0.2568
"ENSG00000151611",0.0518,8.5771,0.7244,0.8761
"ENSG00000151612",-0.5269,9.5525,5.629e-07,7.987e-06
"ENSG00000151617",-0.8091,8.3136,0.0006648,0.004698
"ENSG00000151623",-0.8996,7.8688,0.0003942,0.002962
"ENSG00000151632",0.4656,12.1888,0.1703,0.3862
"ENSG00000151640",-0.2305,8.0964,0.2864,0.5351
"ENSG00000151651",-0.3447,7.3683,0.39,0.6359
"ENSG00000151657",-0.197,8.5919,0.1771,0.3959
"ENSG00000151665",0.2275,8.3401,0.1959,0.422
"ENSG00000151687",-0.0678,7.8327,0.7826,0.9062
"ENSG00000151689",-0.3297,9.0451,0.007942,0.03822
"ENSG00000151690",1.0196,10.0735,2.894e-18,1.625e-16
"ENSG00000151692",-0.1886,7.2389,0.775,0.9025
"ENSG00000151693",-0.2268,9.9031,0.08257,0.2315
"ENSG00000151694",0.4806,10.2346,0.000235,0.001882
"ENSG00000151702",0.1496,7.5714,0.6458,0.83
"ENSG00000151718",0.1979,10.2299,0.07127,0.2084
"ENSG00000151725",0.4937,7.5349,0.1186,0.3
"ENSG00000151726",1.6025,10.5295,1.499e-41,3.337e-39
"ENSG00000151729",0.6603,9.0626,3.174e-06,3.95e-05
"ENSG00000151743",-0.8275,7.5083,0.01272,0.05544
"ENSG00000151746",-0.2493,8.835,0.08768,0.2412
"ENSG00000151748",-0.142,10.5276,0.2691,0.5141
"ENSG00000151773",-0.0766,8.1562,0.7029,0.8633
"ENSG00000151778",0.0561,8.2336,0.7518,0.8912
"ENSG00000151779",-0.3721,10.7336,0.0001121,0.0009786
"ENSG00000151789",-0.5186,8.0195,0.156,0.3644
"ENSG00000151790",-0.6511,7.4477,0.1824,0.4034
"ENSG00000151806",0.1061,9.322,0.3667,0.6138
"ENSG00000151835",-0.7303,11.6869,3.946e-17,1.96e-15
"ENSG00000151846",0.0627,9.0003,0.6522,0.8338
"ENSG00000151849",0.1479,8.3666,0.3918,0.6377
"ENSG00000151876",0.0563,8.3211,0.7471,0.889
"ENSG00000151881",-0.0599,8.5233,0.7437,0.8868
"ENSG00000151882",-0.2937,7.9979,0.2064,0.4354
"ENSG00000151883",-0.1756,9.0036,0.2207,0.4535
"ENSG00000151892",-0.4428,10.5622,0.001473,0.009283
"ENSG00000151893",0.6246,10.2722,1.162e-06,1.555e-05
"ENSG00000151914",-0.3695,13.9158,3.34e-05,0.0003306
"ENSG00000151917",-0.6449,8.9193,4.851e-07,6.969e-06
"ENSG00000151923",-0.0453,10.242,0.6526,0.8341
"ENSG00000151929",0.401,10.4178,6.88e-06,7.994e-05
"ENSG00000151967",0.0861,7.2374,0.8684,0.9449
"ENSG00000152022",0.0854,9.9772,0.4272,0.6706
"ENSG00000152042",-0.3016,10.1777,0.001679,0.01037
"ENSG00000152049",0.2442,8.8524,0.09232,0.25
"ENSG00000152056",-0.2811,7.3805,0.5012,0.7292
"ENSG00000152061",0.0263,9.6195,0.8115,0.9198
"ENSG00000152076",-0.1989,8.2772,0.2413,0.4807
"ENSG00000152078",-0.1586,7.7297,0.5531,0.7678
"ENSG00000152082",0.2982,8.6043,0.06442,0.1937
"ENSG00000152102",-0.0123,11.7761,0.8876,0.9541
"ENSG00000152104",-0.0231,11.5964,0.8796,0.9497
"ENSG00000152117",-0.0494,9.3864,0.6702,0.8442
"ENSG00000152127",-0.0596,11.7429,0.736,0.8827
"ENSG00000152133",-0.0576,8.9529,0.6929,0.8585
"ENSG00000152137",-0.3093,9.7272,0.04416,0.1464
"ENSG00000152147",-0.1518,8.2381,0.4052,0.6509
"ENSG00000152154",0.2309,7.9443,0.3274,0.5759
"ENSG00000152193",0.1137,8.4064,0.4803,0.7132
"ENSG00000152217",-0.1662,10.6111,0.1878,0.411
"ENSG00000152219",-0.1004,9.5385,0.3502,0.5978
"ENSG00000152223",0.3497,11.7362,0.0005528,0.003999
"ENSG00000152229",0.1735,8.3766,0.3068,0.5557
"ENSG00000152234",0.0243,12.3857,0.766,0.8978
"ENSG00000152240",-0.0729,8.8363,0.6139,0.8101
"ENSG00000152242",0.162,9.1927,0.1625,0.3746
"ENSG00000152256",-0.2761,9.6977,0.4268,0.6701
"ENSG00000152268",1.913,10.348,5.033e-48,1.565e-45
"ENSG00000152270",-0.3822,9.1103,0.04992,0.1606
"ENSG00000152284",-0.36,9.3023,0.001965,0.01188
"ENSG00000152291",0.0964,13.0311,0.2438,0.4839
"ENSG00000152292",0.0248,7.0773,0.9739,0.9895
"ENSG00000152332",0.6598,11.603,1.127e-12,3.546e-11
"ENSG00000152348",-0.04,8.1023,0.8645,0.944
"ENSG00000152359",-0.3035,7.9842,0.1582,0.3675
"ENSG00000152377",0.8902,12.6107,2.916e-11,7.598e-10
"ENSG00000152380",-0.4291,7.4696,0.2649,0.5095
"ENSG00000152382",0.0279,8.1667,0.8823,0.9509
"ENSG00000152402",-1.0084,7.8108,5.364e-05,0.0005046
"ENSG00000152404",-0.0384,8.7834,0.7955,0.9124
"ENSG00000152409",0.0038,10.1647,0.9752,0.9898
"ENSG00000152413",-0.0563,8.1544,0.7927,0.9114
"ENSG00000152422",0.1349,8.1556,0.4855,0.7175
"ENSG00000152433",-0.2749,7.7759,0.2974,0.546
"ENSG00000152439",-0.2156,8.3952,0.2009,0.4286
"ENSG00000152443",-0.1034,8.828,0.4641,0.7
"ENSG00000152454",-0.1459,7.8319,0.5528,0.7677
"ENSG00000152455",-0.107,8.1204,0.5931,0.7956
"ENSG00000152457",0.13,8.9925,0.3229,0.5708
"ENSG00000152463",3.9393,7.0529,5.883e-05,0.0005482
"ENSG00000152464",-0.1095,7.9362,0.6195,0.8136
"ENSG00000152465",0.1249,9.8273,0.233,0.4692
"ENSG00000152475",-0.4297,7.5218,0.2156,0.4477
"ENSG00000152484",0.4967,10.0031,0.0007073,0.004959
"ENSG00000152487",-0.333,7.1355,0.5935,0.7959
"ENSG00000152492",0.1364,11.5573,0.1371,0.3331
"ENSG00000152495",-1.3234,7.8366,5.546e-08,9.521e-07
"ENSG00000152518",0.6463,12.9789,2.915e-12,8.645e-11
"ENSG00000152520",-0.0328,9.7134,0.7496,0.8901
"ENSG00000152527",0.3742,10.0085,0.0002027,0.001649
"ENSG00000152556",-0.2399,10.6173,0.01469,0.06211
"ENSG00000152558",0.3546,12.2736,9.053e-05,0.0008086
"ENSG00000152580",-1.1557,12.3947,1.404e-24,1.383e-22
"ENSG00000152582",-0.0337,8.2848,0.8685,0.9449
"ENSG00000152583",4.575,9.4823,4.111e-136,7.412e-132
"ENSG00000152601",0.8624,12.4774,5.372e-24,5.071e-22
"ENSG00000152620",-0.2153,8.9297,0.1319,0.3242
"ENSG00000152642",0.8342,8.7184,2.982e-09,6.173e-08
"ENSG00000152661",-0.206,11.3817,0.0586,0.1809
"ENSG00000152683",0.0598,9.8272,0.5445,0.7616
"ENSG00000152684",-0.1138,9.337,0.3834,0.6299
"ENSG00000152689",1.2502,7.1556,0.05522,0.1726
"ENSG00000152700",0.3027,10.2177,0.002623,0.01517
"ENSG00000152726",0.1378,12.3311,0.2807,0.528
"ENSG00000152749",0.1392,8.8713,0.3142,0.5631
"ENSG00000152763",-0.1891,7.9925,0.3647,0.6121
"ENSG00000152767",0.2347,11.3602,0.03545,0.1235
"ENSG00000152778",0.1362,9.473,0.2631,0.5075
"ENSG00000152779",4.123,7.4789,1.25e-19,8.198e-18
"ENSG00000152782",-0.2332,7.9793,0.3062,0.5551
"ENSG00000152784",-0.1069,10.0245,0.3511,0.5985
"ENSG00000152785",0.2452,7.1702,0.6848,0.8531
"ENSG00000152795",0.1006,11.6654,0.2039,0.4325
"ENSG00000152804",-0.108,9.0295,0.6041,0.8038
"ENSG00000152818",0.3683,12.0615,0.005041,0.02632
"ENSG00000152894",-0.2675,11.3313,0.007528,0.03669
"ENSG00000152904",-0.0285,9.5341,0.788,0.9088
"ENSG00000152926",-0.581,9.2482,1.351e-05,0.0001468
"ENSG00000152939",-0.3045,7.2913,0.5052,0.7324
"ENSG00000152942",-0.1964,9.3422,0.08015,0.2264
"ENSG00000152944",0.1224,9.2366,0.3102,0.559
"ENSG00000152952",-0.421,11.1996,0.004045,0.02182
"ENSG00000152953",0.1329,7.779,0.6836,0.852
"ENSG00000152990",-0.7971,9.6791,3.459e-10,8.059e-09
"ENSG00000153006",0.4714,9.4363,3.54e-05,0.0003482
"ENSG00000153012",-0.8073,6.9381,0.5094,0.7347
"ENSG00000153015",-0.0916,9.3469,0.4385,0.6804
"ENSG00000153029",-0.1413,10.701,0.2009,0.4286
"ENSG00000153037",0.3376,8.075,0.1172,0.2978
"ENSG00000153044",-0.3239,7.6975,0.289,0.5376
"ENSG00000153046",-0.2337,9.415,0.06345,0.1917
"ENSG00000153048",0.2242,10.2958,0.02342,0.09002
"ENSG00000153064",0.5662,7.6393,0.06721,0.1997
"ENSG00000153066",0.5383,9.7959,1.134e-07,1.837e-06
"ENSG00000153071",0.0829,13.4748,0.3809,0.6277
"ENSG00000153093",-0.8418,7.1906,0.156,0.3644
"ENSG00000153094",-0.5416,9.4382,0.003522,0.01941
"ENSG00000153107",0.0487,10.3558,0.6092,0.8072
"ENSG00000153113",0.3578,12.7609,2.843e-05,0.0002866
"ENSG00000153130",0.2682,10.1047,0.02405,0.09189
"ENSG00000153132",-0.6563,8.3508,0.001122,0.007365
"ENSG00000153140",-0.1787,8.7384,0.2046,0.4335
"ENSG00000153147",-0.0612,11.3917,0.467,0.7026
"ENSG00000153162",0.875,8.1517,0.0009271,0.006273
"ENSG00000153165",-0.1297,9.3565,0.2739,0.5195
"ENSG00000153179",0.3881,10.3802,9.762e-05,0.0008625
"ENSG00000153187",0.0611,12.5397,0.4539,0.6921
"ENSG00000153201",0.0993,11.9269,0.1819,0.4029
"ENSG00000153207",1.2298,10.8621,9.779e-11,2.402e-09
"ENSG00000153208",-1.235,7.8869,2.23e-07,3.449e-06
"ENSG00000153214",0.6504,10.3221,0.000269,0.002124
"ENSG00000153234",0.2212,7.7671,0.433,0.6754
"ENSG00000153237",-0.3089,7.4154,0.4167,0.6614
"ENSG00000153246",0.0985,10.4239,0.2817,0.529
"ENSG00000153250",0.2867,11.9802,0.0001871,0.001539
"ENSG00000153253",-0.404,8.9308,0.3206,0.5689
"ENSG00000153291",0.2494,9.475,0.03502,0.1225
"ENSG00000153310",0.1247,8.6297,0.411,0.657
"ENSG00000153317",0.2913,11.9567,0.0001316,0.001128
"ENSG00000153339",0.1489,10.3757,0.1365,0.3322
"ENSG00000153363",-0.1658,7.7473,0.524,0.7451
"ENSG00000153391",-0.4032,7.6765,0.1411,0.3401
"ENSG00000153395",0.2644,10.4562,0.05903,0.1818
"ENSG00000153406",-0.0334,9.1301,0.8074,0.9177
"ENSG00000153443",0.6339,8.9971,7.973e-07,1.094e-05
"ENSG00000153446",-0.8931,7.1415,0.1752,0.393
"ENSG00000153485",0.1489,7.6217,0.6241,0.8166
"ENSG00000153487",0.0522,8.5044,0.7359,0.8826
"ENSG00000153495",0.0883,7.3271,0.8402,0.9335
"ENSG00000153531",-0.8107,7.4503,0.02593,0.09756
"ENSG00000153551",0.0637,8.2981,0.7285,0.8781
"ENSG00000153558",-0.0433,8.6949,0.7781,0.9043
"ENSG00000153560",0.2211,10.5728,0.01548,0.06475
"ENSG00000153561",0.0672,9.3651,0.614,0.8101
"ENSG00000153574",0.2412,8.447,0.1403,0.3388
"ENSG00000153575",-0.0276,9.2003,0.8144,0.9217
"ENSG00000153666",-0.0262,8.0934,0.8918,0.9551
"ENSG00000153707",-0.3218,10.2274,0.0007934,0.005479
"ENSG00000153714",-0.3792,9.8621,0.06118,0.1867
"ENSG00000153721",-0.7323,9.2332,4.375e-07,6.372e-06
"ENSG00000153767",0.1693,8.6018,0.2397,0.4788
"ENSG00000153774",-0.0117,9.6355,0.9086,0.9622
"ENSG00000153786",0.1176,12.1157,0.2995,0.5482
"ENSG00000153790",0.3085,8.1101,0.1083,0.2817
"ENSG00000153814",-0.1429,9.7748,0.241,0.4805
"ENSG00000153815",-0.2656,9.2594,0.04216,0.1413
"ENSG00000153823",0.5981,10.6071,4.944e-06,5.928e-05
"ENSG00000153827",0.1647,12.3967,0.03434,0.1208
"ENSG00000153832",-0.1987,8.0653,0.3728,0.6194
"ENSG00000153879",-0.6105,9.1427,7.709e-06,8.849e-05
"ENSG00000153885",-0.7324,8.1657,0.005547,0.02843
"ENSG00000153896",-0.0908,8.1144,0.6509,0.8328
"ENSG00000153898",0.6376,7.8046,0.02827,0.104
"ENSG00000153902",-0.2611,7.467,0.4638,0.6997
"ENSG00000153904",1.2466,11.4829,3.656e-16,1.661e-14
"ENSG00000153914",-0.0932,10.8031,0.3468,0.5947
"ENSG00000153922",0.0262,9.6309,0.7984,0.9134
"ENSG00000153930",-0.2879,7.0406,0.7419,0.8857
"ENSG00000153933",0.2178,8.2628,0.247,0.4882
"ENSG00000153936",0.8106,10.6984,2.803e-07,4.236e-06
"ENSG00000153944",-0.0188,9.7356,0.8701,0.945
"ENSG00000153956",-0.0808,10.584,0.5004,0.7284
"ENSG00000153975",0.2007,8.2492,0.3618,0.6087
"ENSG00000153976",0.4089,8.4534,0.03482,0.1221
"ENSG00000153982",-0.5011,7.303,0.2734,0.5188
"ENSG00000153989",0.3407,10.3415,0.001473,0.009282
"ENSG00000153993",-0.5705,9.7411,0.000849,0.00581
"ENSG00000154001",0.2117,10.2962,0.03858,0.132
"ENSG00000154027",0.8996,9.8015,9.443e-07,1.283e-05
"ENSG00000154035",0.1824,10.575,0.08975,0.2453
"ENSG00000154040",0.0499,7.9429,0.8193,0.9233
"ENSG00000154059",-0.0703,9.9547,0.4691,0.704
"ENSG00000154065",-0.1937,9.1926,0.1936,0.4189
"ENSG00000154079",-0.1033,8.1739,0.5763,0.7845
"ENSG00000154096",-0.2279,12.817,0.009934,0.04572
"ENSG00000154102",-0.982,7.8577,4.038e-05,0.0003932
"ENSG00000154114",0.2825,9.704,0.006771,0.0335
"ENSG00000154122",-0.002,9.7921,0.9869,0.9944
"ENSG00000154124",0.1633,9.1807,0.172,0.3886
"ENSG00000154127",1.0596,9.1769,6.615e-10,1.495e-08
"ENSG00000154133",-1.8121,7.0239,0.04097,0.1382
"ENSG00000154134",-0.6333,8.5096,2.697e-05,0.000274
"ENSG00000154144",0.095,10.0341,0.3218,0.5697
"ENSG00000154146",-0.4321,7.2416,0.4176,0.662
"ENSG00000154153",0.4008,7.3353,0.3495,0.597
"ENSG00000154174",-0.0701,10.6807,0.4044,0.6502
"ENSG00000154175",0.1689,12.7776,0.1527,0.3592
"ENSG00000154188",0.5592,11.4278,5.269e-08,9.1e-07
"ENSG00000154217",0.8876,8.5124,1.819e-08,3.392e-07
"ENSG00000154222",0.2829,9.7938,0.004184,0.02246
"ENSG00000154229",0.1996,11.8789,0.04687,0.1532
"ENSG00000154237",0.0438,10.3318,0.6423,0.8282
"ENSG00000154240",0.34,8.7332,0.01459,0.06176
"ENSG00000154258",0.2528,10.99,0.08226,0.2308
"ENSG00000154262",1.018,11.2581,1.527e-19,9.905e-18
"ENSG00000154263",-1.4861,8.31,1.925e-11,5.143e-10
"ENSG00000154265",-0.0653,9.2729,0.663,0.8408
"ENSG00000154277",-0.1428,12.1607,0.06018,0.1845
"ENSG00000154305",-0.1582,11.1529,0.07163,0.209
"ENSG00000154309",-0.3643,9.2432,0.07253,0.2111
"ENSG00000154310",-1.1421,9.8329,2.104e-15,8.989e-14
"ENSG00000154319",0.9711,7.9914,6.091e-05,0.0005652
"ENSG00000154328",-0.1537,8.547,0.3484,0.5962
"ENSG00000154330",-0.1804,11.2925,0.0324,0.1156
"ENSG00000154358",-0.642,8.734,8.821e-05,0.0007882
"ENSG00000154359",-0.3862,8.7915,0.02105,0.08271
"ENSG00000154370",-0.0736,8.7716,0.6248,0.8172
"ENSG00000154380",0.2895,12.3112,0.01299,0.05635
"ENSG00000154429",-0.4283,8.2285,0.01664,0.06852
"ENSG00000154447",0.1354,9.5618,0.3517,0.5991
"ENSG00000154451",-1.2045,7.0137,0.1846,0.4063
"ENSG00000154473",0.0977,10.5993,0.284,0.5319
"ENSG00000154479",1.0397,7.492,0.006226,0.03128
"ENSG00000154511",-0.071,10.8802,0.5719,0.7813
"ENSG00000154518",0.0531,10.585,0.5457,0.7627
"ENSG00000154529",0.8144,8.1976,1.996e-05,0.0002092
"ENSG00000154537",-0.2312,7.0836,0.7666,0.8978
"ENSG00000154545",-0.3731,10.279,0.0006929,0.004878
"ENSG00000154548",0.355,7.0795,0.6478,0.8312
"ENSG00000154553",-0.0556,8.3738,0.7531,0.8917
"ENSG00000154556",0.853,7.3601,0.06206,0.1888
"ENSG00000154582",0.2638,9.7808,0.008756,0.04131
"ENSG00000154589",-0.6532,8.2063,0.002784,0.01596
"ENSG00000154608",-0.6131,9.978,2.898e-08,5.215e-07
"ENSG00000154639",-0.9185,7.1185,0.2251,0.4597
"ENSG00000154640",0.0553,9.4189,0.6437,0.8294
"ENSG00000154642",0.09,8.641,0.5944,0.7963
"ENSG00000154654",-0.7923,10.5137,2.434e-16,1.122e-14
"ENSG00000154678",-0.0421,10.0001,0.7423,0.886
"ENSG00000154710",0.2416,7.5937,0.4555,0.6933
"ENSG00000154719",0.0718,8.6087,0.6262,0.8178
"ENSG00000154721",0.3558,9.5179,0.01123,0.05043
"ENSG00000154723",0.0913,9.7011,0.3755,0.6221
"ENSG00000154727",-0.19,9.9563,0.05435,0.1706
"ENSG00000154734",2.3456,14.4476,2.267e-90,4.087e-87
"ENSG00000154736",2.2928,11.5289,2.769e-06,3.472e-05
"ENSG00000154743",0.4892,8.3969,0.003216,0.01791
"ENSG00000154760",0.0659,8.1989,0.767,0.8978
"ENSG00000154767",-0.5541,10.6984,4.933e-10,1.129e-08
"ENSG00000154781",-0.0571,9.2166,0.635,0.8239
"ENSG00000154783",-0.5019,7.3679,0.2603,0.5044
"ENSG00000154803",-0.2267,10.2022,0.03534,0.1233
"ENSG00000154813",0.465,10.0086,1.148e-06,1.538e-05
"ENSG00000154814",0.2772,8.135,0.1455,0.3476
"ENSG00000154822",0.0052,8.8932,0.9691,0.9879
"ENSG00000154832",0.0059,9.8668,0.9571,0.9838
"ENSG00000154839",-1.0947,7.3149,0.01355,0.05829
"ENSG00000154845",0.1569,10.7569,0.09193,0.2493
"ENSG00000154856",1.5997,10.3505,0.000177,0.001463
"ENSG00000154864",-2.5672,8.1511,3.805e-29,5.083e-27
"ENSG00000154874",-0.1155,9.0305,0.4952,0.7248
"ENSG00000154889",0.2763,9.3875,0.01166,0.05188
"ENSG00000154898",-0.153,8.1113,0.4829,0.7155
"ENSG00000154914",1.5563,7.0869,0.0331,0.1174
"ENSG00000154917",-0.5713,7.6408,0.05484,0.1718
"ENSG00000154920",-0.7022,7.1593,0.2403,0.4796
"ENSG00000154928",-0.4077,7.1564,0.4966,0.7256
"ENSG00000154930",1.8986,9.5586,2.605e-68,2.042e-65
"ENSG00000154945",0.3568,10.1449,0.0003036,0.002362
"ENSG00000154957",-0.0931,8.4212,0.6102,0.808
"ENSG00000154978",0.3415,11.0523,0.003066,0.01726
"ENSG00000155008",0.6296,8.1547,0.002682,0.01544
"ENSG00000155011",-1.5117,7.1963,0.008779,0.0414
"ENSG00000155016",0.2266,10.4599,0.03418,0.1203
"ENSG00000155034",0.3627,8.811,0.01386,0.05942
"ENSG00000155066",-0.173,7.2224,0.7362,0.8827
"ENSG00000155085",-0.6154,8.2696,0.0009932,0.006641
"ENSG00000155090",-0.6499,9.7528,0.00021,0.001705
"ENSG00000155093",-0.0215,7.2916,0.9625,0.9854
"ENSG00000155096",-0.1102,11.2522,0.2648,0.5095
"ENSG00000155097",0.1744,10.794,0.137,0.333
"ENSG00000155099",0.0018,8.8708,0.9918,0.9965
"ENSG00000155100",0.3033,8.571,0.04396,0.1458
"ENSG00000155111",-0.1569,10.0047,0.2069,0.4361
"ENSG00000155115",0.0382,9.2034,0.7483,0.8895
"ENSG00000155130",-1.1917,12.3973,1.201e-31,1.705e-29
"ENSG00000155158",-0.1079,9.0638,0.4465,0.6863
"ENSG00000155189",0.5584,8.726,0.005466,0.02809
"ENSG00000155229",0.0574,10.4385,0.5548,0.769
"ENSG00000155252",-0.2166,9.8413,0.07795,0.2221
"ENSG00000155254",0.1064,11.377,0.1855,0.4075
"ENSG00000155256",0.0225,9.2646,0.8448,0.9356
"ENSG00000155275",0.0435,8.4061,0.7893,0.9095
"ENSG00000155287",-0.0988,9.436,0.5162,0.7397
"ENSG00000155304",-0.003,9.8666,0.9777,0.9908
"ENSG00000155313",-0.0587,10.8147,0.4913,0.7225
"ENSG00000155324",1.2323,9.3979,2.987e-15,1.247e-13
"ENSG00000155329",0.3282,8.4509,0.06452,0.194
"ENSG00000155330",-0.0056,8.0422,0.9792,0.9914
"ENSG00000155363",-0.3082,9.9227,0.002215,0.01315
"ENSG00000155366",0.1541,11.1205,0.09155,0.2486
"ENSG00000155367",0.4586,7.1543,0.4425,0.6837
"ENSG00000155368",0.2095,9.8801,0.04314,0.1439
"ENSG00000155380",-0.2786,9.9045,0.04886,0.158
"ENSG00000155393",0.4499,8.5437,0.01415,0.06032
"ENSG00000155428",0.0558,7.4366,0.8838,0.9521
"ENSG00000155438",0.1654,8.9492,0.2013,0.4292
"ENSG00000155463",-0.1548,11.014,0.06865,0.2027
"ENSG00000155465",0.3754,8.3257,0.06104,0.1864
"ENSG00000155506",0.2642,12.1034,0.005199,0.02702
"ENSG00000155508",0.5931,9.8515,3.462e-05,0.0003413
"ENSG00000155511",0.9325,11.4927,0.003094,0.0174
"ENSG00000155542",-0.3022,7.7386,0.2365,0.4742
"ENSG00000155545",0.0432,9.2059,0.7098,0.8676
"ENSG00000155561",-0.2873,10.0362,0.01072,0.04858
"ENSG00000155592",-0.1844,8.5425,0.2233,0.457
"ENSG00000155621",-0.2491,8.7339,0.1395,0.3374
"ENSG00000155629",-0.0796,7.6634,0.791,0.9101
"ENSG00000155636",-0.1042,8.606,0.5406,0.7588
"ENSG00000155640",-0.3611,8.1173,0.1008,0.2669
"ENSG00000155657",0.0469,8.9018,0.7923,0.9111
"ENSG00000155660",-0.3384,11.9499,0.02652,0.0991
"ENSG00000155666",-0.4297,7.6772,0.1453,0.3472
"ENSG00000155729",-0.0212,9.2945,0.8685,0.9449
"ENSG00000155744",0.013,8.9314,0.9252,0.9689
"ENSG00000155749",1.0236,7.3276,0.01593,0.06635
"ENSG00000155754",0.0622,7.3782,0.875,0.9475
"ENSG00000155755",-0.128,9.7923,0.3227,0.5708
"ENSG00000155760",-0.4658,10.8752,0.0009025,0.006118
"ENSG00000155792",-0.9933,7.4752,0.009447,0.04389
"ENSG00000155816",0.3499,9.0591,0.0246,0.09356
"ENSG00000155827",-0.3552,10.5395,9.533e-05,0.0008451
"ENSG00000155846",-1.0213,7.0087,0.2734,0.5188
"ENSG00000155849",1.4178,7.3293,0.00144,0.009119
"ENSG00000155850",0.3923,9.7546,0.0002725,0.002146
"ENSG00000155858",0.3041,8.2514,0.1153,0.2944
"ENSG00000155868",0.0169,8.4191,0.9172,0.9658
"ENSG00000155876",0.153,11.0994,0.08333,0.233
"ENSG00000155893",-0.8565,9.0298,1.372e-10,3.316e-09
"ENSG00000155897",-4.0253,7.2651,2.967e-08,5.333e-07
"ENSG00000155903",0.2101,9.9711,0.1579,0.3671
"ENSG00000155906",0.1449,9.3686,0.1921,0.4166
"ENSG00000155957",0.4326,8.5018,0.02388,0.09144
"ENSG00000155959",0.0471,9.5113,0.6938,0.859
"ENSG00000155961",-1.2316,7.1264,0.07015,0.2059
"ENSG00000155962",-1.2553,9.1493,1.144e-16,5.459e-15
"ENSG00000155970",0.1279,8.7744,0.4628,0.6991
"ENSG00000155974",0.3004,7.027,0.7202,0.8742
"ENSG00000155975",0.4822,10.1436,1.455e-07,2.31e-06
"ENSG00000155980",-0.3649,7.6376,0.2412,0.4806
"ENSG00000155984",0.2965,9.4552,0.01134,0.05079
"ENSG00000156011",-0.5374,11.0675,1.43e-07,2.273e-06
"ENSG00000156017",-0.2883,9.1531,0.05148,0.1639
"ENSG00000156026",0.1869,10.0878,0.07771,0.2215
"ENSG00000156030",-0.0822,9.9811,0.4185,0.6629
"ENSG00000156042",-0.2107,8.1379,0.3053,0.5544
"ENSG00000156049",-0.1144,7.9476,0.643,0.8287
"ENSG00000156050",-0.7536,8.3073,1.648e-05,0.0001764
"ENSG00000156052",0.2426,10.8595,0.003139,0.01757
"ENSG00000156103",-0.812,7.4448,0.03047,0.1102
"ENSG00000156110",-0.0535,9.2482,0.6698,0.8439
"ENSG00000156113",-0.5938,9.8605,0.0001145,0.0009957
"ENSG00000156136",0.109,8.436,0.5542,0.7688
"ENSG00000156140",0.6341,8.6489,0.0009568,0.006447
"ENSG00000156162",0.458,10.3268,1.675e-06,2.188e-05
"ENSG00000156170",-0.161,8.2907,0.3489,0.5966
"ENSG00000156171",-0.0474,10.4996,0.6624,0.8407
"ENSG00000156172",0.1754,7.7281,0.5271,0.7477
"ENSG00000156218",-0.0324,7.1306,0.962,0.9852
"ENSG00000156232",0.5541,8.9458,1.216e-05,0.0001339
"ENSG00000156239",-0.7514,8.6891,1.001e-07,1.636e-06
"ENSG00000156253",0.0069,9.1907,0.9592,0.9842
"ENSG00000156256",0.199,10.2298,0.02856,0.1048
"ENSG00000156261",0.2778,11.352,0.002801,0.01604
"ENSG00000156265",0.0119,9.4079,0.9771,0.9905
"ENSG00000156273",0.0878,10.6611,0.494,0.7243
"ENSG00000156304",0.0302,10.159,0.7897,0.9097
"ENSG00000156313",0.4932,8.2047,0.008824,0.04155
"ENSG00000156345",-0.5998,8.3723,0.00315,0.01762
"ENSG00000156374",0.2756,8.492,0.1048,0.2753
"ENSG00000156381",0.0248,7.8506,0.92,0.967
"ENSG00000156384",0.0966,7.9475,0.6584,0.8383
"ENSG00000156398",0.6886,7.5765,0.04952,0.1597
"ENSG00000156411",-0.0608,9.7817,0.592,0.7949
"ENSG00000156414",0.3678,7.2045,0.5102,0.7351
"ENSG00000156427",0.3972,7.5916,0.2358,0.4734
"ENSG00000156453",-1.8427,7.2153,0.003849,0.02088
"ENSG00000156463",0.5554,7.1846,0.3302,0.5792
"ENSG00000156466",-1.6831,7.0736,0.03001,0.1088
"ENSG00000156467",-0.2054,11.2509,0.04206,0.1411
"ENSG00000156469",-0.0054,8.6991,0.9696,0.9882
"ENSG00000156471",-0.4972,11.2486,1.459e-05,0.0001577
"ENSG00000156482",-0.0803,11.6821,0.4243,0.6682
"ENSG00000156486",-0.0577,8.5903,0.7003,0.8621
"ENSG00000156500",-0.191,7.8279,0.4552,0.693
"ENSG00000156502",-0.0796,8.9873,0.5161,0.7397
"ENSG00000156504",0.3637,9.2538,0.007667,0.03721
"ENSG00000156508",-0.2016,17.9595,0.02147,0.08399
"ENSG00000156515",0.1983,11.3539,0.08303,0.2323
"ENSG00000156521",0.4016,8.8789,0.003213,0.0179
"ENSG00000156531",-0.0116,9.602,0.9171,0.9658
"ENSG00000156535",0.1152,11.9761,0.2104,0.441
"ENSG00000156587",-0.0102,10.5829,0.9335,0.9726
"ENSG00000156599",0.272,11.3953,0.001095,0.007224
"ENSG00000156603",-0.042,8.6214,0.7754,0.9027
"ENSG00000156639",-0.0318,11.1199,0.7154,0.8713
"ENSG00000156642",0.2282,11.4518,0.004825,0.02536
"ENSG00000156650",-0.0537,10.9552,0.5981,0.7982
"ENSG00000156671",0.5978,10.7502,8.281e-08,1.369e-06
"ENSG00000156675",1.5473,10.6187,3.897e-45,1.081e-42
"ENSG00000156689",0.4696,7.6389,0.1384,0.3356
"ENSG00000156697",0.0697,9.1203,0.585,0.7905
"ENSG00000156709",-0.0243,9.2559,0.8437,0.9349
"ENSG00000156711",0.4193,8.2953,0.01392,0.0596
"ENSG00000156735",0.2118,9.5198,0.1066,0.2783
"ENSG00000156787",-0.0322,8.2735,0.8562,0.9407
"ENSG00000156795",0.1228,7.9788,0.5654,0.7765
"ENSG00000156802",-0.2194,9.2607,0.07948,0.2251
"ENSG00000156804",1.0864,11.8159,0.0001735,0.001438
"ENSG00000156831",0.0801,8.831,0.5689,0.7797
"ENSG00000156853",-0.1543,8.5483,0.3248,0.5729
"ENSG00000156858",0.0487,9.2774,0.7269,0.8778
"ENSG00000156860",0.1952,10.3172,0.03231,0.1154
"ENSG00000156869",-0.8056,8.4788,2.606e-07,3.962e-06
"ENSG00000156873",0.084,8.6362,0.5624,0.7746
"ENSG00000156875",0.1607,10.261,0.1072,0.2796
"ENSG00000156876",-0.7089,7.7005,0.009107,0.04271
"ENSG00000156928",0.3548,8.8579,0.005996,0.03034
"ENSG00000156931",-0.4873,9.9899,2.8e-06,3.508e-05
"ENSG00000156958",0.1326,8.5995,0.4236,0.6678
"ENSG00000156966",-0.1511,7.0474,0.8596,0.9423
"ENSG00000156970",0.0539,7.3361,0.8988,0.9587
"ENSG00000156973",-0.1464,8.8798,0.2893,0.5379
"ENSG00000156976",-0.1492,12.6003,0.06489,0.1945
"ENSG00000156983",-0.0824,9.1442,0.4855,0.7175
"ENSG00000156990",0.0432,8.8559,0.7366,0.883
"ENSG00000157014",0.3023,8.9143,0.03624,0.1254
"ENSG00000157020",-0.1817,10.7357,0.08666,0.2394
"ENSG00000157021",0.052,7.8651,0.8242,0.9257
"ENSG00000157036",0.5236,8.8192,0.002489,0.0145
"ENSG00000157045",0.1275,10.2473,0.2825,0.53
"ENSG00000157064",0.2881,7.1355,0.6732,0.8465
"ENSG00000157077",-0.0933,9.9522,0.3815,0.6281
"ENSG00000157106",0.093,11.7012,0.3143,0.5631
"ENSG00000157107",0.3683,10.0428,0.0005874,0.004213
"ENSG00000157110",0.8951,11.5729,2.341e-19,1.471e-17
"ENSG00000157111",0.347,7.6013,0.2761,0.5219
"ENSG00000157150",2.9452,8.2456,8.111e-51,2.985e-48
"ENSG00000157152",3.4625,7.5622,1.903e-17,9.723e-16
"ENSG00000157168",-1.6187,7.6737,1.127e-07,1.828e-06
"ENSG00000157181",0.0623,9.3758,0.5714,0.7813
"ENSG00000157184",-0.2555,8.3971,0.1208,0.3037
"ENSG00000157191",0.1426,10.5156,0.1616,0.373
"ENSG00000157193",-0.0524,7.7789,0.8418,0.9342
"ENSG00000157212",-0.1277,8.6363,0.415,0.6602
"ENSG00000157214",1.9768,11.3554,6.091e-106,1.569e-102
"ENSG00000157216",0.7452,10.7081,9.516e-09,1.833e-07
"ENSG00000157224",0.4039,9.7523,7.399e-05,0.0006762
"ENSG00000157227",-0.1266,14.7819,0.3509,0.5984
"ENSG00000157240",0.1546,11.0423,0.06186,0.1883
"ENSG00000157259",-0.0066,10.2443,0.9443,0.9765
"ENSG00000157303",-2.2003,6.943,0.06892,0.2033
"ENSG00000157306",-0.1385,7.2708,0.7784,0.9043
"ENSG00000157315",-0.7317,7.0942,0.3425,0.5909
"ENSG00000157322",0.4002,7.0536,0.6088,0.807
"ENSG00000157326",0.1411,9.139,0.2704,0.5157
"ENSG00000157343",0.5181,7.2674,0.293,0.5415
"ENSG00000157349",0.1179,9.3118,0.3745,0.621
"ENSG00000157350",-0.2454,9.1476,0.09213,0.2497
"ENSG00000157353",0.1733,8.6503,0.2287,0.4645
"ENSG00000157368",-2.2704,7.6507,6.862e-10,1.549e-08
"ENSG00000157379",-0.2225,8.9758,0.1324,0.325
"ENSG00000157388",-0.8594,7.052,0.2988,0.5477
"ENSG00000157399",-0.0857,7.8055,0.752,0.8913
"ENSG00000157404",-0.4015,9.3462,0.03269,0.1163
"ENSG00000157423",-0.2232,8.2643,0.2126,0.4435
"ENSG00000157426",-0.0911,8.8537,0.5044,0.7317
"ENSG00000157429",-0.5901,7.6327,0.03826,0.1311
"ENSG00000157445",-0.9181,8.109,1.83e-06,2.375e-05
"ENSG00000157450",0.1057,10.0309,0.2931,0.5416
"ENSG00000157456",0.2715,7.5662,0.3751,0.6217
"ENSG00000157483",0.9373,11.1687,5.198e-16,2.343e-14
"ENSG00000157500",0.1145,10.3704,0.2573,0.5015
"ENSG00000157502",3.0437,6.981,0.002858,0.01631
"ENSG00000157510",1.7214,9.2802,1.537e-16,7.238e-15
"ENSG00000157514",3.1902,10.5423,4.751e-21,3.511e-19
"ENSG00000157538",0.3606,10.8801,0.0004041,0.003023
"ENSG00000157540",0.1025,10.1936,0.2681,0.5128
"ENSG00000157542",0.8581,7.1097,0.3485,0.5962
"ENSG00000157554",0.4767,7.025,0.5718,0.7813
"ENSG00000157557",-0.0508,10.3377,0.6526,0.8341
"ENSG00000157570",-0.3259,7.6301,0.2971,0.5457
"ENSG00000157578",-1.1295,7.3144,0.01064,0.04835
"ENSG00000157593",0.1186,10.8934,0.1563,0.3648
"ENSG00000157600",-0.1736,8.7692,0.2469,0.4882
"ENSG00000157601",-1.0053,8.5365,7.775e-06,8.912e-05
"ENSG00000157613",-0.9832,11.4732,4.808e-20,3.247e-18
"ENSG00000157617",1.095,10.0725,2.457e-12,7.347e-11
"ENSG00000157625",-0.1656,9.5055,0.1312,0.323
"ENSG00000157637",0.2786,11.4533,0.003952,0.02139
"ENSG00000157653",0.2248,7.1578,0.7447,0.8874
"ENSG00000157657",-0.6768,9.7041,8.899e-07,1.213e-05
"ENSG00000157680",0.8103,9.804,0.05954,0.1831
"ENSG00000157693",-0.2605,8.6925,0.1162,0.2959
"ENSG00000157734",-0.0154,7.2646,0.9752,0.9898
"ENSG00000157741",-0.1119,9.6345,0.2787,0.5257
"ENSG00000157764",0.0896,9.6159,0.4167,0.6614
"ENSG00000157766",0.4625,8.4158,0.4904,0.722
"ENSG00000157778",0.1692,8.2865,0.323,0.5709
"ENSG00000157782",-0.4077,7.1132,0.5886,0.7926
"ENSG00000157796",0.3915,10.8683,0.0002915,0.002282
"ENSG00000157800",0.0417,10.1391,0.6576,0.8376
"ENSG00000157823",0.1403,9.4811,0.2431,0.4829
"ENSG00000157827",0.5051,10.8213,3.592e-06,4.419e-05
"ENSG00000157833",0.0703,8.5201,0.6964,0.8608
"ENSG00000157837",0.0085,10.2648,0.9318,0.9725
"ENSG00000157869",0.0464,8.8664,0.7369,0.883
"ENSG00000157870",0.2073,8.9675,0.105,0.2755
"ENSG00000157873",-0.3299,9.3052,0.00554,0.02841
"ENSG00000157881",0.1191,8.8892,0.3735,0.62
"ENSG00000157895",-0.1526,8.8477,0.3007,0.5497
"ENSG00000157911",-0.4001,8.5532,0.01159,0.05163
"ENSG00000157916",0.2357,11.213,0.002965,0.01683
"ENSG00000157927",0.4083,7.6637,0.1794,0.3993
"ENSG00000157933",-0.0458,11.1915,0.5936,0.7959
"ENSG00000157954",0.3339,11.1238,0.0004944,0.003621
"ENSG00000157978",0.1327,9.49,0.2403,0.4796
"ENSG00000157985",-0.0179,10.3038,0.8729,0.9464
"ENSG00000157992",-0.4342,7.0969,0.5303,0.7503
"ENSG00000157999",-0.7066,7.1675,0.2237,0.4574
"ENSG00000158006",-0.1719,8.666,0.2396,0.4788
"ENSG00000158008",-0.393,7.6139,0.23,0.4658
"ENSG00000158019",-0.004,9.5154,0.9717,0.9891
"ENSG00000158023",-0.4375,7.7668,0.1,0.2655
"ENSG00000158042",-0.3777,9.4252,0.01178,0.0523
"ENSG00000158062",-0.414,8.4631,0.012,0.05304
"ENSG00000158079",0.9406,8.9244,7.05e-12,1.971e-10
"ENSG00000158089",0.1974,7.461,0.5993,0.7994
"ENSG00000158092",-0.04,9.4105,0.7186,0.8732
"ENSG00000158104",0.6228,7.6313,0.04212,0.1413
"ENSG00000158106",-0.1273,7.0948,0.8599,0.9425
"ENSG00000158109",0.0754,10.9951,0.4815,0.7143
"ENSG00000158113",0.3925,7.5037,0.2637,0.5081
"ENSG00000158122",0.839,9.9844,7.208e-14,2.594e-12
"ENSG00000158125",1.3935,7.3727,0.0008758,0.005964
"ENSG00000158156",0.2015,8.4287,0.2235,0.4573
"ENSG00000158158",0.3715,8.664,0.009469,0.04396
"ENSG00000158161",-0.0668,9.607,0.5588,0.7719
"ENSG00000158163",0.2232,8.3759,0.2788,0.5258
"ENSG00000158164",-0.4476,7.0872,0.528,0.7483
"ENSG00000158169",0.1017,8.7307,0.4834,0.7158
"ENSG00000158186",-0.0054,10.3914,0.9536,0.9816
"ENSG00000158195",0.2441,12.1329,0.009252,0.04319
"ENSG00000158201",0.8002,7.9863,0.000243,0.001938
"ENSG00000158234",0.3788,8.217,0.04103,0.1384
"ENSG00000158246",2.3521,7.7923,1.248e-18,7.191e-17
"ENSG00000158258",0.1877,7.6131,0.7974,0.9129
"ENSG00000158270",-0.1006,12.0392,0.3493,0.597
"ENSG00000158286",0.064,7.9844,0.7882,0.909
"ENSG00000158290",0.035,11.3853,0.7114,0.8687
"ENSG00000158292",-0.8995,9.6476,2.244e-16,1.037e-14
"ENSG00000158296",0.0957,8.0271,0.6551,0.8355
"ENSG00000158301",-0.8587,8.9663,1.083e-10,2.65e-09
"ENSG00000158315",-0.2417,7.3166,0.5773,0.7851
"ENSG00000158321",0.4552,9.5365,4.089e-05,0.0003975
"ENSG00000158352",-0.2668,7.6856,0.355,0.6027
"ENSG00000158373",-0.3473,8.1876,0.141,0.3399
"ENSG00000158402",0.0107,7.0574,0.9889,0.9953
"ENSG00000158406",-0.4446,7.5933,0.1372,0.3334
"ENSG00000158411",-0.1073,8.9862,0.4155,0.6605
"ENSG00000158417",-0.0056,11.7541,0.9512,0.9803
"ENSG00000158423",-1.1378,7.2088,0.03955,0.1346
"ENSG00000158427",-0.5218,8.1751,0.007542,0.03673
"ENSG00000158435",0.2028,9.7145,0.04075,0.1376
"ENSG00000158445",0.1913,8.0714,0.3272,0.5757
"ENSG00000158467",-0.7242,9.4764,2.592e-09,5.429e-08
"ENSG00000158470",0.2842,10.6873,0.00584,0.02964
"ENSG00000158473",0.8538,7.0361,0.3086,0.5575
"ENSG00000158480",-0.1285,8.8605,0.3604,0.6073
"ENSG00000158482",0.2648,7.1701,0.6596,0.8392
"ENSG00000158483",-0.5532,7.943,0.09805,0.2617
"ENSG00000158526",-0.0312,9.7951,0.7598,0.8952
"ENSG00000158528",-0.0755,7.6611,0.8115,0.9198
"ENSG00000158545",-0.002,10.0172,0.9837,0.9931
"ENSG00000158552",-0.3959,9.0703,0.003127,0.01752
"ENSG00000158555",0.8516,9.5954,8.672e-12,2.391e-10
"ENSG00000158560",-0.1335,7.0849,0.8577,0.9414
"ENSG00000158604",0.0716,10.5105,0.4563,0.6938
"ENSG00000158615",-0.0124,9.6546,0.9053,0.9613
"ENSG00000158623",-0.2899,8.6963,0.03983,0.1352
"ENSG00000158636",-0.2441,9.2911,0.03305,0.1173
"ENSG00000158669",-0.049,10.528,0.5925,0.7952
"ENSG00000158691",-0.2119,8.3903,0.1939,0.4194
"ENSG00000158710",-0.1949,13.208,0.1336,0.3267
"ENSG00000158711",0.1052,10.1414,0.4157,0.6606
"ENSG00000158714",0.0804,7.1436,0.906,0.9613
"ENSG00000158715",-0.5646,7.1851,0.3559,0.6031
"ENSG00000158716",1.32,8.3486,2.055e-14,7.783e-13
"ENSG00000158717",-0.0625,8.2212,0.7229,0.8753
"ENSG00000158747",0.861,10.822,9.406e-12,2.586e-10
"ENSG00000158769",0.6982,7.5163,0.04824,0.1565
"ENSG00000158773",-0.2233,9.4791,0.0873,0.2405
"ENSG00000158792",0.378,8.108,0.05305,0.1679
"ENSG00000158793",-0.1624,9.0884,0.2069,0.4361
"ENSG00000158796",0.1129,9.1795,0.3839,0.6302
"ENSG00000158805",0.1529,8.4735,0.3673,0.6144
"ENSG00000158806",-1.122,7.5175,0.002486,0.01449
"ENSG00000158813",1.4816,7.9024,9.426e-09,1.82e-07
"ENSG00000158815",-0.2231,7.1313,0.7221,0.8748
"ENSG00000158816",2.2703,7.0127,0.01899,0.07617
"ENSG00000158825",-0.0632,7.3308,0.8894,0.9545
"ENSG00000158828",0.3179,10.2037,0.0008579,0.005856
"ENSG00000158850",0.0728,8.845,0.6608,0.8402
"ENSG00000158856",-0.4488,7.6144,0.1421,0.3417
"ENSG00000158859",0.1057,7.7392,0.7485,0.8895
"ENSG00000158863",0.1167,10.1084,0.2897,0.5382
"ENSG00000158864",0.0245,10.6005,0.7838,0.9065
"ENSG00000158882",-0.2544,8.2124,0.186,0.408
"ENSG00000158887",-0.554,7.3124,0.2159,0.448
"ENSG00000158941",0.0555,10.2412,0.5379,0.7564
"ENSG00000158966",-0.2376,9.0094,0.1092,0.2836
"ENSG00000158985",0.5206,9.1539,0.0003747,0.002834
"ENSG00000158987",-0.2304,8.6953,0.1858,0.4078
"ENSG00000159023",-1.0335,9.0075,1.059e-12,3.34e-11
"ENSG00000159055",-0.4407,7.8842,0.06357,0.1918
"ENSG00000159063",0.0858,9.2101,0.5539,0.7687
"ENSG00000159069",0.2069,11.1107,0.0577,0.1789
"ENSG00000159079",-0.0193,7.7616,0.938,0.9741
"ENSG00000159082",-0.3918,9.321,0.001353,0.008636
"ENSG00000159086",-0.2156,9.6695,0.1042,0.274
"ENSG00000159110",0.0978,8.4101,0.5896,0.7934
"ENSG00000159111",-0.0831,9.7604,0.432,0.6748
"ENSG00000159128",-0.2265,9.7636,0.06538,0.1957
"ENSG00000159131",0.1137,10.3195,0.2782,0.5248
"ENSG00000159140",-0.0257,12.5849,0.7404,0.8848
"ENSG00000159147",-0.0334,8.4183,0.869,0.945
"ENSG00000159164",-0.1288,9.3619,0.2925,0.5409
"ENSG00000159167",1.9694,9.6786,2.209e-08,4.048e-07
"ENSG00000159176",0.4377,11.8279,0.1903,0.4142
"ENSG00000159199",0.176,9.0674,0.1766,0.3953
"ENSG00000159200",1.4312,11.3712,0.001202,0.007788
"ENSG00000159202",0.096,11.6535,0.2277,0.463
"ENSG00000159208",-0.4596,7.8763,0.08264,0.2316
"ENSG00000159210",0.1107,9.2227,0.4135,0.659
"ENSG00000159212",1.0437,9.8244,4.686e-20,3.176e-18
"ENSG00000159214",0.0029,7.8281,0.9912,0.9964
"ENSG00000159216",0.4892,11.8216,1.593e-08,2.981e-07
"ENSG00000159217",0.355,8.2767,0.04477,0.1478
"ENSG00000159228",-0.1454,9.9217,0.1708,0.3867
"ENSG00000159231",-0.1804,8.3995,0.3257,0.574
"ENSG00000159239",-0.3794,8.0304,0.0866,0.2393
"ENSG00000159256",-0.0633,9.7856,0.5438,0.7611
"ENSG00000159259",-0.2151,7.8948,0.3461,0.5941
"ENSG00000159263",0.561,7.3106,0.2509,0.4931
"ENSG00000159267",0.0992,9.9273,0.3318,0.5807
"ENSG00000159307",0.5016,8.0946,0.09357,0.2525
"ENSG00000159314",-0.3803,7.9626,0.06979,0.2053
"ENSG00000159322",0.0637,10.3586,0.498,0.7267
"ENSG00000159335",0.2757,12.0299,0.02274,0.08797
"ENSG00000159346",0.3589,10.8258,0.0005426,0.003937
"ENSG00000159348",-0.0163,9.9398,0.8767,0.9485
"ENSG00000159352",-0.0169,10.8249,0.8557,0.9405
"ENSG00000159363",0.4178,8.9721,0.001528,0.009557
"ENSG00000159377",0.0775,11.4434,0.3729,0.6194
"ENSG00000159388",-0.436,10.1084,0.000439,0.00325
"ENSG00000159399",0.3794,10.0714,0.02636,0.09861
"ENSG00000159403",0.224,14.5995,0.002096,0.01256
"ENSG00000159423",0.9354,8.6637,9.542e-11,2.347e-09
"ENSG00000159433",-0.0286,9.8392,0.8058,0.9169
"ENSG00000159445",-0.4233,8.7631,0.007539,0.03672
"ENSG00000159459",0.0472,10.0864,0.6274,0.8184
"ENSG00000159461",0.1404,11.2228,0.1236,0.3092
"ENSG00000159479",0.0859,9.174,0.4556,0.6934
"ENSG00000159496",-0.3987,7.4606,0.2588,0.5032
"ENSG00000159556",0.2752,7.4259,0.4717,0.7063
"ENSG00000159579",-0.2512,10.0056,0.03453,0.1214
"ENSG00000159588",-0.2042,7.0612,0.7889,0.9092
"ENSG00000159592",0.0447,10.4805,0.6624,0.8407
"ENSG00000159593",0.3294,9.8347,0.002258,0.01336
"ENSG00000159596",-0.2281,9.161,0.05645,0.1757
"ENSG00000159640",-0.0858,7.8754,0.7156,0.8713
"ENSG00000159658",0.2627,11.7411,0.002401,0.01408
"ENSG00000159674",-0.9941,12.9631,4.184e-11,1.075e-09
"ENSG00000159685",-0.41,8.1207,0.02963,0.1078
"ENSG00000159692",-0.2524,11.1353,0.001642,0.01017
"ENSG00000159713",-1.5506,7.2365,0.002627,0.01519
"ENSG00000159714",-0.0291,9.2174,0.8185,0.9231
"ENSG00000159720",-0.3682,10.7128,5.374e-05,0.0005052
"ENSG00000159733",-0.0646,8.6206,0.6707,0.8446
"ENSG00000159761",0.1316,7.7427,0.6483,0.8316
"ENSG00000159784",-0.3959,8.631,0.007309,0.03582
"ENSG00000159788",-0.1614,9.3075,0.1515,0.3579
"ENSG00000159792",0.3078,10.1705,0.002301,0.01357
"ENSG00000159840",0.7021,12.9894,3.143e-13,1.075e-11
"ENSG00000159842",-0.4516,12.0477,1.407e-08,2.643e-07
"ENSG00000159860",0.558,7.7451,0.1256,0.3126
"ENSG00000159871",-0.0906,7.2584,0.8661,0.9446
"ENSG00000159873",-0.2331,9.4917,0.08645,0.2391
"ENSG00000159882",-0.2474,8.0419,0.2357,0.4732
"ENSG00000159884",0.9343,7.8582,0.0001495,0.001261
"ENSG00000159885",-0.6111,7.6947,0.03736,0.1287
"ENSG00000159899",0.2058,10.682,0.01859,0.07498
"ENSG00000159904",-0.6872,7.1709,0.2412,0.4806
"ENSG00000159905",-0.5151,7.7761,0.04715,0.1538
"ENSG00000159915",-0.837,7.5882,0.009523,0.04416
"ENSG00000159917",0.3975,7.7344,0.1187,0.3001
"ENSG00000159921",0.2205,9.4076,0.06054,0.1853
"ENSG00000160007",-0.1651,11.5917,0.04131,0.1392
"ENSG00000160013",0.603,8.1618,0.01481,0.0625
"ENSG00000160014",-0.1669,12.194,0.0521,0.1654
"ENSG00000160049",-0.1344,9.9663,0.1535,0.3605
"ENSG00000160050",-0.546,7.719,0.04757,0.1548
"ENSG00000160051",-0.2426,7.5594,0.5101,0.7351
"ENSG00000160055",-0.2573,8.4031,0.1749,0.3925
"ENSG00000160058",-0.1818,10.9231,0.07418,0.2143
"ENSG00000160062",0.1582,8.263,0.4035,0.6496
"ENSG00000160072",0.2833,9.0708,0.04248,0.1421
"ENSG00000160075",0.1306,10.8971,0.1154,0.2945
"ENSG00000160087",0.0399,9.6598,0.7045,0.8645
"ENSG00000160094",-0.2248,9.1939,0.07166,0.209
"ENSG00000160097",-1.7017,7.2433,0.001282,0.00824
"ENSG00000160111",-0.5821,7.5658,0.06355,0.1918
"ENSG00000160113",0.0593,8.8994,0.6617,0.8404
"ENSG00000160117",0.1807,7.122,0.7764,0.9032
"ENSG00000160124",-0.0768,8.2067,0.6758,0.8478
"ENSG00000160131",0.1784,9.9044,0.08725,0.2404
"ENSG00000160145",-1.6295,7.5837,7.014e-07,9.753e-06
"ENSG00000160161",0.4685,6.9927,0.637,0.825
"ENSG00000160172",-0.8567,7.5172,0.01027,0.04701
"ENSG00000160179",0.4979,8.5162,0.01211,0.05341
"ENSG00000160190",0.3783,7.6953,0.1846,0.4063
"ENSG00000160191",-0.6225,7.1005,0.3677,0.6146
"ENSG00000160193",0.1453,8.0377,0.4998,0.7281
"ENSG00000160194",-0.002,9.7726,0.9845,0.9933
"ENSG00000160199",-0.3335,9.1016,0.02004,0.07973
"ENSG00000160200",1.2428,9.8874,5.905e-34,9.951e-32
"ENSG00000160201",0.1488,10.1535,0.1293,0.3194
"ENSG00000160207",-0.1258,7.3199,0.7878,0.9088
"ENSG00000160208",-0.0802,9.6919,0.4696,0.7043
"ENSG00000160209",0.178,11.1334,0.08255,0.2315
"ENSG00000160211",-0.3249,11.7107,0.01105,0.04986
"ENSG00000160213",0.339,10.8934,0.0001361,0.001161
"ENSG00000160214",0.1477,8.8586,0.2753,0.5209
"ENSG00000160216",0.0807,11.1418,0.3388,0.5874
"ENSG00000160218",0.3014,10.1445,0.001094,0.007222
"ENSG00000160219",0.5801,7.8066,0.01591,0.06629
"ENSG00000160221",0.0716,10.2943,0.4389,0.6808
"ENSG00000160223",-1.6224,7.265,0.001173,0.007637
"ENSG00000160226",0.1166,8.3397,0.59,0.7935
"ENSG00000160229",-0.1224,7.1155,0.8502,0.9381
"ENSG00000160233",0.3118,7.4546,0.4176,0.662
"ENSG00000160255",-0.3132,7.019,0.7486,0.8895
"ENSG00000160256",0.9494,8.3223,2.305e-06,2.934e-05
"ENSG00000160271",-0.4185,9.6601,0.000393,0.002956
"ENSG00000160282",0.5385,7.3489,0.2161,0.4483
"ENSG00000160284",-0.2444,8.5956,0.1636,0.376
"ENSG00000160285",-0.0267,11.8695,0.7629,0.897
"ENSG00000160293",-0.1199,9.3464,0.3497,0.5972
"ENSG00000160294",0.0948,10.5951,0.2791,0.5263
"ENSG00000160298",-0.283,7.7748,0.2667,0.5113
"ENSG00000160299",-0.1136,10.1983,0.2494,0.4911
"ENSG00000160305",-0.227,10.0497,0.01523,0.06394
"ENSG00000160307",-0.3556,7.1554,0.5692,0.7797
"ENSG00000160310",-0.1517,11.2407,0.08268,0.2317
"ENSG00000160318",0.4244,7.0557,0.5818,0.7884
"ENSG00000160321",-0.3145,7.0993,0.6628,0.8408
"ENSG00000160323",0.0631,8.5052,0.6857,0.8539
"ENSG00000160325",-0.3156,8.6518,0.02603,0.09782
"ENSG00000160326",0.0101,7.948,0.9656,0.9863
"ENSG00000160336",-0.0999,8.8414,0.4608,0.6978
"ENSG00000160345",-0.193,7.6258,0.5059,0.7329
"ENSG00000160352",-0.4482,7.6534,0.1251,0.3118
"ENSG00000160360",-0.426,11.033,2.434e-05,0.0002511
"ENSG00000160392",-0.2019,8.2964,0.2492,0.491
"ENSG00000160396",-0.4952,7.0888,0.5109,0.7358
"ENSG00000160401",0.3892,7.3781,0.3344,0.5836
"ENSG00000160404",0.0409,8.1588,0.8394,0.9331
"ENSG00000160408",0.4011,11.6387,6.73e-07,9.401e-06
"ENSG00000160410",0.2094,10.228,0.05132,0.1635
"ENSG00000160439",-0.0119,8.0707,0.9524,0.9813
"ENSG00000160445",-0.0122,11.119,0.8902,0.9546
"ENSG00000160446",0.8843,8.8415,5.342e-11,1.351e-09
"ENSG00000160447",0.4769,7.811,0.04835,0.1567
"ENSG00000160460",-1.078,8.4378,4.429e-09,8.983e-08
"ENSG00000160469",-0.4465,8.2992,0.009338,0.0435
"ENSG00000160539",-0.0065,8.4476,0.9677,0.9872
"ENSG00000160551",0.1566,12.0149,0.06332,0.1914
"ENSG00000160563",0.0562,8.5749,0.7176,0.8725
"ENSG00000160570",-0.2279,8.7407,0.1121,0.2887
"ENSG00000160584",0.0333,10.4408,0.7412,0.8852
"ENSG00000160602",-0.0366,8.0063,0.8572,0.9411
"ENSG00000160606",-0.1637,7.5935,0.6108,0.8083
"ENSG00000160613",0.7969,11.0661,9.621e-10,2.142e-08
"ENSG00000160633",0.139,11.152,0.2072,0.4365
"ENSG00000160678",-0.1206,7.3106,0.7971,0.9129
"ENSG00000160679",-0.028,9.5932,0.7901,0.9098
"ENSG00000160685",-0.225,9.2474,0.08912,0.244
"ENSG00000160688",0.1416,8.8957,0.3161,0.5649
"ENSG00000160691",-0.0151,12.1971,0.8796,0.9497
"ENSG00000160695",-0.2444,10.3755,0.007872,0.03798
"ENSG00000160703",-0.0438,9.2599,0.75,0.8904
"ENSG00000160710",-0.1093,12.2961,0.1483,0.3525
"ENSG00000160712",0.6447,9.8482,4.691e-08,8.188e-07
"ENSG00000160714",0.1024,10.3305,0.2545,0.4975
"ENSG00000160741",0.317,9.6165,0.01296,0.0563
"ENSG00000160746",0.4178,10.5945,3.221e-06,4.002e-05
"ENSG00000160752",-0.0503,8.9519,0.702,0.863
"ENSG00000160753",0.1576,9.5246,0.1905,0.4143
"ENSG00000160766",-0.3122,9.8168,0.001464,0.009239
"ENSG00000160767",0.2396,10.2719,0.04895,0.1582
"ENSG00000160781",1.002,7.3894,0.02245,0.08709
"ENSG00000160783",-0.2674,8.1216,0.1864,0.4087
"ENSG00000160785",0.0807,9.4487,0.4792,0.7124
"ENSG00000160789",0.151,13.8002,0.1844,0.4061
"ENSG00000160796",0.3863,8.4483,0.04608,0.1512
"ENSG00000160799",0.1094,8.6736,0.466,0.7015
"ENSG00000160801",0.1155,7.7894,0.6402,0.8267
"ENSG00000160803",-0.2035,9.6622,0.1097,0.2844
"ENSG00000160808",0.3058,7.221,0.583,0.789
"ENSG00000160813",0.0293,7.7031,0.9224,0.9673
"ENSG00000160818",0.4798,9.0337,0.001517,0.009498
"ENSG00000160828",-0.1484,8.7715,0.3299,0.5788
"ENSG00000160867",-0.6545,8.9365,0.0001181,0.001023
"ENSG00000160870",-0.8268,8.5969,0.0004765,0.003503
"ENSG00000160877",0.1766,10.1646,0.1324,0.325
"ENSG00000160886",-0.4348,7.0623,0.5714,0.7813
"ENSG00000160888",-0.3406,8.8008,0.0154,0.06449
"ENSG00000160908",0.0501,8.5963,0.756,0.893
"ENSG00000160917",-0.287,8.9973,0.02768,0.1024
"ENSG00000160932",-0.1807,11.7969,0.07379,0.2135
"ENSG00000160948",0.0194,10.5669,0.8432,0.9348
"ENSG00000160949",0.0845,8.4349,0.6235,0.8162
"ENSG00000160951",-1.4279,7.1042,0.04462,0.1475
"ENSG00000160953",-0.1926,9.9045,0.05486,0.1718
"ENSG00000160957",0.0281,7.9673,0.901,0.9596
"ENSG00000160959",-0.072,9.1652,0.6135,0.8101
"ENSG00000160961",-0.157,9.0615,0.2185,0.4509
"ENSG00000160972",-0.0137,8.4142,0.9425,0.9759
"ENSG00000160991",-0.5484,9.8814,4.518e-05,0.0004341
"ENSG00000160993",-0.1697,8.3405,0.3465,0.5942
"ENSG00000160999",-0.3432,7.1995,0.5291,0.7492
"ENSG00000161010",-0.3909,9.6804,0.001314,0.008429
"ENSG00000161011",-0.724,13.1238,6.112e-14,2.231e-12
"ENSG00000161013",0.2409,12.6026,0.003563,0.01958
"ENSG00000161016",-0.0068,13.8742,0.9331,0.9726
"ENSG00000161021",0.1599,10.0811,0.09293,0.2512
"ENSG00000161036",0.1502,8.5932,0.3081,0.557
"ENSG00000161040",-1.4534,7.2016,0.01089,0.04923
"ENSG00000161048",-0.2896,9.014,0.02835,0.1042
"ENSG00000161057",-0.0504,10.6276,0.5678,0.7786
"ENSG00000161091",0.4742,9.8214,8.291e-05,0.0007467
"ENSG00000161103",0.7679,7.6576,0.02486,0.09429
"ENSG00000161132",0.4487,7.0557,0.5891,0.793
"ENSG00000161133",0.4154,7.293,0.3676,0.6146
"ENSG00000161149",-2.045,7.0104,0.03443,0.1211
"ENSG00000161179",0.3917,8.0837,0.0598,0.1836
"ENSG00000161202",-0.002,11.4939,0.9819,0.9923
"ENSG00000161203",0.0965,13.0506,0.2126,0.4435
"ENSG00000161204",-0.0861,9.9018,0.4119,0.6579
"ENSG00000161217",0.1202,10.9791,0.1435,0.3439
"ENSG00000161243",0.0041,8.2522,0.9824,0.9924
"ENSG00000161249",-0.2594,10.7022,0.006498,0.03235
"ENSG00000161265",-0.5598,7.45,0.1558,0.364
"ENSG00000161267",1.4534,7.7875,1.833e-07,2.867e-06
"ENSG00000161277",-0.0401,8.5353,0.7976,0.9129
"ENSG00000161281",0.3337,9.0108,0.007881,0.03798
"ENSG00000161298",-0.3344,7.706,0.213,0.444
"ENSG00000161326",0.4973,9.8009,2.829e-05,0.0002853
"ENSG00000161328",-0.733,7.5422,0.02269,0.08784
"ENSG00000161381",-1.3201,9.3274,2.17e-10,5.156e-09
"ENSG00000161395",4e-04,9.1844,0.9978,0.999
"ENSG00000161513",-1.0052,9.543,4.648e-13,1.547e-11
"ENSG00000161526",0.0312,9.7587,0.7584,0.8943
"ENSG00000161533",-0.0977,9.9614,0.3575,0.6046
"ENSG00000161542",-0.1727,9.4371,0.1458,0.3481
"ENSG00000161544",-0.3415,10.3041,0.0004252,0.003166
"ENSG00000161547",0.0923,10.2978,0.415,0.6602
"ENSG00000161551",0.1181,8.4759,0.4633,0.6996
"ENSG00000161558",-0.2933,8.2888,0.1297,0.3202
"ENSG00000161583",-0.0844,9.0359,0.5783,0.7859
"ENSG00000161594",0.2387,7.0215,0.7871,0.9085
"ENSG00000161618",0.0265,8.4977,0.8747,0.9475
"ENSG00000161638",-0.0072,12.2364,0.9326,0.9726
"ENSG00000161642",-0.8447,9.3824,2.089e-10,4.984e-09
"ENSG00000161647",1.5671,8.3692,5.072e-18,2.763e-16
"ENSG00000161653",-0.3223,7.693,0.2495,0.4914
"ENSG00000161654",0.0925,9.9943,0.3791,0.6258
"ENSG00000161664",-0.5646,7.4165,0.1391,0.3368
"ENSG00000161671",0.0479,9.9731,0.6726,0.8461
"ENSG00000161677",0.497,9.3483,8.333e-06,9.504e-05
"ENSG00000161681",-0.4336,8.1255,0.05369,0.1693
"ENSG00000161682",-0.9623,8.8914,7.922e-11,1.97e-09
"ENSG00000161692",-0.1933,8.1033,0.3166,0.5653
"ENSG00000161714",-0.0444,11.2458,0.6169,0.8116
"ENSG00000161791",-0.3484,9.3537,0.002088,0.01252
"ENSG00000161800",0.122,9.1714,0.5475,0.7641
"ENSG00000161813",0.7929,10.2238,1.295e-11,3.528e-10
"ENSG00000161835",-0.431,8.484,0.007324,0.03587
"ENSG00000161847",0.1484,8.8436,0.3563,0.6034
"ENSG00000161888",0.3113,7.8647,0.2188,0.4512
"ENSG00000161896",0.2351,7.5242,0.4899,0.7214
"ENSG00000161904",0.0891,10.1095,0.3436,0.592
"ENSG00000161912",-0.072,7.6262,0.8183,0.923
"ENSG00000161914",0.0976,7.5958,0.7456,0.888
"ENSG00000161920",-0.1758,8.0184,0.4178,0.6622
"ENSG00000161921",-0.7976,8.4018,1.76e-05,0.000187
"ENSG00000161955",0.2536,7.5924,0.4405,0.6819
"ENSG00000161956",0.0667,8.3707,0.7039,0.8642
"ENSG00000161958",0.0678,7.3113,0.8922,0.9553
"ENSG00000161960",-0.0137,7.5478,0.9659,0.9864
"ENSG00000161970",0.0033,9.8852,0.9762,0.9902
"ENSG00000161980",0.3189,7.727,0.2236,0.4573
"ENSG00000161981",-0.1467,8.7411,0.3079,0.5568
"ENSG00000161996",0.0728,8.9072,0.6294,0.8202
"ENSG00000161999",-0.0141,9.026,0.9113,0.9633
"ENSG00000162004",0.8333,7.6067,0.004328,0.02313
"ENSG00000162062",-0.2483,7.1669,0.6758,0.8478
"ENSG00000162063",-0.0446,7.7956,0.8643,0.9438
"ENSG00000162065",0.0264,8.6779,0.8546,0.94
"ENSG00000162066",-0.6923,8.4693,1.253e-05,0.000137
"ENSG00000162068",-0.6828,7.167,0.2627,0.5073
"ENSG00000162073",0.5454,7.5205,0.09837,0.2623
"ENSG00000162076",0.1571,9.0551,0.2552,0.4984
"ENSG00000162086",-0.138,8.6638,0.3228,0.5708
"ENSG00000162104",0.1271,11.0172,0.2371,0.475
"ENSG00000162105",-0.1043,8.5447,0.543,0.7603
"ENSG00000162129",-0.2863,8.1745,0.1374,0.3337
"ENSG00000162139",-0.4067,7.9232,0.09056,0.2469
"ENSG00000162144",-0.1892,10.1386,0.0987,0.263
"ENSG00000162148",-0.1004,7.5614,0.746,0.8884
"ENSG00000162191",0.0569,10.7947,0.5542,0.7688
"ENSG00000162194",0.2795,8.2432,0.1322,0.3247
"ENSG00000162222",0.0943,9.126,0.4201,0.6645
"ENSG00000162227",0.0214,8.1975,0.9114,0.9633
"ENSG00000162231",0.142,10.8834,0.1213,0.3048
"ENSG00000162236",0.0389,10.0071,0.7141,0.8702
"ENSG00000162241",-0.2029,8.0559,0.3,0.5489
"ENSG00000162244",-0.0399,13.4847,0.6759,0.8478
"ENSG00000162267",3.4515,7.0488,0.00118,0.007667
"ENSG00000162290",0.0894,9.6235,0.4159,0.6608
"ENSG00000162298",0.311,10.2556,0.00148,0.009316
"ENSG00000162300",0.0678,7.7614,0.7969,0.9129
"ENSG00000162302",0.143,10.0014,0.2899,0.5383
"ENSG00000162337",0.3918,9.8437,0.01581,0.06591
"ENSG00000162341",0.5933,9.2607,4.173e-07,6.127e-06
"ENSG00000162368",0.4073,11.5169,0.0001247,0.001075
"ENSG00000162373",-2.265,6.9953,0.05449,0.1709
"ENSG00000162377",0.2074,8.5144,0.1689,0.3838
"ENSG00000162378",0.0035,10.4517,0.9718,0.9891
"ENSG00000162383",-0.5827,8.9406,7.446e-05,0.0006795
"ENSG00000162384",-0.1653,9.9213,0.1568,0.3656
"ENSG00000162385",0.1135,8.7127,0.4484,0.688
"ENSG00000162390",-0.3253,7.589,0.314,0.5631
"ENSG00000162396",-0.0298,8.005,0.8921,0.9552
"ENSG00000162402",-0.1783,11.3762,0.09502,0.2555
"ENSG00000162407",-1.0014,14.559,5.894e-37,1.084e-34
"ENSG00000162408",-0.0086,8.9984,0.9449,0.9765
"ENSG00000162409",0.1551,8.8107,0.2425,0.4823
"ENSG00000162413",0.4296,11.2461,0.005688,0.02903
"ENSG00000162415",-0.8019,8.0769,0.002347,0.01381
"ENSG00000162419",-0.0967,8.6836,0.5096,0.7348
"ENSG00000162426",1.2907,8.3997,9.019e-15,3.614e-13
"ENSG00000162430",0.0776,11.6407,0.3577,0.6046
"ENSG00000162433",-0.0542,10.8258,0.7769,0.9033
"ENSG00000162434",0.2197,13.0516,0.01253,0.05486
"ENSG00000162437",-0.1896,8.7909,0.1651,0.3784
"ENSG00000162441",-0.4276,9.0924,0.0008067,0.005554
"ENSG00000162458",0.468,10.896,9.41e-07,1.281e-05
"ENSG00000162461",0.5148,7.4109,0.2038,0.4324
"ENSG00000162482",-0.3011,7.1696,0.6145,0.8102
"ENSG00000162493",1.8913,10.011,2.085e-86,3.133e-83
"ENSG00000162496",1.0872,11.7416,1.913e-26,2.184e-24
"ENSG00000162512",-0.4807,11.6822,4.836e-07,6.954e-06
"ENSG00000162517",-0.0564,9.9514,0.5814,0.7879
"ENSG00000162520",-0.4239,9.7063,0.00528,0.02736
"ENSG00000162521",-0.168,10.6075,0.07719,0.2204
"ENSG00000162522",-0.182,9.9361,0.1222,0.3066
"ENSG00000162526",-1.2803,7.0952,0.0769,0.2198
"ENSG00000162542",-0.0562,9.0167,0.6525,0.834
"ENSG00000162543",-0.4667,7.039,0.5868,0.7912
"ENSG00000162545",0.811,12.5663,3.237e-19,2.019e-17
"ENSG00000162551",0.3061,10.2093,0.02261,0.0876
"ENSG00000162572",-0.175,8.1885,0.3335,0.5826
"ENSG00000162576",0.1015,13.3839,0.158,0.3672
"ENSG00000162585",0.028,9.5096,0.8257,0.9263
"ENSG00000162591",0.0419,9.6669,0.8011,0.915
"ENSG00000162595",-1.19,7.7033,7.389e-05,0.0006756
"ENSG00000162598",2.0638,7.0117,0.02783,0.1028
"ENSG00000162599",0.2473,9.5296,0.03766,0.1296
"ENSG00000162600",-0.0764,8.5774,0.6508,0.8328
"ENSG00000162601",0.0158,10.2741,0.8608,0.9426
"ENSG00000162604",0.6323,10.0239,8.167e-09,1.59e-07
"ENSG00000162607",-0.0792,9.5378,0.5306,0.7505
"ENSG00000162613",0.0016,10.6896,0.9866,0.9944
"ENSG00000162614",2.0357,12.1412,1.565e-102,3.529e-99
"ENSG00000162616",1.5191,10.5585,2.195e-66,1.466e-63
"ENSG00000162618",-0.5327,8.479,0.001006,0.00671
"ENSG00000162620",0.5911,7.109,0.3893,0.6353
"ENSG00000162623",0.064,9.3942,0.5585,0.7718
"ENSG00000162627",-0.1441,9.823,0.1465,0.3492
"ENSG00000162630",2.8944,7.5123,4.367e-12,1.273e-10
"ENSG00000162631",-1.3116,7.2626,0.00828,0.03947
"ENSG00000162636",-0.4277,9.8007,0.0009746,0.006538
"ENSG00000162639",-0.2395,7.5558,0.4597,0.6967
"ENSG00000162641",0.7606,7.1785,0.1875,0.4105
"ENSG00000162642",0.0234,8.9174,0.8595,0.9423
"ENSG00000162643",-1.6199,7.9576,1.325e-12,4.113e-11
"ENSG00000162645",-0.2525,10.5354,0.04546,0.1496
"ENSG00000162650",0.5393,8.13,0.005355,0.02767
"ENSG00000162654",-0.7868,7.6881,0.00796,0.03826
"ENSG00000162664",-0.4842,10.1063,2.19e-07,3.392e-06
"ENSG00000162687",0.8924,8.3166,1.118e-05,0.0001239
"ENSG00000162688",0.3988,10.1074,0.003314,0.01837
"ENSG00000162692",-3.6926,9.0174,4.476e-84,5.381e-81
"ENSG00000162694",-0.41,10.1084,1.942e-05,0.000204
"ENSG00000162695",0.3077,10.0387,0.003881,0.02103
"ENSG00000162702",-0.1336,9.7411,0.3606,0.6075
"ENSG00000162704",0.8886,11.3855,1.514e-15,6.574e-14
"ENSG00000162714",-0.2548,9.8574,0.02519,0.09532
"ENSG00000162722",-0.2238,7.6018,0.461,0.6979
"ENSG00000162729",0.2834,9.1125,0.03148,0.113
"ENSG00000162733",0.1058,14.2371,0.3514,0.5988
"ENSG00000162734",-0.0673,13.176,0.4849,0.717
"ENSG00000162735",0.2,10.3209,0.04672,0.1528
"ENSG00000162736",0.0664,12.1781,0.4227,0.6671
"ENSG00000162738",-1.5203,7.0262,0.09868,0.263
"ENSG00000162745",-1.0331,8.3625,0.0001088,0.0009525
"ENSG00000162746",-0.4458,7.1678,0.4531,0.6916
"ENSG00000162755",0.0581,7.2079,0.9208,0.967
"ENSG00000162757",-0.5517,7.4598,0.1514,0.3578
"ENSG00000162769",0.1963,7.8239,0.4246,0.6685
"ENSG00000162772",1.9192,8.9583,1.167e-33,1.931e-31
"ENSG00000162775",0.2152,8.4528,0.1719,0.3884
"ENSG00000162777",-0.6191,8.4043,0.0001361,0.001161
"ENSG00000162779",0.8198,6.9737,0.4413,0.6826
"ENSG00000162783",0.0273,9.8812,0.7987,0.9135
"ENSG00000162804",-0.1088,11.3778,0.369,0.6158
"ENSG00000162813",-0.0346,9.1357,0.7885,0.9091
"ENSG00000162814",-0.4152,7.2162,0.4531,0.6916
"ENSG00000162817",1.1498,8.9409,7.525e-08,1.255e-06
"ENSG00000162819",0.031,10.1927,0.8047,0.9163
"ENSG00000162825",-0.2024,9.1796,0.1177,0.2986
"ENSG00000162836",-0.215,8.3666,0.2352,0.4726
"ENSG00000162840",2.5855,6.9985,0.01781,0.07236
"ENSG00000162849",-0.8603,9.1368,0.1131,0.2904
"ENSG00000162851",0.2701,8.4635,0.09914,0.2638
"ENSG00000162852",0.1841,9.7971,0.1329,0.3257
"ENSG00000162869",0.485,9.5697,6.22e-05,0.000576
"ENSG00000162878",1.5581,10.6061,6.337e-20,4.216e-18
"ENSG00000162881",-2.168,7.0462,0.02412,0.09214
"ENSG00000162882",-0.7949,7.6265,0.006331,0.03169
"ENSG00000162885",-0.3448,8.9924,0.007622,0.03705
"ENSG00000162889",0.2595,11.3906,0.001352,0.008636
"ENSG00000162892",2.2953,7.0325,0.0113,0.05068
"ENSG00000162894",1.5135,7.2922,0.004342,0.02318
"ENSG00000162909",0.1082,13.6143,0.1433,0.3438
"ENSG00000162910",-0.1582,8.7798,0.3233,0.5712
"ENSG00000162913",-0.8585,7.0908,0.2677,0.5123
"ENSG00000162923",0.1088,11.9477,0.2086,0.4384
"ENSG00000162924",-0.4421,7.9576,0.04693,0.1533
"ENSG00000162927",-0.3302,8.1994,0.0872,0.2403
"ENSG00000162928",0.0713,9.0256,0.5772,0.7851
"ENSG00000162929",-0.4041,8.6253,0.01535,0.06433
"ENSG00000162931",-0.68,7.54,0.04409,0.1462
"ENSG00000162944",-0.857,8.7408,5.311e-06,6.342e-05
"ENSG00000162946",-0.0587,7.9273,0.8301,0.9291
"ENSG00000162959",-0.2419,7.8675,0.2921,0.5404
"ENSG00000162961",0.429,9.1765,0.0003647,0.002772
"ENSG00000162971",-0.2848,8.4155,0.07065,0.2071
"ENSG00000162972",0.0059,8.313,0.973,0.9891
"ENSG00000162975",-2.1233,6.9985,0.02998,0.1087
"ENSG00000162976",0.3738,9.6782,0.0005754,0.00414
"ENSG00000162980",0.1523,9.5885,0.1644,0.3773
"ENSG00000162981",0.6514,7.0396,0.454,0.6921
"ENSG00000162994",-0.0745,7.8632,0.7819,0.9061
"ENSG00000162997",0.136,7.2263,0.7973,0.9129
"ENSG00000162998",1.6361,7.9195,2.262e-08,4.138e-07
"ENSG00000162999",-0.1425,7.8226,0.5732,0.7823
"ENSG00000163001",-0.2263,9.7531,0.02655,0.09916
"ENSG00000163002",0.1742,7.9383,0.4249,0.6687
"ENSG00000163006",-0.5355,7.3509,0.1967,0.4232
"ENSG00000163013",-0.0561,8.5376,0.7578,0.8941
"ENSG00000163017",1.6301,10.0095,4.229e-06,5.118e-05
"ENSG00000163026",0.0873,8.6559,0.5444,0.7616
"ENSG00000163029",0.1628,9.8795,0.17,0.3857
"ENSG00000163040",-0.415,8.5065,0.007981,0.03835
"ENSG00000163041",-0.1903,11.6406,0.01852,0.07473
"ENSG00000163050",-0.3908,9.4251,0.004535,0.02407
"ENSG00000163053",-0.4435,7.7841,0.1588,0.3685
"ENSG00000163067",-0.1327,8.2253,0.4805,0.7134
"ENSG00000163069",0.514,11.6577,5.089e-08,8.798e-07
"ENSG00000163071",-0.3607,9.9442,0.002115,0.01265
"ENSG00000163072",1.0558,7.3351,0.01671,0.06872
"ENSG00000163083",3.4501,8.7391,1.867e-61,1.02e-58
"ENSG00000163093",-0.3791,8.2798,0.08685,0.2396
"ENSG00000163104",-0.0875,9.9383,0.3723,0.6188
"ENSG00000163110",1.6055,10.406,3.112e-38,5.969e-36
"ENSG00000163113",0.1946,9.912,0.0531,0.168
"ENSG00000163125",-0.2219,10.2642,0.02517,0.09527
"ENSG00000163126",-0.8004,7.0325,0.3581,0.6052
"ENSG00000163131",-0.9781,7.8968,0.0001046,0.0009184
"ENSG00000163132",-0.0782,7.7608,0.7684,0.8986
"ENSG00000163138",-0.0498,8.4801,0.748,0.8894
"ENSG00000163145",0.4229,8.5619,0.06941,0.2044
"ENSG00000163155",0.1237,8.1509,0.5172,0.7407
"ENSG00000163156",0.0566,8.8349,0.6691,0.8437
"ENSG00000163159",-0.0538,9.3578,0.6286,0.8194
"ENSG00000163161",-0.0778,10.152,0.424,0.668
"ENSG00000163162",0.1975,9.869,0.07216,0.2101
"ENSG00000163166",-0.1512,10.0898,0.1703,0.3862
"ENSG00000163170",0.0729,8.2082,0.6923,0.8581
"ENSG00000163171",1.5057,10.4259,7.232e-48,2.21e-45
"ENSG00000163191",0.1085,11.9926,0.1776,0.3966
"ENSG00000163214",-0.148,9.4642,0.1963,0.4225
"ENSG00000163219",-0.1884,7.3234,0.6711,0.8447
"ENSG00000163249",0.2939,9.1146,0.01659,0.06839
"ENSG00000163251",2.3975,7.6489,2.573e-10,6.056e-09
"ENSG00000163257",0.0981,9.6891,0.38,0.6266
"ENSG00000163281",0.2834,9.5854,0.008113,0.03886
"ENSG00000163291",0.2503,8.9516,0.04742,0.1544
"ENSG00000163297",0.3673,12.4949,0.003613,0.01982
"ENSG00000163312",-0.1237,8.6385,0.4157,0.6606
"ENSG00000163319",0.0364,8.0763,0.8623,0.9428
"ENSG00000163320",0.3107,11.2213,0.001352,0.008636
"ENSG00000163322",-0.1416,8.7705,0.3009,0.5498
"ENSG00000163328",-0.3597,8.5926,0.0131,0.05674
"ENSG00000163344",-0.0807,8.9696,0.5372,0.756
"ENSG00000163346",-0.0697,11.563,0.4145,0.6598
"ENSG00000163348",-0.1299,9.6906,0.1958,0.4218
"ENSG00000163349",0.2444,10.6615,0.0153,0.06419
"ENSG00000163354",-0.0462,7.2468,0.9279,0.9703
"ENSG00000163359",-0.3444,16.3571,1.111e-05,0.0001233
"ENSG00000163364",0.3643,7.242,0.4585,0.6959
"ENSG00000163374",-0.1087,9.8,0.2899,0.5383
"ENSG00000163376",-0.8265,7.2241,0.1162,0.2959
"ENSG00000163378",1.2619,10.8546,4.061e-42,9.636e-40
"ENSG00000163382",0.1462,9.5521,0.1931,0.4182
"ENSG00000163386",-0.2421,12.3347,0.0107,0.04853
"ENSG00000163389",0.1946,8.7846,0.2505,0.4926
"ENSG00000163393",0.2833,8.2728,0.1153,0.2944
"ENSG00000163394",-2.1885,9.8591,8.108e-68,6.092e-65
"ENSG00000163399",0.4052,12.2185,9.447e-07,1.283e-05
"ENSG00000163406",-1.4666,7.0912,0.05581,0.1742
"ENSG00000163412",0.1019,8.9056,0.4261,0.6698
"ENSG00000163428",0.1511,10.2057,0.1985,0.4258
"ENSG00000163430",0.9003,16.0017,6.629e-14,2.4e-12
"ENSG00000163431",1.1635,12.1862,1.692e-36,3.021e-34
"ENSG00000163444",0.139,10.2978,0.1518,0.3581
"ENSG00000163449",-1.2791,7.1358,0.0457,0.1502
"ENSG00000163453",0.0192,10.4414,0.8413,0.9339
"ENSG00000163462",0.0498,8.2736,0.7985,0.9134
"ENSG00000163463",0.051,7.6497,0.8595,0.9423
"ENSG00000163466",0.112,12.1853,0.1868,0.4094
"ENSG00000163467",-1.016,7.0492,0.2118,0.4426
"ENSG00000163468",0.1234,11.5978,0.1427,0.3428
"ENSG00000163472",-0.2437,8.3767,0.165,0.3782
"ENSG00000163479",-0.1662,11.6045,0.03295,0.117
"ENSG00000163481",0.0661,8.9251,0.606,0.8052
"ENSG00000163482",-0.2471,9.8151,0.01307,0.05666
"ENSG00000163485",-1.5824,7.6037,5.309e-05,0.0004999
"ENSG00000163486",-0.1958,11.0428,0.03186,0.1141
"ENSG00000163491",-2.4961,8.2641,1.062e-27,1.33e-25
"ENSG00000163507",-0.1221,8.181,0.4972,0.7261
"ENSG00000163510",-0.2376,9.4395,0.02718,0.1011
"ENSG00000163512",-0.0398,10.1269,0.6915,0.8574
"ENSG00000163513",1.4584,13.5278,1.016e-36,1.831e-34
"ENSG00000163516",0.2622,9.6255,0.009907,0.04562
"ENSG00000163517",-0.0596,9.0216,0.6475,0.8311
"ENSG00000163520",-0.1488,14.2398,0.08076,0.2275
"ENSG00000163521",-0.3089,8.6583,0.038,0.1305
"ENSG00000163527",0.3302,11.9785,0.004891,0.02566
"ENSG00000163528",-0.332,8.1507,0.08498,0.2364
"ENSG00000163531",0.2636,11.637,0.02933,0.107
"ENSG00000163535",-0.2222,8.4376,0.2524,0.4953
"ENSG00000163536",0.0809,7.664,0.7745,0.9022
"ENSG00000163539",0.0403,9.8203,0.7155,0.8713
"ENSG00000163541",-0.1252,9.8943,0.2802,0.5272
"ENSG00000163545",0.845,7.8909,0.00249,0.0145
"ENSG00000163554",-1.7951,7.0714,0.02214,0.08606
"ENSG00000163558",-0.0731,10.615,0.4022,0.6485
"ENSG00000163565",-0.4707,12.3219,9.595e-05,0.0008502
"ENSG00000163576",-0.596,7.7223,0.05025,0.1612
"ENSG00000163577",0.5437,9.3532,0.00035,0.002682
"ENSG00000163584",0.0888,8.9516,0.65,0.8323
"ENSG00000163590",-0.3099,7.9198,0.2837,0.5315
"ENSG00000163596",-0.0473,8.299,0.8021,0.9153
"ENSG00000163597",-0.0348,9.4433,0.7547,0.8924
"ENSG00000163602",0.2844,10.3573,0.01052,0.04789
"ENSG00000163605",-0.0448,10.2385,0.6383,0.8257
"ENSG00000163607",-0.0632,8.8843,0.6606,0.84
"ENSG00000163608",-0.0309,10.1726,0.7571,0.8938
"ENSG00000163611",-0.5052,8.5649,0.00117,0.007625
"ENSG00000163617",-0.2335,8.3616,0.1671,0.3809
"ENSG00000163618",0.0989,6.9859,0.9213,0.967
"ENSG00000163623",0.3844,10.0107,0.0002978,0.002323
"ENSG00000163624",-0.2224,7.1645,0.7123,0.869
"ENSG00000163625",0.2289,11.2523,0.05667,0.1763
"ENSG00000163626",-0.0702,8.6924,0.6358,0.8241
"ENSG00000163629",-0.4384,11.3238,1.645e-05,0.0001763
"ENSG00000163633",-0.4512,8.146,0.03994,0.1354
"ENSG00000163634",0.1533,9.6706,0.1422,0.3419
"ENSG00000163635",0.2355,9.6018,0.02641,0.09877
"ENSG00000163636",0.0797,10.1762,0.4123,0.6583
"ENSG00000163637",0.5671,9.2077,0.0002869,0.002248
"ENSG00000163638",0.6515,7.5219,0.05002,0.1608
"ENSG00000163644",0.3827,9.7926,0.02068,0.08157
"ENSG00000163655",-0.0487,10.3041,0.5822,0.7885
"ENSG00000163659",0.5869,9.1822,2.37e-05,0.0002454
"ENSG00000163660",0.499,10.8965,2.118e-08,3.901e-07
"ENSG00000163661",2.2603,12.6502,2.007e-66,1.392e-63
"ENSG00000163666",0.2257,7.333,0.6296,0.8203
"ENSG00000163681",0.3849,10.436,0.007169,0.03517
"ENSG00000163682",-0.0288,13.5665,0.7142,0.8703
"ENSG00000163683",0.4283,11.269,0.001594,0.00992
"ENSG00000163684",-0.1061,8.9571,0.455,0.6929
"ENSG00000163686",0.516,8.0329,0.01323,0.05721
"ENSG00000163689",-0.3177,7.6409,0.2669,0.5116
"ENSG00000163694",-0.0879,7.2597,0.8608,0.9426
"ENSG00000163697",1.0804,11.1872,4.486e-25,4.648e-23
"ENSG00000163701",0.1281,7.5255,0.6976,0.8611
"ENSG00000163702",0.2569,9.7481,0.01734,0.07083
"ENSG00000163703",0.0335,9.5814,0.7905,0.9099
"ENSG00000163704",-0.1675,8.5047,0.3196,0.5682
"ENSG00000163710",-0.2946,9.851,0.016,0.06654
"ENSG00000163714",-0.0646,10.8797,0.4877,0.7196
"ENSG00000163719",0.5145,9.6328,1.836e-05,0.0001944
"ENSG00000163728",0.1198,10.2504,0.2077,0.4371
"ENSG00000163735",0.9636,7.1555,0.1422,0.3418
"ENSG00000163738",0.2948,7.5869,0.3216,0.5697
"ENSG00000163739",0.8442,7.4025,0.05229,0.1659
"ENSG00000163743",-0.047,8.6576,0.7502,0.8904
"ENSG00000163749",-0.4783,7.657,0.105,0.2755
"ENSG00000163754",0.2248,10.3444,0.05731,0.1779
"ENSG00000163755",-0.3249,9.6079,0.001824,0.01114
"ENSG00000163781",0.1854,9.9292,0.07599,0.2179
"ENSG00000163785",0.0114,10.8591,0.8939,0.9562
"ENSG00000163788",0.4119,9.0724,0.001861,0.01133
"ENSG00000163794",-0.0606,7.214,0.9075,0.9617
"ENSG00000163795",0.0335,8.8611,0.8339,0.9308
"ENSG00000163798",0.0049,9.5507,0.965,0.9863
"ENSG00000163803",1.4175,8.0356,3.235e-08,5.787e-07
"ENSG00000163806",-0.5018,7.1735,0.378,0.6247
"ENSG00000163807",-0.0289,10.3226,0.7875,0.9086
"ENSG00000163808",-0.1798,7.5399,0.6076,0.806
"ENSG00000163811",-0.0464,9.7945,0.6561,0.8363
"ENSG00000163812",0.4998,11.0911,8.65e-07,1.181e-05
"ENSG00000163814",-0.2012,8.2611,0.3214,0.5696
"ENSG00000163815",-0.307,8.5468,0.04803,0.1559
"ENSG00000163818",-0.4754,9.3519,0.0007947,0.005486
"ENSG00000163820",-0.391,12.0163,0.001098,0.007242
"ENSG00000163823",-1.6735,7.1569,0.008707,0.04114
"ENSG00000163827",-0.1984,8.1629,0.3352,0.5841
"ENSG00000163832",-0.2002,8.8251,0.1384,0.3355
"ENSG00000163840",-0.0655,10.367,0.5606,0.7731
"ENSG00000163848",0.0747,10.4943,0.421,0.6656
"ENSG00000163864",-0.3057,7.2865,0.523,0.7445
"ENSG00000163866",0.2913,9.2172,0.02562,0.09665
"ENSG00000163867",0.0391,8.5875,0.7962,0.9125
"ENSG00000163870",0.3609,9.7309,0.0003298,0.002548
"ENSG00000163872",0.0863,10.5874,0.4585,0.6959
"ENSG00000163874",0.182,8.3487,0.2978,0.5465
"ENSG00000163875",0.1337,10.4439,0.2995,0.5482
"ENSG00000163877",0.3737,9.2029,0.00122,0.00789
"ENSG00000163879",-0.5152,8.9614,0.0001559,0.001308
"ENSG00000163882",0.0539,9.1588,0.693,0.8585
"ENSG00000163884",4.4592,8.9181,1.991e-80,2.243e-77
"ENSG00000163900",0.319,8.8668,0.01393,0.0596
"ENSG00000163902",0.2265,11.8556,0.00759,0.03692
"ENSG00000163904",0.0857,10.0187,0.4908,0.7224
"ENSG00000163913",0.1166,9.6226,0.2916,0.54
"ENSG00000163918",-0.2093,8.1519,0.2631,0.5075
"ENSG00000163923",0.0702,8.1241,0.7219,0.8748
"ENSG00000163930",0.0972,10.674,0.2589,0.5032
"ENSG00000163931",-0.6788,12.2798,2.024e-11,5.367e-10
"ENSG00000163932",0.1466,9.2046,0.2409,0.4805
"ENSG00000163933",0.1893,8.6936,0.2291,0.465
"ENSG00000163935",-0.1025,8.0567,0.6072,0.8058
"ENSG00000163938",-0.1386,10.3151,0.1954,0.4213
"ENSG00000163939",-0.1547,10.8204,0.1412,0.3403
"ENSG00000163945",-0.0155,8.7489,0.929,0.971
"ENSG00000163946",0.031,10.9,0.7141,0.8702
"ENSG00000163947",-0.9206,9.4715,4.141e-12,1.213e-10
"ENSG00000163950",0.2213,9.848,0.03296,0.117
"ENSG00000163956",-0.1527,11.1789,0.09183,0.2491
"ENSG00000163959",-0.0987,7.8526,0.6776,0.8483
"ENSG00000163960",0.006,10.792,0.9534,0.9815
"ENSG00000163961",0.2121,9.3045,0.07447,0.2149
"ENSG00000163964",0.2134,8.5066,0.1606,0.3712
"ENSG00000163975",0.0037,8.6886,0.9789,0.9914
"ENSG00000163995",1.6889,6.9383,0.1532,0.36
"ENSG00000164002",-0.0318,7.5769,0.9179,0.966
"ENSG00000164008",-0.3807,8.1671,0.0369,0.1274
"ENSG00000164010",-0.4335,9.4578,0.0002074,0.001685
"ENSG00000164011",-0.3242,8.2687,0.06915,0.2037
"ENSG00000164022",0.002,9.927,0.9861,0.9942
"ENSG00000164023",0.5562,10.7905,7.698e-10,1.729e-08
"ENSG00000164024",0.0387,9.8509,0.7035,0.8638
"ENSG00000164031",0.3284,10.375,0.0004453,0.003288
"ENSG00000164032",0.1227,9.5632,0.4212,0.6658
"ENSG00000164037",-0.22,7.3274,0.6254,0.8174
"ENSG00000164038",0.268,9.1978,0.02213,0.08606
"ENSG00000164039",-0.4576,9.708,1.33e-05,0.0001448
"ENSG00000164040",-0.1218,11.6204,0.172,0.3887
"ENSG00000164045",-0.2374,7.3335,0.5692,0.7797
"ENSG00000164048",-0.5969,8.5057,0.0001433,0.001215
"ENSG00000164050",0.8031,11.8095,9.475e-17,4.593e-15
"ENSG00000164051",0.462,8.8775,0.0008428,0.005774
"ENSG00000164053",0.1595,8.2563,0.4039,0.6498
"ENSG00000164054",0.1533,11.8348,0.05146,0.1639
"ENSG00000164056",0.3637,9.8678,0.005976,0.03024
"ENSG00000164061",-0.7735,7.3322,0.08645,0.2391
"ENSG00000164062",0.0652,10.4781,0.4836,0.7159
"ENSG00000164066",0.1095,9.2602,0.5729,0.782
"ENSG00000164068",0.0951,9.7065,0.3951,0.641
"ENSG00000164070",-1.3219,9.5235,1.796e-24,1.741e-22
"ENSG00000164073",0.0761,8.7791,0.5946,0.7963
"ENSG00000164074",-0.0216,8.3534,0.9021,0.9603
"ENSG00000164077",0.102,8.5901,0.5038,0.7313
"ENSG00000164078",-0.1692,7.1619,0.7844,0.9068
"ENSG00000164080",0.0797,9.6974,0.4975,0.7263
"ENSG00000164081",0.3147,10.0132,0.001144,0.007491
"ENSG00000164086",-0.014,8.9864,0.916,0.9656
"ENSG00000164087",-0.1403,7.6235,0.6399,0.8265
"ENSG00000164088",-0.0163,9.7138,0.8743,0.9472
"ENSG00000164091",0.0021,11.3413,0.9789,0.9914
"ENSG00000164093",0.507,7.1142,0.4523,0.6911
"ENSG00000164096",-0.5447,11.249,0.003244,0.01805
"ENSG00000164099",-0.22,12.691,0.008303,0.03955
"ENSG00000164104",1.2412,10.2026,1.843e-14,7.085e-13
"ENSG00000164105",1.2287,9.4444,1.973e-13,6.87e-12
"ENSG00000164106",1.5292,7.4021,0.0001224,0.001057
"ENSG00000164107",1.6607,7.1172,0.02854,0.1048
"ENSG00000164109",0.0588,7.7944,0.8116,0.9198
"ENSG00000164111",0.1693,14.5598,0.04367,0.1451
"ENSG00000164112",0.7898,9.0064,0.0001208,0.001044
"ENSG00000164114",0.0567,9.5107,0.648,0.8313
"ENSG00000164116",-0.5262,8.7983,0.007806,0.03773
"ENSG00000164117",0.1527,9.1456,0.2763,0.5221
"ENSG00000164118",0.181,8.8,0.2501,0.4922
"ENSG00000164122",2.0997,7.2803,8.598e-05,0.0007713
"ENSG00000164124",-0.1536,8.2412,0.5061,0.733
"ENSG00000164125",1.1247,12.402,4.971e-33,7.662e-31
"ENSG00000164134",0.197,9.9946,0.0644,0.1937
"ENSG00000164136",0.1311,8.2514,0.4559,0.6935
"ENSG00000164142",2.2768,7.0673,0.004503,0.02393
"ENSG00000164144",-0.0535,9.8437,0.6093,0.8072
"ENSG00000164151",0.1542,10.487,0.1072,0.2795
"ENSG00000164161",0.9975,7.2004,0.0912,0.248
"ENSG00000164162",0.0658,8.0417,0.742,0.8857
"ENSG00000164163",0.21,10.1211,0.03808,0.1307
"ENSG00000164164",0.3845,10.7386,0.0005641,0.004065
"ENSG00000164167",0.4258,8.3796,0.01242,0.05445
"ENSG00000164168",0.2762,10.4947,0.008254,0.03941
"ENSG00000164169",-0.1755,8.6253,0.2298,0.4657
"ENSG00000164171",-1.016,9.9501,4.562e-13,1.521e-11
"ENSG00000164172",-0.4456,10.161,4.239e-05,0.0004101
"ENSG00000164176",-6e-04,11.3679,0.9953,0.998
"ENSG00000164180",0.173,8.941,0.2037,0.4324
"ENSG00000164182",-0.0428,8.8647,0.7599,0.8952
"ENSG00000164185",1.3376,7.2429,0.01268,0.05536
"ENSG00000164187",0.1021,9.3825,0.4168,0.6614
"ENSG00000164188",1.1424,7.0018,0.2941,0.5426
"ENSG00000164190",0.0118,10.8833,0.8985,0.9587
"ENSG00000164197",0.6657,7.4324,0.07673,0.2195
"ENSG00000164209",0.1238,10.8201,0.1579,0.3671
"ENSG00000164211",-0.273,8.8797,0.09251,0.2503
"ENSG00000164219",-0.0163,8.5423,0.9134,0.9639
"ENSG00000164220",-0.3995,11.1827,9.849e-06,0.0001107
"ENSG00000164221",0.0371,8.4166,0.839,0.933
"ENSG00000164236",-0.1645,8.7921,0.4185,0.6629
"ENSG00000164237",-0.898,9.5601,1.717e-14,6.644e-13
"ENSG00000164241",0.1467,7.809,0.5693,0.7798
"ENSG00000164244",-0.213,10.7566,0.02259,0.08755
"ENSG00000164251",-0.1683,7.6609,0.5564,0.7702
"ENSG00000164252",-0.0111,9.9905,0.9059,0.9613
"ENSG00000164253",-0.0042,9.5609,0.9714,0.9891
"ENSG00000164258",-0.1271,9.6727,0.2137,0.4449
"ENSG00000164283",-0.6844,7.3807,0.0794,0.2249
"ENSG00000164284",-0.2426,8.5542,0.139,0.3365
"ENSG00000164291",0.8477,9.3913,1.939e-12,5.876e-11
"ENSG00000164292",1.0472,13.7093,8.696e-25,8.663e-23
"ENSG00000164294",-0.5412,11.8525,2.833e-12,8.415e-11
"ENSG00000164296",0.0931,8.326,0.5957,0.7966
"ENSG00000164300",-0.2589,8.2635,0.1438,0.3443
"ENSG00000164303",-0.5371,7.1564,0.3693,0.616
"ENSG00000164305",0.7387,9.4515,7.266e-08,1.218e-06
"ENSG00000164306",-0.1113,8.6016,0.4945,0.7245
"ENSG00000164307",-0.2228,10.4745,0.02009,0.07989
"ENSG00000164308",-0.2718,9.7639,0.007741,0.03747
"ENSG00000164309",-0.0843,9.3744,0.5975,0.7977
"ENSG00000164318",-0.1112,7.1395,0.8586,0.9419
"ENSG00000164323",0.1513,10.4458,0.08295,0.2321
"ENSG00000164327",0.2057,10.1927,0.02603,0.09782
"ENSG00000164329",0.0652,10.1846,0.5317,0.7515
"ENSG00000164330",1.1098,9.9966,2.344e-15,9.874e-14
"ENSG00000164331",-0.1163,9.2381,0.4311,0.6738
"ENSG00000164332",0.2808,9.8766,0.01076,0.04871
"ENSG00000164338",0.2031,8.4345,0.2235,0.4572
"ENSG00000164342",-0.6608,8.4772,0.0001375,0.001171
"ENSG00000164344",-1.5319,6.9874,0.1939,0.4194
"ENSG00000164346",-0.0831,10.6025,0.3774,0.6241
"ENSG00000164347",-0.0275,9.0537,0.8226,0.925
"ENSG00000164366",0.1441,10.1197,0.1621,0.3739
"ENSG00000164379",-0.674,8.2898,0.002478,0.01445
"ENSG00000164398",0.3178,7.1347,0.6163,0.8111
"ENSG00000164402",-0.3557,11.0863,1.221e-05,0.0001343
"ENSG00000164403",-0.0626,8.7842,0.649,0.8318
"ENSG00000164404",0.6495,7.0148,0.4658,0.7014
"ENSG00000164405",-0.0103,9.6775,0.9256,0.9691
"ENSG00000164406",-0.0954,7.2068,0.8671,0.9446
"ENSG00000164414",-0.0298,8.3512,0.8544,0.9399
"ENSG00000164418",0.038,7.4489,0.922,0.9671
"ENSG00000164430",0.1786,7.8066,0.4597,0.6967
"ENSG00000164434",-1.5731,7.0164,0.08367,0.2336
"ENSG00000164440",-0.8375,8.5249,0.0006662,0.004704
"ENSG00000164442",1.5499,12.6658,9.462e-32,1.365e-29
"ENSG00000164463",0.3927,10.7122,0.01811,0.0734
"ENSG00000164465",-0.5435,9.7086,5.437e-06,6.476e-05
"ENSG00000164466",0.0079,9.8412,0.9468,0.9777
"ENSG00000164483",-1.4197,7.2101,0.01025,0.04694
"ENSG00000164484",-1.2064,9.9073,1.458e-23,1.327e-21
"ENSG00000164494",-0.1791,9.0658,0.1433,0.3437
"ENSG00000164506",0.3712,10.436,0.000492,0.003605
"ENSG00000164509",-1.2303,7.6077,7.471e-05,0.000681
"ENSG00000164512",-0.8469,7.043,0.2991,0.5479
"ENSG00000164520",-1.306,7.126,0.05827,0.1802
"ENSG00000164530",-1.564,7.8691,1.222e-07,1.973e-06
"ENSG00000164535",0.4255,9.0358,0.0004319,0.003203
"ENSG00000164542",-0.6558,7.6039,0.0274,0.1016
"ENSG00000164543",-0.6486,10.25,2.811e-07,4.246e-06
"ENSG00000164548",-0.2971,9.892,0.01014,0.04644
"ENSG00000164574",0.4506,11.6814,5.205e-07,7.432e-06
"ENSG00000164576",0.273,10.8635,0.00604,0.0305
"ENSG00000164587",-0.0013,13.1803,0.9874,0.9947
"ENSG00000164591",-0.823,7.2042,0.1361,0.3315
"ENSG00000164597",-0.2198,10.0878,0.04657,0.1525
"ENSG00000164603",0.2241,9.2441,0.1302,0.3212
"ENSG00000164604",-0.6817,7.5211,0.06172,0.1879
"ENSG00000164609",0.17,10.5148,0.09701,0.2595
"ENSG00000164610",-0.4438,8.3234,0.01333,0.05759
"ENSG00000164611",-0.1272,8.0081,0.59,0.7935
"ENSG00000164615",0.0506,10.271,0.6519,0.8335
"ENSG00000164619",-1.5321,9.4031,6.064e-18,3.254e-16
"ENSG00000164620",-0.0702,7.4192,0.854,0.9398
"ENSG00000164627",0.021,7.3558,0.9592,0.9842
"ENSG00000164631",0.0341,9.7909,0.7338,0.8813
"ENSG00000164638",-0.8542,7.8987,0.0002763,0.002172
"ENSG00000164647",1.5674,10.888,2.821e-46,8.074e-44
"ENSG00000164649",-0.2452,9.017,0.06327,0.1912
"ENSG00000164654",0.2827,8.8454,0.03693,0.1275
"ENSG00000164659",-0.1928,8.0496,0.3741,0.6205
"ENSG00000164663",-0.309,8.7894,0.02819,0.1038
"ENSG00000164669",0.0535,7.8868,0.8375,0.9326
"ENSG00000164674",-0.2783,7.8693,0.2815,0.5288
"ENSG00000164675",0.1348,7.5625,0.668,0.8428
"ENSG00000164684",0.5102,8.4726,0.04532,0.1492
"ENSG00000164687",0.3051,7.3816,0.4625,0.699
"ENSG00000164692",-0.4341,17.6219,1.851e-06,2.398e-05
"ENSG00000164694",-0.6443,9.0556,7.617e-05,0.0006932
"ENSG00000164707",0.0241,7.758,0.9264,0.9696
"ENSG00000164713",0.2942,10.9804,0.002853,0.01629
"ENSG00000164715",0.1009,9.0735,0.4529,0.6916
"ENSG00000164733",0.1925,14.7417,0.01939,0.07747
"ENSG00000164741",0.0289,11.925,0.7938,0.9115
"ENSG00000164742",-2.5888,8.6081,2.524e-25,2.662e-23
"ENSG00000164743",-0.3196,7.6893,0.2614,0.5054
"ENSG00000164751",0.0519,9.925,0.637,0.825
"ENSG00000164754",0.5144,11.4424,3.841e-05,0.000375
"ENSG00000164758",0.3961,8.1285,0.04184,0.1405
"ENSG00000164761",-1.6318,12.6647,7.67e-09,1.502e-07
"ENSG00000164764",-0.2409,7.2458,0.6389,0.8258
"ENSG00000164776",-0.746,7.4318,0.04866,0.1575
"ENSG00000164808",0.2942,10.403,0.002481,0.01446
"ENSG00000164815",0.0607,8.76,0.69,0.8567
"ENSG00000164818",-0.1271,9.5148,0.2585,0.5029
"ENSG00000164823",0.107,9.1349,0.4646,0.7002
"ENSG00000164828",0.197,11.643,0.02293,0.08851
"ENSG00000164830",-0.1698,10.0419,0.09089,0.2475
"ENSG00000164845",-0.4405,7.8757,0.1109,0.2868
"ENSG00000164849",0.2882,7.1058,0.7093,0.8675
"ENSG00000164850",-0.7056,8.053,0.0003885,0.002926
"ENSG00000164855",0.2138,7.0539,0.7872,0.9085
"ENSG00000164877",-0.2766,10.0423,0.04294,0.1434
"ENSG00000164880",-0.0921,11.2482,0.3371,0.5857
"ENSG00000164885",0.1216,8.5531,0.4632,0.6996
"ENSG00000164889",0.2591,10.7397,0.003744,0.02042
"ENSG00000164896",-0.0125,10.3664,0.9057,0.9613
"ENSG00000164897",-0.0317,9.1016,0.799,0.9136
"ENSG00000164902",0.0132,10.2414,0.8926,0.9553
"ENSG00000164904",0.1582,10.3017,0.1019,0.269
"ENSG00000164916",0.124,10.0483,0.2595,0.5039
"ENSG00000164919",-0.0396,10.4903,0.6721,0.8456
"ENSG00000164920",-0.7825,12.1668,6.898e-08,1.163e-06
"ENSG00000164924",0.132,13.3241,0.09299,0.2513
"ENSG00000164929",-1.3762,7.7103,8.598e-07,1.175e-05
"ENSG00000164930",0.9621,10.5275,5.909e-18,3.19e-16
"ENSG00000164932",0.9201,11.0237,4.331e-09,8.814e-08
"ENSG00000164933",0.8568,9.3266,1.426e-11,3.865e-10
"ENSG00000164934",0.3029,9.525,0.005965,0.03021
"ENSG00000164938",-0.2896,11.0754,0.01233,0.0542
"ENSG00000164941",-0.0977,9.563,0.4108,0.657
"ENSG00000164944",-0.0068,10.8324,0.9417,0.9757
"ENSG00000164946",0.856,7.0814,0.2919,0.5403
"ENSG00000164949",0.5132,11.0715,0.0004068,0.003041
"ENSG00000164951",-0.0398,10.1601,0.7368,0.883
"ENSG00000164953",-0.2158,8.6461,0.1494,0.3543
"ENSG00000164961",-0.1078,11.0257,0.2162,0.4484
"ENSG00000164967",-0.0988,8.4328,0.5573,0.7707
"ENSG00000164970",-0.0942,9.2047,0.4121,0.6581
"ENSG00000164975",-0.05,10.0114,0.6448,0.8294
"ENSG00000164976",0.0192,7.3906,0.9606,0.9848
"ENSG00000164978",0.0311,8.9023,0.8219,0.9247
"ENSG00000164983",-0.1556,9.1377,0.2333,0.4695
"ENSG00000164985",-0.4678,10.7368,6.222e-07,8.759e-06
"ENSG00000164989",-0.6534,7.9164,0.00574,0.02922
"ENSG00000165006",0.0398,10.3869,0.7014,0.8625
"ENSG00000165023",-1.489,7.1855,0.01907,0.07641
"ENSG00000165028",-0.5043,7.3773,0.2266,0.4616
"ENSG00000165029",0.0937,12.9786,0.3634,0.6104
"ENSG00000165030",1.1192,10.5717,4.73e-13,1.571e-11
"ENSG00000165046",0.1825,7.8785,0.4514,0.6904
"ENSG00000165055",-0.0015,9.03,0.9898,0.9959
"ENSG00000165060",-0.1996,7.986,0.3707,0.6173
"ENSG00000165071",-0.1695,7.1535,0.7872,0.9085
"ENSG00000165072",2.6898,9.3488,1.234e-09,2.695e-08
"ENSG00000165078",-0.7115,7.5644,0.02785,0.1028
"ENSG00000165084",8e-04,8.0422,0.9978,0.999
"ENSG00000165092",-0.545,9.2656,2.452e-05,0.0002526
"ENSG00000165097",-0.1594,9.686,0.1854,0.4074
"ENSG00000165102",-0.0314,11.6102,0.7083,0.867
"ENSG00000165105",-1.9537,7.4632,1.959e-06,2.525e-05
"ENSG00000165113",-0.402,7.4673,0.2865,0.5351
"ENSG00000165115",-0.1788,8.1026,0.3525,0.5999
"ENSG00000165118",0.1654,9.0723,0.1677,0.3818
"ENSG00000165119",0.1615,13.037,0.04995,0.1606
"ENSG00000165121",-0.4865,7.5433,0.1775,0.3965
"ENSG00000165124",0.6576,15.7531,4.762e-07,6.858e-06
"ENSG00000165125",1.6968,7.4367,9.193e-06,0.0001038
"ENSG00000165138",-0.0154,9.8738,0.8972,0.958
"ENSG00000165152",0.3437,9.0942,0.01326,0.05732
"ENSG00000165156",-0.3153,10.3596,0.002964,0.01683
"ENSG00000165169",0.1079,10.4935,0.3181,0.5668
"ENSG00000165171",-0.059,7.9496,0.793,0.9114
"ENSG00000165175",-0.1444,10.0112,0.3603,0.6072
"ENSG00000165185",-0.1213,7.8695,0.6163,0.8111
"ENSG00000165194",-0.571,7.0654,0.4605,0.6974
"ENSG00000165195",0.9179,8.3393,3.879e-06,4.726e-05
"ENSG00000165197",-0.8618,8.4869,0.000146,0.001235
"ENSG00000165202",-1.0203,6.9893,0.3093,0.558
"ENSG00000165209",-0.0588,8.1815,0.7868,0.9083
"ENSG00000165219",0.1663,10.2393,0.08918,0.2441
"ENSG00000165233",0.1385,8.8861,0.3348,0.5838
"ENSG00000165240",-0.37,9.6436,0.002879,0.01642
"ENSG00000165244",1.1929,7.6029,9.4e-05,0.0008346
"ENSG00000165246",-0.3157,9.0786,0.02452,0.09341
"ENSG00000165259",0.1173,7.9307,0.6231,0.816
"ENSG00000165264",0.1569,9.0912,0.2487,0.4903
"ENSG00000165269",-2.4439,7.0131,0.01765,0.07186
"ENSG00000165271",-0.1461,9.7301,0.2053,0.4342
"ENSG00000165272",-2.9195,8.0829,1.17e-22,9.72e-21
"ENSG00000165275",-0.0396,8.5333,0.7968,0.9128
"ENSG00000165280",0.0121,12.5364,0.8767,0.9485
"ENSG00000165282",-0.2003,8.9574,0.1226,0.3074
"ENSG00000165283",0.1619,10.2249,0.1002,0.2658
"ENSG00000165288",-0.0976,9.3372,0.3975,0.6435
"ENSG00000165304",0.2582,8.3982,0.1237,0.3092
"ENSG00000165312",0.28,8.5146,0.1183,0.2994
"ENSG00000165322",0.1685,10.7112,0.1343,0.3281
"ENSG00000165323",-0.763,7.3579,0.07367,0.2132
"ENSG00000165338",-0.2509,9.6427,0.073,0.2119
"ENSG00000165349",0.4697,7.0053,0.6204,0.814
"ENSG00000165355",0.2283,9.0951,0.07637,0.2187
"ENSG00000165359",-0.2824,8.4895,0.07052,0.2069
"ENSG00000165379",-0.4813,7.059,0.5423,0.7597
"ENSG00000165383",0.9674,7.507,0.004515,0.02398
"ENSG00000165388",-2.4643,7.155,0.0007713,0.005349
"ENSG00000165389",-0.2176,10.8384,0.1301,0.321
"ENSG00000165392",0.0835,9.0215,0.5359,0.7547
"ENSG00000165406",-0.2054,10.4165,0.03676,0.127
"ENSG00000165410",0.1369,11.1576,0.1345,0.3285
"ENSG00000165416",0.0185,10.0627,0.8463,0.9363
"ENSG00000165417",-0.0617,10.1901,0.5484,0.7645
"ENSG00000165424",0.0329,12.541,0.7168,0.872
"ENSG00000165434",-0.3201,8.9622,0.01778,0.07225
"ENSG00000165458",0.098,11.3658,0.3007,0.5497
"ENSG00000165475",-0.2345,9.1368,0.0752,0.2163
"ENSG00000165476",0.3852,11.0452,0.0001599,0.001336
"ENSG00000165480",0.2257,7.1982,0.6809,0.8502
"ENSG00000165487",-0.0531,9.8167,0.6444,0.8294
"ENSG00000165490",-0.1059,7.2717,0.8339,0.9308
"ENSG00000165494",0.1633,9.9389,0.1806,0.4009
"ENSG00000165495",-2.2511,7.2364,6.915e-05,0.0006348
"ENSG00000165501",0.0444,8.1067,0.8227,0.925
"ENSG00000165502",-0.0839,10.9839,0.3172,0.5658
"ENSG00000165506",0.1421,8.543,0.3782,0.6248
"ENSG00000165507",1.5534,13.9206,4.147e-27,4.952e-25
"ENSG00000165511",0.0067,7.8248,0.978,0.9909
"ENSG00000165512",0.4411,8.5488,0.0101,0.04631
"ENSG00000165516",0.3482,10.5689,0.001477,0.0093
"ENSG00000165521",-0.1412,8.1515,0.5223,0.744
"ENSG00000165525",0.138,10.3296,0.12,0.3023
"ENSG00000165526",0.0761,9.2171,0.5286,0.7487
"ENSG00000165527",0.3498,10.2026,0.0008937,0.006065
"ENSG00000165533",-0.5673,9.8148,2.011e-08,3.723e-07
"ENSG00000165555",-0.8188,7.1935,0.1534,0.3603
"ENSG00000165568",-0.2545,7.4075,0.5484,0.7645
"ENSG00000165572",-0.0929,8.9081,0.4714,0.7061
"ENSG00000165609",-0.0971,10.2024,0.3969,0.6429
"ENSG00000165617",0.1887,9.4645,0.2191,0.4516
"ENSG00000165626",-0.0362,8.48,0.8377,0.9326
"ENSG00000165629",0.1087,10.5279,0.2204,0.4532
"ENSG00000165630",0.0034,7.9487,0.9874,0.9947
"ENSG00000165632",-0.1959,8.9561,0.1197,0.3018
"ENSG00000165633",0.6293,11.1847,9.159e-12,2.522e-10
"ENSG00000165637",0.5257,11.1754,2.856e-08,5.144e-07
"ENSG00000165644",1.0347,7.8864,8.899e-06,0.0001007
"ENSG00000165646",0.5057,8.1816,0.01961,0.07822
"ENSG00000165650",0.2066,10.1555,0.04454,0.1475
"ENSG00000165655",-0.1369,10.1514,0.3432,0.5916
"ENSG00000165660",0.188,9.3025,0.08885,0.2435
"ENSG00000165661",0.1568,9.0264,0.1936,0.4188
"ENSG00000165669",-0.1909,9.6476,0.1096,0.2844
"ENSG00000165671",-0.1855,10.637,0.03523,0.1232
"ENSG00000165672",0.2307,11.026,0.01028,0.04701
"ENSG00000165675",0.546,9.066,4.287e-05,0.000414
"ENSG00000165678",0.0583,11.305,0.5084,0.7345
"ENSG00000165684",-0.2269,8.8948,0.09379,0.2528
"ENSG00000165688",0.1504,9.8256,0.1347,0.3289
"ENSG00000165689",0.2292,9.4398,0.04301,0.1435
"ENSG00000165695",0.191,7.3489,0.6384,0.8257
"ENSG00000165698",-0.2529,8.3306,0.1356,0.3306
"ENSG00000165699",0.0264,10.8024,0.771,0.9001
"ENSG00000165704",0.1228,8.8039,0.4125,0.6584
"ENSG00000165714",-0.3805,8.4845,0.02404,0.09186
"ENSG00000165716",-0.0156,7.1432,0.9802,0.9917
"ENSG00000165724",0.0161,8.6189,0.9131,0.9639
"ENSG00000165731",-0.8499,7.1768,0.136,0.3314
"ENSG00000165732",0.5014,10.501,1.687e-07,2.662e-06
"ENSG00000165733",0.0103,10.1444,0.9125,0.9636
"ENSG00000165752",0.0176,8.2036,0.9256,0.9691
"ENSG00000165757",0.1969,12.0337,0.06194,0.1885
"ENSG00000165775",0.2827,9.9515,0.002823,0.01613
"ENSG00000165782",0.2039,9.4716,0.07344,0.2128
"ENSG00000165792",-0.1216,8.9952,0.3681,0.615
"ENSG00000165795",0.3315,7.7525,0.2057,0.4346
"ENSG00000165801",-0.9249,11.0469,8.305e-15,3.335e-13
"ENSG00000165802",0.9447,10.7521,1.671e-19,1.076e-17
"ENSG00000165804",-0.1279,9.4562,0.3374,0.5861
"ENSG00000165806",-0.1778,9.3333,0.1469,0.35
"ENSG00000165807",-0.1908,7.1941,0.7489,0.8896
"ENSG00000165813",-0.2076,9.3607,0.0978,0.2611
"ENSG00000165816",-1.5951,6.9994,0.1141,0.2923
"ENSG00000165819",0.2614,9.7017,0.01285,0.05591
"ENSG00000165821",-0.8188,9.0268,6.214e-09,1.233e-07
"ENSG00000165832",-0.1726,9.1112,0.2056,0.4346
"ENSG00000165861",0.1174,10.3253,0.2991,0.5479
"ENSG00000165868",-0.7715,8.969,4.152e-06,5.035e-05
"ENSG00000165874",0.5515,8.0394,0.006178,0.0311
"ENSG00000165879",-0.1106,7.8223,0.6563,0.8363
"ENSG00000165886",-0.0476,9.1661,0.7097,0.8676
"ENSG00000165887",0.2606,7.2063,0.6613,0.8404
"ENSG00000165891",-1.58,7.5666,8.637e-06,9.802e-05
"ENSG00000165895",-1.3826,8.0832,4.351e-07,6.342e-06
"ENSG00000165898",0.338,8.494,0.02674,0.09976
"ENSG00000165899",1.8366,7.409,1.577e-05,0.0001696
"ENSG00000165912",-0.2713,9.4249,0.02146,0.08395
"ENSG00000165914",-0.0815,9.2164,0.5227,0.7442
"ENSG00000165915",0.6161,11.6296,7.518e-08,1.255e-06
"ENSG00000165916",0.1997,10.6735,0.02081,0.08196
"ENSG00000165923",-0.08,7.552,0.8067,0.9175
"ENSG00000165929",1.1495,7.4679,0.002281,0.01348
"ENSG00000165934",0.0017,10.6637,0.9839,0.9933
"ENSG00000165943",0.3702,9.0461,0.005355,0.02767
"ENSG00000165948",0.065,8.4676,0.701,0.8625
"ENSG00000165949",-0.634,7.6575,0.03227,0.1153
"ENSG00000165959",0.4801,7.2737,0.3237,0.5716
"ENSG00000165983",0.2366,8.4559,0.1804,0.4007
"ENSG00000165985",-0.1489,7.1915,0.8024,0.9153
"ENSG00000165995",3.2911,9.034,4.463e-135,4.024e-131
"ENSG00000165996",0.9219,8.8241,5.089e-12,1.468e-10
"ENSG00000165997",-0.233,9.1987,0.05438,0.1706
"ENSG00000166002",-0.319,7.5264,0.3465,0.5942
"ENSG00000166004",-0.0278,9.007,0.8381,0.9326
"ENSG00000166012",0.1807,10.1641,0.0621,0.1888
"ENSG00000166016",0.241,8.7492,0.08679,0.2396
"ENSG00000166024",0.2203,9.1699,0.07079,0.2073
"ENSG00000166025",-0.0515,11.0537,0.7264,0.8776
"ENSG00000166033",-0.162,11.536,0.03983,0.1352
"ENSG00000166035",-0.775,7.48,0.02297,0.08862
"ENSG00000166037",-0.2975,9.9931,0.003135,0.01755
"ENSG00000166046",-0.0282,8.8871,0.87,0.945
"ENSG00000166068",0.3408,10.396,0.005659,0.02891
"ENSG00000166073",-0.2033,12.0473,0.01391,0.05958
"ENSG00000166086",0.103,10.9952,0.3673,0.6144
"ENSG00000166106",0.4578,10.6356,0.2011,0.429
"ENSG00000166123",-0.5708,8.9515,3.832e-05,0.0003743
"ENSG00000166128",0.0831,11.4197,0.4537,0.6919
"ENSG00000166130",0.1168,10.4657,0.3049,0.5541
"ENSG00000166133",-0.0097,8.1657,0.9588,0.9842
"ENSG00000166135",0.0183,10.8993,0.8276,0.9276
"ENSG00000166136",0.129,7.7133,0.6249,0.8172
"ENSG00000166140",-0.1168,9.0675,0.3454,0.5931
"ENSG00000166147",-0.0132,15.9655,0.9134,0.9639
"ENSG00000166153",-0.1354,7.1958,0.8075,0.9177
"ENSG00000166164",-0.0235,10.1625,0.813,0.9205
"ENSG00000166165",0.8112,9.3229,1.429e-07,2.273e-06
"ENSG00000166166",0.3312,9.0741,0.009518,0.04415
"ENSG00000166167",-0.2532,9.4526,0.0198,0.07887
"ENSG00000166169",-0.0614,9.1408,0.6075,0.8059
"ENSG00000166170",0.2415,9.776,0.01438,0.06101
"ENSG00000166171",-0.4814,8.6349,0.001077,0.007124
"ENSG00000166173",-0.4044,10.3605,0.0003033,0.002361
"ENSG00000166181",0.0524,10.8163,0.5785,0.7861
"ENSG00000166188",0.0015,8.7583,0.9919,0.9965
"ENSG00000166189",0.5139,9.1467,2.919e-05,0.0002926
"ENSG00000166192",-0.3325,7.5737,0.2885,0.5371
"ENSG00000166197",0.1397,10.3108,0.1624,0.3744
"ENSG00000166199",0.189,8.7135,0.1791,0.3989
"ENSG00000166200",-0.116,10.936,0.1773,0.3962
"ENSG00000166206",-0.25,7.7814,0.3513,0.5988
"ENSG00000166224",-0.0308,9.9228,0.7606,0.8956
"ENSG00000166225",-0.1321,10.3792,0.2098,0.4403
"ENSG00000166226",0.141,10.7996,0.1089,0.283
"ENSG00000166228",-0.0917,9.3476,0.4143,0.6596
"ENSG00000166233",0.0031,10.8571,0.9715,0.9891
"ENSG00000166246",-0.2126,7.1826,0.71,0.8677
"ENSG00000166250",-0.315,11.8139,0.00306,0.01725
"ENSG00000166260",1.0174,9.8503,2.852e-08,5.142e-07
"ENSG00000166261",0.0565,8.348,0.7465,0.8887
"ENSG00000166262",-0.5655,7.6544,0.05754,0.1785
"ENSG00000166263",0.7785,9.1218,0.0002713,0.002137
"ENSG00000166266",0.0628,9.9443,0.5306,0.7505
"ENSG00000166272",0.6883,11.3875,4.371e-12,1.273e-10
"ENSG00000166275",0.1352,8.8845,0.2987,0.5476
"ENSG00000166278",-0.5743,8.2564,0.001767,0.01083
"ENSG00000166289",0.5595,9.5164,0.0001598,0.001336
"ENSG00000166292",1.3355,7.5489,0.0008865,0.00603
"ENSG00000166295",0.2133,9.9859,0.02521,0.09535
"ENSG00000166311",-0.1311,11.8248,0.1553,0.3633
"ENSG00000166313",0.1846,10.71,0.04521,0.1489
"ENSG00000166317",0.8457,7.0271,0.3272,0.5757
"ENSG00000166321",-0.4255,7.7144,0.1149,0.2938
"ENSG00000166323",-1.0802,7.1839,0.06305,0.1907
"ENSG00000166326",-0.0088,10.7733,0.9263,0.9696
"ENSG00000166333",0.1331,7.3938,0.757,0.8938
"ENSG00000166337",-0.1282,9.9768,0.1933,0.4184
"ENSG00000166340",-0.285,12.4893,0.00224,0.01327
"ENSG00000166341",-0.6847,10.8942,6.487e-11,1.622e-09
"ENSG00000166342",-0.641,7.4142,0.1015,0.2682
"ENSG00000166343",0.1511,7.5989,0.628,0.8189
"ENSG00000166347",0.5948,10.1625,1.374e-08,2.586e-07
"ENSG00000166348",-0.544,8.6517,0.005156,0.02683
"ENSG00000166349",-0.1474,7.4795,0.6661,0.8423
"ENSG00000166352",-0.2301,8.6286,0.1103,0.2855
"ENSG00000166359",-0.6249,7.158,0.2934,0.5418
"ENSG00000166377",0.1023,9.4547,0.3392,0.5878
"ENSG00000166387",0.4439,9.4158,0.0002158,0.001746
"ENSG00000166394",0.4373,8.6515,0.00199,0.01199
"ENSG00000166398",0.5125,10.0102,1.149e-05,0.000127
"ENSG00000166401",0.6403,9.0357,1.193e-06,1.593e-05
"ENSG00000166402",-0.4091,9.7872,7.234e-05,0.0006625
"ENSG00000166411",0.2183,8.7543,0.1123,0.289
"ENSG00000166432",-0.2692,7.8993,0.2737,0.5193
"ENSG00000166435",-0.6428,8.5739,1e-04,0.0008806
"ENSG00000166436",-0.2486,8.7114,0.08136,0.2289
"ENSG00000166439",-0.334,9.5605,0.0053,0.02744
"ENSG00000166441",-0.1036,13.6156,0.2633,0.5076
"ENSG00000166444",0.1318,10.9395,0.1418,0.3413
"ENSG00000166446",0.6701,8.193,0.001795,0.01098
"ENSG00000166448",-0.6226,8.6282,0.00095,0.006411
"ENSG00000166450",-0.9907,7.7472,0.0007634,0.005301
"ENSG00000166451",0.3672,7.8157,0.1194,0.3015
"ENSG00000166452",0.0651,9.4892,0.5928,0.7953
"ENSG00000166454",-0.2124,10.8228,0.01539,0.06445
"ENSG00000166455",-1.2988,7.1296,0.08128,0.2287
"ENSG00000166471",0.1009,9.3593,0.4349,0.677
"ENSG00000166473",-1.4874,8.2587,4.827e-09,9.692e-08
"ENSG00000166477",-0.1584,9.1616,0.2174,0.4496
"ENSG00000166478",0.1553,8.8023,0.2711,0.5164
"ENSG00000166479",-0.1888,11.1453,0.03199,0.1144
"ENSG00000166482",-0.9683,14.6166,2.217e-27,2.72e-25
"ENSG00000166483",0.6162,11.5324,2.546e-07,3.884e-06
"ENSG00000166484",0.8242,10.1832,2.978e-12,8.816e-11
"ENSG00000166492",-0.5379,7.8324,0.04316,0.1439
"ENSG00000166503",-0.1032,10.1916,0.3661,0.6133
"ENSG00000166508",-0.3189,9.8558,0.006292,0.03152
"ENSG00000166510",1.1566,8.11,1.337e-05,0.0001454
"ENSG00000166526",-0.5788,9.2247,1.322e-06,1.756e-05
"ENSG00000166529",-0.0945,8.0163,0.6594,0.8391
"ENSG00000166532",-0.2867,9.8472,0.003202,0.01785
"ENSG00000166548",0.1733,10.1169,0.115,0.2939
"ENSG00000166557",-0.126,10.6865,0.1607,0.3712
"ENSG00000166562",-0.1521,7.9359,0.5029,0.7306
"ENSG00000166575",-0.0391,9.0833,0.7509,0.8907
"ENSG00000166578",-0.1929,7.454,0.6007,0.8006
"ENSG00000166579",0.3547,10.6292,0.0001756,0.001454
"ENSG00000166582",-0.2841,7.8541,0.2203,0.4532
"ENSG00000166592",-1.4964,8.0571,3.178e-13,1.085e-11
"ENSG00000166595",0.1686,9.7615,0.1321,0.3246
"ENSG00000166598",-0.1907,13.9993,0.2117,0.4426
"ENSG00000166619",0.0655,10.4815,0.4962,0.7254
"ENSG00000166664",-0.0856,7.2413,0.8717,0.946
"ENSG00000166667",-0.2901,7.7524,0.3417,0.59
"ENSG00000166669",-0.1844,7.239,0.7272,0.8778
"ENSG00000166670",-3.0854,7.0538,0.0007045,0.004945
"ENSG00000166681",0.3877,11.6082,1.375e-06,1.821e-05
"ENSG00000166685",-0.0487,9.5776,0.6374,0.8252
"ENSG00000166689",0.0824,7.0396,0.9205,0.967
"ENSG00000166704",-0.2497,8.4558,0.1096,0.2843
"ENSG00000166707",0.2072,7.3921,0.611,0.8085
"ENSG00000166710",-0.1148,14.6931,0.1714,0.3876
"ENSG00000166716",0.1314,10.0789,0.2165,0.4488
"ENSG00000166734",0.0367,11.4539,0.6556,0.836
"ENSG00000166741",2.1874,12.5387,4.558e-59,2.418e-56
"ENSG00000166747",0.2161,11.1735,0.01455,0.06163
"ENSG00000166750",-0.1241,12.2837,0.1546,0.3623
"ENSG00000166762",-1.6814,7.2387,0.001159,0.007563
"ENSG00000166770",-0.0405,8.651,0.7801,0.9051
"ENSG00000166780",0.5321,10.4208,1.399e-09,3.047e-08
"ENSG00000166783",-0.2184,10.9938,0.07479,0.2156
"ENSG00000166788",-0.3123,8.1279,0.101,0.2673
"ENSG00000166793",-1.2419,8.2572,2.471e-11,6.505e-10
"ENSG00000166794",0.0109,11.2474,0.9146,0.9645
"ENSG00000166796",-0.2151,7.0203,0.8077,0.9178
"ENSG00000166797",0.1475,9.1264,0.273,0.5185
"ENSG00000166800",-0.2997,7.03,0.7403,0.8847
"ENSG00000166801",-0.0403,9.9827,0.7011,0.8625
"ENSG00000166803",-0.1119,7.2341,0.8253,0.9261
"ENSG00000166813",0.0091,8.7819,0.9475,0.978
"ENSG00000166816",1.2241,7.1355,0.06317,0.191
"ENSG00000166821",0.037,8.3508,0.8359,0.9318
"ENSG00000166822",0.1011,8.3614,0.5755,0.7838
"ENSG00000166825",1.0627,11.9986,3.276e-20,2.264e-18
"ENSG00000166831",-0.4144,7.4697,0.2519,0.4946
"ENSG00000166833",-0.23,11.438,0.05704,0.1772
"ENSG00000166839",-0.1178,9.3553,0.3596,0.6067
"ENSG00000166845",-0.43,8.0187,0.03529,0.1232
"ENSG00000166847",-0.0149,10.4296,0.869,0.945
"ENSG00000166848",-0.1856,10.3335,0.05769,0.1789
"ENSG00000166851",-0.2385,7.6065,0.443,0.6841
"ENSG00000166855",0.1994,10.0718,0.05095,0.1627
"ENSG00000166860",-0.2324,8.5162,0.1337,0.3269
"ENSG00000166863",-0.6883,7.1431,0.2688,0.5137
"ENSG00000166881",-0.0648,9.5812,0.6487,0.8316
"ENSG00000166886",0.0275,10.331,0.768,0.8984
"ENSG00000166887",0.0997,11.5677,0.2286,0.4644
"ENSG00000166888",0.1927,12.6625,0.01738,0.07096
"ENSG00000166889",-0.0156,10.2613,0.8724,0.9463
"ENSG00000166896",-0.3953,8.1452,0.03696,0.1275
"ENSG00000166900",0.1077,8.8839,0.487,0.719
"ENSG00000166902",0.0845,9.3148,0.4816,0.7143
"ENSG00000166908",-0.066,9.1997,0.6113,0.8087
"ENSG00000166912",0.6972,9.4667,5.547e-06,6.589e-05
"ENSG00000166913",0.1414,12.4206,0.05107,0.1629
"ENSG00000166922",-0.3568,9.0399,0.01343,0.05785
"ENSG00000166923",-0.5018,16.8326,0.001772,0.01086
"ENSG00000166924",-0.4385,7.3678,0.2805,0.5278
"ENSG00000166925",0.1151,9.8913,0.2675,0.5122
"ENSG00000166938",0.1046,9.5642,0.4611,0.6979
"ENSG00000166946",0.4214,10.1948,4.171e-06,5.051e-05
"ENSG00000166947",0.8937,7.3082,0.0644,0.1937
"ENSG00000166949",-0.3836,12.2812,6.979e-07,9.717e-06
"ENSG00000166960",-1.872,7.0476,0.03318,0.1176
"ENSG00000166963",-0.7619,12.7639,8.149e-16,3.637e-14
"ENSG00000166965",-0.2194,8.4808,0.1604,0.3708
"ENSG00000166971",-0.0079,9.2229,0.9485,0.9786
"ENSG00000166974",-0.8498,9.7593,5.837e-12,1.658e-10
"ENSG00000166979",1.3531,8.2049,5.287e-12,1.518e-10
"ENSG00000166986",-0.3641,10.8479,0.0002567,0.00204
"ENSG00000166987",-0.0965,9.6658,0.4834,0.7158
"ENSG00000166997",-0.4782,9.2458,3.356e-05,0.000332
"ENSG00000167004",-0.1432,13.1556,0.1451,0.3469
"ENSG00000167005",0.0179,10.9764,0.8454,0.9361
"ENSG00000167034",0.0515,7.4454,0.8865,0.9537
"ENSG00000167065",-0.0153,7.8494,0.9525,0.9813
"ENSG00000167074",-0.3534,9.2088,0.1102,0.2854
"ENSG00000167077",-0.6,7.0718,0.4436,0.6843
"ENSG00000167081",-0.1733,11.1402,0.1519,0.3582
"ENSG00000167085",0.1588,9.8051,0.1146,0.2932
"ENSG00000167088",0.1699,8.8881,0.2643,0.509
"ENSG00000167100",-0.3119,7.8696,0.1734,0.3906
"ENSG00000167103",-0.6935,7.2864,0.1582,0.3674
"ENSG00000167105",-0.9598,7.2405,0.0826,0.2315
"ENSG00000167106",-0.9566,10.065,4.935e-11,1.252e-09
"ENSG00000167107",0.1109,9.1796,0.394,0.6398
"ENSG00000167110",-0.1948,11.1597,0.05928,0.1824
"ENSG00000167112",-0.1496,8.9227,0.2426,0.4825
"ENSG00000167113",-0.1971,9.1806,0.1599,0.3704
"ENSG00000167114",0.4543,9.1962,0.0007177,0.005019
"ENSG00000167118",0.1085,10.0328,0.3053,0.5544
"ENSG00000167123",-0.0586,12.0265,0.5115,0.7362
"ENSG00000167130",-0.2454,8.3119,0.1524,0.3589
"ENSG00000167136",0.4102,7.4743,0.2554,0.4987
"ENSG00000167157",-0.1467,9.4883,0.3134,0.5627
"ENSG00000167173",-0.0648,8.8848,0.6218,0.8151
"ENSG00000167182",-0.0121,9.0675,0.9214,0.967
"ENSG00000167186",-0.2906,8.8561,0.02709,0.1009
"ENSG00000167191",1.7491,11.2032,2.146e-07,3.328e-06
"ENSG00000167193",0.2684,11.2858,0.001455,0.009189
"ENSG00000167196",-0.4587,9.4967,7.468e-05,0.000681
"ENSG00000167202",-0.1164,12.8353,0.2327,0.4688
"ENSG00000167216",-0.3147,8.3577,0.07424,0.2144
"ENSG00000167220",-0.1586,8.7314,0.2459,0.4868
"ENSG00000167232",-0.2081,9.1266,0.08491,0.2363
"ENSG00000167244",0.3842,12.2875,0.01419,0.06047
"ENSG00000167257",-0.2505,9.1145,0.0435,0.1447
"ENSG00000167258",0.0311,10.4527,0.7393,0.8842
"ENSG00000167264",0.0387,8.078,0.8468,0.9366
"ENSG00000167272",-0.1245,8.6744,0.3875,0.6333
"ENSG00000167280",-0.2782,9.0782,0.03868,0.1323
"ENSG00000167283",0.0815,10.0264,0.4189,0.6632
"ENSG00000167291",0.5433,11.4864,1.074e-06,1.443e-05
"ENSG00000167302",0.316,8.416,0.06281,0.1902
"ENSG00000167306",-0.6651,7.2213,0.2237,0.4574
"ENSG00000167311",-1.3285,7.3987,0.001111,0.007302
"ENSG00000167315",0.166,10.0233,0.1404,0.339
"ENSG00000167323",0.408,10.5971,1.109e-05,0.0001232
"ENSG00000167325",-0.1735,9.9562,0.1156,0.2948
"ENSG00000167333",-0.256,9.0517,0.07839,0.223
"ENSG00000167363",-0.1156,8.029,0.6357,0.8241
"ENSG00000167371",-0.7632,8.8701,5.376e-06,6.411e-05
"ENSG00000167377",0.1077,7.5647,0.7447,0.8874
"ENSG00000167378",-0.0436,9.235,0.7388,0.8842
"ENSG00000167380",-0.4922,8.9874,0.0001122,0.0009788
"ENSG00000167383",-0.084,8.877,0.538,0.7564
"ENSG00000167384",-0.3816,8.135,0.04384,0.1455
"ENSG00000167393",-0.3607,8.572,0.01417,0.06039
"ENSG00000167394",0.3076,8.5919,0.07281,0.2115
"ENSG00000167395",0.0642,9.548,0.5507,0.7663
"ENSG00000167397",0.3103,8.6429,0.0749,0.2158
"ENSG00000167447",0.0965,9.1397,0.4322,0.6748
"ENSG00000167460",0.7314,15.5696,1.238e-13,4.404e-12
"ENSG00000167461",0.1532,8.9114,0.2366,0.4744
"ENSG00000167468",-0.3669,12.548,0.0002807,0.002204
"ENSG00000167470",-0.1938,10.1764,0.04378,0.1454
"ENSG00000167483",-0.3293,7.2524,0.5144,0.7384
"ENSG00000167487",0.1989,8.2415,0.3092,0.558
"ENSG00000167491",-0.0991,10.3138,0.2661,0.5106
"ENSG00000167508",0.0387,9.0425,0.7829,0.9063
"ENSG00000167513",-0.2921,7.3861,0.4626,0.699
"ENSG00000167515",-0.2134,9.7362,0.0472,0.1539
"ENSG00000167522",-0.0153,12.1787,0.8686,0.9449
"ENSG00000167523",-0.0061,7.854,0.9803,0.9917
"ENSG00000167524",-0.0915,7.0686,0.9025,0.9605
"ENSG00000167525",-0.0128,7.6171,0.9667,0.9868
"ENSG00000167526",0.0082,14.1769,0.9324,0.9726
"ENSG00000167528",0.1548,8.6715,0.2887,0.5373
"ENSG00000167535",0.0495,10.5335,0.6197,0.8136
"ENSG00000167536",0.2106,7.3744,0.6034,0.8032
"ENSG00000167543",0.4869,9.4614,2.379e-05,0.0002461
"ENSG00000167548",0.1182,11.128,0.3454,0.5931
"ENSG00000167549",2.2585,10.7124,1.887e-12,5.728e-11
"ENSG00000167550",0.9325,7.2977,0.04766,0.155
"ENSG00000167552",-1.2148,13.0696,1.008e-22,8.456e-21
"ENSG00000167553",-0.8629,11.4729,1.523e-08,2.855e-07
"ENSG00000167554",-0.5095,8.0251,0.0165,0.0681
"ENSG00000167555",-0.4309,9.7777,9.237e-05,0.0008221
"ENSG00000167562",-0.0723,8.1616,0.7127,0.8691
"ENSG00000167565",-0.1273,8.8618,0.3848,0.6309
"ENSG00000167566",-0.1272,9.8178,0.2644,0.509
"ENSG00000167578",0.6253,7.8055,0.01193,0.0528
"ENSG00000167595",-0.0462,8.3691,0.802,0.9153
"ENSG00000167600",-0.2951,7.753,0.2502,0.4922
"ENSG00000167601",0.1605,12.1862,0.04224,0.1414
"ENSG00000167604",0.1121,7.5776,0.7213,0.8748
"ENSG00000167608",-0.3932,7.3241,0.3844,0.6308
"ENSG00000167614",0.5527,7.0881,0.449,0.6885
"ENSG00000167615",0.1632,11.8956,0.08674,0.2396
"ENSG00000167617",0.0239,8.9482,0.8619,0.9428
"ENSG00000167625",0.1032,8.7515,0.5132,0.7375
"ENSG00000167632",0.2084,9.3742,0.06527,0.1954
"ENSG00000167635",-0.1644,10.2943,0.08179,0.2298
"ENSG00000167637",-0.421,7.9998,0.03968,0.1349
"ENSG00000167641",2.8964,8.4474,1.618e-42,3.943e-40
"ENSG00000167642",2.1058,7.6923,5.431e-12,1.557e-10
"ENSG00000167645",1.1289,9.6073,1.146e-13,4.091e-12
"ENSG00000167653",-1.9668,7.1399,0.004478,0.02384
"ENSG00000167657",0.4269,10.5417,2.492e-06,3.146e-05
"ENSG00000167658",-0.0856,15.8933,0.3869,0.6326
"ENSG00000167670",0.1696,8.2514,0.3363,0.5851
"ENSG00000167671",0.1014,11.3943,0.23,0.4658
"ENSG00000167674",-0.0606,10.5642,0.5158,0.7395
"ENSG00000167676",-0.5257,7.7898,0.05096,0.1627
"ENSG00000167680",-0.9023,7.4356,0.03965,0.1349
"ENSG00000167685",-0.2104,9.2402,0.07891,0.2241
"ENSG00000167693",-0.1789,10.8437,0.1071,0.2793
"ENSG00000167695",0.008,9.2851,0.956,0.9831
"ENSG00000167699",-0.2477,9.7061,0.02524,0.09541
"ENSG00000167700",-0.0198,8.2054,0.9235,0.968
"ENSG00000167701",-0.1513,7.3675,0.7432,0.8865
"ENSG00000167702",0.6558,8.709,1.927e-05,0.0002027
"ENSG00000167703",-0.2762,8.7295,0.06618,0.1974
"ENSG00000167705",0.6276,8.3722,0.00171,0.01053
"ENSG00000167711",1.3824,7.155,0.02432,0.09272
"ENSG00000167716",0.1782,10.0665,0.07426,0.2144
"ENSG00000167720",-0.1495,8.1962,0.4248,0.6686
"ENSG00000167721",0.1323,10.0122,0.3026,0.5517
"ENSG00000167723",0.0845,7.505,0.7959,0.9124
"ENSG00000167733",0.0553,8.2577,0.7556,0.8929
"ENSG00000167740",-0.0799,9.5702,0.4693,0.7041
"ENSG00000167747",-0.2786,8.7951,0.04089,0.138
"ENSG00000167765",0.6319,7.1356,0.3079,0.5569
"ENSG00000167766",-0.2149,10.0122,0.03535,0.1233
"ENSG00000167767",0.7132,7.168,0.3537,0.6011
"ENSG00000167770",0.1584,10.0881,0.1099,0.2847
"ENSG00000167771",-1.4633,7.6311,9.539e-07,1.294e-05
"ENSG00000167772",0.8689,9.9656,0.007658,0.03717
"ENSG00000167775",-0.3144,8.7974,0.02567,0.09679
"ENSG00000167778",0.2401,9.8404,0.0682,0.2017
"ENSG00000167779",0.3263,11.9274,0.007944,0.03822
"ENSG00000167785",-0.0237,9.1754,0.8433,0.9348
"ENSG00000167792",0.129,10.597,0.1872,0.41
"ENSG00000167797",0.8616,8.938,6.036e-07,8.53e-06
"ENSG00000167799",0.1552,7.3321,0.7144,0.8704
"ENSG00000167815",-0.2455,9.9553,0.01461,0.06182
"ENSG00000167840",-0.0249,7.8727,0.9132,0.9639
"ENSG00000167842",0.0136,8.77,0.9246,0.9687
"ENSG00000167861",0.0234,7.1782,0.9684,0.9873
"ENSG00000167862",0.062,8.6262,0.6954,0.8602
"ENSG00000167863",0.2892,10.2086,0.002542,0.01476
"ENSG00000167874",-1.0643,7.0245,0.2302,0.4661
"ENSG00000167881",-0.1019,10.5392,0.2763,0.5221
"ENSG00000167889",-0.2444,7.0267,0.7761,0.9032
"ENSG00000167900",-0.137,7.851,0.5773,0.7851
"ENSG00000167904",-0.2832,8.6378,0.07558,0.217
"ENSG00000167912",-0.2997,7.6558,0.3808,0.6277
"ENSG00000167920",0.1147,8.3349,0.4867,0.7187
"ENSG00000167925",0.5158,9.1855,5.749e-05,0.0005374
"ENSG00000167930",0.1954,10.1566,0.03873,0.1323
"ENSG00000167962",0.3699,9.6423,0.001787,0.01095
"ENSG00000167964",-0.5967,7.2221,0.2519,0.4946
"ENSG00000167965",-0.2528,9.5499,0.04199,0.1409
"ENSG00000167967",0.1268,9.1868,0.2827,0.5302
"ENSG00000167968",-0.3142,7.054,0.6913,0.8574
"ENSG00000167969",0.4572,9.1752,0.0007115,0.004985
"ENSG00000167972",0.0276,8.2338,0.8973,0.958
"ENSG00000167977",0.0667,9.044,0.6174,0.8119
"ENSG00000167978",-0.0189,13.464,0.8497,0.9379
"ENSG00000167981",-0.1845,7.4889,0.6025,0.8024
"ENSG00000167984",-0.2843,7.4822,0.4227,0.6672
"ENSG00000167985",0.5314,7.9388,0.01663,0.06852
"ENSG00000167986",-0.0016,13.0835,0.9858,0.994
"ENSG00000167987",0.0879,9.0314,0.4741,0.7084
"ENSG00000167992",-1.5242,8.6814,3.276e-23,2.879e-21
"ENSG00000167994",0.0531,10.1481,0.6736,0.8467
"ENSG00000167995",-0.7435,8.957,1.936e-06,2.499e-05
"ENSG00000167996",0.0087,13.4817,0.945,0.9765
"ENSG00000168000",0.1369,7.5625,0.6585,0.8384
"ENSG00000168002",0.0046,9.6385,0.9652,0.9863
"ENSG00000168003",-0.2107,10.7666,0.155,0.3628
"ENSG00000168004",0.692,7.441,0.08739,0.2406
"ENSG00000168005",0.096,9.1603,0.47,0.7047
"ENSG00000168010",-0.4983,8.6722,0.0008259,0.005667
"ENSG00000168014",0.034,9.3083,0.8033,0.9158
"ENSG00000168016",-0.0738,10.8445,0.4612,0.698
"ENSG00000168026",-0.0639,8.0377,0.7628,0.897
"ENSG00000168028",-0.056,13.8973,0.5218,0.7438
"ENSG00000168032",0.3191,7.7877,0.1911,0.4151
"ENSG00000168036",0.093,12.3865,0.2342,0.471
"ENSG00000168038",0.0858,8.0083,0.6991,0.8617
"ENSG00000168040",0.1044,7.8456,0.6645,0.8414
"ENSG00000168056",0.0575,12.4394,0.4645,0.7001
"ENSG00000168060",-0.0786,8.3923,0.6307,0.821
"ENSG00000168061",-0.3688,7.9485,0.08691,0.2397
"ENSG00000168062",-1.3911,7.4618,0.00117,0.007624
"ENSG00000168066",0.091,11.5101,0.2655,0.51
"ENSG00000168067",-0.0746,8.5385,0.6675,0.8426
"ENSG00000168071",-0.3697,7.4417,0.343,0.5915
"ENSG00000168077",-0.6136,11.1495,1.373e-07,2.193e-06
"ENSG00000168078",-0.1273,7.4342,0.7236,0.8754
"ENSG00000168079",1.5983,8.8717,0.003837,0.02083
"ENSG00000168090",-0.1745,10.5912,0.0782,0.2226
"ENSG00000168092",0.4811,10.8008,7.806e-07,1.075e-05
"ENSG00000168096",-0.0482,8.9244,0.7139,0.8701
"ENSG00000168101",0.3714,8.724,0.01241,0.05444
"ENSG00000168116",-0.3853,8.5211,0.04075,0.1376
"ENSG00000168118",0.2059,9.5398,0.06804,0.2014
"ENSG00000168137",-0.2274,11.2269,0.008306,0.03955
"ENSG00000168140",-0.2733,11.9706,0.006705,0.03322
"ENSG00000168152",-0.2881,7.8221,0.2238,0.4575
"ENSG00000168159",-0.1586,10.9367,0.1155,0.2948
"ENSG00000168172",0.3153,10.6033,0.0003082,0.002394
"ENSG00000168175",0.3238,10.5256,0.0004859,0.003563
"ENSG00000168209",0.551,9.6543,0.0007163,0.005012
"ENSG00000168214",-0.6514,12.5329,9.274e-13,2.939e-11
"ENSG00000168216",0.0253,10.189,0.7934,0.9115
"ENSG00000168228",-0.1835,8.5031,0.2541,0.497
"ENSG00000168234",0.7684,9.5935,7.589e-12,2.112e-10
"ENSG00000168237",0.0829,7.51,0.8053,0.9167
"ENSG00000168246",-0.1511,9.8449,0.1364,0.3322
"ENSG00000168255",0.059,9.0131,0.6542,0.8351
"ENSG00000168256",0.108,9.6123,0.3701,0.6169
"ENSG00000168259",-0.0254,10.1051,0.8172,0.9225
"ENSG00000168264",-0.3215,10.1653,0.01158,0.05161
"ENSG00000168268",0.0793,10.2707,0.5128,0.7372
"ENSG00000168273",-0.1368,7.8297,0.565,0.7762
"ENSG00000168275",0.1234,8.1292,0.5449,0.762
"ENSG00000168280",0.9113,7.0158,0.334,0.5832
"ENSG00000168282",0.175,7.2316,0.7277,0.878
"ENSG00000168283",0.0335,9.7225,0.7488,0.8896
"ENSG00000168286",0.149,8.9641,0.2413,0.4807
"ENSG00000168288",0.0447,10.6204,0.6979,0.8613
"ENSG00000168291",0.2566,9.72,0.01167,0.05191
"ENSG00000168297",-0.2903,10.8264,0.02856,0.1048
"ENSG00000168300",-0.374,10.6665,0.00171,0.01053
"ENSG00000168301",0.1698,8.2686,0.3414,0.5899
"ENSG00000168303",0.7468,8.9791,3.386e-08,6.034e-07
"ENSG00000168306",-0.3665,9.3078,0.001792,0.01098
"ENSG00000168309",4.835,7.9477,1.992e-48,6.532e-46
"ENSG00000168310",0.337,9.7735,0.005594,0.02865
"ENSG00000168356",-0.0794,7.0269,0.9294,0.9713
"ENSG00000168374",0.2256,12.3772,0.02159,0.08431
"ENSG00000168385",-0.0333,13.7097,0.6806,0.85
"ENSG00000168386",-0.5895,11.1324,4.431e-06,5.344e-05
"ENSG00000168389",0.867,7.139,0.2012,0.4291
"ENSG00000168393",-0.133,8.6053,0.3674,0.6144
"ENSG00000168394",-0.0536,9.5334,0.6271,0.8184
"ENSG00000168395",0.2954,8.928,0.03252,0.1159
"ENSG00000168397",0.1221,10.0532,0.2205,0.4534
"ENSG00000168398",-2.1078,12.1431,1.601e-13,5.617e-12
"ENSG00000168404",0.2802,7.8948,0.2392,0.4782
"ENSG00000168405",0.5236,8.2724,0.02633,0.09855
"ENSG00000168411",0.0959,9.1305,0.4723,0.7065
"ENSG00000168427",1.1297,7.2287,0.04193,0.1407
"ENSG00000168434",-0.2467,8.9661,0.04716,0.1538
"ENSG00000168438",0,9.6144,0.9997,0.9997
"ENSG00000168439",-0.0179,10.8234,0.8503,0.9381
"ENSG00000168453",-0.4171,10.0112,2.382e-05,0.0002463
"ENSG00000168461",0.9776,11.8679,6.277e-14,2.287e-12
"ENSG00000168476",0.3963,8.619,0.006152,0.03099
"ENSG00000168477",-0.5001,12.7892,1.503e-05,0.0001623
"ENSG00000168481",4.7574,7.2151,2.917e-09,6.046e-08
"ENSG00000168487",0.1058,11.3876,0.232,0.4682
"ENSG00000168488",-0.1023,10.7923,0.3187,0.5673
"ENSG00000168490",-0.5358,7.6886,0.0512,0.1632
"ENSG00000168491",-1.4347,7.1477,0.02208,0.08589
"ENSG00000168495",0.0722,9.5616,0.4893,0.7208
"ENSG00000168496",0.0251,8.1829,0.8924,0.9553
"ENSG00000168497",0.0789,9.8577,0.6322,0.822
"ENSG00000168502",-0.3682,11.1696,0.0001311,0.001124
"ENSG00000168517",-0.117,7.4955,0.7376,0.8834
"ENSG00000168522",0.2418,9.8972,0.03107,0.1118
"ENSG00000168528",0.35,10.5333,0.008459,0.04012
"ENSG00000168538",0.4038,10.4895,3.655e-05,0.0003576
"ENSG00000168542",-0.8515,16.2686,2.051e-21,1.573e-19
"ENSG00000168556",1.278,9.083,2.297e-19,1.448e-17
"ENSG00000168564",0.3113,9.1614,0.007742,0.03747
"ENSG00000168566",0.1417,8.9273,0.3454,0.5931
"ENSG00000168569",-0.024,8.3156,0.8851,0.9528
"ENSG00000168575",0.419,10.3752,0.01296,0.0563
"ENSG00000168589",0.0569,7.1049,0.9401,0.9752
"ENSG00000168591",0.116,10.1332,0.2701,0.5153
"ENSG00000168610",0.6223,12.9421,6.815e-14,2.463e-12
"ENSG00000168612",-0.1152,8.6843,0.4281,0.6713
"ENSG00000168614",-0.07,11.2346,0.4489,0.6885
"ENSG00000168615",0.0907,14.0419,0.2607,0.5048
"ENSG00000168621",1.8033,8.5354,1.284e-17,6.655e-16
"ENSG00000168646",1.1407,8.9186,1.173e-12,3.667e-11
"ENSG00000168653",0.0098,10.4874,0.9162,0.9656
"ENSG00000168661",-0.847,7.6623,0.003638,0.01995
"ENSG00000168672",-1.5357,7.1089,0.03027,0.1096
"ENSG00000168679",-0.9361,8.9471,1.151e-12,3.611e-11
"ENSG00000168685",0.4859,7.867,0.06072,0.1858
"ENSG00000168701",0.3284,8.8758,0.01071,0.04855
"ENSG00000168710",0.1556,11.5296,0.08395,0.2342
"ENSG00000168724",0.4775,10.6433,8.478e-06,9.651e-05
"ENSG00000168734",-0.0771,10.9427,0.3884,0.6342
"ENSG00000168743",-0.2905,7.4725,0.5022,0.7301
"ENSG00000168758",0.4448,9.9161,0.001261,0.008123
"ENSG00000168763",0.2194,9.0368,0.1331,0.3259
"ENSG00000168765",-0.176,9.0722,0.1529,0.3596
"ENSG00000168769",-0.487,9.0555,0.001121,0.007356
"ENSG00000168778",0.0391,8.7875,0.7682,0.8984
"ENSG00000168779",-0.1716,8.2703,0.3405,0.589
"ENSG00000168781",-0.8693,8.9494,5.52e-08,9.498e-07
"ENSG00000168785",0.0227,11.7356,0.7871,0.9085
"ENSG00000168792",0.6554,9.0422,1.249e-07,2.008e-06
"ENSG00000168795",-0.1174,8.6745,0.4055,0.6514
"ENSG00000168802",0.1112,8.8019,0.4528,0.6915
"ENSG00000168803",-0.2442,8.5222,0.1568,0.3656
"ENSG00000168806",-0.0801,8.2636,0.6766,0.8479
"ENSG00000168807",0.0794,11.2607,0.382,0.6286
"ENSG00000168811",-2.0702,7.4986,1.193e-07,1.929e-06
"ENSG00000168813",-0.1319,9.3801,0.2295,0.4655
"ENSG00000168818",0.1074,9.3714,0.3416,0.59
"ENSG00000168826",-0.3119,7.8642,0.1922,0.4166
"ENSG00000168827",-0.0293,9.7989,0.7782,0.9043
"ENSG00000168843",-1.68,7.6952,2.537e-08,4.598e-07
"ENSG00000168872",0.0184,10.1882,0.84,0.9335
"ENSG00000168874",0.6689,9.5082,1.602e-06,2.098e-05
"ENSG00000168876",0.3321,8.6508,0.03275,0.1164
"ENSG00000168883",0.2905,10.1775,0.007134,0.03504
"ENSG00000168884",0.5013,9.7171,5.832e-06,6.905e-05
"ENSG00000168887",-0.1161,9.0594,0.4164,0.6612
"ENSG00000168890",0.9251,9.3988,6.256e-15,2.546e-13
"ENSG00000168894",-0.0914,9.9204,0.3648,0.6121
"ENSG00000168899",0.247,10.222,0.006276,0.03148
"ENSG00000168904",-0.0807,8.7918,0.5529,0.7677
"ENSG00000168906",0.2281,11.9944,0.01295,0.05629
"ENSG00000168916",-0.1238,9.4448,0.2566,0.5002
"ENSG00000168917",0.8082,8.7059,2.471e-08,4.492e-07
"ENSG00000168918",-2.1243,7.2512,5.432e-05,0.0005093
"ENSG00000168924",0.3506,9.7182,0.0008569,0.005855
"ENSG00000168936",0.1812,10.6348,0.03714,0.1281
"ENSG00000168938",-0.2987,9.9337,0.007425,0.03627
"ENSG00000168939",0.3465,7.7649,0.1999,0.4275
"ENSG00000168944",-0.1645,9.4131,0.1354,0.3303
"ENSG00000168952",0.7586,8.2121,0.0001068,0.0009366
"ENSG00000168955",1.1404,7.5117,0.007005,0.03452
"ENSG00000168958",0.1272,11.0234,0.1663,0.3798
"ENSG00000168961",-1.3577,7.2004,0.02875,0.1054
"ENSG00000168970",-0.4459,7.5192,0.1891,0.4128
"ENSG00000168992",-0.9159,7.0195,0.3209,0.569
"ENSG00000168994",1.3537,10.4417,7.752e-15,3.12e-13
"ENSG00000169016",0.2059,8.6883,0.1608,0.3715
"ENSG00000169018",0.1377,10.5937,0.158,0.3672
"ENSG00000169019",0.1997,9.0322,0.183,0.4041
"ENSG00000169020",0.1778,8.1632,0.3515,0.5989
"ENSG00000169021",0.1252,9.9188,0.212,0.4428
"ENSG00000169026",0.2549,7.8298,0.3098,0.5585
"ENSG00000169031",2.1482,7.5833,1.851e-08,3.445e-07
"ENSG00000169032",0.4606,10.2998,7.86e-05,0.0007126
"ENSG00000169045",0.2163,12.0733,0.008867,0.0417
"ENSG00000169047",0.7371,11.8335,1.868e-14,7.166e-13
"ENSG00000169057",0.3006,10.9198,0.00123,0.007944
"ENSG00000169062",-0.0262,10.2509,0.796,0.9124
"ENSG00000169071",-0.018,10.6679,0.8395,0.9331
"ENSG00000169083",0.0366,10.5465,0.7218,0.8748
"ENSG00000169084",0.025,9.2947,0.8337,0.9308
"ENSG00000169085",0.4133,7.5509,0.1993,0.4266
"ENSG00000169087",0.197,8.2052,0.3217,0.5697
"ENSG00000169093",0.4936,9.6384,1.741e-05,0.0001852
"ENSG00000169100",-0.1429,12.7968,0.1802,0.4004
"ENSG00000169105",0.2568,10.0581,0.01185,0.05249
"ENSG00000169116",-0.129,7.2824,0.7961,0.9124
"ENSG00000169118",-0.01,9.3085,0.932,0.9725
"ENSG00000169122",-0.3073,9.2324,0.01745,0.0712
"ENSG00000169129",-1.9349,7.1425,0.004858,0.02551
"ENSG00000169131",-0.0654,8.6381,0.6814,0.8503
"ENSG00000169136",-0.8848,9.8877,0.007128,0.03503
"ENSG00000169139",0.1311,9.8895,0.2383,0.4768
"ENSG00000169155",0.1569,8.9639,0.2181,0.4503
"ENSG00000169169",-0.0365,9.6389,0.7397,0.8844
"ENSG00000169180",-0.0207,11.382,0.832,0.9301
"ENSG00000169184",0.1229,11.0476,0.3498,0.5974
"ENSG00000169188",-0.1883,8.7595,0.1727,0.3895
"ENSG00000169189",0.0778,9.6688,0.4436,0.6843
"ENSG00000169193",0.37,8.1994,0.04909,0.1586
"ENSG00000169203",0.12,9.5443,0.4097,0.6558
"ENSG00000169213",0.5114,11.6226,0.002073,0.01243
"ENSG00000169217",0.1319,10.2914,0.1808,0.401
"ENSG00000169218",1.4033,9.6049,1.142e-21,8.916e-20
"ENSG00000169220",-0.4808,7.9105,0.03073,0.1108
"ENSG00000169221",-0.0469,10.162,0.634,0.8232
"ENSG00000169223",0.1186,11.2028,0.2318,0.468
"ENSG00000169228",-0.044,7.8653,0.8577,0.9414
"ENSG00000169230",0.1461,8.8412,0.3508,0.5984
"ENSG00000169231",-0.2582,9.741,0.03208,0.1147
"ENSG00000169239",0.2051,9.0685,0.1752,0.393
"ENSG00000169241",-0.2018,8.8977,0.137,0.333
"ENSG00000169242",-0.3108,7.17,0.611,0.8085
"ENSG00000169246",0.1273,10.0635,0.3394,0.5878
"ENSG00000169247",0.9374,7.3959,0.04052,0.1371
"ENSG00000169249",-0.3865,8.5498,0.02314,0.08916
"ENSG00000169251",-0.1293,10.0441,0.1996,0.4272
"ENSG00000169252",-0.849,7.1681,0.1743,0.3917
"ENSG00000169255",-0.1706,8.599,0.3645,0.6116
"ENSG00000169258",-0.4872,7.9071,0.02885,0.1056
"ENSG00000169271",2.2532,7.8368,1.39e-13,4.913e-12
"ENSG00000169282",0.0612,7.5179,0.8574,0.9412
"ENSG00000169288",-0.2611,8.5707,0.08516,0.2366
"ENSG00000169297",-3.1956,7.0624,0.0003323,0.002563
"ENSG00000169299",0.3153,8.9321,0.01964,0.07832
"ENSG00000169302",-1.5368,7.5073,2.142e-05,0.000223
"ENSG00000169314",-0.3127,7.3294,0.4862,0.7183
"ENSG00000169330",-0.2704,7.6292,0.3477,0.5955
"ENSG00000169359",0.357,10.0194,0.001011,0.00674
"ENSG00000169371",-0.1184,8.7735,0.3954,0.6412
"ENSG00000169372",-0.1776,8.3842,0.3309,0.5796
"ENSG00000169375",-0.1605,10.471,0.1396,0.3375
"ENSG00000169379",0.3433,8.5889,0.01972,0.07863
"ENSG00000169398",0.128,11.0623,0.1226,0.3074
"ENSG00000169410",0.3918,10.2859,1.991e-05,0.0002088
"ENSG00000169418",0.7663,7.9059,0.0006391,0.00454
"ENSG00000169429",-0.0892,7.1892,0.8765,0.9485
"ENSG00000169432",-0.0261,11.1641,0.8156,0.9221
"ENSG00000169439",0.3803,10.6659,0.0002211,0.001784
"ENSG00000169446",0.4393,9.8648,0.0001793,0.001479
"ENSG00000169490",0.0299,10.2744,0.7871,0.9085
"ENSG00000169495",2.2192,7.0292,0.0125,0.05476
"ENSG00000169499",0.2956,10.081,0.005509,0.02829
"ENSG00000169504",0.7744,14.0358,3.879e-15,1.601e-13
"ENSG00000169507",-0.0592,7.5884,0.879,0.9494
"ENSG00000169515",-0.5101,8.8772,0.009157,0.0429
"ENSG00000169519",-0.3519,8.9188,0.005667,0.02894
"ENSG00000169554",-0.3047,11.8052,0.001968,0.01189
"ENSG00000169564",0.1027,10.5706,0.2774,0.5235
"ENSG00000169567",0.1835,10.7929,0.06905,0.2035
"ENSG00000169570",-0.2105,7.8406,0.4384,0.6804
"ENSG00000169583",0.5052,7.5745,0.2612,0.5053
"ENSG00000169592",-0.0238,9.413,0.8354,0.9316
"ENSG00000169594",0.102,8.6184,0.5807,0.7874
"ENSG00000169598",-0.018,7.9403,0.9343,0.9728
"ENSG00000169599",-0.0607,9.2146,0.6212,0.8149
"ENSG00000169604",0.1594,13.8084,0.09832,0.2622
"ENSG00000169607",0.1443,7.2327,0.785,0.9071
"ENSG00000169609",-0.0042,8.751,0.977,0.9905
"ENSG00000169612",0.3339,8.5239,0.03462,0.1216
"ENSG00000169621",-0.2136,8.1978,0.245,0.4855
"ENSG00000169627",0.0094,8.67,0.9539,0.9816
"ENSG00000169629",-0.2199,10.0855,0.02176,0.08485
"ENSG00000169635",0.2026,8.0889,0.3333,0.5824
"ENSG00000169641",-0.0282,10.6525,0.8103,0.9195
"ENSG00000169660",-0.0466,8.605,0.7533,0.8917
"ENSG00000169668",0.5678,7.3402,0.2189,0.4514
"ENSG00000169679",0.0958,7.6606,0.731,0.8796
"ENSG00000169682",-0.2636,7.2731,0.6105,0.8082
"ENSG00000169683",0.1845,8.5186,0.2221,0.4555
"ENSG00000169689",0.4862,8.5566,0.001472,0.009282
"ENSG00000169692",0.6272,9.6114,4.241e-09,8.641e-08
"ENSG00000169696",0.0202,8.8551,0.8816,0.9505
"ENSG00000169710",0.2159,10.7589,0.1167,0.2967
"ENSG00000169714",0.2384,11.8964,0.009227,0.04311
"ENSG00000169715",2.2252,9.3334,1.182e-40,2.537e-38
"ENSG00000169718",0.2292,9.5917,0.04849,0.1571
"ENSG00000169727",0.1431,10.6815,0.1029,0.2713
"ENSG00000169733",0.1232,9.7368,0.2579,0.502
"ENSG00000169738",2.0981,9.4594,7.307e-26,8.034e-24
"ENSG00000169740",-0.1839,8.8407,0.1725,0.3891
"ENSG00000169744",-1.336,9.5765,3.551e-20,2.434e-18
"ENSG00000169750",1.4728,7.8615,1.43e-09,3.111e-08
"ENSG00000169752",-0.5848,7.6189,0.0524,0.1661
"ENSG00000169756",-0.4219,10.8789,4.716e-06,5.661e-05
"ENSG00000169758",0.4056,7.3926,0.2976,0.5462
"ENSG00000169760",0.3738,7.7433,0.2715,0.5167
"ENSG00000169762",0.0213,8.9297,0.8789,0.9494
"ENSG00000169764",0.8884,11.6788,2.667e-20,1.857e-18
"ENSG00000169813",0.2719,11.5703,0.0009589,0.006454
"ENSG00000169814",-0.117,8.9706,0.4044,0.6502
"ENSG00000169826",0.2624,10.6178,0.0119,0.05273
"ENSG00000169851",0.6045,8.4971,0.00566,0.02891
"ENSG00000169855",-1.1106,10.812,2.691e-17,1.359e-15
"ENSG00000169857",0.6272,8.8398,3.733e-06,4.57e-05
"ENSG00000169860",-0.4129,8.1392,0.05671,0.1764
"ENSG00000169871",0.2086,10.0105,0.04279,0.143
"ENSG00000169885",0.1026,7.3082,0.8165,0.9223
"ENSG00000169891",0.4615,8.3132,0.03203,0.1146
"ENSG00000169895",0.1042,10.3895,0.248,0.4895
"ENSG00000169902",-0.4797,11.0529,3.116e-06,3.88e-05
"ENSG00000169905",0.3296,10.721,0.0001778,0.001468
"ENSG00000169908",1.1634,10.0767,2.795e-12,8.317e-11
"ENSG00000169914",-0.1131,8.4219,0.496,0.7253
"ENSG00000169918",0.0741,7.1572,0.9007,0.9595
"ENSG00000169919",0.0912,9.9404,0.4237,0.6678
"ENSG00000169925",0.0746,9.8084,0.4575,0.6952
"ENSG00000169926",0.902,11.0806,9.547e-19,5.607e-17
"ENSG00000169933",0.6887,7.6736,0.05555,0.1734
"ENSG00000169946",-0.5914,9.3625,1.916e-07,2.986e-06
"ENSG00000169951",-0.1994,7.9471,0.4222,0.6667
"ENSG00000169955",0.0235,8.0818,0.9068,0.9615
"ENSG00000169957",-0.0767,9.1519,0.5234,0.7447
"ENSG00000169962",-0.301,7.1389,0.6332,0.8226
"ENSG00000169964",0.1432,9.0806,0.2299,0.4658
"ENSG00000169967",0.059,10.4021,0.5087,0.7347
"ENSG00000169972",-0.0702,8.2773,0.7114,0.8687
"ENSG00000169976",-0.0748,10.1017,0.4823,0.715
"ENSG00000169981",0.0345,8.1508,0.855,0.9403
"ENSG00000169991",-0.1989,8.2555,0.2753,0.5209
"ENSG00000169992",-0.1144,11.1087,0.198,0.4252
"ENSG00000169994",2.0544,7.0942,0.01832,0.07414
"ENSG00000170004",-0.1523,13.1103,0.05755,0.1786
"ENSG00000170006",0.543,7.6,0.07964,0.2254
"ENSG00000170011",1.4482,7.0873,0.08052,0.2271
"ENSG00000170017",0.7858,12.5133,7.499e-07,1.035e-05
"ENSG00000170027",0.1818,11.6662,0.02447,0.09326
"ENSG00000170035",-0.3324,10.7172,0.001704,0.0105
"ENSG00000170037",-0.0541,9.5002,0.6384,0.8257
"ENSG00000170043",0.1496,10.2219,0.1186,0.3
"ENSG00000170049",-0.2678,7.386,0.5135,0.7377
"ENSG00000170085",0.423,8.7022,0.00226,0.01336
"ENSG00000170088",0.3131,9.4664,0.02311,0.08905
"ENSG00000170089",-0.1901,8.7968,0.1678,0.3818
"ENSG00000170092",-0.1801,7.4771,0.6294,0.8202
"ENSG00000170100",0.029,7.7312,0.9132,0.9639
"ENSG00000170113",0.3461,9.0602,0.003702,0.02021
"ENSG00000170122",-0.3882,7.0432,0.6346,0.8237
"ENSG00000170142",-0.2379,10.7501,0.01033,0.04719
"ENSG00000170144",0.0918,11.9738,0.3452,0.5931
"ENSG00000170145",0.3062,11.71,0.001616,0.01002
"ENSG00000170153",-0.6981,8.7725,0.002388,0.01401
"ENSG00000170160",-0.0788,8.8841,0.6111,0.8085
"ENSG00000170161",-0.51,7.6028,0.09519,0.2558
"ENSG00000170175",0.229,8.0847,0.267,0.5117
"ENSG00000170185",0.1564,9.5066,0.1623,0.3743
"ENSG00000170190",0.1415,8.591,0.3443,0.5923
"ENSG00000170191",-0.3005,8.5312,0.05482,0.1718
"ENSG00000170214",4.062,8.2818,1.015e-16,4.895e-15
"ENSG00000170222",0.1981,8.3876,0.2441,0.4842
"ENSG00000170234",-0.1712,8.886,0.2266,0.4616
"ENSG00000170242",0.4751,11.5633,1.02e-06,1.373e-05
"ENSG00000170248",0.0819,12.295,0.2772,0.5234
"ENSG00000170260",-0.0453,8.5099,0.763,0.897
"ENSG00000170264",-0.1962,7.9576,0.3667,0.6138
"ENSG00000170265",0.0886,9.5082,0.4322,0.6748
"ENSG00000170266",-0.0164,11.1828,0.8531,0.9396
"ENSG00000170270",0.1034,7.906,0.6674,0.8426
"ENSG00000170271",0.2202,11.1312,0.2176,0.4498
"ENSG00000170275",-0.0022,13.0006,0.9792,0.9914
"ENSG00000170291",0.0665,9.1045,0.5729,0.782
"ENSG00000170293",0.1502,7.2297,0.767,0.8978
"ENSG00000170296",0.0693,8.2818,0.7268,0.8778
"ENSG00000170310",0.0649,9.4173,0.5697,0.7799
"ENSG00000170312",-0.3552,7.753,0.187,0.4096
"ENSG00000170315",-0.3918,11.448,6.587e-06,7.698e-05
"ENSG00000170322",-0.0276,9.5532,0.8019,0.9153
"ENSG00000170323",3.7021,7.0519,5.198e-05,0.0004897
"ENSG00000170325",-0.1311,8.6847,0.376,0.6223
"ENSG00000170340",0.2759,8.7005,0.04938,0.1593
"ENSG00000170345",0.3454,7.7651,0.2604,0.5045
"ENSG00000170348",0.1968,12.5594,0.02908,0.1063
"ENSG00000170356",0.1239,8.0633,0.5457,0.7627
"ENSG00000170364",0.5789,9.1348,0.0003311,0.002556
"ENSG00000170365",-0.885,8.9531,1.31e-10,3.183e-09
"ENSG00000170379",0.596,8.6434,0.01776,0.07222
"ENSG00000170381",0.0143,8.377,0.9357,0.9732
"ENSG00000170385",0.2383,10.6372,0.1227,0.3074
"ENSG00000170390",0.5406,8.5684,0.008096,0.03879
"ENSG00000170396",-0.0011,8.174,0.9955,0.9981
"ENSG00000170412",-0.9629,7.3166,0.04222,0.1414
"ENSG00000170417",-0.4231,7.9885,0.04414,0.1463
"ENSG00000170421",-0.4819,7.5523,0.147,0.3504
"ENSG00000170425",-0.5406,8.0193,0.02419,0.09229
"ENSG00000170430",-0.0183,8.9288,0.889,0.9544
"ENSG00000170439",-1.3188,7.2756,0.01252,0.05484
"ENSG00000170445",0.0708,10.118,0.4672,0.7026
"ENSG00000170448",0.2054,8.5865,0.2035,0.4321
"ENSG00000170456",-0.4779,9.3265,4.99e-05,0.0004731
"ENSG00000170458",0.8355,7.3734,0.09419,0.2538
"ENSG00000170464",-0.1835,9.3671,0.1191,0.3009
"ENSG00000170469",-0.1504,7.4446,0.675,0.8473
"ENSG00000170471",-0.068,11.0779,0.4324,0.6749
"ENSG00000170473",-0.0311,8.7238,0.8389,0.933
"ENSG00000170482",-0.2103,7.1436,0.7339,0.8813
"ENSG00000170485",1.147,8.8307,4.118e-13,1.38e-11
"ENSG00000170502",0.1993,9.5538,0.07519,0.2163
"ENSG00000170509",0.0488,7.121,0.9418,0.9757
"ENSG00000170515",0.1669,9.8629,0.09146,0.2485
"ENSG00000170522",0.278,8.6024,0.09949,0.2646
"ENSG00000170525",0.3777,11.4439,2.745e-05,0.0002781
"ENSG00000170537",-0.3801,7.2481,0.5232,0.7445
"ENSG00000170540",0.2739,10.2621,0.01665,0.06852
"ENSG00000170542",0.6981,8.5082,5.335e-05,0.0005021
"ENSG00000170545",-0.088,8.3461,0.594,0.7961
"ENSG00000170558",-0.338,8.8757,0.07016,0.2059
"ENSG00000170561",0.2401,7.6797,0.3812,0.6279
"ENSG00000170571",-0.1261,8.4064,0.4959,0.7252
"ENSG00000170579",0.6295,7.237,0.2909,0.5393
"ENSG00000170581",0.1652,12.9156,0.05383,0.1695
"ENSG00000170584",0.6028,9.3277,3.342e-07,4.988e-06
"ENSG00000170604",-0.3198,8.934,0.01373,0.05888
"ENSG00000170606",0.0787,11.688,0.3884,0.6342
"ENSG00000170619",0.1506,8.4434,0.3614,0.6084
"ENSG00000170624",-1.137,11.0447,8.017e-24,7.452e-22
"ENSG00000170629",-0.7903,7.6711,0.0124,0.05441
"ENSG00000170631",-0.4839,8.2838,0.009548,0.04425
"ENSG00000170632",-0.1071,9.6816,0.2916,0.54
"ENSG00000170633",0.1896,9.2845,0.09584,0.2573
"ENSG00000170634",0.1545,8.3386,0.3501,0.5977
"ENSG00000170638",0.291,9.0681,0.05324,0.1683
"ENSG00000170647",-1.1042,7.4483,0.006121,0.03087
"ENSG00000170653",-0.0515,9.5708,0.6676,0.8426
"ENSG00000170667",-0.1765,7.8018,0.5077,0.7338
"ENSG00000170677",0.0988,9.5178,0.4157,0.6606
"ENSG00000170681",0.2672,7.7055,0.3843,0.6307
"ENSG00000170684",1.3256,7.0288,0.1194,0.3014
"ENSG00000170703",1.1474,7.0924,0.1319,0.3243
"ENSG00000170727",0.2101,9.0449,0.1159,0.2954
"ENSG00000170734",-0.4187,9.9271,9.788e-05,0.0008639
"ENSG00000170745",1.049,7.929,0.0002281,0.001834
"ENSG00000170759",0.5735,12.154,4.547e-14,1.673e-12
"ENSG00000170775",1.4907,8.4874,3.763e-20,2.57e-18
"ENSG00000170776",0.556,11.3326,1.73e-07,2.724e-06
"ENSG00000170779",-0.103,7.9177,0.6603,0.8399
"ENSG00000170791",0.7141,9.1607,1.554e-08,2.91e-07
"ENSG00000170801",-0.3227,10.2556,0.07767,0.2215
"ENSG00000170802",0.9048,8.866,4.689e-07,6.765e-06
"ENSG00000170827",0.0519,7.05,0.9503,0.9798
"ENSG00000170832",0.1736,10.7363,0.08314,0.2326
"ENSG00000170835",-0.4104,7.3807,0.3719,0.6185
"ENSG00000170836",-0.6226,9.131,2.012e-05,0.0002107
"ENSG00000170846",-0.3234,8.4436,0.063,0.1906
"ENSG00000170848",-0.6656,7.0386,0.4249,0.6687
"ENSG00000170852",0.1702,9.6502,0.1512,0.3575
"ENSG00000170854",-0.5589,9.0933,2.565e-05,0.0002622
"ENSG00000170855",-0.2411,9.0176,0.06772,0.2007
"ENSG00000170860",-0.196,9.2272,0.09965,0.2648
"ENSG00000170871",-0.0694,10.5432,0.4265,0.6699
"ENSG00000170873",1.8391,10.354,1.112e-09,2.454e-08
"ENSG00000170876",0.3571,11.7708,4.635e-05,0.0004437
"ENSG00000170881",0.0453,9.9185,0.6418,0.8278
"ENSG00000170889",0.0181,13.1417,0.8158,0.9222
"ENSG00000170891",0.4001,7.46,0.3107,0.5595
"ENSG00000170892",0.1658,9.7573,0.1048,0.2753
"ENSG00000170899",-0.7596,9.2819,6.302e-06,7.393e-05
"ENSG00000170903",0.1127,9.4032,0.3312,0.5798
"ENSG00000170906",-0.2229,9.1985,0.1088,0.2828
"ENSG00000170909",0.1226,7.5216,0.7175,0.8724
"ENSG00000170915",-0.2202,8.5022,0.1537,0.3607
"ENSG00000170917",-0.4072,7.7676,0.1064,0.2779
"ENSG00000170919",-0.0741,9.7514,0.4737,0.708
"ENSG00000170921",0.598,11.0959,6.389e-08,1.083e-06
"ENSG00000170946",0.2426,8.6669,0.08805,0.242
"ENSG00000170949",0.0081,9.9234,0.9501,0.9796
"ENSG00000170954",-0.3414,8.4183,0.05449,0.1709
"ENSG00000170955",0.2124,10.1606,0.219,0.4514
"ENSG00000170961",-0.1852,9.1251,0.6976,0.8611
"ENSG00000170962",0.3741,11.2207,0.0284,0.1044
"ENSG00000170989",-1.485,8.66,7.141e-19,4.336e-17
"ENSG00000171016",-0.1873,9.3205,0.1565,0.365
"ENSG00000171017",0.0297,7.049,0.9725,0.9891
"ENSG00000171033",-1.3134,8.661,2.222e-15,9.424e-14
"ENSG00000171044",-0.3228,7.2453,0.5215,0.7436
"ENSG00000171045",0.0908,8.468,0.5811,0.7876
"ENSG00000171055",0.0651,10.3599,0.5064,0.7331
"ENSG00000171067",0.1014,10.1641,0.3747,0.6212
"ENSG00000171084",-0.7038,7.3169,0.1828,0.4037
"ENSG00000171097",-0.7718,7.845,0.00139,0.008841
"ENSG00000171100",0.0609,8.6309,0.6759,0.8478
"ENSG00000171103",0.1517,8.1738,0.4099,0.6561
"ENSG00000171105",0.5277,9.7339,0.0005438,0.003943
"ENSG00000171109",0.2144,10.1193,0.02334,0.08976
"ENSG00000171116",-0.0535,7.4089,0.888,0.9543
"ENSG00000171119",0.7362,7.1098,0.2943,0.5426
"ENSG00000171121",0.1392,7.4087,0.7157,0.8714
"ENSG00000171129",0.0153,7.4714,0.9654,0.9863
"ENSG00000171130",-0.1451,8.705,0.3236,0.5716
"ENSG00000171132",-1.201,9.1466,2.467e-20,1.725e-18
"ENSG00000171135",0.3891,9.3626,0.0007718,0.00535
"ENSG00000171148",0.228,10.9404,0.01115,0.05015
"ENSG00000171150",-0.4498,10.5639,0.001481,0.009317
"ENSG00000171155",0.5263,9.5146,2.077e-05,0.0002169
"ENSG00000171159",-0.014,9.4131,0.9091,0.9624
"ENSG00000171160",-0.409,8.3759,0.01995,0.07943
"ENSG00000171161",-0.2079,8.814,0.1198,0.302
"ENSG00000171163",-0.4681,8.807,0.0006583,0.004653
"ENSG00000171169",-0.1977,8.4031,0.2267,0.4616
"ENSG00000171174",-0.5054,7.4775,0.1488,0.3533
"ENSG00000171189",1.9224,7.6561,7.571e-07,1.045e-05
"ENSG00000171202",0.1733,8.5425,0.2475,0.489
"ENSG00000171204",-0.2739,9.4204,0.02081,0.08196
"ENSG00000171206",-0.0308,11.4666,0.7402,0.8847
"ENSG00000171208",0.1264,7.7097,0.6492,0.8319
"ENSG00000171217",-0.5585,7.0364,0.5258,0.7467
"ENSG00000171219",0.6756,7.0455,0.423,0.6672
"ENSG00000171222",0.1016,9.201,0.3896,0.6355
"ENSG00000171223",-0.064,9.7682,0.6562,0.8363
"ENSG00000171224",-0.4985,7.1756,0.4054,0.6512
"ENSG00000171227",-2.2301,7.2085,0.0001174,0.001018
"ENSG00000171241",-0.1854,7.6983,0.4899,0.7214
"ENSG00000171246",-1.0399,7.2396,0.04649,0.1523
"ENSG00000171262",0.0973,9.4614,0.4169,0.6615
"ENSG00000171282",-0.3033,9.5337,0.01251,0.0548
"ENSG00000171291",0.3359,8.0335,0.1002,0.2658
"ENSG00000171295",-0.2321,8.3639,0.1642,0.377
"ENSG00000171298",-0.051,11.59,0.5514,0.7666
"ENSG00000171302",0.0232,10.6615,0.8115,0.9198
"ENSG00000171307",0.2211,9.9692,0.04582,0.1505
"ENSG00000171310",0.0487,8.1651,0.8325,0.9305
"ENSG00000171311",-0.2683,8.9448,0.03971,0.1349
"ENSG00000171314",0.035,12.6499,0.789,0.9092
"ENSG00000171316",1.9627,7.0813,0.009749,0.04505
"ENSG00000171320",-0.166,7.0468,0.8339,0.9308
"ENSG00000171345",0.2306,7.3686,0.5719,0.7813
"ENSG00000171357",-0.3974,7.3941,0.3129,0.5622
"ENSG00000171365",0.2056,9.0151,0.1032,0.2719
"ENSG00000171368",2.0152,7.0189,0.02727,0.1013
"ENSG00000171385",1.4505,8.0984,7.015e-07,9.753e-06
"ENSG00000171388",-1.0845,8.3334,0.1151,0.2941
"ENSG00000171408",-0.3499,9.9035,0.02319,0.08929
"ENSG00000171421",0.1718,8.78,0.2115,0.4424
"ENSG00000171425",-0.2036,8.9717,0.1981,0.4254
"ENSG00000171428",0.2118,7.9649,0.3495,0.597
"ENSG00000171443",-0.2305,8.1099,0.2538,0.4965
"ENSG00000171444",-0.0419,10.4603,0.7433,0.8865
"ENSG00000171448",-0.2019,8.5872,0.2396,0.4788
"ENSG00000171451",-0.0899,11.4475,0.5163,0.7398
"ENSG00000171453",0.1113,8.4577,0.4943,0.7245
"ENSG00000171456",0.3079,11.1672,0.0005228,0.003806
"ENSG00000171462",0.4473,7.3391,0.3024,0.5514
"ENSG00000171466",-0.0567,8.7938,0.6728,0.8461
"ENSG00000171467",-0.2143,9.8878,0.0472,0.1539
"ENSG00000171469",-0.6586,9.6241,8.245e-10,1.845e-08
"ENSG00000171471",0.0972,8.889,0.4544,0.6925
"ENSG00000171475",0.1258,10.2389,0.1635,0.3759
"ENSG00000171476",-0.4244,7.0389,0.6121,0.8094
"ENSG00000171488",-0.0959,8.7746,0.491,0.7225
"ENSG00000171490",0.0211,11.151,0.8127,0.9205
"ENSG00000171492",-0.7651,9.3202,2.692e-11,7.034e-10
"ENSG00000171497",-0.226,9.4291,0.03489,0.1223
"ENSG00000171502",-0.9231,7.8789,0.0007907,0.005467
"ENSG00000171503",-0.3231,10.0988,0.01354,0.05828
"ENSG00000171509",-1.771,7.4926,4.821e-05,0.0004593
"ENSG00000171517",-0.2638,7.0715,0.7221,0.8748
"ENSG00000171522",-0.5184,8.9757,0.0332,0.1176
"ENSG00000171530",0.0471,10.1685,0.6323,0.822
"ENSG00000171533",0.1926,7.6422,0.5105,0.7355
"ENSG00000171552",0.2346,11.078,0.02182,0.08507
"ENSG00000171566",0.0459,10.445,0.6043,0.8039
"ENSG00000171574",0.3198,8.6015,0.05733,0.178
"ENSG00000171596",1.5574,7.0286,0.07172,0.2091
"ENSG00000171603",0.3225,12.7477,0.0001135,0.0009886
"ENSG00000171604",-0.5785,9.7463,6.654e-07,9.316e-06
"ENSG00000171606",-0.3552,8.942,0.00668,0.03311
"ENSG00000171608",0.7869,9.1832,9.861e-09,1.894e-07
"ENSG00000171612",0.3046,7.8376,0.1996,0.4271
"ENSG00000171617",-1.2745,9.7311,0.0001908,0.001565
"ENSG00000171621",-0.0497,9.8796,0.794,0.9116
"ENSG00000171634",-0.0623,11.0917,0.4803,0.7132
"ENSG00000171649",-0.1059,8.2204,0.5609,0.7735
"ENSG00000171658",-0.2234,7.8165,0.5154,0.7391
"ENSG00000171680",-0.7891,8.3019,7.133e-06,8.251e-05
"ENSG00000171681",-0.4573,9.7602,0.0003003,0.00234
"ENSG00000171700",0.1938,8.175,0.3036,0.5527
"ENSG00000171703",-0.0387,9.6315,0.7576,0.894
"ENSG00000171720",-0.0679,9.8869,0.4969,0.726
"ENSG00000171723",-0.3133,8.5411,0.06473,0.1943
"ENSG00000171724",-1.507,7.2382,0.009133,0.04282
"ENSG00000171729",-0.2252,8.5103,0.163,0.3753
"ENSG00000171735",0.0525,8.8928,0.6982,0.8614
"ENSG00000171757",0.2322,7.4859,0.4983,0.7269
"ENSG00000171763",0.1908,8.2013,0.3002,0.5491
"ENSG00000171790",0.9187,7.2874,0.0614,0.1872
"ENSG00000171791",-0.4412,8.4685,0.005731,0.02921
"ENSG00000171792",-0.5789,9.0117,3.461e-06,4.271e-05
"ENSG00000171793",1.4857,9.6534,2.86e-16,1.306e-14
"ENSG00000171798",-0.2867,7.5865,0.3404,0.5889
"ENSG00000171806",-0.3355,7.8288,0.2051,0.4341
"ENSG00000171811",-0.3387,7.2063,0.5309,0.7507
"ENSG00000171812",0.1019,9.437,0.5222,0.744
"ENSG00000171813",-0.2559,8.1883,0.1795,0.3993
"ENSG00000171817",-1.1384,7.5066,0.001242,0.008011
"ENSG00000171819",5.0816,7.9589,1.944e-11,5.179e-10
"ENSG00000171823",0.0559,8.2322,0.763,0.897
"ENSG00000171824",0.651,10.3165,1.455e-06,1.921e-05
"ENSG00000171827",-0.321,7.9861,0.133,0.3259
"ENSG00000171840",0.0254,7.1931,0.965,0.9863
"ENSG00000171843",0.1321,9.4655,0.3167,0.5653
"ENSG00000171847",-0.7569,7.2382,0.1573,0.3661
"ENSG00000171848",0.0209,7.7109,0.9441,0.9765
"ENSG00000171853",-0.0407,9.8045,0.6984,0.8614
"ENSG00000171858",0.0951,11.3716,0.3096,0.5583
"ENSG00000171861",0.1136,8.3585,0.506,0.7329
"ENSG00000171862",-0.3989,11.2063,2.015e-06,2.589e-05
"ENSG00000171863",0.046,12.9082,0.5778,0.7854
"ENSG00000171865",0.2637,9.144,0.02875,0.1054
"ENSG00000171867",-0.22,13.1207,0.01071,0.04856
"ENSG00000171873",-0.547,7.3366,0.2717,0.5167
"ENSG00000171877",-1.2878,7.9862,3.389e-07,5.046e-06
"ENSG00000171889",0.0139,7.5239,0.967,0.9868
"ENSG00000171914",-0.2843,10.4266,0.006885,0.03401
"ENSG00000171928",0.2129,9.7872,0.05924,0.1823
"ENSG00000171931",-1.5969,7.0172,0.08072,0.2275
"ENSG00000171940",0.2283,9.8284,0.05792,0.1793
"ENSG00000171943",-0.2389,9.5621,0.03602,0.125
"ENSG00000171951",0.571,7.8737,0.02824,0.1039
"ENSG00000171953",-0.0357,8.352,0.8423,0.9345
"ENSG00000171960",-0.0115,8.5574,0.9401,0.9752
"ENSG00000171962",-0.3655,7.8578,0.1216,0.3053
"ENSG00000171970",-0.2163,7.5533,0.4867,0.7187
"ENSG00000171984",-0.2369,7.3387,0.5808,0.7874
"ENSG00000171988",-0.1336,10.7294,0.1969,0.4235
"ENSG00000171992",-0.2613,12.2842,0.02806,0.1034
"ENSG00000172006",-0.1142,8.0425,0.6104,0.8081
"ENSG00000172007",-0.188,8.5671,0.1999,0.4275
"ENSG00000172009",0.0535,9.2294,0.6963,0.8608
"ENSG00000172020",-0.7979,7.089,0.2875,0.536
"ENSG00000172031",-0.6709,7.1257,0.3163,0.565
"ENSG00000172037",-0.2575,13.5838,0.02256,0.08747
"ENSG00000172046",0.0236,10.5695,0.7979,0.913
"ENSG00000172053",-0.0019,11.8097,0.9821,0.9923
"ENSG00000172057",0.0666,10.8023,0.4874,0.7194
"ENSG00000172058",0.2435,8.8164,0.09488,0.2552
"ENSG00000172059",-0.2682,9.1162,0.0796,0.2253
"ENSG00000172061",-2.5562,8.3708,8.542e-25,8.599e-23
"ENSG00000172062",0.1156,9.7812,0.2773,0.5234
"ENSG00000172071",0.0702,9.1287,0.5521,0.7672
"ENSG00000172081",0.4025,10.1312,6.093e-05,0.0005652
"ENSG00000172086",0.2142,10.0922,0.07718,0.2204
"ENSG00000172113",-0.1354,8.7281,0.3642,0.6113
"ENSG00000172115",0.2923,9.7936,0.04926,0.159
"ENSG00000172123",0.6548,9.204,6.769e-07,9.447e-06
"ENSG00000172137",-1.0933,7.431,0.006506,0.03238
"ENSG00000172156",-1.5226,9.062,0.007459,0.03643
"ENSG00000172159",-0.1072,7.59,0.7889,0.9092
"ENSG00000172164",0.4723,9.5176,0.003876,0.02101
"ENSG00000172167",-0.64,7.6082,0.03872,0.1323
"ENSG00000172171",0.0922,8.1968,0.6256,0.8174
"ENSG00000172172",0.1182,8.9866,0.3477,0.5955
"ENSG00000172175",0.4545,9.9634,4.097e-05,0.0003978
"ENSG00000172183",0.3011,7.6953,0.3308,0.5796
"ENSG00000172197",-0.2941,7.7724,0.2444,0.4847
"ENSG00000172201",0.1139,7.7519,0.6778,0.8484
"ENSG00000172215",-0.6152,7.0458,0.4634,0.6996
"ENSG00000172216",0.4323,10.2561,0.001159,0.007563
"ENSG00000172239",-0.1083,10.6531,0.2993,0.548
"ENSG00000172244",0.0992,7.5028,0.7928,0.9114
"ENSG00000172250",-0.0516,7.8267,0.8322,0.9304
"ENSG00000172260",1.4501,10.3846,1.956e-20,1.378e-18
"ENSG00000172262",0.0095,9.3981,0.9358,0.9732
"ENSG00000172264",-0.1652,7.6664,0.5953,0.7964
"ENSG00000172269",0.1341,9.5258,0.2254,0.4601
"ENSG00000172270",0.0339,12.8695,0.6539,0.835
"ENSG00000172273",-0.0349,8.7795,0.8255,0.9262
"ENSG00000172292",0.5476,9.1051,0.0001508,0.001271
"ENSG00000172296",-0.8245,8.3714,1.096e-05,0.0001218
"ENSG00000172301",-0.5392,9.9304,2.503e-06,3.156e-05
"ENSG00000172315",0.2291,9.2041,0.1055,0.2763
"ENSG00000172318",0.9603,7.5554,0.009992,0.04595
"ENSG00000172331",-0.4286,9.6335,0.0002279,0.001833
"ENSG00000172336",-0.0262,8.5746,0.875,0.9475
"ENSG00000172339",-0.3244,8.2181,0.07076,0.2072
"ENSG00000172340",-0.0311,10.6083,0.7163,0.8717
"ENSG00000172345",-0.5149,9.2629,9.121e-05,0.0008133
"ENSG00000172346",-0.3769,9.8263,0.0003362,0.002586
"ENSG00000172348",-1.5392,9.109,0.002972,0.01686
"ENSG00000172349",0.9746,9.7123,1.664e-11,4.477e-10
"ENSG00000172350",-0.1503,7.1237,0.8152,0.922
"ENSG00000172354",0.3477,11.4323,2.606e-05,0.0002661
"ENSG00000172361",-0.2752,7.3212,0.5352,0.754
"ENSG00000172366",-0.2145,8.0115,0.3807,0.6275
"ENSG00000172375",0.2861,8.358,0.1828,0.4037
"ENSG00000172379",0.5597,10.679,4.991e-06,5.98e-05
"ENSG00000172380",-0.0108,13.0314,0.9059,0.9613
"ENSG00000172382",0.5188,7.5701,0.1258,0.3132
"ENSG00000172399",2.4395,7.2591,8.61e-06,9.777e-05
"ENSG00000172403",1.7444,12.7363,2.552e-63,1.485e-60
"ENSG00000172409",0.2198,8.5991,0.136,0.3314
"ENSG00000172426",-0.3179,7.2814,0.4866,0.7186
"ENSG00000172428",0.2123,9.1136,0.08514,0.2365
"ENSG00000172432",-0.1269,10.0444,0.1876,0.4106
"ENSG00000172456",-0.3182,8.5591,0.109,0.2833
"ENSG00000172458",-0.2117,8.3183,0.2545,0.4975
"ENSG00000172460",0.0875,7.112,0.897,0.958
"ENSG00000172465",1.0319,9.1511,4.292e-14,1.583e-12
"ENSG00000172466",-0.0023,10.3046,0.9808,0.9919
"ENSG00000172469",0.1486,9.3919,0.2126,0.4435
"ENSG00000172476",0.4822,7.5819,0.1637,0.376
"ENSG00000172493",-0.0698,10.4284,0.4834,0.7158
"ENSG00000172497",-1.6495,7.3605,0.0007988,0.005512
"ENSG00000172500",0.1656,10.0898,0.0775,0.221
"ENSG00000172508",-0.2467,7.2889,0.5951,0.7964
"ENSG00000172530",-0.4947,8.6189,0.003313,0.01837
"ENSG00000172531",0.3539,10.2752,0.002245,0.01329
"ENSG00000172534",0.0145,10.8272,0.8806,0.95
"ENSG00000172572",-0.5436,8.2758,0.07148,0.2087
"ENSG00000172586",0.2637,8.7046,0.0647,0.1942
"ENSG00000172590",-0.0651,9.0785,0.6075,0.8059
"ENSG00000172594",0.2716,11.1968,0.005517,0.02832
"ENSG00000172602",2.2552,7.0346,0.009136,0.04282
"ENSG00000172613",-0.0913,8.1346,0.6357,0.8241
"ENSG00000172638",-0.0856,12.5401,0.3347,0.5838
"ENSG00000172660",0.2038,11.4408,0.02787,0.1029
"ENSG00000172661",0.0795,12.2272,0.4239,0.6679
"ENSG00000172663",-0.0136,8.7747,0.9216,0.967
"ENSG00000172667",-0.4741,12.0911,2.705e-08,4.887e-07
"ENSG00000172671",-0.0875,8.0701,0.6705,0.8443
"ENSG00000172687",-0.1837,7.7827,0.4536,0.6919
"ENSG00000172716",-0.0671,10.3282,0.6422,0.8281
"ENSG00000172725",0.3443,11.079,0.001132,0.007416
"ENSG00000172728",-0.0578,8.8367,0.6638,0.8413
"ENSG00000172731",-0.4546,8.6305,0.003102,0.01743
"ENSG00000172732",0.3149,9.2774,0.006185,0.03113
"ENSG00000172733",0.0219,7.5994,0.9541,0.9817
"ENSG00000172738",-1.812,7.6472,1.486e-08,2.788e-07
"ENSG00000172748",-0.5773,8.1319,0.006559,0.0326
"ENSG00000172752",-1.4693,6.9631,0.1794,0.3993
"ENSG00000172757",0.3897,12.8019,0.0001385,0.001178
"ENSG00000172765",-0.0994,9.4733,0.4494,0.6888
"ENSG00000172766",0.0686,8.895,0.6092,0.8072
"ENSG00000172771",-0.8668,7.0351,0.3139,0.563
"ENSG00000172775",0.0362,10.2308,0.6958,0.8604
"ENSG00000172780",0.3352,7.4438,0.3863,0.6322
"ENSG00000172785",0.0858,9.5058,0.4519,0.6908
"ENSG00000172794",0.1681,7.0857,0.8217,0.9246
"ENSG00000172795",0.1402,9.317,0.2919,0.5403
"ENSG00000172799",-0.0773,7.0091,0.9362,0.9733
"ENSG00000172803",-0.5298,7.6624,0.06358,0.1918
"ENSG00000172809",-0.0181,11.951,0.8402,0.9335
"ENSG00000172817",1.2501,7.2707,0.01598,0.06651
"ENSG00000172819",-0.2672,10.5585,0.0502,0.1611
"ENSG00000172824",0.6209,7.9903,0.004949,0.02592
"ENSG00000172828",-1.8544,7.0795,0.01693,0.06947
"ENSG00000172830",0.1975,10.0322,0.05451,0.1709
"ENSG00000172831",-0.5384,10.4349,7.855e-10,1.762e-08
"ENSG00000172840",0.5953,8.6578,0.002971,0.01686
"ENSG00000172845",-0.2264,10.9433,0.008331,0.03965
"ENSG00000172869",0.1328,10.5048,0.173,0.39
"ENSG00000172878",-0.0197,8.3739,0.9036,0.9611
"ENSG00000172888",-0.1904,9.9712,0.0676,0.2004
"ENSG00000172889",-0.2421,7.9134,0.3028,0.5519
"ENSG00000172890",0.1306,10.6602,0.2038,0.4324
"ENSG00000172893",-0.5145,8.7095,0.002004,0.01207
"ENSG00000172901",-0.687,7.2819,0.167,0.3809
"ENSG00000172915",-0.1734,8.9755,0.3496,0.5971
"ENSG00000172922",0.0403,8.9829,0.7745,0.9022
"ENSG00000172932",0.1773,9.0666,0.1668,0.3806
"ENSG00000172935",0.5436,11.1332,4.092e-08,7.205e-07
"ENSG00000172936",-0.0888,9.9663,0.366,0.6132
"ENSG00000172939",0.4639,10.4718,2.48e-07,3.793e-06
"ENSG00000172943",0.1819,9.651,0.07727,0.2206
"ENSG00000172954",0.9575,9.9184,3.67e-13,1.239e-11
"ENSG00000172955",1.0401,7.4978,0.003108,0.01744
"ENSG00000172965",-0.2683,10.172,0.04428,0.1467
"ENSG00000172971",-0.5533,7.0692,0.4831,0.7155
"ENSG00000172974",0.537,10.1596,4.619e-07,6.685e-06
"ENSG00000172977",-0.0095,8.8896,0.9416,0.9757
"ENSG00000172985",0.8894,9.9106,1.694e-19,1.087e-17
"ENSG00000172986",-1.5729,9.7689,2.444e-51,1.002e-48
"ENSG00000172992",-0.2244,9.5563,0.09067,0.2471
"ENSG00000173011",-0.0396,9.3405,0.7375,0.8834
"ENSG00000173013",-0.0674,7.4305,0.8537,0.9398
"ENSG00000173020",0.161,9.8213,0.1305,0.3217
"ENSG00000173039",0.2339,10.6365,0.006968,0.03436
"ENSG00000173040",0.3092,9.3567,0.009776,0.04513
"ENSG00000173041",-0.0097,7.9689,0.9649,0.9863
"ENSG00000173064",-0.1806,10.5652,0.1032,0.2719
"ENSG00000173065",0.4125,9.073,0.001357,0.008655
"ENSG00000173068",-0.8687,11.4922,8.836e-24,8.171e-22
"ENSG00000173083",1.3576,7.6462,5.932e-06,7.014e-05
"ENSG00000173085",0.502,8.3422,0.007485,0.03653
"ENSG00000173088",-0.5415,7.0465,0.5047,0.7319
"ENSG00000173110",-2.6467,7.1989,1.249e-05,0.0001367
"ENSG00000173113",0.13,10.1893,0.2529,0.4956
"ENSG00000173114",-1.0434,7.7701,0.001571,0.009793
"ENSG00000173120",-0.0659,11.3572,0.4449,0.685
"ENSG00000173137",0.0472,8.1601,0.8108,0.9198
"ENSG00000173141",-0.1361,8.9087,0.3178,0.5665
"ENSG00000173145",0.1047,9.0817,0.4217,0.6662
"ENSG00000173153",0.1497,8.8389,0.3111,0.5601
"ENSG00000173156",0.1866,8.8294,0.2006,0.4284
"ENSG00000173163",-0.0516,9.0536,0.6818,0.8505
"ENSG00000173166",-0.0043,8.8175,0.9855,0.9939
"ENSG00000173171",0.0211,9.5328,0.8433,0.9348
"ENSG00000173175",0.0339,7.6059,0.9177,0.966
"ENSG00000173193",-0.1635,10.6625,0.07791,0.222
"ENSG00000173200",-0.1831,7.2796,0.7001,0.8621
"ENSG00000173207",-0.2848,8.5574,0.05341,0.1686
"ENSG00000173209",0.1351,10.511,0.1544,0.3621
"ENSG00000173210",-0.2334,11.1102,0.09622,0.258
"ENSG00000173214",-0.0399,7.8367,0.8684,0.9449
"ENSG00000173218",0.0612,9.8271,0.5336,0.7527
"ENSG00000173221",1.0043,11.0218,2.165e-24,2.088e-22
"ENSG00000173226",-0.0376,8.6553,0.7998,0.914
"ENSG00000173230",-0.153,12.2661,0.05405,0.17
"ENSG00000173258",-0.6741,7.3739,0.1333,0.3262
"ENSG00000173262",0.0447,7.8486,0.8643,0.9438
"ENSG00000173264",0.1481,9.6608,0.1674,0.3813
"ENSG00000173267",-0.4895,7.3002,0.2765,0.5222
"ENSG00000173269",-0.7776,7.2479,0.1148,0.2936
"ENSG00000173272",0.0107,9.4245,0.9364,0.9733
"ENSG00000173273",-0.0791,10.9781,0.3955,0.6413
"ENSG00000173275",-0.1072,9.0682,0.383,0.6295
"ENSG00000173276",0.4099,8.8649,0.003728,0.02034
"ENSG00000173281",0.3548,9.8753,0.01158,0.05161
"ENSG00000173295",-0.4234,7.6556,0.185,0.4069
"ENSG00000173320",-1.0226,7.9115,0.0001609,0.001343
"ENSG00000173327",0.2439,9.5264,0.02429,0.09265
"ENSG00000173334",-0.1732,8.3681,0.3159,0.5648
"ENSG00000173376",-0.6755,7.9241,0.003069,0.01727
"ENSG00000173391",0.3365,7.7272,0.3478,0.5956
"ENSG00000173401",-0.4416,7.1367,0.4909,0.7224
"ENSG00000173402",0.3175,11.5509,0.001486,0.00934
"ENSG00000173406",-0.9134,7.4102,0.04429,0.1467
"ENSG00000173409",0.0298,8.6812,0.8619,0.9428
"ENSG00000173418",0.4704,9.7135,4.367e-05,0.0004205
"ENSG00000173421",-0.9188,7.5247,0.007853,0.03793
"ENSG00000173436",0.1201,8.2405,0.525,0.7459
"ENSG00000173442",0.0437,10.4786,0.7294,0.8785
"ENSG00000173451",-0.2861,8.1084,0.1398,0.3378
"ENSG00000173456",0.2821,9.8183,0.008882,0.04174
"ENSG00000173457",-0.2175,9.8925,0.08989,0.2456
"ENSG00000173465",-0.0712,8.5259,0.6945,0.8596
"ENSG00000173473",-0.2181,10.7275,0.02473,0.09386
"ENSG00000173480",-0.22,8.6721,0.1435,0.3439
"ENSG00000173482",0.3411,11.6761,0.002585,0.01498
"ENSG00000173486",0.1184,9.5861,0.3121,0.5611
"ENSG00000173511",0.0478,10.9276,0.5847,0.7902
"ENSG00000173517",0.9896,12.9133,3.827e-23,3.334e-21
"ENSG00000173530",-0.0367,10.7791,0.7155,0.8713
"ENSG00000173531",0.0071,8.6889,0.9647,0.9863
"ENSG00000173535",-0.8616,8.1803,0.0009605,0.00646
"ENSG00000173542",0.0874,10.0199,0.4326,0.6751
"ENSG00000173545",0.3344,9.4709,0.002202,0.01309
"ENSG00000173546",-0.5741,10.1128,1.058e-05,0.0001181
"ENSG00000173548",0.3427,11.4809,0.001107,0.007289
"ENSG00000173559",0.3769,11.5543,0.01623,0.06725
"ENSG00000173566",0.0358,8.5409,0.8658,0.9445
"ENSG00000173567",-0.7643,7.3582,0.1002,0.2658
"ENSG00000173575",0.0313,11.5684,0.7098,0.8676
"ENSG00000173581",-0.1632,8.7251,0.2803,0.5275
"ENSG00000173588",0.0189,8.5447,0.901,0.9596
"ENSG00000173597",0.0884,7.0021,0.925,0.9689
"ENSG00000173598",0.6948,11.5753,0.02871,0.1053
"ENSG00000173599",0.4198,9.6367,0.0273,0.1014
"ENSG00000173611",-0.5434,9.5427,1.243e-05,0.0001364
"ENSG00000173614",-0.1725,8.8887,0.2292,0.4651
"ENSG00000173621",0.4791,8.4387,0.02115,0.08291
"ENSG00000173638",0.1911,8.0807,0.36,0.607
"ENSG00000173641",0.5698,9.4896,0.001517,0.009498
"ENSG00000173653",0.0501,8.2404,0.7727,0.9011
"ENSG00000173660",-0.0215,10.5419,0.8234,0.9255
"ENSG00000173662",-0.1429,7.0362,0.8671,0.9446
"ENSG00000173674",0.3103,10.8621,0.0006789,0.004786
"ENSG00000173678",-0.3047,7.7847,0.3292,0.5778
"ENSG00000173681",-0.0176,9.0306,0.8889,0.9544
"ENSG00000173692",0.0728,11.3896,0.4235,0.6676
"ENSG00000173698",0.3931,7.2187,0.5025,0.7304
"ENSG00000173705",0.6317,7.9501,0.008248,0.03939
"ENSG00000173706",0.7399,13.526,6.564e-09,1.292e-07
"ENSG00000173714",-0.0091,7.0183,0.9927,0.997
"ENSG00000173715",0.0393,7.7993,0.8871,0.9539
"ENSG00000173726",0.2029,11.6016,0.01721,0.07041
"ENSG00000173727",-0.0448,7.4616,0.9023,0.9604
"ENSG00000173744",0.4424,10.9302,1.953e-05,0.0002051
"ENSG00000173757",0.5083,10.793,2.683e-08,4.852e-07
"ENSG00000173762",1.081,7.1568,0.07883,0.2239
"ENSG00000173786",0.1449,11.3276,0.1069,0.2789
"ENSG00000173801",0.1966,8.7317,0.3136,0.5627
"ENSG00000173809",-0.6947,7.0308,0.431,0.6737
"ENSG00000173812",0.1314,12.6666,0.2101,0.4406
"ENSG00000173818",-0.0367,9.2476,0.7476,0.8892
"ENSG00000173821",0.1314,12.5796,0.2008,0.4286
"ENSG00000173838",3.9022,7.5307,1.25e-21,9.719e-20
"ENSG00000173846",-0.3225,8.5631,0.04044,0.1369
"ENSG00000173848",0.0778,9.3084,0.527,0.7477
"ENSG00000173852",-0.188,10.683,0.03337,0.118
"ENSG00000173875",0.2402,9.2903,0.06108,0.1865
"ENSG00000173889",0.0579,10.5801,0.5471,0.7637
"ENSG00000173890",0.4161,7.4245,0.2711,0.5164
"ENSG00000173894",-0.2039,7.5476,0.5209,0.7432
"ENSG00000173898",-0.8396,7.3406,0.06477,0.1943
"ENSG00000173905",-0.2809,11.4184,0.001062,0.007039
"ENSG00000173914",-0.4359,9.2612,0.0001086,0.0009508
"ENSG00000173915",0.378,9.6372,0.0002661,0.002105
"ENSG00000173917",0.2432,8.4921,0.1193,0.3013
"ENSG00000173918",1.2534,10.1097,4.279e-33,6.652e-31
"ENSG00000173926",-0.1619,7.715,0.557,0.7705
"ENSG00000173928",-0.098,7.2726,0.8409,0.9338
"ENSG00000173933",-0.3438,7.6746,0.2109,0.4414
"ENSG00000173947",-1.2052,7.8989,1.397e-06,1.848e-05
"ENSG00000173950",-0.1549,9.2742,0.2233,0.4569
"ENSG00000173960",0.3032,9.7271,0.01281,0.05578
"ENSG00000173991",0.3998,7.1031,0.5592,0.7723
"ENSG00000173992",-0.2503,9.5401,0.02912,0.1064
"ENSG00000174004",-0.3257,7.0874,0.6446,0.8294
"ENSG00000174007",0.0399,8.0497,0.8517,0.9387
"ENSG00000174010",-0.0249,8.7527,0.8684,0.9449
"ENSG00000174013",0.023,8.4286,0.8892,0.9545
"ENSG00000174021",0.3274,10.3604,0.0008176,0.005623
"ENSG00000174028",0.3941,9.2116,0.001448,0.009156
"ENSG00000174032",-0.1004,8.8545,0.4783,0.712
"ENSG00000174059",-0.1912,7.9722,0.598,0.7981
"ENSG00000174080",0.1037,11.1404,0.2706,0.5159
"ENSG00000174093",-0.2309,9.8958,0.03854,0.1319
"ENSG00000174099",0.734,11.638,5.142e-13,1.695e-11
"ENSG00000174100",0.0274,9.7305,0.8143,0.9216
"ENSG00000174106",0.2254,9.5717,0.03971,0.1349
"ENSG00000174109",0.233,7.8637,0.3633,0.6103
"ENSG00000174111",0.0718,7.9101,0.7618,0.8965
"ENSG00000174125",0.083,7.9061,0.7118,0.8688
"ENSG00000174130",-0.5667,7.6172,0.07408,0.2141
"ENSG00000174132",0.5,8.3754,0.002642,0.01525
"ENSG00000174136",-0.9694,11.491,7.101e-25,7.235e-23
"ENSG00000174137",0.6532,7.5239,0.05047,0.1617
"ENSG00000174151",0.2436,9.3523,0.02951,0.1074
"ENSG00000174165",0.0723,8.7135,0.6429,0.8286
"ENSG00000174171",0.8548,7.4142,0.0362,0.1254
"ENSG00000174173",0.1841,8.687,0.2326,0.4688
"ENSG00000174177",0.0595,8.4747,0.7495,0.8901
"ENSG00000174194",-0.1357,8.6609,0.36,0.607
"ENSG00000174196",0.0631,10.2982,0.598,0.7981
"ENSG00000174197",0.0646,9.9179,0.5337,0.7527
"ENSG00000174206",-0.1516,7.8611,0.5451,0.7621
"ENSG00000174227",0.0699,10.3,0.4528,0.6915
"ENSG00000174231",0.1054,12.9522,0.1884,0.4116
"ENSG00000174233",0.0672,10.8769,0.4948,0.7247
"ENSG00000174238",0.386,10.8234,3.648e-05,0.0003572
"ENSG00000174243",0.0383,10.7615,0.6817,0.8505
"ENSG00000174276",0.1306,7.7522,0.6071,0.8058
"ENSG00000174282",-0.0646,12.0363,0.4101,0.6563
"ENSG00000174292",0.1918,8.0287,0.3886,0.6343
"ENSG00000174306",1.131,11.6476,1.481e-33,2.405e-31
"ENSG00000174307",-0.1909,11.0619,0.06662,0.1983
"ENSG00000174325",-0.7776,7.3124,0.1248,0.3113
"ENSG00000174326",0.718,7.1957,0.1985,0.4258
"ENSG00000174327",-0.6721,7.507,0.04987,0.1605
"ENSG00000174332",0.0521,8.1219,0.8621,0.9428
"ENSG00000174348",-0.3939,13.1437,8.607e-05,0.0007718
"ENSG00000174353",-0.172,8.8304,0.2542,0.497
"ENSG00000174365",0.1521,8.3979,0.4028,0.649
"ENSG00000174368",0.0192,7.8369,0.9352,0.973
"ENSG00000174370",-0.7047,7.7713,0.007184,0.03523
"ENSG00000174371",-0.0553,7.2475,0.9216,0.967
"ENSG00000174373",0.1476,9.704,0.214,0.4455
"ENSG00000174374",0.1162,10.0619,0.2212,0.4542
"ENSG00000174384",0.1876,7.1357,0.7866,0.9082
"ENSG00000174405",0.1182,9.0488,0.3849,0.6309
"ENSG00000174428",0.0473,10.3193,0.6117,0.809
"ENSG00000174437",1.3401,13.2206,3.229e-18,1.803e-16
"ENSG00000174442",0.0759,8.6626,0.606,0.8052
"ENSG00000174444",-0.0816,14.8815,0.3669,0.614
"ENSG00000174446",-0.0252,8.5626,0.8772,0.9488
"ENSG00000174448",-0.4951,7.0375,0.5517,0.767
"ENSG00000174456",0.5061,8.0854,0.01045,0.04763
"ENSG00000174483",-0.3209,7.2136,0.5349,0.7539
"ENSG00000174485",-0.0071,10.2508,0.9594,0.9842
"ENSG00000174501",-0.6929,8.6431,0.001717,0.01057
"ENSG00000174514",-0.747,7.2576,0.13,0.3208
"ENSG00000174516",-0.0642,8.6726,0.6466,0.8304
"ENSG00000174527",0.0563,7.1624,0.9319,0.9725
"ENSG00000174529",-0.2814,7.3511,0.5151,0.7389
"ENSG00000174547",0.0057,9.3681,0.9608,0.9849
"ENSG00000174564",-0.7174,7.6493,0.01317,0.05699
"ENSG00000174574",0.3292,10.0976,0.00074,0.005168
"ENSG00000174579",0.0208,9.0182,0.8697,0.945
"ENSG00000174586",0.4643,7.5042,0.1874,0.4103
"ENSG00000174599",-0.3173,7.879,0.1834,0.4046
"ENSG00000174606",0.0459,9.4665,0.6804,0.8499
"ENSG00000174628",0.3205,8.7902,0.09977,0.2651
"ENSG00000174652",-0.2954,9.6276,0.0122,0.05373
"ENSG00000174669",-0.9579,7.3253,0.03624,0.1254
"ENSG00000174672",-0.7655,7.0559,0.3287,0.5774
"ENSG00000174680",3.0258,7.1968,6.284e-06,7.389e-05
"ENSG00000174684",0.1014,9.9671,0.3486,0.5962
"ENSG00000174695",0.3589,11.205,0.0001688,0.001403
"ENSG00000174697",3.0306,7.9241,5.632e-20,3.761e-18
"ENSG00000174705",0.6164,11.9386,3.25e-05,0.0003227
"ENSG00000174718",-0.2146,9.2302,0.06504,0.1949
"ENSG00000174720",-0.0463,9.8497,0.6446,0.8294
"ENSG00000174721",-1.0252,7.1811,0.07149,0.2087
"ENSG00000174738",-0.6204,10.3293,0.0003074,0.002389
"ENSG00000174740",0.1241,8.1266,0.5191,0.7418
"ENSG00000174744",0.2664,9.4363,0.02659,0.09928
"ENSG00000174748",-0.0558,14.2286,0.4731,0.7073
"ENSG00000174749",0.4422,7.9767,0.05627,0.1753
"ENSG00000174775",0.3658,9.135,0.003147,0.01761
"ENSG00000174780",-0.2066,11.1835,0.01041,0.0475
"ENSG00000174791",-0.5466,8.567,0.0009753,0.00654
"ENSG00000174796",-0.0843,8.7934,0.5512,0.7665
"ENSG00000174799",-0.3349,8.4967,0.03759,0.1295
"ENSG00000174804",0.7879,10.4791,6.078e-12,1.713e-10
"ENSG00000174807",-0.7792,13.5912,9.898e-07,1.335e-05
"ENSG00000174808",1.3003,7.6265,4.298e-05,0.0004146
"ENSG00000174827",-0.7677,7.3865,0.06073,0.1858
"ENSG00000174839",0.6568,8.8181,0.0002937,0.002296
"ENSG00000174840",0.2862,9.3427,0.01297,0.0563
"ENSG00000174842",0.0236,8.2492,0.9059,0.9613
"ENSG00000174851",0.0545,9.8786,0.6317,0.8214
"ENSG00000174876",1.4205,7.1425,0.02716,0.1011
"ENSG00000174886",0.243,8.5612,0.127,0.3153
"ENSG00000174891",-0.1968,9.0669,0.1185,0.2999
"ENSG00000174899",0.7648,8.8498,6.677e-08,1.128e-06
"ENSG00000174903",-0.0208,10.2151,0.8376,0.9326
"ENSG00000174912",-0.4244,7.5956,0.1893,0.4131
"ENSG00000174915",0.0171,9.8027,0.8655,0.9444
"ENSG00000174917",0.2021,9.3213,0.1137,0.2915
"ENSG00000174928",0.1078,7.6914,0.7083,0.867
"ENSG00000174938",0.0828,9.5759,0.4572,0.6949
"ENSG00000174939",0.3411,7.8619,0.1381,0.335
"ENSG00000174943",-0.0186,8.3332,0.9117,0.9635
"ENSG00000174944",1.611,7.3487,0.0002061,0.001676
"ENSG00000174945",-1.2493,7.0674,0.1156,0.2948
"ENSG00000174953",0.0743,10.355,0.4521,0.691
"ENSG00000174977",-0.1327,9.3108,0.3062,0.5551
"ENSG00000174989",-0.1165,9.4815,0.3658,0.6131
"ENSG00000174996",0.3084,9.1979,0.01495,0.06296
"ENSG00000175003",0.4882,7.0346,0.5462,0.7629
"ENSG00000175029",0.0953,10.6138,0.3373,0.586
"ENSG00000175040",-0.207,8.9239,0.3263,0.5748
"ENSG00000175048",-0.5545,8.6322,0.0001647,0.001372
"ENSG00000175054",-0.0268,9.5192,0.8,0.9141
"ENSG00000175061",-0.0173,12.5565,0.8299,0.9289
"ENSG00000175063",0.3579,7.2243,0.4958,0.7252
"ENSG00000175066",0.6004,9.4821,3.699e-06,4.54e-05
"ENSG00000175073",0.2624,9.8139,0.008196,0.03918
"ENSG00000175084",0.4701,8.0603,0.03399,0.1198
"ENSG00000175087",-0.2557,7.8311,0.2765,0.5222
"ENSG00000175104",0.0866,8.8526,0.5173,0.7408
"ENSG00000175105",0.1513,9.3296,0.1808,0.401
"ENSG00000175106",-0.0809,8.337,0.6399,0.8265
"ENSG00000175110",0.0161,9.1687,0.895,0.9568
"ENSG00000175115",-0.0294,11.2284,0.7236,0.8754
"ENSG00000175130",-1.1239,9.6036,2.209e-21,1.666e-19
"ENSG00000175137",0.1222,9.7658,0.2676,0.5123
"ENSG00000175155",0.1465,9.5709,0.3057,0.5547
"ENSG00000175166",-0.0498,12.0968,0.5273,0.7479
"ENSG00000175170",-0.1596,7.0445,0.8541,0.9398
"ENSG00000175182",0.3118,8.8203,0.02013,0.07998
"ENSG00000175183",-0.0445,9.1743,0.8542,0.9398
"ENSG00000175193",0.1061,9.3542,0.3815,0.6281
"ENSG00000175197",-1.0401,9.2413,3.502e-10,8.137e-09
"ENSG00000175198",-0.0152,8.9381,0.9106,0.9631
"ENSG00000175203",0.1123,11.6129,0.2314,0.4676
"ENSG00000175213",-0.2728,8.5225,0.0774,0.2209
"ENSG00000175215",0.0436,12.9051,0.5887,0.7926
"ENSG00000175216",-0.1207,11.6268,0.1903,0.4142
"ENSG00000175220",0.2789,12.2943,0.001049,0.006962
"ENSG00000175221",-0.0156,10.0248,0.8784,0.9492
"ENSG00000175224",0.2419,10.9809,0.0355,0.1237
"ENSG00000175265",-0.0336,11.2279,0.7022,0.8631
"ENSG00000175267",-0.5392,7.104,0.4392,0.681
"ENSG00000175274",0.2648,12.1423,0.009801,0.04521
"ENSG00000175279",0.0556,7.6768,0.8412,0.9339
"ENSG00000175283",0.1488,9.2774,0.2331,0.4692
"ENSG00000175287",0.0338,9.1547,0.7833,0.9065
"ENSG00000175305",0.2835,7.2636,0.5661,0.777
"ENSG00000175309",-0.0895,9.6803,0.4707,0.7053
"ENSG00000175322",-0.6809,7.4424,0.06468,0.1942
"ENSG00000175324",0.5449,8.5947,0.0002928,0.00229
"ENSG00000175334",-0.1317,10.2229,0.1898,0.4137
"ENSG00000175344",0.0242,7.2599,0.9641,0.986
"ENSG00000175348",0.3685,10.5174,4.715e-05,0.0004506
"ENSG00000175352",0.2434,8.3799,0.1571,0.366
"ENSG00000175354",-0.0221,8.8886,0.8705,0.9452
"ENSG00000175356",0.5905,8.004,0.005279,0.02736
"ENSG00000175376",0.0318,8.8904,0.8145,0.9217
"ENSG00000175387",0.0357,10.6952,0.6793,0.8494
"ENSG00000175390",0.019,12.3528,0.8472,0.9369
"ENSG00000175395",0.0419,9.1888,0.757,0.8938
"ENSG00000175414",-0.2214,9.5831,0.1743,0.3917
"ENSG00000175416",0.3538,10.1052,0.0005513,0.003991
"ENSG00000175426",0.3781,7.2616,0.4364,0.6786
"ENSG00000175445",1.1048,7.1204,0.1232,0.3085
"ENSG00000175449",-0.0436,7.2432,0.9353,0.9731
"ENSG00000175455",-0.3308,11.0194,0.0001033,0.0009084
"ENSG00000175463",-0.39,7.3709,0.3229,0.5708
"ENSG00000175467",-0.018,10.2761,0.848,0.9372
"ENSG00000175470",0.1225,9.4595,0.3165,0.5652
"ENSG00000175471",1.8079,8.2671,6.629e-13,2.146e-11
"ENSG00000175482",0.7031,8.256,0.0001522,0.001281
"ENSG00000175489",-3.4924,7.087,5.003e-05,0.0004741
"ENSG00000175505",-0.1264,8.2129,0.4778,0.7118
"ENSG00000175513",-1.2011,7.1491,0.07628,0.2186
"ENSG00000175518",0.1782,7.183,0.7481,0.8894
"ENSG00000175536",-0.135,7.1112,0.8402,0.9335
"ENSG00000175538",-1.197,8.0765,1.255e-08,2.377e-07
"ENSG00000175548",-0.1146,7.8176,0.6274,0.8184
"ENSG00000175550",-0.2606,10.5404,0.005674,0.02897
"ENSG00000175564",0.4246,7.1916,0.4476,0.6871
"ENSG00000175567",-0.1062,7.6301,0.7687,0.8986
"ENSG00000175573",-0.1191,10.3267,0.2007,0.4285
"ENSG00000175575",-0.1024,8.8964,0.4444,0.6846
"ENSG00000175581",-0.307,8.4956,0.04802,0.1559
"ENSG00000175582",0.2077,11.3069,0.02055,0.08119
"ENSG00000175592",-0.5043,8.8666,0.02367,0.09081
"ENSG00000175595",-0.0571,8.9109,0.6833,0.8518
"ENSG00000175600",0.4306,8.7258,0.003829,0.0208
"ENSG00000175602",-0.3282,9.8137,0.06159,0.1876
"ENSG00000175606",0.3072,8.9713,0.04183,0.1405
"ENSG00000175611",-0.2217,7.8137,0.383,0.6295
"ENSG00000175634",0.0023,9.0991,0.9843,0.9933
"ENSG00000175643",-0.3813,7.9643,0.1593,0.3693
"ENSG00000175662",0.1048,10.6905,0.2846,0.5327
"ENSG00000175691",-0.1094,7.6264,0.7425,0.8861
"ENSG00000175697",-0.5883,7.078,0.4488,0.6885
"ENSG00000175701",-0.0071,8.2778,0.9726,0.9891
"ENSG00000175711",-0.0862,7.8204,0.7213,0.8748
"ENSG00000175727",0.354,11.2271,0.006076,0.03065
"ENSG00000175730",0.0075,7.6333,0.9796,0.9915
"ENSG00000175741",1.134,8.6152,2.708e-11,7.067e-10
"ENSG00000175745",-0.4672,11.7957,9.421e-07,1.281e-05
"ENSG00000175756",0.1259,9.7494,0.2834,0.5311
"ENSG00000175764",-0.3843,8.157,0.05111,0.163
"ENSG00000175768",0.1755,7.3321,0.7067,0.8659
"ENSG00000175772",0.2083,7.6029,0.4828,0.7154
"ENSG00000175782",0.3197,9.3197,0.01352,0.05822
"ENSG00000175787",0.0416,7.6434,0.8883,0.9543
"ENSG00000175792",0.1082,9.6192,0.3221,0.57
"ENSG00000175806",-0.0441,8.5946,0.7613,0.8962
"ENSG00000175826",0.0403,9.8721,0.6989,0.8616
"ENSG00000175832",0.0854,7.607,0.8059,0.9169
"ENSG00000175854",-0.1724,8.936,0.1745,0.3919
"ENSG00000175866",-0.0601,8.8125,0.6913,0.8574
"ENSG00000175873",0.3079,7.6471,0.284,0.5319
"ENSG00000175879",-0.4909,7.0008,0.6138,0.8101
"ENSG00000175886",-0.094,9.5927,0.4188,0.6631
"ENSG00000175893",0.2838,9.2027,0.02105,0.0827
"ENSG00000175895",0.3331,8.4553,0.03791,0.1302
"ENSG00000175898",0.0448,10.1245,0.7324,0.8804
"ENSG00000175899",0.5412,14.0728,0.2078,0.4372
"ENSG00000175906",-0.0215,8.5475,0.8917,0.9551
"ENSG00000175911",0.1891,7.469,0.605,0.8046
"ENSG00000175928",-2.2063,7.1616,0.0004654,0.003432
"ENSG00000175931",0.2186,9.4561,0.03866,0.1322
"ENSG00000175938",0.3102,8.9732,0.02621,0.09826
"ENSG00000175946",1.0048,7.651,0.0004289,0.003188
"ENSG00000175970",0.3568,10.753,2.713e-05,0.0002752
"ENSG00000175984",-0.0933,7.9786,0.6806,0.85
"ENSG00000176014",0.2247,11.5591,0.2173,0.4496
"ENSG00000176018",0.0421,9.4835,0.72,0.8741
"ENSG00000176022",0.0471,9.235,0.7245,0.8761
"ENSG00000176024",-0.4128,7.8552,0.1484,0.3527
"ENSG00000176046",-0.2747,11.4856,0.001985,0.01197
"ENSG00000176054",-0.2654,7.1566,0.6502,0.8324
"ENSG00000176055",-0.2642,8.1044,0.191,0.415
"ENSG00000176058",0.2929,8.3858,0.06969,0.2051
"ENSG00000176087",0.1,10.2021,0.2822,0.5296
"ENSG00000176095",0.2461,10.6409,0.01392,0.0596
"ENSG00000176101",0.2617,9.3561,0.03612,0.1252
"ENSG00000176102",-0.3076,9.0755,0.0211,0.0828
"ENSG00000176105",-0.2074,10.4207,0.02572,0.09694
"ENSG00000176108",-0.3144,8.5193,0.08787,0.2416
"ENSG00000176124",-0.2628,7.6149,0.4498,0.689
"ENSG00000176125",0.7213,7.243,0.1438,0.3444
"ENSG00000176142",0.164,10.0512,0.1105,0.2859
"ENSG00000176148",0.3473,9.4071,0.002893,0.01649
"ENSG00000176155",-0.1171,9.3082,0.3057,0.5547
"ENSG00000176165",1.8291,7.0278,0.03522,0.1232
"ENSG00000176170",0.7321,8.4738,0.008638,0.04085
"ENSG00000176171",0.3544,11.176,0.2819,0.5293
"ENSG00000176182",0.0831,8.194,0.6617,0.8404
"ENSG00000176208",0.1115,7.5632,0.723,0.8754
"ENSG00000176209",0.1537,8.9883,0.2932,0.5417
"ENSG00000176222",-0.3504,7.9295,0.1099,0.2847
"ENSG00000176225",-0.6877,8.4554,1.059e-05,0.0001181
"ENSG00000176248",0.0516,9.5721,0.6665,0.8423
"ENSG00000176261",-0.0466,8.7495,0.7386,0.884
"ENSG00000176273",-0.1694,8.5667,0.2721,0.5173
"ENSG00000176274",-0.4084,7.7712,0.1172,0.2977
"ENSG00000176293",-1.1485,8.2929,2.345e-10,5.542e-09
"ENSG00000176340",0.2026,9.2423,0.1054,0.2762
"ENSG00000176371",-0.7131,8.157,0.0001855,0.001527
"ENSG00000176386",0.2178,8.9241,0.09366,0.2526
"ENSG00000176387",-2.5999,7.2422,0.000127,0.001092
"ENSG00000176390",0.7404,8.6433,9.861e-07,1.331e-05
"ENSG00000176393",-0.2132,10.4988,0.02034,0.08056
"ENSG00000176396",0.1907,8.5037,0.2595,0.5039
"ENSG00000176399",-1.0048,7.2817,0.03168,0.1136
"ENSG00000176401",0.1398,7.4918,0.6778,0.8484
"ENSG00000176407",0.1308,10.0942,0.2467,0.488
"ENSG00000176410",-0.3724,8.4031,0.02414,0.09218
"ENSG00000176422",0.0276,7.9835,0.8958,0.9573
"ENSG00000176428",-0.6316,7.8979,0.005396,0.02781
"ENSG00000176435",-0.6664,7.3999,0.1181,0.2992
"ENSG00000176438",0.3477,9.3183,0.02203,0.08574
"ENSG00000176444",-0.0572,9.7213,0.6294,0.8202
"ENSG00000176454",-0.0636,9.1586,0.6136,0.8101
"ENSG00000176463",0.1692,10.1134,0.1833,0.4045
"ENSG00000176472",-0.1064,7.7394,0.6743,0.847
"ENSG00000176473",-0.1428,8.3693,0.422,0.6666
"ENSG00000176476",-0.1598,8.0817,0.4664,0.702
"ENSG00000176485",0.3585,9.2337,0.007118,0.03499
"ENSG00000176490",-0.1855,8.7326,0.2101,0.4406
"ENSG00000176531",-0.8232,8.4971,8.051e-06,9.206e-05
"ENSG00000176533",0.4482,7.7852,0.06661,0.1983
"ENSG00000176542",-0.2125,9.972,0.03622,0.1254
"ENSG00000176563",-0.0887,7.198,0.8733,0.9465
"ENSG00000176593",-0.339,8.0978,0.08187,0.23
"ENSG00000176595",1.1832,7.4544,0.002015,0.01214
"ENSG00000176597",0.861,8.2593,3.095e-06,3.86e-05
"ENSG00000176619",0.0893,10.3424,0.4831,0.7155
"ENSG00000176623",0.1098,10.6025,0.2042,0.4329
"ENSG00000176624",0.0447,10.072,0.7169,0.872
"ENSG00000176641",0.4036,8.3281,0.02624,0.09835
"ENSG00000176658",0.1883,13.1239,0.1114,0.2875
"ENSG00000176678",0.2037,9.4571,0.2033,0.4318
"ENSG00000176681",-0.2836,8.879,0.03653,0.1263
"ENSG00000176692",0.6772,7.3693,0.1185,0.2999
"ENSG00000176697",-0.1992,9.1828,0.1803,0.4004
"ENSG00000176700",-0.1644,8.4563,0.339,0.5874
"ENSG00000176714",-0.3953,7.7752,0.1214,0.3049
"ENSG00000176715",0.114,8.9746,0.3555,0.6029
"ENSG00000176720",-0.2222,10.1016,0.1578,0.3671
"ENSG00000176723",-0.4798,7.4101,0.215,0.4467
"ENSG00000176728",-0.3486,7.2775,0.4531,0.6916
"ENSG00000176731",-0.1198,8.2833,0.4881,0.7198
"ENSG00000176732",-0.4178,7.2098,0.4419,0.6833
"ENSG00000176749",-0.7057,7.2875,0.1366,0.3324
"ENSG00000176761",-0.2433,7.1528,0.6976,0.8611
"ENSG00000176771",-2.2209,8.0266,1.379e-20,9.788e-19
"ENSG00000176783",-0.1445,10.1877,0.1549,0.3626
"ENSG00000176788",-0.0915,12.3966,0.3676,0.6146
"ENSG00000176809",-0.3277,8.8287,0.02057,0.08124
"ENSG00000176826",0.0011,10.3288,0.991,0.9964
"ENSG00000176834",0.2498,9.5825,0.04322,0.144
"ENSG00000176845",-0.5642,10.3651,6.804e-09,1.336e-07
"ENSG00000176853",-0.1241,10.6204,0.1973,0.4241
"ENSG00000176857",-0.425,7.2971,0.3428,0.5913
"ENSG00000176871",0.2862,10.543,0.01684,0.06917
"ENSG00000176890",-0.9733,8.3295,5.166e-07,7.387e-06
"ENSG00000176894",0.8453,7.1956,0.1343,0.3281
"ENSG00000176896",-0.0455,7.786,0.8579,0.9414
"ENSG00000176903",-0.0173,10.1218,0.8563,0.9407
"ENSG00000176907",1.1701,7.0502,0.1498,0.3549
"ENSG00000176909",-1.0975,7.7018,6.889e-05,0.0006332
"ENSG00000176912",-1.0099,7.1731,0.0896,0.245
"ENSG00000176915",0.3077,10.6362,0.000346,0.002655
"ENSG00000176919",-0.3572,7.1056,0.6091,0.8072
"ENSG00000176920",-0.9067,7.122,0.1724,0.3891
"ENSG00000176927",0.8274,7.3443,0.07124,0.2083
"ENSG00000176928",1.7021,8.5814,8.395e-12,2.318e-10
"ENSG00000176933",0.0314,7.3455,0.9425,0.9759
"ENSG00000176945",0.0232,7.5765,0.943,0.976
"ENSG00000176946",0.018,9.9522,0.8724,0.9463
"ENSG00000176953",0.1282,9.9544,0.2124,0.4432
"ENSG00000176971",1.2347,11.3128,5.962e-15,2.432e-13
"ENSG00000176973",0.2102,7.6334,0.4564,0.6939
"ENSG00000176974",0.9217,8.3659,2.155e-08,3.962e-07
"ENSG00000176978",0.0793,11.0547,0.399,0.6452
"ENSG00000176986",-0.0348,11.1397,0.6616,0.8404
"ENSG00000176994",-0.1184,9.3002,0.3274,0.5759
"ENSG00000177000",-0.1219,10.246,0.2864,0.5351
"ENSG00000177025",0.7521,7.2189,0.2067,0.4358
"ENSG00000177030",-0.1626,10.0148,0.09349,0.2523
"ENSG00000177034",-0.2273,8.9675,0.09465,0.2547
"ENSG00000177042",-0.3078,9.8479,0.005116,0.02667
"ENSG00000177045",-0.0396,8.3271,0.8291,0.9283
"ENSG00000177051",0.1218,8.4048,0.4614,0.698
"ENSG00000177054",0.5888,8.5919,4.34e-05,0.0004185
"ENSG00000177058",0.1963,8.8609,0.1794,0.3993
"ENSG00000177076",-0.5185,7.5286,0.1331,0.3259
"ENSG00000177082",-0.1781,9.1969,0.1365,0.3322
"ENSG00000177084",0.138,9.2316,0.2566,0.5002
"ENSG00000177096",0.1626,9.4164,0.1358,0.3311
"ENSG00000177098",-0.386,8.7127,0.007646,0.03712
"ENSG00000177105",0.1814,9.6651,0.07378,0.2135
"ENSG00000177106",-0.1997,10.1784,0.09426,0.2539
"ENSG00000177112",0.7317,7.2542,0.1324,0.325
"ENSG00000177119",0.2559,11.8559,0.008027,0.03852
"ENSG00000177125",0.2917,9.218,0.01927,0.07707
"ENSG00000177133",-0.3441,7.0964,0.6354,0.8241
"ENSG00000177144",0.6011,8.6418,0.01136,0.05086
"ENSG00000177150",-0.0522,8.6888,0.7675,0.8982
"ENSG00000177156",0.224,11.1534,0.03844,0.1317
"ENSG00000177169",-0.0463,10.5646,0.7427,0.8863
"ENSG00000177189",-0.1057,10.7813,0.3385,0.5872
"ENSG00000177191",0.527,7.7756,0.05856,0.1808
"ENSG00000177192",0.6168,8.2407,0.003118,0.01748
"ENSG00000177197",-0.457,7.497,0.2099,0.4404
"ENSG00000177200",0.2968,10.8508,0.001077,0.007124
"ENSG00000177225",0.0738,10.5239,0.397,0.6429
"ENSG00000177236",-0.0538,7.5508,0.8674,0.9447
"ENSG00000177239",-0.0646,11.1714,0.4373,0.6793
"ENSG00000177272",-1.3286,7.576,0.001074,0.007111
"ENSG00000177283",2.4885,8.0475,6.477e-29,8.588e-27
"ENSG00000177302",0.0334,9.0875,0.7945,0.9119
"ENSG00000177303",0.1078,9.0635,0.4239,0.6679
"ENSG00000177306",0.496,7.1639,0.4059,0.6516
"ENSG00000177311",0.0355,11.9116,0.6487,0.8316
"ENSG00000177335",-0.5787,7.5483,0.0767,0.2194
"ENSG00000177337",0.4825,8.0158,0.02464,0.0936
"ENSG00000177352",-0.209,8.9674,0.1367,0.3326
"ENSG00000177363",-0.1026,11.8424,0.2661,0.5106
"ENSG00000177370",-1e-04,9.0316,0.9995,0.9997
"ENSG00000177374",-0.1038,9.6989,0.3392,0.5878
"ENSG00000177380",-0.686,7.5096,0.06349,0.1917
"ENSG00000177383",-0.2883,9.2914,0.01777,0.07222
"ENSG00000177406",-0.3516,8.0961,0.07071,0.2072
"ENSG00000177409",-0.5742,9.968,1.707e-09,3.669e-08
"ENSG00000177410",-0.1655,11.2836,0.2922,0.5405
"ENSG00000177425",0.8973,9.3001,1.589e-06,2.082e-05
"ENSG00000177426",0.9185,10.2078,1.327e-13,4.709e-12
"ENSG00000177427",-0.2618,8.3847,0.1196,0.3017
"ENSG00000177432",-0.5771,8.2538,0.001519,0.009506
"ENSG00000177453",-1.4001,7.7318,0.0003792,0.002863
"ENSG00000177459",-0.7025,7.3483,0.1061,0.2774
"ENSG00000177463",-0.2455,9.0851,0.07623,0.2185
"ENSG00000177464",-0.3044,7.4044,0.434,0.6763
"ENSG00000177465",1.2381,7.1118,0.08811,0.2421
"ENSG00000177469",0.6517,14.2245,1.471e-10,3.536e-09
"ENSG00000177479",0.0108,10.4276,0.9053,0.9613
"ENSG00000177483",0.3477,7.2195,0.5292,0.7492
"ENSG00000177485",0.069,9.3925,0.5755,0.7838
"ENSG00000177542",0.265,8.8281,0.0648,0.1943
"ENSG00000177548",-0.1316,9.1855,0.2844,0.5325
"ENSG00000177556",-0.0839,9.7398,0.4047,0.6504
"ENSG00000177565",-0.2916,11.3178,0.002338,0.01379
"ENSG00000177570",-2.0245,7.9965,3.324e-15,1.378e-13
"ENSG00000177575",4.3683,7.0864,3.859e-06,4.705e-05
"ENSG00000177576",0.1789,7.1346,0.7928,0.9114
"ENSG00000177595",-0.7576,9.4086,1.049e-05,0.0001171
"ENSG00000177599",-0.6028,7.505,0.08586,0.2381
"ENSG00000177600",0.1043,12.7017,0.1664,0.3799
"ENSG00000177602",0.6858,7.1864,0.2465,0.4878
"ENSG00000177606",-1.2088,11.5575,5.873e-12,1.665e-10
"ENSG00000177613",0.1356,9.9108,0.2029,0.4313
"ENSG00000177614",-2.5696,8.1284,6.256e-24,5.875e-22
"ENSG00000177628",-0.287,11.5342,0.0005368,0.003897
"ENSG00000177640",-0.0929,7.6537,0.7387,0.8841
"ENSG00000177646",-0.0365,9.4159,0.7443,0.8872
"ENSG00000177663",0.4834,10.1201,4.994e-07,7.159e-06
"ENSG00000177666",1.1002,10.8133,9.442e-27,1.113e-24
"ENSG00000177674",1.1149,9.8222,1.98e-26,2.246e-24
"ENSG00000177679",-0.1305,7.6775,0.6296,0.8203
"ENSG00000177683",-0.0892,9.0356,0.4886,0.7204
"ENSG00000177685",-0.6072,7.2299,0.2552,0.4984
"ENSG00000177692",-0.4535,7.3477,0.3553,0.6029
"ENSG00000177694",-0.5079,8.6327,0.01129,0.05062
"ENSG00000177697",0.1474,12.918,0.04798,0.1558
"ENSG00000177700",0.1322,11.2502,0.1689,0.3838
"ENSG00000177706",0.9059,10.9492,5.862e-08,1.002e-06
"ENSG00000177707",0.2387,10.2784,0.007875,0.03798
"ENSG00000177721",-0.1299,7.3545,0.7547,0.8924
"ENSG00000177728",-0.0068,10.3844,0.9399,0.9751
"ENSG00000177731",0.177,11.9731,0.05076,0.1623
"ENSG00000177732",-0.5749,9.6126,2.806e-05,0.0002835
"ENSG00000177733",-0.0509,11.316,0.584,0.7897
"ENSG00000177738",0.1248,7.6559,0.6628,0.8408
"ENSG00000177764",-0.2768,7.167,0.6388,0.8258
"ENSG00000177788",-0.138,7.0846,0.848,0.9372
"ENSG00000177830",-0.1383,10.8818,0.1681,0.3823
"ENSG00000177839",-0.2163,7.797,0.3745,0.621
"ENSG00000177842",0.2872,7.2312,0.5997,0.7997
"ENSG00000177853",-0.1348,9.1229,0.2677,0.5123
"ENSG00000177854",0.3161,8.1547,0.08879,0.2434
"ENSG00000177855",-0.3258,7.952,0.1425,0.3422
"ENSG00000177868",-0.3745,8.8394,0.009926,0.0457
"ENSG00000177873",0.046,8.1291,0.8064,0.9173
"ENSG00000177875",0.9096,7.3808,0.02662,0.09935
"ENSG00000177879",0.0947,11.2795,0.3167,0.5653
"ENSG00000177885",0.0308,10.3513,0.7676,0.8982
"ENSG00000177888",0.0251,9.5619,0.8483,0.9374
"ENSG00000177889",0.3055,10.0924,0.002447,0.0143
"ENSG00000177917",0.2885,9.001,0.02586,0.0974
"ENSG00000177932",-0.1375,8.7686,0.3268,0.5754
"ENSG00000177943",-0.1798,7.7856,0.5425,0.7599
"ENSG00000177946",-0.2832,7.966,0.192,0.4165
"ENSG00000177951",-0.1651,9.6128,0.118,0.299
"ENSG00000177954",-0.1144,13.6609,0.2129,0.4438
"ENSG00000177963",0.0346,11.0492,0.6749,0.8473
"ENSG00000177971",0.147,9.0925,0.275,0.5207
"ENSG00000177981",-0.2653,9.5132,0.02483,0.09418
"ENSG00000177989",0.538,7.6157,0.08473,0.2358
"ENSG00000177990",-0.123,7.9811,0.6468,0.8305
"ENSG00000178015",2.5123,7.3279,2.237e-07,3.456e-06
"ENSG00000178026",-0.3915,8.4083,0.03925,0.1338
"ENSG00000178028",-0.4764,9.2589,3.225e-05,0.0003204
"ENSG00000178031",-1.1397,10.5369,8.841e-13,2.817e-11
"ENSG00000178033",0.3145,9.7942,0.02633,0.09855
"ENSG00000178035",-0.2121,11.5838,0.02116,0.08293
"ENSG00000178038",-1.1133,7.5276,0.0009559,0.006443
"ENSG00000178053",-0.7221,8.3504,7.318e-05,0.0006695
"ENSG00000178057",-0.1435,9.5509,0.2369,0.4748
"ENSG00000178074",0.1775,9.28,0.1792,0.3991
"ENSG00000178075",0.0666,7.4704,0.8508,0.9382
"ENSG00000178078",-0.4381,7.5173,0.1941,0.4194
"ENSG00000178081",0.423,7.3523,0.3184,0.567
"ENSG00000178082",0.0165,9.151,0.9007,0.9595
"ENSG00000178093",0.1472,7.7024,0.5852,0.7906
"ENSG00000178096",-0.1628,8.2142,0.4162,0.6611
"ENSG00000178104",0.0385,12.9821,0.6767,0.848
"ENSG00000178105",0.2715,8.8287,0.04104,0.1384
"ENSG00000178115",-0.3351,8.5381,0.03204,0.1146
"ENSG00000178127",-0.2565,7.0537,0.7418,0.8857
"ENSG00000178146",0.6922,7.7726,0.03073,0.1108
"ENSG00000178149",-0.1496,9.0082,0.2598,0.5041
"ENSG00000178163",-0.1234,9.3281,0.2742,0.5199
"ENSG00000178177",-0.042,8.4014,0.8253,0.9261
"ENSG00000178184",-1.1311,7.7506,0.0004307,0.003199
"ENSG00000178187",-0.5935,7.2697,0.2109,0.4414
"ENSG00000178188",-0.0173,10.1399,0.864,0.9438
"ENSG00000178201",-0.8338,7.0299,0.3184,0.567
"ENSG00000178202",0.0864,11.2274,0.3443,0.5923
"ENSG00000178209",0.8618,14.2232,2.533e-13,8.717e-12
"ENSG00000178222",-0.3224,7.6511,0.2632,0.5076
"ENSG00000178229",-0.06,7.7528,0.8173,0.9225
"ENSG00000178234",0.2127,10.2266,0.02288,0.08839
"ENSG00000178252",-0.2966,11.3259,0.0001405,0.001193
"ENSG00000178295",-0.0052,8.3624,0.9756,0.9899
"ENSG00000178297",-0.2687,7.4294,0.4643,0.7001
"ENSG00000178301",-0.9018,7.9558,0.0001131,0.0009853
"ENSG00000178307",0.3857,9.1374,0.004276,0.02289
"ENSG00000178338",-0.0406,8.4608,0.8121,0.9201
"ENSG00000178342",1.2228,7.2686,0.02157,0.08429
"ENSG00000178343",-0.8242,7.4199,0.04858,0.1573
"ENSG00000178381",0.1153,8.4781,0.454,0.6921
"ENSG00000178385",0.1085,8.3055,0.6306,0.8209
"ENSG00000178386",-0.5784,7.2965,0.2192,0.4518
"ENSG00000178397",-0.1586,8.831,0.2271,0.4622
"ENSG00000178401",-0.7228,7.4795,0.03668,0.1268
"ENSG00000178404",-0.6196,7.1076,0.4051,0.6509
"ENSG00000178409",-0.0924,7.6218,0.7649,0.8973
"ENSG00000178425",-0.7257,9.3211,2.09e-10,4.984e-09
"ENSG00000178429",-0.1305,11.0414,0.1931,0.4182
"ENSG00000178440",-0.1939,7.4492,0.6167,0.8115
"ENSG00000178449",0.4737,8.6593,0.001753,0.01076
"ENSG00000178458",-0.2226,10.0542,0.03381,0.1193
"ENSG00000178460",-0.142,7.2875,0.7649,0.8973
"ENSG00000178464",0.0055,10.295,0.9538,0.9816
"ENSG00000178467",0.2206,9.3655,0.05048,0.1617
"ENSG00000178498",-0.3135,9.1884,0.02223,0.08636
"ENSG00000178502",-0.2428,7.8351,0.3166,0.5653
"ENSG00000178531",-0.5182,7.7813,0.05531,0.1729
"ENSG00000178537",-0.0885,9.049,0.5692,0.7797
"ENSG00000178567",-0.2866,9.7606,0.004685,0.02472
"ENSG00000178573",-0.6744,10.617,2.795e-09,5.813e-08
"ENSG00000178585",0.0977,8.4856,0.5703,0.7804
"ENSG00000178605",0.3917,9.1512,0.0008014,0.005526
"ENSG00000178607",0.0056,9.1398,0.9639,0.986
"ENSG00000178623",-0.1942,7.1554,0.7419,0.8857
"ENSG00000178660",-0.0703,8.1287,0.717,0.872
"ENSG00000178662",-1.2605,7.5571,9.415e-05,0.0008355
"ENSG00000178665",-0.6057,7.2753,0.1983,0.4256
"ENSG00000178685",-0.2673,9.3368,0.02896,0.1059
"ENSG00000178691",-0.1031,9.9073,0.3341,0.5833
"ENSG00000178694",-0.1823,8.1536,0.3412,0.5897
"ENSG00000178695",-2.5282,11.07,1.943e-78,2.061e-75
"ENSG00000178700",-0.1921,9.0714,0.1127,0.2897
"ENSG00000178715",0.0512,7.089,0.9438,0.9763
"ENSG00000178718",0.4949,7.5387,0.1499,0.3553
"ENSG00000178719",0.0655,11.8325,0.4204,0.6648
"ENSG00000178723",3.5345,7.4213,5.877e-15,2.403e-13
"ENSG00000178726",0.4131,7.3646,0.3947,0.6406
"ENSG00000178734",-1.6046,7.2344,0.003003,0.01701
"ENSG00000178741",0.1417,9.5729,0.2427,0.4826
"ENSG00000178752",0.4101,8.2743,0.05964,0.1833
"ENSG00000178761",0.1618,10.0878,0.1209,0.3039
"ENSG00000178764",-0.6569,9.9871,4.427e-08,7.765e-07
"ENSG00000178773",-0.0317,7.7522,0.9065,0.9615
"ENSG00000178795",1.9653,7.0409,0.02415,0.09221
"ENSG00000178802",-0.29,9.5398,0.05401,0.1699
"ENSG00000178803",-0.3261,7.0601,0.7011,0.8625
"ENSG00000178809",0.2496,7.6246,0.3875,0.6333
"ENSG00000178814",0.359,8.4189,0.04216,0.1413
"ENSG00000178852",0.1834,7.6759,0.5091,0.7347
"ENSG00000178860",-0.1947,9.2845,0.2184,0.4509
"ENSG00000178878",-1.0304,7.7709,0.0003296,0.002548
"ENSG00000178896",-0.2203,7.9891,0.3028,0.5519
"ENSG00000178904",0.0982,10.1049,0.3308,0.5796
"ENSG00000178913",0.0706,10.5303,0.4247,0.6686
"ENSG00000178917",-0.4548,7.5905,0.1688,0.3838
"ENSG00000178919",0.0424,7.4313,0.9205,0.967
"ENSG00000178921",-0.0695,8.8053,0.6959,0.8605
"ENSG00000178922",-0.1162,7.7574,0.6538,0.8349
"ENSG00000178927",-0.1263,10.5113,0.1655,0.3789
"ENSG00000178935",0.2601,7.6994,0.354,0.6014
"ENSG00000178947",-0.9434,7.0958,0.1735,0.3907
"ENSG00000178950",0.1526,10.6367,0.08569,0.2377
"ENSG00000178951",0.2222,10.4525,0.03072,0.1108
"ENSG00000178952",0.0864,10.9397,0.3378,0.5863
"ENSG00000178966",-0.0969,8.2886,0.5778,0.7854
"ENSG00000178971",0.0143,8.6524,0.9295,0.9714
"ENSG00000178972",-0.6471,7.1743,0.263,0.5075
"ENSG00000178974",-0.1763,9.1002,0.1544,0.3621
"ENSG00000178977",-0.0919,7.4319,0.846,0.9362
"ENSG00000178980",0.2314,9.8946,0.04457,0.1475
"ENSG00000178982",-0.0315,10.6855,0.7347,0.8819
"ENSG00000178988",-0.178,10.1398,0.05135,0.1636
"ENSG00000178996",0.0033,12.0146,0.9771,0.9905
"ENSG00000178999",0.1252,7.1911,0.8242,0.9257
"ENSG00000179010",-0.0206,12.0291,0.7938,0.9115
"ENSG00000179021",-0.0784,9.2404,0.5135,0.7377
"ENSG00000179029",0.2928,8.2319,0.1023,0.2699
"ENSG00000179041",0.3845,8.2318,0.04272,0.1428
"ENSG00000179044",-1.0746,7.2738,0.03152,0.1131
"ENSG00000179051",-0.0782,10.3355,0.6129,0.8099
"ENSG00000179057",0.8011,7.0854,0.2674,0.5122
"ENSG00000179058",-0.5708,7.1576,0.3378,0.5863
"ENSG00000179071",-0.362,7.5559,0.2484,0.4898
"ENSG00000179082",-1.1754,7.4592,0.001213,0.007851
"ENSG00000179085",0.4144,8.2896,0.01798,0.07298
"ENSG00000179091",0.1175,9.8366,0.2455,0.4862
"ENSG00000179094",3.1918,9.5026,2.575e-84,3.317e-81
"ENSG00000179101",-0.2531,9.1677,0.06153,0.1875
"ENSG00000179104",-0.0964,8.9276,0.4915,0.7225
"ENSG00000179115",0.1442,9.4502,0.2859,0.5344
"ENSG00000179119",0.2118,9.502,0.07635,0.2187
"ENSG00000179134",0.2519,11.4106,0.01184,0.05249
"ENSG00000179151",-0.0515,9.3978,0.6323,0.822
"ENSG00000179152",-0.1058,9.4815,0.4071,0.653
"ENSG00000179163",-0.068,8.027,0.7397,0.8844
"ENSG00000179168",-0.2845,7.3763,0.5495,0.7652
"ENSG00000179195",-0.1724,11.0466,0.06366,0.192
"ENSG00000179218",-0.1708,14.1308,0.2621,0.5066
"ENSG00000179222",-0.6485,12.2497,1.365e-14,5.35e-13
"ENSG00000179240",-0.739,7.4543,0.04839,0.1568
"ENSG00000179241",0.5296,8.8862,0.00111,0.007302
"ENSG00000179242",1.3106,7.718,2.073e-05,0.0002166
"ENSG00000179256",-0.104,7.1503,0.8643,0.9438
"ENSG00000179262",0.2168,10.6464,0.0275,0.1018
"ENSG00000179271",0.1763,9.457,0.1757,0.3939
"ENSG00000179277",0.1599,8.6135,0.3532,0.6007
"ENSG00000179294",1.0393,7.5741,0.0009578,0.006452
"ENSG00000179295",0.5001,12.9104,1.532e-09,3.32e-08
"ENSG00000179296",-0.2086,8.3952,0.2161,0.4483
"ENSG00000179300",3.6231,7.6985,5.817e-07,8.24e-06
"ENSG00000179304",0.0791,9.7026,0.4776,0.7116
"ENSG00000179314",0.7524,7.2482,0.1991,0.4264
"ENSG00000179335",-0.0323,9.792,0.7867,0.9083
"ENSG00000179348",-0.1578,8.5589,0.2937,0.5422
"ENSG00000179361",0.069,7.8289,0.7841,0.9067
"ENSG00000179362",0.4353,7.0945,0.561,0.7735
"ENSG00000179364",0.1284,10.7317,0.1282,0.3173
"ENSG00000179387",0.1436,9.9348,0.205,0.434
"ENSG00000179388",-1.7364,7.6192,1.205e-05,0.0001329
"ENSG00000179397",0.4133,7.5416,0.1927,0.4175
"ENSG00000179403",-0.0873,8.1918,0.6508,0.8328
"ENSG00000179406",-0.2845,7.8406,0.2284,0.4641
"ENSG00000179409",0.1129,9.5385,0.3042,0.5533
"ENSG00000179428",0.2778,7.0403,0.7441,0.8871
"ENSG00000179431",0.6312,8.3892,0.001431,0.009072
"ENSG00000179454",0.0776,9.049,0.5363,0.7551
"ENSG00000179456",-0.3744,8.5065,0.01603,0.06659
"ENSG00000179476",0.0879,8.4249,0.6037,0.8035
"ENSG00000179523",0.209,8.3071,0.2531,0.4958
"ENSG00000179526",0.0821,9.874,0.4247,0.6685
"ENSG00000179528",-0.6608,7.171,0.2526,0.4954
"ENSG00000179532",-0.1095,8.6835,0.454,0.6921
"ENSG00000179542",0.6578,6.9919,0.5477,0.7642
"ENSG00000179562",-0.0249,9.6063,0.82,0.9237
"ENSG00000179583",-1.2062,7.129,0.06376,0.1922
"ENSG00000179588",-0.3725,8.039,0.07359,0.2131
"ENSG00000179593",9.506,7.4912,1.852e-19,1.18e-17
"ENSG00000179598",0.0867,7.4272,0.8164,0.9223
"ENSG00000179604",-0.2085,10.5294,0.1308,0.3223
"ENSG00000179611",-0.1475,8.1445,0.4958,0.7252
"ENSG00000179627",-0.0783,7.8162,0.7476,0.8892
"ENSG00000179630",-0.0225,9.7146,0.8641,0.9438
"ENSG00000179632",0.2711,11.0208,0.00221,0.01313
"ENSG00000179698",0.3234,7.1549,0.5967,0.797
"ENSG00000179715",0.1849,7.3572,0.6877,0.855
"ENSG00000179743",0.2362,7.5367,0.4824,0.715
"ENSG00000179750",0.0745,7.3005,0.8697,0.945
"ENSG00000179761",-0.0934,7.2264,0.8666,0.9446
"ENSG00000179766",0.0211,7.1672,0.9767,0.9904
"ENSG00000179818",0.0852,8.5694,0.6108,0.8083
"ENSG00000179820",1.4982,11.7811,4.584e-23,3.955e-21
"ENSG00000179832",0.2705,9.8635,0.01841,0.0744
"ENSG00000179833",-0.2141,10.1069,0.0355,0.1237
"ENSG00000179837",-0.2222,10.7785,0.01591,0.06627
"ENSG00000179841",0.5552,7.1437,0.3641,0.6112
"ENSG00000179855",0.4226,7.1405,0.5031,0.7307
"ENSG00000179859",0.4873,7.8988,0.04388,0.1456
"ENSG00000179862",1.4126,7.7078,6.224e-06,7.335e-05
"ENSG00000179869",-0.2612,7.5876,0.426,0.6698
"ENSG00000179886",-0.0271,7.9626,0.9067,0.9615
"ENSG00000179889",-0.1234,10.6657,0.2088,0.4386
"ENSG00000179899",-0.3234,10.0238,0.001595,0.009921
"ENSG00000179909",-0.6484,8.6485,6.81e-06,7.933e-05
"ENSG00000179912",-0.0459,9.5566,0.7586,0.8944
"ENSG00000179918",0.0492,10.0757,0.6161,0.8111
"ENSG00000179922",-0.3865,7.9353,0.08677,0.2396
"ENSG00000179933",0.0376,10.2577,0.6992,0.8618
"ENSG00000179935",-0.5243,7.1257,0.4129,0.6587
"ENSG00000179938",-0.0374,7.5482,0.9071,0.9615
"ENSG00000179941",0.3112,9.7239,0.004992,0.02609
"ENSG00000179943",-0.0909,8.4385,0.5628,0.7748
"ENSG00000179950",0.0671,10.3573,0.533,0.7525
"ENSG00000179954",-0.5502,10.5027,6.116e-07,8.629e-06
"ENSG00000179958",0.1524,8.1083,0.4405,0.6819
"ENSG00000179965",0.0528,8.0965,0.7934,0.9115
"ENSG00000179967",-0.1733,8.6613,0.3272,0.5757
"ENSG00000179978",-0.4511,8.5947,0.005201,0.02703
"ENSG00000179979",-0.0455,8.5474,0.813,0.9205
"ENSG00000179981",-0.6534,9.6336,2.78e-07,4.21e-06
"ENSG00000179988",-0.1645,7.7954,0.5208,0.7431
"ENSG00000179994",0.041,7.1085,0.9528,0.9814
"ENSG00000180008",0.2048,9.6997,0.05865,0.181
"ENSG00000180011",-0.1958,9.7425,0.05319,0.1682
"ENSG00000180015",0.2623,7.9812,0.2069,0.4361
"ENSG00000180035",-0.0203,8.1551,0.9172,0.9658
"ENSG00000180089",-0.4136,7.1121,0.5322,0.7518
"ENSG00000180098",0.2259,8.9464,0.0884,0.2428
"ENSG00000180104",-0.049,10.3266,0.5889,0.7928
"ENSG00000180113",0.5069,7.6552,0.1333,0.3263
"ENSG00000180139",1.4152,7.3521,0.002782,0.01595
"ENSG00000180155",-0.4586,10.3258,1.669e-06,2.18e-05
"ENSG00000180182",0.2768,10.0877,0.006398,0.03196
"ENSG00000180185",-0.1001,9.1831,0.4082,0.6541
"ENSG00000180190",0.0859,8.242,0.6336,0.8229
"ENSG00000180198",0.2751,9.3541,0.0291,0.1064
"ENSG00000180211",0.242,7.2807,0.6014,0.8014
"ENSG00000180228",0.0549,9.4879,0.6064,0.8054
"ENSG00000180229",-0.0804,10.3043,0.571,0.781
"ENSG00000180233",0.2468,8.2337,0.1817,0.4024
"ENSG00000180257",-0.1361,7.9876,0.5826,0.7887
"ENSG00000180263",-0.0297,8.714,0.8752,0.9476
"ENSG00000180287",1.9153,7.3028,8.016e-05,0.0007242
"ENSG00000180304",-0.2352,11.0651,0.004988,0.02607
"ENSG00000180329",-0.0556,8.4373,0.7244,0.8761
"ENSG00000180336",-0.564,7.2159,0.3093,0.558
"ENSG00000180340",0.1428,10.4387,0.1789,0.3987
"ENSG00000180346",0.1365,8.1019,0.4948,0.7247
"ENSG00000180354",0.4434,10.5284,0.0005366,0.003897
"ENSG00000180357",0.0233,10.4758,0.8336,0.9308
"ENSG00000180370",0.097,10.9591,0.2982,0.547
"ENSG00000180376",-0.0494,8.7927,0.7304,0.8793
"ENSG00000180385",-0.2611,7.3414,0.5705,0.7806
"ENSG00000180398",0.0404,12.4753,0.6189,0.8132
"ENSG00000180422",0.8878,7.2541,0.06728,0.1999
"ENSG00000180423",0.0549,7.7494,0.8311,0.9297
"ENSG00000180447",0.2397,10.762,0.1157,0.2949
"ENSG00000180448",0.0641,8.8646,0.6367,0.8249
"ENSG00000180479",-0.4651,7.7462,0.07903,0.2243
"ENSG00000180481",-0.5775,7.2358,0.2481,0.4895
"ENSG00000180488",0.4681,9.3603,6.661e-05,0.0006144
"ENSG00000180509",0.6069,7.3906,0.1394,0.3372
"ENSG00000180525",1.2356,7.2503,0.03464,0.1216
"ENSG00000180530",-0.0658,10.2605,0.4917,0.7225
"ENSG00000180537",0.4461,8.2038,0.01898,0.07617
"ENSG00000180543",-0.0755,9.5489,0.4696,0.7043
"ENSG00000180573",-0.2864,9.8924,0.01739,0.07097
"ENSG00000180574",-0.2596,8.6972,0.06886,0.2032
"ENSG00000180581",-0.1647,9.8792,0.08511,0.2365
"ENSG00000180592",-0.0578,7.4626,0.8686,0.9449
"ENSG00000180596",-0.3577,7.5737,0.2941,0.5426
"ENSG00000180611",0.5351,8.1444,0.006855,0.03388
"ENSG00000180626",-0.3152,8.3899,0.05706,0.1773
"ENSG00000180628",0.4072,10.1491,0.001932,0.01171
"ENSG00000180658",-0.1794,7.2983,0.7001,0.8621
"ENSG00000180660",0.1079,7.9004,0.6327,0.8222
"ENSG00000180667",0.4544,8.6555,0.006317,0.03163
"ENSG00000180672",1.2798,8.2154,3.986e-06,4.845e-05
"ENSG00000180673",-0.0072,7.405,0.9853,0.9939
"ENSG00000180694",0.669,9.9479,8.356e-05,0.0007523
"ENSG00000180747",0.0333,9.3158,0.7965,0.9127
"ENSG00000180758",-0.0049,7.9447,0.9819,0.9923
"ENSG00000180764",0.4378,7.7761,0.08313,0.2326
"ENSG00000180769",-0.2921,8.6286,0.05869,0.1811
"ENSG00000180771",0.4255,8.3462,0.02534,0.09575
"ENSG00000180773",0.3261,9.3253,0.005413,0.02789
"ENSG00000180776",-0.2775,9.457,0.02595,0.09762
"ENSG00000180777",-0.5029,7.0379,0.5434,0.7606
"ENSG00000180787",-0.0034,8.157,0.9864,0.9944
"ENSG00000180801",0.3081,10.6977,0.01367,0.05865
"ENSG00000180806",0.735,7.0978,0.3316,0.5803
"ENSG00000180817",-0.3313,10.6732,0.0004257,0.003167
"ENSG00000180822",0.134,8.3022,0.4553,0.6931
"ENSG00000180834",-0.1238,7.4069,0.7607,0.8957
"ENSG00000180855",-0.2824,7.5644,0.3575,0.6046
"ENSG00000180867",-0.0833,10.6097,0.4428,0.6838
"ENSG00000180875",-0.5345,9.0789,0.005319,0.0275
"ENSG00000180879",-0.006,10.7996,0.9438,0.9763
"ENSG00000180881",-0.6602,8.0609,0.001976,0.01193
"ENSG00000180884",-0.2994,7.6556,0.3061,0.5551
"ENSG00000180891",0.5496,10.316,5.194e-09,1.041e-07
"ENSG00000180900",-0.0698,10.1806,0.5232,0.7445
"ENSG00000180901",0.113,10.243,0.2932,0.5417
"ENSG00000180902",-0.0928,9.0081,0.4999,0.7281
"ENSG00000180914",1.8756,9.0568,1.637e-26,1.88e-24
"ENSG00000180917",-0.0728,9.5444,0.5296,0.7496
"ENSG00000180921",0.2539,8.5037,0.1652,0.3785
"ENSG00000180938",-0.7846,7.5689,0.01458,0.06176
"ENSG00000180953",-0.1816,7.4803,0.6215,0.8149
"ENSG00000180957",0.3329,10.3647,0.0005438,0.003943
"ENSG00000180964",-0.0825,10.2272,0.371,0.6176
"ENSG00000180979",0.1128,8.6977,0.4932,0.7239
"ENSG00000180992",-0.4437,9.0417,0.001274,0.008197
"ENSG00000180998",-0.527,7.4899,0.1176,0.2984
"ENSG00000181004",0.4667,8.4031,0.01345,0.05794
"ENSG00000181007",-0.1857,8.2595,0.3162,0.5649
"ENSG00000181016",-0.2058,7.2861,0.6513,0.833
"ENSG00000181019",-0.7217,11.4184,1.169e-15,5.13e-14
"ENSG00000181026",-0.16,9.7897,0.2257,0.4603
"ENSG00000181027",0.6385,9.4944,3.864e-08,6.831e-07
"ENSG00000181031",0.3119,7.2782,0.5088,0.7347
"ENSG00000181035",-0.119,8.7037,0.4512,0.6904
"ENSG00000181038",0.2472,8.2799,0.1538,0.3609
"ENSG00000181039",0.0732,7.8257,0.779,0.9045
"ENSG00000181045",-0.3542,8.9582,0.0045,0.02392
"ENSG00000181061",1.2005,11.2509,2.317e-23,2.068e-21
"ENSG00000181072",-0.7119,11.5617,2.375e-09,5.002e-08
"ENSG00000181090",-0.1459,10.0515,0.1419,0.3414
"ENSG00000181097",0.2441,7.2316,0.651,0.8328
"ENSG00000181104",0.2191,12.8149,0.07666,0.2194
"ENSG00000181135",0.0707,8.6609,0.6224,0.8153
"ENSG00000181163",-0.12,13.3415,0.1393,0.337
"ENSG00000181191",-0.1694,9.2544,0.1474,0.3509
"ENSG00000181192",0.7438,9.5753,6.665e-11,1.665e-09
"ENSG00000181195",0.1109,8.4162,0.583,0.789
"ENSG00000181218",-0.5419,7.7943,0.03686,0.1273
"ENSG00000181220",0.163,9.3122,0.1697,0.3852
"ENSG00000181222",0.1044,12.7467,0.2637,0.5081
"ENSG00000181227",0.0509,7.4713,0.8862,0.9535
"ENSG00000181264",0.0876,9.1879,0.4778,0.7118
"ENSG00000181274",0.1986,7.7964,0.4194,0.6637
"ENSG00000181284",0.0917,7.4183,0.8286,0.928
"ENSG00000181315",-0.1555,9.1658,0.205,0.434
"ENSG00000181322",0.9379,7.1593,0.1107,0.2862
"ENSG00000181350",-1.0124,7.5528,0.002248,0.0133
"ENSG00000181359",-0.3461,7.1527,0.5644,0.7757
"ENSG00000181374",-0.1603,7.3744,0.7149,0.871
"ENSG00000181381",0.4974,9.7579,3.284e-06,4.073e-05
"ENSG00000181392",0.6651,7.0484,0.4155,0.6605
"ENSG00000181396",-0.1919,9.817,0.09956,0.2647
"ENSG00000181404",-0.0994,9.9314,0.3146,0.5635
"ENSG00000181444",-0.8423,7.18,0.1769,0.3956
"ENSG00000181450",-0.0723,8.1622,0.713,0.8693
"ENSG00000181458",0.116,10.2772,0.4337,0.6761
"ENSG00000181467",-1.2727,9.6132,5.996e-31,8.316e-29
"ENSG00000181472",-0.5798,9.5613,8.141e-06,9.302e-05
"ENSG00000181481",0.4583,9.1813,0.0004376,0.003243
"ENSG00000181513",0.0652,8.7557,0.6391,0.826
"ENSG00000181523",-0.1937,10.5952,0.03612,0.1252
"ENSG00000181524",0.0419,8.7796,0.775,0.9025
"ENSG00000181544",0.4487,7.3565,0.3227,0.5708
"ENSG00000181555",-0.0516,10.8161,0.5418,0.7596
"ENSG00000181588",-0.3788,8.9571,0.009567,0.04429
"ENSG00000181610",0.2652,9.0439,0.02987,0.1084
"ENSG00000181619",0.2169,8.0012,0.3304,0.5792
"ENSG00000181625",-0.2189,7.1693,0.7232,0.8754
"ENSG00000181634",-2.7068,7.3739,1.731e-07,2.724e-06
"ENSG00000181638",-0.1116,8.4999,0.4603,0.6973
"ENSG00000181649",0.5094,7.8997,0.02909,0.1063
"ENSG00000181666",-0.2109,9.181,0.06893,0.2033
"ENSG00000181690",0.1211,9.3347,0.3552,0.6027
"ENSG00000181704",0.1487,10.1305,0.1705,0.3865
"ENSG00000181722",-0.6447,7.8625,0.06264,0.1899
"ENSG00000181741",0.3511,7.1257,0.5909,0.7941
"ENSG00000181744",0.0639,9.8753,0.5385,0.7567
"ENSG00000181751",0.3294,8.5323,0.05613,0.1749
"ENSG00000181754",-0.1375,8.8865,0.3156,0.5645
"ENSG00000181778",0.2723,7.3803,0.5042,0.7317
"ENSG00000181788",0.237,9.1324,0.04906,0.1585
"ENSG00000181789",0.0953,12.0244,0.2688,0.5137
"ENSG00000181800",0.9018,7.6348,0.005725,0.02919
"ENSG00000181804",0.4853,10.0579,0.003003,0.01701
"ENSG00000181817",-0.1587,9.0162,0.2239,0.4576
"ENSG00000181819",0.6321,7.9509,0.003164,0.01768
"ENSG00000181826",0.9629,8.3493,2.412e-07,3.695e-06
"ENSG00000181827",-0.5656,9.9165,2.507e-08,4.547e-07
"ENSG00000181830",0.6194,9.8403,3.168e-07,4.749e-06
"ENSG00000181852",0.4387,10.4556,5.975e-06,7.061e-05
"ENSG00000181873",0.0492,8.377,0.7906,0.9099
"ENSG00000181885",0.5976,7.4286,0.131,0.3226
"ENSG00000181894",-0.2638,8.7616,0.0703,0.2063
"ENSG00000181896",0.2615,8.0162,0.2055,0.4346
"ENSG00000181904",0.3054,10.5294,0.0006268,0.004466
"ENSG00000181915",-0.039,9.0581,0.7545,0.8922
"ENSG00000181924",0.0182,9.0926,0.8992,0.9588
"ENSG00000181929",0.0342,10.5539,0.6881,0.8553
"ENSG00000181938",-0.009,7.5694,0.9769,0.9904
"ENSG00000181982",-0.1782,9.3705,0.1081,0.2814
"ENSG00000181991",0.0871,9.2073,0.5411,0.7592
"ENSG00000182004",0.1205,9.33,0.3569,0.604
"ENSG00000182010",-1.8822,8.1065,8.462e-13,2.71e-11
"ENSG00000182013",-0.08,8.5227,0.6142,0.8101
"ENSG00000182022",0.3804,10.2172,0.0002139,0.001733
"ENSG00000182054",0.5663,10.0104,1.818e-05,0.0001927
"ENSG00000182087",0.1825,11.35,0.05596,0.1746
"ENSG00000182093",0.2652,9.8531,0.01058,0.0481
"ENSG00000182095",0.1592,12.1013,0.05036,0.1615
"ENSG00000182107",0.7752,8.4998,0.0001803,0.001486
"ENSG00000182109",-0.2614,7.459,0.485,0.7171
"ENSG00000182117",0.1168,9.8879,0.2276,0.463
"ENSG00000182118",0.4282,7.9872,0.03815,0.1309
"ENSG00000182134",-0.2609,7.556,0.4024,0.6487
"ENSG00000182141",0.0568,8.04,0.7935,0.9115
"ENSG00000182149",0.0254,11.1987,0.7661,0.8978
"ENSG00000182150",-0.0322,9.5782,0.7604,0.8955
"ENSG00000182154",0.5554,9.1848,4.732e-05,0.0004519
"ENSG00000182158",0.5383,11.6079,1.465e-07,2.323e-06
"ENSG00000182165",-0.0249,8.6306,0.8726,0.9463
"ENSG00000182168",-0.741,7.2514,0.1457,0.348
"ENSG00000182173",0.0014,8.0494,0.9945,0.9978
"ENSG00000182175",0.3736,9.4345,0.0326,0.1161
"ENSG00000182179",-0.4305,9.89,3.495e-05,0.0003444
"ENSG00000182180",-7e-04,9.8172,0.9946,0.9978
"ENSG00000182185",-0.5741,7.8118,0.05014,0.161
"ENSG00000182195",-0.259,9.7469,0.00903,0.04237
"ENSG00000182196",-0.2482,7.0269,0.7696,0.899
"ENSG00000182197",-0.8455,12.3638,5.237e-12,1.506e-10
"ENSG00000182199",-0.7036,10.5649,2.084e-12,6.273e-11
"ENSG00000182208",0.1435,9.1579,0.2306,0.4665
"ENSG00000182217",-0.5316,8.3893,0.002646,0.01526
"ENSG00000182218",-0.0245,8.9199,0.8632,0.9434
"ENSG00000182220",0.0915,12.2295,0.2518,0.4945
"ENSG00000182224",-0.1026,9.108,0.4063,0.652
"ENSG00000182240",0.1108,10.1728,0.2963,0.5449
"ENSG00000182247",-0.0977,9.8565,0.4113,0.6571
"ENSG00000182253",0.0392,7.9047,0.8778,0.9491
"ENSG00000182257",-0.2882,7.2678,0.5779,0.7854
"ENSG00000182261",1.0938,7.1978,0.1213,0.3048
"ENSG00000182263",-0.534,8.4434,0.001114,0.007317
"ENSG00000182272",-0.8306,7.6803,0.002762,0.01585
"ENSG00000182287",0.363,9.7285,0.004031,0.02177
"ENSG00000182307",0.1086,10.1685,0.3118,0.5608
"ENSG00000182310",-0.448,7.5856,0.1648,0.378
"ENSG00000182318",-0.2603,8.1329,0.193,0.4181
"ENSG00000182319",0.0329,8.4272,0.8938,0.9562
"ENSG00000182324",0.1155,7.2475,0.8179,0.9227
"ENSG00000182325",0.3912,8.3288,0.0404,0.1368
"ENSG00000182326",0.0981,15.5562,0.2158,0.448
"ENSG00000182327",-0.7628,7.2071,0.1568,0.3656
"ENSG00000182329",-2.0798,7.0145,0.03198,0.1144
"ENSG00000182359",0.2373,7.9289,0.289,0.5375
"ENSG00000182362",0.069,8.5805,0.6698,0.8439
"ENSG00000182368",-0.1464,7.1355,0.8225,0.925
"ENSG00000182372",-0.2937,9.3602,0.00749,0.03653
"ENSG00000182378",-0.137,8.3505,0.4385,0.6804
"ENSG00000182379",-1.19,7.3396,0.008438,0.04005
"ENSG00000182389",-0.6376,7.6727,0.02011,0.07993
"ENSG00000182397",-0.8784,7.5691,0.005126,0.02671
"ENSG00000182400",0.0939,9.5232,0.3868,0.6326
"ENSG00000182405",-0.1318,7.6031,0.681,0.8503
"ENSG00000182446",0.2496,11.1055,0.003374,0.01866
"ENSG00000182463",-0.3296,7.4499,0.3935,0.6391
"ENSG00000182473",-0.405,10.9611,5.056e-05,0.0004786
"ENSG00000182481",-0.2398,10.4561,0.09125,0.2481
"ENSG00000182484",0.1147,8.1472,0.6068,0.8056
"ENSG00000182492",-0.4069,13.1257,4.517e-05,0.0004341
"ENSG00000182500",-0.2193,8.6271,0.1933,0.4184
"ENSG00000182502",0.4347,7.6573,0.1991,0.4264
"ENSG00000182504",-0.1371,8.5409,0.3534,0.6009
"ENSG00000182511",-0.2603,8.728,0.05717,0.1776
"ENSG00000182512",0.0448,9.1922,0.703,0.8633
"ENSG00000182518",-0.1124,8.1495,0.5765,0.7847
"ENSG00000182534",0.1765,12.7626,0.03131,0.1125
"ENSG00000182541",0.0872,9.5258,0.5403,0.7585
"ENSG00000182544",0.1769,9.7389,0.08612,0.2386
"ENSG00000182551",0.551,10.597,3.189e-08,5.71e-07
"ENSG00000182552",1.1141,10.1222,3.332e-21,2.503e-19
"ENSG00000182568",-0.3849,9.9703,0.005945,0.03012
"ENSG00000182575",1.063,8.7568,7.214e-06,8.338e-05
"ENSG00000182580",-1.5201,9.1597,1.997e-18,1.139e-16
"ENSG00000182584",0.5792,7.2561,0.2671,0.5118
"ENSG00000182600",-0.0748,7.1412,0.9055,0.9613
"ENSG00000182606",-0.0224,10.5915,0.8133,0.9207
"ENSG00000182612",-0.3657,7.6922,0.198,0.4252
"ENSG00000182621",-0.7629,8.8126,2.166e-08,3.977e-07
"ENSG00000182625",-0.131,7.1542,0.8236,0.9256
"ENSG00000182628",-0.336,9.2281,0.003668,0.02006
"ENSG00000182636",-0.1719,10.6862,0.06232,0.1892
"ENSG00000182646",0.0602,9.6728,0.5952,0.7964
"ENSG00000182648",-0.059,7.2925,0.8986,0.9587
"ENSG00000182667",-0.7059,8.3589,0.000383,0.00289
"ENSG00000182670",-0.5511,12.6926,5.121e-09,1.027e-07
"ENSG00000182674",-2.6821,7.0298,0.004822,0.02536
"ENSG00000182685",0.8648,7.4729,0.02365,0.09076
"ENSG00000182700",0.2922,9.1411,0.03609,0.1251
"ENSG00000182704",0.9187,10.1674,1.554e-10,3.732e-09
"ENSG00000182718",0.666,14.5963,8.785e-19,5.228e-17
"ENSG00000182732",-2.6967,7.0156,0.005625,0.02878
"ENSG00000182742",0.1563,8.8699,0.314,0.5631
"ENSG00000182749",0.1416,9.1721,0.273,0.5185
"ENSG00000182752",0.4356,12.4313,0.01418,0.06043
"ENSG00000182768",-0.2228,9.1633,0.0766,0.2193
"ENSG00000182771",-0.1697,7.222,0.7584,0.8943
"ENSG00000182774",0.0914,12.0029,0.3412,0.5897
"ENSG00000182791",-0.5099,7.0275,0.5531,0.7678
"ENSG00000182796",0.3957,9.5839,0.003061,0.01725
"ENSG00000182809",0.6601,9.955,1.63e-11,4.406e-10
"ENSG00000182810",0.1319,8.048,0.513,0.7375
"ENSG00000182827",0.102,10.5049,0.3102,0.559
"ENSG00000182831",0.0705,10.1795,0.5,0.7282
"ENSG00000182836",3.1662,7.2897,1.702e-06,2.218e-05
"ENSG00000182841",-0.0883,8.2703,0.6255,0.8174
"ENSG00000182853",0.2643,7.1328,0.7021,0.8631
"ENSG00000182858",-0.0974,8.7282,0.5406,0.7588
"ENSG00000182871",0.3732,11.2278,0.0001217,0.001051
"ENSG00000182872",-0.0338,9.7327,0.7486,0.8895
"ENSG00000182873",-0.231,7.4716,0.5199,0.7425
"ENSG00000182890",0.3635,8.8771,0.008877,0.04173
"ENSG00000182899",-0.022,12.4521,0.7696,0.899
"ENSG00000182901",-0.5701,7.6011,0.1569,0.3658
"ENSG00000182902",0.6207,7.1857,0.2715,0.5167
"ENSG00000182903",-0.016,8.8373,0.908,0.9618
"ENSG00000182909",0.1484,7.8649,0.5262,0.7471
"ENSG00000182912",0.1386,7.2947,0.7629,0.897
"ENSG00000182916",-0.5245,9.204,4.563e-05,0.0004374
"ENSG00000182919",-0.0035,9.272,0.9757,0.9899
"ENSG00000182923",0.0679,9.5275,0.5339,0.7528
"ENSG00000182934",0.0379,11.6626,0.6246,0.8171
"ENSG00000182944",0.2203,11.9978,0.005736,0.02921
"ENSG00000182950",-1.4755,7.0481,0.09464,0.2547
"ENSG00000182952",0.2841,10.0678,0.003062,0.01725
"ENSG00000182957",-0.5454,9.3366,3.166e-05,0.000315
"ENSG00000182963",-0.3085,9.1508,0.01239,0.05439
"ENSG00000182973",-0.0139,8.8972,0.9168,0.9658
"ENSG00000182979",0.042,10.1194,0.6904,0.8569
"ENSG00000182983",-0.0967,8.0528,0.6485,0.8316
"ENSG00000182985",-1.2621,8.0796,1.422e-07,2.263e-06
"ENSG00000182986",-0.214,9.036,0.09588,0.2573
"ENSG00000182993",-0.1967,7.4008,0.6178,0.8121
"ENSG00000183010",-0.7223,8.7097,0.0003519,0.002696
"ENSG00000183011",0.1081,9.1324,0.4465,0.6863
"ENSG00000183018",-1.2537,7.0379,0.1621,0.3739
"ENSG00000183020",0.0034,10.8273,0.9729,0.9891
"ENSG00000183022",0.0283,7.0349,0.9725,0.9891
"ENSG00000183023",-0.8562,10.0575,2.618e-09,5.476e-08
"ENSG00000183032",0.4195,7.0649,0.5959,0.7967
"ENSG00000183044",1.157,9.3787,8.584e-25,8.599e-23
"ENSG00000183048",-0.0062,7.1809,0.9914,0.9964
"ENSG00000183049",-0.7833,8.9553,1.868e-08,3.468e-07
"ENSG00000183054",-0.2085,10.4276,0.0276,0.1022
"ENSG00000183055",0.2792,7.1013,0.6922,0.8581
"ENSG00000183060",0.0817,8.1846,0.679,0.8493
"ENSG00000183066",-0.3942,7.1287,0.5602,0.7729
"ENSG00000183077",0.327,8.8888,0.01325,0.05727
"ENSG00000183086",0.2591,8.3115,0.1988,0.4262
"ENSG00000183087",0.3457,13.3304,0.0003578,0.00273
"ENSG00000183091",-0.18,7.2955,0.6871,0.855
"ENSG00000183092",-3.313,6.9879,0.003348,0.01855
"ENSG00000183098",0.0395,11.9716,0.7561,0.893
"ENSG00000183111",-0.6205,8.5237,0.003021,0.01709
"ENSG00000183117",-0.8318,6.9636,0.4263,0.6698
"ENSG00000183134",0.6665,7.3941,0.1068,0.2786
"ENSG00000183137",-0.2555,8.6406,0.07325,0.2123
"ENSG00000183154",1.9063,7.1045,0.01192,0.05277
"ENSG00000183155",0.2141,8.4535,0.19,0.4139
"ENSG00000183160",-1.1731,11.5385,4.551e-27,5.399e-25
"ENSG00000183161",-0.1544,8.1253,0.4259,0.6698
"ENSG00000183169",1.0543,7.2361,0.123,0.308
"ENSG00000183171",0.4641,7.146,0.4845,0.7167
"ENSG00000183172",0.0118,8.5939,0.9404,0.9752
"ENSG00000183199",-0.2264,8.3522,0.1769,0.3956
"ENSG00000183207",0.1955,9.8296,0.08292,0.2321
"ENSG00000183208",-0.0909,7.3906,0.8243,0.9257
"ENSG00000183246",-0.0275,7.252,0.9574,0.984
"ENSG00000183250",-0.0991,7.5843,0.7565,0.8933
"ENSG00000183255",0.3217,12.8162,0.001404,0.008919
"ENSG00000183258",-0.0149,10.2362,0.9139,0.9642
"ENSG00000183260",-0.1627,7.6475,0.5965,0.797
"ENSG00000183281",0.2622,7.7732,0.3091,0.5579
"ENSG00000183283",0.0812,11.7923,0.3022,0.5511
"ENSG00000183287",0.602,12.6279,6.072e-13,1.976e-11
"ENSG00000183291",0.393,11.717,0.0005852,0.004201
"ENSG00000183298",-0.0842,10.219,0.3735,0.62
"ENSG00000183307",-0.0362,7.1236,0.955,0.9823
"ENSG00000183309",-0.1782,9.346,0.123,0.308
"ENSG00000183323",-0.136,8.3855,0.3995,0.6455
"ENSG00000183337",-0.1106,9.5159,0.429,0.6721
"ENSG00000183340",-0.1472,9.117,0.2493,0.491
"ENSG00000183346",-0.7309,7.5517,0.05598,0.1746
"ENSG00000183354",-0.1731,9.8428,0.09732,0.26
"ENSG00000183386",0.1667,9.2478,0.2054,0.4343
"ENSG00000183397",0.3583,7.7528,0.2799,0.5269
"ENSG00000183401",-0.3467,8.5288,0.03586,0.1246
"ENSG00000183405",0.0126,10.8018,0.8857,0.9532
"ENSG00000183426",0.2628,10.4552,0.003367,0.01862
"ENSG00000183431",0.1661,10.4617,0.0678,0.2009
"ENSG00000183439",0.4531,7.2824,0.3548,0.6025
"ENSG00000183444",-0.3785,7.6313,0.2313,0.4674
"ENSG00000183454",-4.2632,6.9921,0.000239,0.001912
"ENSG00000183458",0.2963,10.7244,0.02357,0.09049
"ENSG00000183474",0.0607,9.807,0.5598,0.7727
"ENSG00000183475",0.0707,9.0703,0.6031,0.8031
"ENSG00000183479",-0.3542,7.3856,0.3672,0.6143
"ENSG00000183484",-1.184,7.1084,0.1002,0.2658
"ENSG00000183486",0.0841,7.8768,0.7477,0.8892
"ENSG00000183495",-0.1655,10.5447,0.09047,0.2468
"ENSG00000183496",-1.7145,8.3552,1.247e-18,7.191e-17
"ENSG00000183506",-0.1017,9.8171,0.3714,0.618
"ENSG00000183508",-2.5466,7.9021,2.443e-17,1.238e-15
"ENSG00000183513",-0.0577,9.1354,0.6245,0.817
"ENSG00000183520",0.0474,9.3166,0.696,0.8605
"ENSG00000183527",-0.0501,8.9199,0.7247,0.8763
"ENSG00000183530",0.2535,9.694,0.02925,0.1068
"ENSG00000183558",0.3613,8.7422,0.08927,0.2443
"ENSG00000183569",-0.0936,7.5016,0.7865,0.9082
"ENSG00000183570",1.6716,8.3482,1.444e-14,5.625e-13
"ENSG00000183576",0.2197,10.1358,0.05129,0.1634
"ENSG00000183578",0.426,9.5284,8.475e-05,0.000761
"ENSG00000183579",0.3162,8.3755,0.05337,0.1686
"ENSG00000183580",0.5215,9.7199,0.004332,0.02315
"ENSG00000183597",-0.0117,8.6225,0.9368,0.9734
"ENSG00000183598",0.3646,7.0541,0.645,0.8295
"ENSG00000183604",0.0076,9.3236,0.9501,0.9796
"ENSG00000183605",0.0715,8.0189,0.7282,0.8781
"ENSG00000183615",-0.1259,7.6374,0.6561,0.8363
"ENSG00000183617",0.1041,8.5663,0.5179,0.7413
"ENSG00000183621",0.695,9.4072,4.57e-09,9.248e-08
"ENSG00000183624",0.1603,9.0552,0.2104,0.4411
"ENSG00000183628",0.4865,8.1948,0.01084,0.04904
"ENSG00000183632",-0.3513,6.9825,0.7283,0.8781
"ENSG00000183644",1.4997,7.1658,0.01262,0.05516
"ENSG00000183647",-0.1719,7.6491,0.5954,0.7965
"ENSG00000183648",-0.079,9.336,0.4883,0.7201
"ENSG00000183655",0.6621,8.2739,0.0003258,0.00252
"ENSG00000183665",-0.0235,8.1964,0.896,0.9574
"ENSG00000183666",-0.4653,8.1593,0.01358,0.05837
"ENSG00000183668",-1.0391,7.2815,0.05863,0.181
"ENSG00000183671",0.4469,9.0592,0.005828,0.0296
"ENSG00000183684",0.0629,9.1524,0.6342,0.8232
"ENSG00000183688",0.7776,10.3522,4.32e-13,1.445e-11
"ENSG00000183690",0.5577,7.466,0.1149,0.2938
"ENSG00000183691",1.9636,7.0698,0.01479,0.06247
"ENSG00000183696",-1.1675,8.0862,1.286e-05,0.0001403
"ENSG00000183718",0.2342,8.2709,0.1841,0.4058
"ENSG00000183722",0.6926,11.6163,2.719e-14,1.019e-12
"ENSG00000183723",0.788,9.4407,1.631e-08,3.048e-07
"ENSG00000183726",0.6934,11.3407,1.638e-13,5.736e-12
"ENSG00000183735",0.0379,9.7731,0.7231,0.8754
"ENSG00000183741",-0.0442,11.9209,0.6459,0.83
"ENSG00000183742",-0.4929,7.0728,0.5194,0.7421
"ENSG00000183751",0.0762,9.3134,0.5819,0.7884
"ENSG00000183762",-0.2575,11.2713,0.02111,0.0828
"ENSG00000183763",-0.752,7.4669,0.03608,0.1251
"ENSG00000183765",-0.3793,8.6344,0.03001,0.1088
"ENSG00000183773",0.3232,7.1777,0.5694,0.7798
"ENSG00000183775",-1.0432,7.8864,0.001156,0.007553
"ENSG00000183779",0.4101,10.467,0.02303,0.08883
"ENSG00000183793",0.2731,10.2398,0.004702,0.0248
"ENSG00000183801",-1.0345,10.5263,5.083e-16,2.297e-14
"ENSG00000183807",0.9529,7.0637,0.2152,0.447
"ENSG00000183808",0.0492,8.951,0.7499,0.8903
"ENSG00000183814",-0.6841,7.6397,0.02625,0.09835
"ENSG00000183826",0.2113,9.4272,0.05332,0.1684
"ENSG00000183828",-0.4284,7.9183,0.07676,0.2195
"ENSG00000183831",-2.0088,7.2728,0.0005136,0.00375
"ENSG00000183833",-0.1575,7.117,0.8111,0.9198
"ENSG00000183837",-1.1222,7.1817,0.05665,0.1763
"ENSG00000183840",0.8606,7.0955,0.2639,0.5083
"ENSG00000183853",-0.1761,12.7407,0.02462,0.09356
"ENSG00000183856",-0.2948,7.5741,0.3778,0.6245
"ENSG00000183864",0.3236,11.3036,0.0007492,0.005223
"ENSG00000183873",0.9067,8.3075,0.05246,0.1663
"ENSG00000183876",-1.6867,8.4356,7.424e-19,4.477e-17
"ENSG00000183878",-0.3333,8.3596,0.04713,0.1538
"ENSG00000183889",0.2672,10.7433,0.005191,0.027
"ENSG00000183891",0.5551,7.898,0.01709,0.07
"ENSG00000183929",0.4632,7.1142,0.4798,0.7129
"ENSG00000183935",-0.4313,8.0605,0.03249,0.1158
"ENSG00000183941",-0.5316,8.3893,0.002646,0.01526
"ENSG00000183943",-0.1345,8.7188,0.3404,0.5889
"ENSG00000183955",-0.3048,10.363,0.009544,0.04424
"ENSG00000183960",-0.348,6.9986,0.7199,0.874
"ENSG00000183963",-0.9163,10.5611,1.413e-14,5.513e-13
"ENSG00000183978",0.0764,9.2489,0.5808,0.7874
"ENSG00000184005",0.4144,7.2973,0.3992,0.6455
"ENSG00000184007",0.2637,12.0031,0.001455,0.009189
"ENSG00000184009",0.6178,15.6345,5.042e-08,8.725e-07
"ENSG00000184014",0.1698,11.8415,0.03184,0.114
"ENSG00000184047",-0.1853,7.8161,0.4546,0.6927
"ENSG00000184056",-0.0248,8.8057,0.8608,0.9426
"ENSG00000184060",-0.4827,7.2844,0.3326,0.5815
"ENSG00000184068",-0.2642,7.3622,0.5097,0.7348
"ENSG00000184076",0.0558,9.7032,0.5867,0.7912
"ENSG00000184083",0.3609,9.2995,0.001717,0.01057
"ENSG00000184100",-0.0693,8.381,0.6738,0.8469
"ENSG00000184106",-1.0955,6.949,0.3183,0.5669
"ENSG00000184110",-0.1369,12.9461,0.09095,0.2476
"ENSG00000184117",-0.2053,9.6887,0.05188,0.1649
"ENSG00000184139",-0.4751,7.4132,0.2366,0.4745
"ENSG00000184154",-0.2222,8.3097,0.2133,0.4444
"ENSG00000184156",2.4075,7.2396,3.942e-05,0.0003844
"ENSG00000184162",0.5343,7.7674,0.03062,0.1106
"ENSG00000184163",0.2245,7.2179,0.6743,0.847
"ENSG00000184164",-0.1583,9.8548,0.3752,0.6217
"ENSG00000184178",-0.1575,8.8823,0.2408,0.4803
"ENSG00000184182",0.0861,8.5267,0.5744,0.7833
"ENSG00000184185",0.9236,7.6247,0.001181,0.007672
"ENSG00000184194",-0.5622,8.1448,0.006379,0.0319
"ENSG00000184203",0.127,9.8596,0.2324,0.4688
"ENSG00000184205",-0.5411,9.8483,0.0004728,0.003481
"ENSG00000184206",0.0894,9.3038,0.5004,0.7284
"ENSG00000184207",0.2573,8.2117,0.1623,0.3743
"ENSG00000184208",-0.0765,9.2763,0.5121,0.7367
"ENSG00000184209",0.0744,8.5531,0.6159,0.8111
"ENSG00000184216",0.2605,11.3939,0.02131,0.08347
"ENSG00000184220",0.2292,8.4116,0.1603,0.3707
"ENSG00000184226",0.5361,7.4589,0.2019,0.4299
"ENSG00000184227",0.8596,8.6137,9.789e-07,1.322e-05
"ENSG00000184232",-0.2444,10.4067,0.115,0.2939
"ENSG00000184254",-1.0279,9.4158,3.814e-20,2.595e-18
"ENSG00000184258",0.042,7.6357,0.9134,0.9639
"ENSG00000184260",0.5967,7.1618,0.3254,0.5738
"ENSG00000184271",-0.3252,8.8679,0.0184,0.07436
"ENSG00000184277",0.0521,9.5086,0.6487,0.8316
"ENSG00000184281",0.1549,9.0233,0.2443,0.4844
"ENSG00000184292",0.3811,7.3933,0.4188,0.6631
"ENSG00000184304",0.7206,9.9035,8.117e-12,2.245e-10
"ENSG00000184307",1.7078,8.0118,2.281e-12,6.844e-11
"ENSG00000184319",-0.4848,9.9219,1.216e-05,0.0001339
"ENSG00000184343",-0.2688,7.551,0.4096,0.6558
"ENSG00000184347",-0.1166,13.7084,0.199,0.4263
"ENSG00000184348",0.0925,7.0298,0.9121,0.9636
"ENSG00000184349",0.1802,8.6972,0.2541,0.497
"ENSG00000184363",-0.27,7.0396,0.739,0.8842
"ENSG00000184368",-0.4784,6.9987,0.6445,0.8294
"ENSG00000184371",0.3881,11.6555,0.0003483,0.002671
"ENSG00000184374",-1.0793,7.3076,0.02044,0.08084
"ENSG00000184378",0.0943,7.8996,0.7373,0.8834
"ENSG00000184381",0.2193,8.959,0.1254,0.3125
"ENSG00000184384",0.0844,10.3012,0.4341,0.6763
"ENSG00000184402",-0.2461,8.6241,0.1359,0.3312
"ENSG00000184408",-1.5221,7.5739,4.654e-05,0.0004452
"ENSG00000184428",-0.0078,8.8025,0.9537,0.9816
"ENSG00000184432",-0.0996,12.1577,0.26,0.5041
"ENSG00000184436",-0.2798,8.7584,0.04257,0.1423
"ENSG00000184441",-0.0531,7.6112,0.8669,0.9446
"ENSG00000184445",-0.0113,8.6165,0.9379,0.9741
"ENSG00000184451",-0.4053,7.393,0.3488,0.5964
"ENSG00000184465",-0.4575,9.2698,0.0001351,0.001153
"ENSG00000184470",0.2233,8.9789,0.08622,0.2388
"ENSG00000184481",0.0533,9.5931,0.6795,0.8494
"ENSG00000184489",-0.4293,7.4865,0.2636,0.508
"ENSG00000184497",0.4069,7.445,0.2531,0.4957
"ENSG00000184500",0.2458,10.4314,0.0239,0.09146
"ENSG00000184508",-0.2829,7.6039,0.338,0.5864
"ENSG00000184517",-0.5061,8.4908,0.001025,0.006824
"ENSG00000184524",-0.193,7.6324,0.5242,0.7452
"ENSG00000184530",-0.0219,7.2086,0.968,0.9873
"ENSG00000184545",-1.6654,7.2858,0.002892,0.01649
"ENSG00000184551",-0.1769,7.2022,0.767,0.8978
"ENSG00000184557",-0.1038,10.4001,0.3289,0.5776
"ENSG00000184564",-3.1895,7.4952,1.687e-12,5.172e-11
"ENSG00000184575",-0.5853,11.8094,3.155e-08,5.656e-07
"ENSG00000184584",0.5471,10.4653,9.985e-05,0.00088
"ENSG00000184588",-0.1278,8.6673,0.4934,0.724
"ENSG00000184596",-0.1333,7.0427,0.8656,0.9444
"ENSG00000184602",0.1584,9.8072,0.337,0.5856
"ENSG00000184612",0.8998,7.1498,0.1624,0.3743
"ENSG00000184616",-0.0725,7.4735,0.8344,0.9311
"ENSG00000184619",-0.2408,7.1381,0.7219,0.8748
"ENSG00000184634",-0.2422,10.5256,0.01621,0.06719
"ENSG00000184635",-0.4297,7.5822,0.1543,0.3618
"ENSG00000184640",-0.4302,13.0396,4.668e-08,8.156e-07
"ENSG00000184661",-0.2319,7.5858,0.4766,0.7107
"ENSG00000184674",-0.0043,8.8199,0.975,0.9898
"ENSG00000184675",-0.0384,8.3797,0.8146,0.9217
"ENSG00000184677",-0.0623,10.0398,0.569,0.7797
"ENSG00000184678",0.0849,8.4913,0.7001,0.8621
"ENSG00000184702",-0.5087,8.9019,0.00202,0.01216
"ENSG00000184708",0.1476,9.3122,0.2089,0.4389
"ENSG00000184719",-0.0444,8.3807,0.7866,0.9082
"ENSG00000184743",0.7511,11.7857,1.619e-12,4.982e-11
"ENSG00000184752",-0.0063,8.9693,0.9627,0.9855
"ENSG00000184779",-0.0155,13.5039,0.8692,0.945
"ENSG00000184785",0.5672,8.8385,0.0001295,0.001112
"ENSG00000184786",-0.2329,7.1003,0.7577,0.894
"ENSG00000184787",0.1058,10.7474,0.2115,0.4423
"ENSG00000184788",0.9324,7.8893,5.877e-05,0.000548
"ENSG00000184792",-0.4804,7.3334,0.3135,0.5627
"ENSG00000184831",-0.1103,7.8421,0.6347,0.8238
"ENSG00000184838",0.327,8.7895,0.0766,0.2193
"ENSG00000184840",0.0177,11.6682,0.8627,0.9431
"ENSG00000184857",0.0861,7.9502,0.685,0.8532
"ENSG00000184860",0.0695,7.0534,0.9333,0.9726
"ENSG00000184863",0.1638,10.34,0.1214,0.3049
"ENSG00000184867",-0.4003,10.6694,1.332e-05,0.0001449
"ENSG00000184886",0.1871,7.9781,0.4164,0.6612
"ENSG00000184887",0.2369,9.7305,0.01819,0.07365
"ENSG00000184897",0.1211,9.1103,0.3185,0.5672
"ENSG00000184898",-0.7035,9.858,4.67e-11,1.193e-09
"ENSG00000184900",0.1493,10.8345,0.0678,0.2009
"ENSG00000184903",-0.0077,8.1336,0.97,0.9884
"ENSG00000184905",-0.3094,7.0375,0.7072,0.8663
"ENSG00000184908",0.4207,7.1048,0.5277,0.7481
"ENSG00000184916",-1.1911,7.453,0.003046,0.0172
"ENSG00000184922",-0.4462,9.0362,0.001193,0.007737
"ENSG00000184923",-0.0676,8.595,0.6542,0.8351
"ENSG00000184924",0.0385,8.1616,0.838,0.9326
"ENSG00000184939",-0.3282,9.8926,0.001484,0.00933
"ENSG00000184949",-0.7754,7.6998,0.006634,0.03291
"ENSG00000184961",-0.7499,7.5081,0.02513,0.09514
"ENSG00000184967",0.1643,8.4192,0.3158,0.5647
"ENSG00000184979",0.3606,8.0237,0.07676,0.2195
"ENSG00000184983",0.0298,9.6369,0.7755,0.9027
"ENSG00000184985",1.1827,7.78,3.312e-06,4.096e-05
"ENSG00000184986",0.0138,7.5194,0.9676,0.9871
"ENSG00000184988",-0.8501,7.7172,0.001482,0.009322
"ENSG00000184990",-0.0108,9.5467,0.9388,0.9746
"ENSG00000184992",0.2183,8.1729,0.2403,0.4796
"ENSG00000184995",-0.6361,7.249,0.2294,0.4654
"ENSG00000185000",0.2285,8.8709,0.08351,0.2333
"ENSG00000185008",-0.4775,7.7608,0.1279,0.3168
"ENSG00000185009",0.1149,10.4332,0.2052,0.4342
"ENSG00000185010",-0.0745,8.7084,0.6074,0.8059
"ENSG00000185013",0.4028,7.0395,0.629,0.8199
"ENSG00000185015",0.4195,7.2974,0.3469,0.5947
"ENSG00000185019",-0.0999,8.5394,0.5092,0.7347
"ENSG00000185020",0.6425,7.4455,0.08003,0.2262
"ENSG00000185022",1.2674,9.6306,2.153e-21,1.631e-19
"ENSG00000185024",-0.1006,9.3913,0.3697,0.6165
"ENSG00000185033",-0.0022,9.6138,0.9849,0.9937
"ENSG00000185040",-0.0226,7.32,0.9589,0.9842
"ENSG00000185043",-0.0042,9.6855,0.9721,0.9891
"ENSG00000185044",0.1399,7.414,0.7101,0.8679
"ENSG00000185046",0.0011,7.1109,0.9986,0.9993
"ENSG00000185049",-0.0667,9.1139,0.5776,0.7852
"ENSG00000185052",1.5548,7.427,9.65e-05,0.0008538
"ENSG00000185055",-0.7575,7.0547,0.348,0.5956
"ENSG00000185070",-0.7314,10.1893,1.361e-10,3.299e-09
"ENSG00000185085",0.1931,9.2506,0.1109,0.2868
"ENSG00000185087",1.1697,7.0449,0.155,0.3628
"ENSG00000185088",0.1078,11.6529,0.1961,0.4222
"ENSG00000185090",-0.0398,7.3474,0.9303,0.9719
"ENSG00000185100",-0.703,8.3214,0.009238,0.04314
"ENSG00000185104",0.1464,9.857,0.1637,0.376
"ENSG00000185112",1.1382,9.7,4.157e-11,1.069e-09
"ENSG00000185115",-0.1371,9.1485,0.2672,0.5119
"ENSG00000185122",0.4064,10.3204,6.013e-05,0.0005586
"ENSG00000185127",0.1252,10.6394,0.1581,0.3674
"ENSG00000185128",-0.0535,9.6715,0.7119,0.8688
"ENSG00000185129",0.1373,9.1639,0.281,0.5282
"ENSG00000185158",-0.0133,8.4735,0.9346,0.9728
"ENSG00000185163",0.4402,8.6891,0.003127,0.01752
"ENSG00000185164",-0.0142,12.3997,0.8566,0.9408
"ENSG00000185187",0.2997,8.4519,0.05792,0.1793
"ENSG00000185189",0.4936,10.5775,3.188e-06,3.964e-05
"ENSG00000185201",0.1998,11.5969,0.009307,0.04339
"ENSG00000185215",-0.8769,9.9859,2.49e-13,8.586e-12
"ENSG00000185219",-0.4735,9.6556,3.269e-05,0.0003243
"ENSG00000185220",-0.4016,7.795,0.1342,0.3278
"ENSG00000185222",0.6685,11.5092,8.954e-13,2.847e-11
"ENSG00000185236",0.1195,10.774,0.16,0.3704
"ENSG00000185238",-0.1152,8.6539,0.4241,0.6681
"ENSG00000185245",-0.1728,7.3312,0.691,0.8573
"ENSG00000185246",0.0425,9.6166,0.7327,0.8805
"ENSG00000185250",0.1174,7.6595,0.7031,0.8634
"ENSG00000185252",-0.81,8.2877,3.046e-06,3.803e-05
"ENSG00000185261",0.3733,7.9189,0.101,0.2671
"ENSG00000185262",0.8867,9.126,1.008e-05,0.000113
"ENSG00000185267",-0.7485,7.6783,0.006283,0.0315
"ENSG00000185274",1.2559,7.3429,0.00578,0.0294
"ENSG00000185278",-0.1089,9.2716,0.3765,0.623
"ENSG00000185291",0.2609,7.748,0.334,0.5832
"ENSG00000185298",0.287,9.2261,0.05066,0.1621
"ENSG00000185304",-0.0809,9.0354,0.5117,0.7364
"ENSG00000185305",0.0262,9.7513,0.8696,0.945
"ENSG00000185324",-0.035,9.4877,0.7774,0.9037
"ENSG00000185338",-1.2116,8.6034,1.225e-12,3.821e-11
"ENSG00000185339",-0.2479,8.9361,0.06179,0.1881
"ENSG00000185340",0.2075,9.08,0.1515,0.358
"ENSG00000185344",0.4626,9.3177,0.0001144,0.0009955
"ENSG00000185345",-0.1143,7.8296,0.6927,0.8585
"ENSG00000185347",0.2014,7.3525,0.6556,0.836
"ENSG00000185359",0.233,10.6786,0.01487,0.06269
"ENSG00000185361",0.3495,8.0626,0.07498,0.216
"ENSG00000185379",-0.3324,8.2002,0.06282,0.1902
"ENSG00000185386",0.4736,8.9291,0.0002294,0.001843
"ENSG00000185390",0.23,7.5672,0.4701,0.7047
"ENSG00000185404",-0.0964,9.0581,0.5075,0.7337
"ENSG00000185418",-0.8015,8.5395,4.565e-07,6.612e-06
"ENSG00000185420",-0.2831,8.8367,0.07132,0.2085
"ENSG00000185432",2.2494,11.5865,2.149e-42,5.167e-40
"ENSG00000185437",-0.4732,7.8524,0.06706,0.1994
"ENSG00000185442",0.9166,7.91,0.00133,0.008523
"ENSG00000185453",0.136,8.1665,0.459,0.6963
"ENSG00000185475",0.0892,8.9827,0.5016,0.7294
"ENSG00000185480",-0.6805,8.2187,0.002922,0.01664
"ENSG00000185482",-0.6511,7.2409,0.2228,0.4564
"ENSG00000185483",0.3931,10.4479,0.0001236,0.001066
"ENSG00000185485",-0.1353,9.21,0.2868,0.5354
"ENSG00000185499",0.8232,9.1523,3.725e-08,6.598e-07
"ENSG00000185504",-0.2996,9.5039,0.03089,0.1113
"ENSG00000185507",0.0292,8.3329,0.8594,0.9423
"ENSG00000185513",-0.2727,8.192,0.1733,0.3905
"ENSG00000185515",0.1454,9.2536,0.2318,0.468
"ENSG00000185522",0.2238,7.0512,0.779,0.9045
"ENSG00000185532",-0.5164,10.6124,4.071e-08,7.175e-07
"ENSG00000185551",0.7735,11.6564,2.564e-06,3.231e-05
"ENSG00000185561",1.0086,8.4086,8.941e-08,1.464e-06
"ENSG00000185565",0.159,11.7555,0.06903,0.2035
"ENSG00000185567",-0.5228,12.0934,0.0005156,0.003761
"ENSG00000185585",-1.5591,10.4232,3.117e-05,0.0003109
"ENSG00000185591",-0.0664,11.1168,0.4557,0.6934
"ENSG00000185596",-0.1385,10.3449,0.1926,0.4174
"ENSG00000185607",1.1492,7.0191,0.2094,0.4397
"ENSG00000185608",0.1594,9.3331,0.1488,0.3533
"ENSG00000185614",0.042,7.7029,0.8809,0.9501
"ENSG00000185619",0.132,10.0473,0.2452,0.4857
"ENSG00000185621",-0.2544,9.2096,0.03652,0.1263
"ENSG00000185624",-0.0283,13.672,0.7631,0.897
"ENSG00000185627",0.0264,10.4345,0.7669,0.8978
"ENSG00000185630",-0.1497,11.9465,0.1664,0.3799
"ENSG00000185633",-0.3404,8.7085,0.04795,0.1558
"ENSG00000185634",-0.879,7.4608,0.01216,0.05362
"ENSG00000185641",0.0876,10.3625,0.3732,0.6197
"ENSG00000185650",-0.6419,11.9719,5.998e-09,1.194e-07
"ENSG00000185651",0.1516,10.8705,0.08548,0.2373
"ENSG00000185652",-0.1917,8.862,0.2105,0.4411
"ENSG00000185658",0.0244,10.6216,0.7835,0.9065
"ENSG00000185664",0.1042,7.3373,0.8163,0.9223
"ENSG00000185669",-1.113,7.0599,0.1883,0.4116
"ENSG00000185670",-0.162,7.8728,0.4793,0.7125
"ENSG00000185684",-0.1846,8.5643,0.2504,0.4925
"ENSG00000185689",-0.3018,7.0939,0.6677,0.8426
"ENSG00000185697",-0.8959,7.8694,0.005439,0.02801
"ENSG00000185710",0.0122,9.129,0.9238,0.9681
"ENSG00000185716",0.8612,9.238,8.764e-10,1.958e-08
"ENSG00000185721",0.1897,9.7138,0.06597,0.197
"ENSG00000185722",-0.0102,11.103,0.9067,0.9615
"ENSG00000185728",-0.0224,11.2219,0.7954,0.9123
"ENSG00000185730",-0.0673,8.0649,0.7717,0.9005
"ENSG00000185742",-0.2101,7.1107,0.7851,0.9072
"ENSG00000185745",-1.6641,8.6132,3.366e-20,2.317e-18
"ENSG00000185753",0.0858,8.2334,0.6316,0.8214
"ENSG00000185760",-0.9063,7.4878,0.01473,0.06224
"ENSG00000185761",0.2243,9.1471,0.06873,0.2029
"ENSG00000185774",-0.1541,7.3345,0.7287,0.8781
"ENSG00000185787",0.2837,12.8662,0.001225,0.007915
"ENSG00000185798",-0.0535,8.0488,0.7991,0.9136
"ENSG00000185800",0.2725,9.6668,0.01729,0.07067
"ENSG00000185803",0.4053,9.2631,0.002342,0.01379
"ENSG00000185808",-0.0054,8.5551,0.9715,0.9891
"ENSG00000185813",1.1164,9.3127,1.547e-21,1.198e-19
"ENSG00000185825",0.2244,11.0809,0.0057,0.02909
"ENSG00000185829",-0.3513,8.6027,0.03986,0.1353
"ENSG00000185834",-0.1807,9.6403,0.1293,0.3194
"ENSG00000185838",0.2494,7.7691,0.3534,0.6009
"ENSG00000185839",-0.0704,8.0757,0.7227,0.8752
"ENSG00000185842",-0.5801,7.7195,0.03457,0.1215
"ENSG00000185862",-0.5357,7.2416,0.3388,0.5874
"ENSG00000185864",0.1344,10.0035,0.3489,0.5966
"ENSG00000185869",-0.0077,8.1051,0.9682,0.9873
"ENSG00000185875",-0.8454,7.8434,0.002072,0.01243
"ENSG00000185880",-0.4388,9.5902,0.0002427,0.001937
"ENSG00000185885",-0.1375,8.958,0.3539,0.6012
"ENSG00000185896",-0.0026,13.4427,0.9705,0.9887
"ENSG00000185900",-0.1978,7.6201,0.5569,0.7705
"ENSG00000185904",0.0144,8.1302,0.9419,0.9757
"ENSG00000185909",0.0244,9.3841,0.8688,0.9449
"ENSG00000185917",-0.268,8.8297,0.04725,0.154
"ENSG00000185920",0.2625,10.2101,0.07317,0.2122
"ENSG00000185928",-0.4153,7.7541,0.1,0.2655
"ENSG00000185946",-0.0033,9.052,0.9801,0.9917
"ENSG00000185947",0.0684,8.2214,0.7061,0.8656
"ENSG00000185950",2.1243,10.7755,4.956e-40,1.027e-37
"ENSG00000185963",0.1645,10.2318,0.09886,0.2634
"ENSG00000185972",-1.4355,7.2251,0.006197,0.03118
"ENSG00000185973",-0.3399,8.723,0.01533,0.06428
"ENSG00000185986",0.023,8.7399,0.8675,0.9448
"ENSG00000185989",0.1231,10.3379,0.2605,0.5046
"ENSG00000185990",0.2491,8.6218,0.09091,0.2475
"ENSG00000186001",0.0914,10.5915,0.3264,0.5748
"ENSG00000186010",0.5423,7.174,0.3781,0.6248
"ENSG00000186017",-0.2882,8.347,0.0907,0.2472
"ENSG00000186019",-0.4868,7.0212,0.5914,0.7944
"ENSG00000186020",-0.1735,8.7098,0.2255,0.4602
"ENSG00000186026",0.0309,7.8392,0.9045,0.9612
"ENSG00000186056",-0.742,7.229,0.1636,0.376
"ENSG00000186063",0.3693,11.9034,5.938e-05,0.0005528
"ENSG00000186073",-0.6638,8.9931,4.207e-07,6.163e-06
"ENSG00000186076",0.0117,11.56,0.9369,0.9734
"ENSG00000186088",0.5498,8.3889,0.001019,0.006789
"ENSG00000186104",-0.1248,8.3849,0.4953,0.7249
"ENSG00000186106",-0.1285,8.1164,0.5106,0.7355
"ENSG00000186111",0.06,11.3114,0.4668,0.7024
"ENSG00000186130",0.0787,8.7367,0.5737,0.7826
"ENSG00000186132",0.0133,7.955,0.9506,0.98
"ENSG00000186141",0.0942,9.7076,0.3658,0.6131
"ENSG00000186148",-0.0475,7.145,0.941,0.9754
"ENSG00000186153",-0.1178,8.4761,0.4659,0.7015
"ENSG00000186162",-0.1618,8.4585,0.3536,0.601
"ENSG00000186166",-0.1715,8.4249,0.3041,0.5532
"ENSG00000186174",0.1487,11.2253,0.1048,0.2753
"ENSG00000186184",-0.0353,10.0719,0.7657,0.8977
"ENSG00000186185",0.0133,7.0642,0.9876,0.9948
"ENSG00000186187",0.0519,9.3377,0.7176,0.8725
"ENSG00000186198",-1.6265,7.6715,6.429e-08,1.088e-06
"ENSG00000186205",-0.3487,7.8266,0.1517,0.3581
"ENSG00000186222",-0.0374,8.457,0.8103,0.9196
"ENSG00000186230",-0.1717,7.6073,0.5621,0.7744
"ENSG00000186260",-0.4411,9.5761,1.809e-05,0.000192
"ENSG00000186272",-0.2848,7.8617,0.2312,0.4673
"ENSG00000186275",-0.1781,11.0614,0.05066,0.1621
"ENSG00000186280",-0.4109,7.3083,0.3603,0.6072
"ENSG00000186281",0.0303,7.7757,0.9141,0.9643
"ENSG00000186283",0.1546,9.6536,0.1475,0.351
"ENSG00000186298",0.091,11.0772,0.2818,0.5291
"ENSG00000186300",-0.1066,8.2802,0.5371,0.7559
"ENSG00000186301",0.2314,8.0002,0.2756,0.5214
"ENSG00000186310",-0.9887,7.9187,3.638e-05,0.0003565
"ENSG00000186312",0.1311,8.2588,0.4548,0.6928
"ENSG00000186314",1.1523,7.5631,0.001342,0.008585
"ENSG00000186318",-0.0083,11.7238,0.9357,0.9732
"ENSG00000186322",-0.1306,8.314,0.4558,0.6935
"ENSG00000186340",-0.5257,13.7914,5.524e-06,6.575e-05
"ENSG00000186350",0.2269,10.9529,0.01158,0.05161
"ENSG00000186352",0.3578,7.6758,0.1853,0.4073
"ENSG00000186354",-0.2042,7.4976,0.6168,0.8116
"ENSG00000186364",-0.8281,7.6252,0.004386,0.0234
"ENSG00000186376",-0.0025,9.2198,0.9825,0.9924
"ENSG00000186377",-0.874,7.368,0.04164,0.1399
"ENSG00000186395",0.3615,8.5564,0.03622,0.1254
"ENSG00000186399",-0.3647,8.5477,0.01366,0.05865
"ENSG00000186409",-0.4341,7.6735,0.1144,0.2929
"ENSG00000186416",0.2673,8.3441,0.1061,0.2774
"ENSG00000186417",-0.3606,9.9392,0.07091,0.2075
"ENSG00000186432",0.1553,10.9849,0.1277,0.3165
"ENSG00000186446",-0.225,7.9175,0.3191,0.5677
"ENSG00000186448",-0.223,9.4279,0.04213,0.1413
"ENSG00000186462",0.8397,7.6924,0.003108,0.01744
"ENSG00000186468",-0.0059,11.6494,0.9417,0.9757
"ENSG00000186469",-1.1076,8.7938,5.789e-12,1.649e-10
"ENSG00000186470",-0.5374,9.5787,2.331e-06,2.959e-05
"ENSG00000186480",-0.971,8.7928,4.527e-07,6.562e-06
"ENSG00000186493",0.1693,7.9797,0.4168,0.6614
"ENSG00000186496",-0.2293,7.9323,0.3163,0.565
"ENSG00000186501",0.0241,9.7463,0.8198,0.9236
"ENSG00000186510",-0.2163,7.063,0.774,0.9019
"ENSG00000186517",-0.5048,7.0344,0.5431,0.7603
"ENSG00000186522",-0.0098,11.4488,0.9114,0.9633
"ENSG00000186523",-0.2219,8.2389,0.2862,0.5348
"ENSG00000186532",-0.2082,8.684,0.1428,0.3428
"ENSG00000186564",0.3251,7.2974,0.4667,0.7024
"ENSG00000186566",0.0028,10.695,0.9751,0.9898
"ENSG00000186567",-0.0501,9.2122,0.7292,0.8784
"ENSG00000186575",1.0158,11.3546,2.832e-18,1.596e-16
"ENSG00000186577",-0.0669,8.9648,0.5931,0.7956
"ENSG00000186591",0.0913,12.6416,0.2911,0.5396
"ENSG00000186594",0.8407,10.5735,2.811e-20,1.95e-18
"ENSG00000186603",0.1098,7.0005,0.9038,0.9611
"ENSG00000186615",0.1543,7.9281,0.5917,0.7946
"ENSG00000186625",0.0979,9.1726,0.4766,0.7107
"ENSG00000186635",-0.1868,11.3441,0.05501,0.1721
"ENSG00000186638",-0.1371,7.4166,0.7217,0.8748
"ENSG00000186645",-0.0726,7.4645,0.8393,0.9331
"ENSG00000186654",-0.1294,8.668,0.3606,0.6075
"ENSG00000186660",-0.0497,10.8134,0.6586,0.8384
"ENSG00000186665",-0.7337,8.7731,1.561e-05,0.0001679
"ENSG00000186666",-0.2826,7.5666,0.3529,0.6003
"ENSG00000186687",-0.184,9.1349,0.1279,0.3168
"ENSG00000186704",0.2709,7.2847,0.5748,0.7834
"ENSG00000186715",0.0895,7.787,0.7288,0.8781
"ENSG00000186716",0.0605,10.0046,0.5745,0.7833
"ENSG00000186743",0.2252,7.3488,0.6136,0.8101
"ENSG00000186765",0.43,7.3528,0.4003,0.6465
"ENSG00000186767",-0.2862,7.8231,0.2524,0.4953
"ENSG00000186787",0.0017,8.1697,0.9926,0.997
"ENSG00000186792",0.5147,7.6253,0.09081,0.2473
"ENSG00000186806",-0.0766,7.4271,0.8601,0.9425
"ENSG00000186812",-0.3236,9.1147,0.02237,0.08682
"ENSG00000186814",-0.3607,9.263,0.002589,0.01499
"ENSG00000186815",0.4171,10.9734,0.0001698,0.00141
"ENSG00000186825",0.2006,7.2229,0.6931,0.8586
"ENSG00000186834",0.1398,10.2438,0.3036,0.5527
"ENSG00000186854",-0.7297,8.0351,0.00108,0.007137
"ENSG00000186862",0.4433,7.3368,0.3344,0.5836
"ENSG00000186866",-0.0915,10.8885,0.271,0.5163
"ENSG00000186868",-0.9343,7.5556,0.007047,0.03469
"ENSG00000186871",-0.4853,7.0562,0.5317,0.7516
"ENSG00000186889",-0.3611,7.9681,0.09673,0.2589
"ENSG00000186907",-1.074,7.6153,0.0002647,0.002095
"ENSG00000186908",-0.1291,10.0666,0.166,0.3794
"ENSG00000186918",0.7755,10.8849,1.166e-06,1.56e-05
"ENSG00000186940",0.1901,7.8877,0.4952,0.7248
"ENSG00000186951",0.2902,10.0674,0.006004,0.03036
"ENSG00000186952",-1.1295,7.7961,0.0001228,0.00106
"ENSG00000186976",-0.4393,7.6954,0.1111,0.287
"ENSG00000186994",0.5313,7.1577,0.4329,0.6753
"ENSG00000186998",-2.2065,7.0253,0.01523,0.06394
"ENSG00000187008",0.1246,7.1811,0.8375,0.9326
"ENSG00000187010",-0.9754,7.0975,0.1836,0.4048
"ENSG00000187013",-0.4656,7.3094,0.2874,0.536
"ENSG00000187049",-0.2387,8.4111,0.1659,0.3794
"ENSG00000187051",0.29,9.7228,0.004673,0.02469
"ENSG00000187060",-0.7628,7.5826,0.0162,0.06718
"ENSG00000187066",0.0866,7.1354,0.8915,0.955
"ENSG00000187068",-8e-04,7.145,0.9989,0.9994
"ENSG00000187079",0.725,13.0208,1.185e-13,4.223e-12
"ENSG00000187091",0.1877,9.7173,0.1327,0.3255
"ENSG00000187094",1.3424,7.3811,0.007487,0.03653
"ENSG00000187097",0.3036,9.0548,0.03602,0.125
"ENSG00000187098",0.2747,10.5809,0.0231,0.08904
"ENSG00000187105",-0.5095,7.1058,0.4919,0.7227
"ENSG00000187109",0.4556,13.566,1.138e-05,0.000126
"ENSG00000187118",0.4308,8.3216,0.0178,0.07234
"ENSG00000187123",-0.1338,7.0911,0.8541,0.9398
"ENSG00000187134",0.9359,13.6556,0.05483,0.1718
"ENSG00000187145",0.1192,10.0032,0.2207,0.4535
"ENSG00000187147",0.2191,9.7608,0.04129,0.1391
"ENSG00000187151",1.2916,7.2958,0.02719,0.1011
"ENSG00000187164",-0.055,8.4127,0.7796,0.9047
"ENSG00000187172",0.1762,7.1573,0.7643,0.8973
"ENSG00000187187",-0.4235,7.9833,0.04816,0.1562
"ENSG00000187189",-0.4469,9.4108,8.482e-05,0.0007613
"ENSG00000187193",3.1558,7.4793,2.226e-15,9.424e-14
"ENSG00000187210",0.7177,10.8083,0.03873,0.1323
"ENSG00000187231",-0.1366,10.5787,0.3073,0.5562
"ENSG00000187239",0.8291,10.9337,9.443e-19,5.583e-17
"ENSG00000187240",0.068,11.0076,0.4374,0.6793
"ENSG00000187243",-0.3714,10.2799,0.0007161,0.005012
"ENSG00000187244",-0.3416,9.5277,0.00359,0.01972
"ENSG00000187257",-0.0673,9.1886,0.5914,0.7944
"ENSG00000187260",0.4246,7.1331,0.5259,0.7467
"ENSG00000187266",-0.3008,8.264,0.1012,0.2677
"ENSG00000187288",3.6067,7.2845,4.098e-09,8.359e-08
"ENSG00000187325",-0.1067,9.2557,0.391,0.6369
"ENSG00000187372",-0.6142,7.8263,0.01249,0.05475
"ENSG00000187391",-0.0637,9.3713,0.5999,0.8
"ENSG00000187446",0.4525,11.3293,1.391e-07,2.216e-06
"ENSG00000187479",1.1113,7.6097,0.0006891,0.004854
"ENSG00000187492",0.3254,7.1694,0.5718,0.7813
"ENSG00000187498",1.3157,11.1235,1.475e-27,1.822e-25
"ENSG00000187514",-0.0524,13.016,0.5926,0.7953
"ENSG00000187522",0.0743,9.2216,0.5235,0.7447
"ENSG00000187531",0.2284,8.6352,0.1052,0.276
"ENSG00000187534",0.3875,9.3953,0.0009855,0.006597
"ENSG00000187535",-0.1091,9.966,0.2665,0.511
"ENSG00000187554",-0.0844,7.0127,0.9297,0.9715
"ENSG00000187555",0.0575,10.9356,0.5379,0.7564
"ENSG00000187556",-0.5095,7.079,0.5013,0.7292
"ENSG00000187566",-0.1696,7.6049,0.6258,0.8176
"ENSG00000187583",-0.1689,7.2256,0.7499,0.8903
"ENSG00000187601",-0.2622,9.1792,0.02281,0.08813
"ENSG00000187605",-0.4268,8.7101,0.002035,0.01224
"ENSG00000187607",-0.5281,8.4326,0.0007587,0.005283
"ENSG00000187608",-0.1224,8.5423,0.4721,0.7065
"ENSG00000187609",0.0313,8.5307,0.8508,0.9382
"ENSG00000187624",-0.5338,7.6314,0.08914,0.244
"ENSG00000187626",-0.3236,8.237,0.09296,0.2513
"ENSG00000187627",-0.0736,9.0299,0.5565,0.7702
"ENSG00000187630",0.1146,9.1086,0.3375,0.5861
"ENSG00000187634",-1.6304,7.7417,4.334e-06,5.238e-05
"ENSG00000187650",-0.1444,7.9741,0.5467,0.7633
"ENSG00000187653",-0.1817,12.5459,0.1113,0.2873
"ENSG00000187667",0.3413,8.5068,0.03788,0.1301
"ENSG00000187676",0.3024,8.8077,0.04212,0.1413
"ENSG00000187678",0.3137,8.1859,0.2323,0.4686
"ENSG00000187688",0.0583,8.994,0.6612,0.8404
"ENSG00000187699",-0.2998,7.8537,0.2312,0.4673
"ENSG00000187713",0.0551,9.4478,0.6143,0.8101
"ENSG00000187720",-0.7439,11.6092,9.398e-09,1.816e-07
"ENSG00000187733",1.2618,7.1294,0.05977,0.1835
"ENSG00000187735",-0.2803,11.331,0.00355,0.01952
"ENSG00000187741",-0.5958,7.7099,0.04773,0.1552
"ENSG00000187742",-0.0951,9.6875,0.3788,0.6255
"ENSG00000187758",1.1583,9.5088,3.788e-13,1.274e-11
"ENSG00000187764",-0.08,8.5378,0.6313,0.8212
"ENSG00000187775",0.2098,7.5897,0.4852,0.7172
"ENSG00000187778",0.1576,9.8979,0.1098,0.2847
"ENSG00000187786",0.4229,7.0654,0.5941,0.7961
"ENSG00000187790",-0.2464,8.2918,0.1559,0.3642
"ENSG00000187792",-0.4874,8.0745,0.02589,0.09746
"ENSG00000187796",0.0811,7.3974,0.8378,0.9326
"ENSG00000187800",-0.2434,8.1852,0.2629,0.5075
"ENSG00000187801",-1.0417,7.3842,0.01103,0.04981
"ENSG00000187808",0.8774,7.1512,0.202,0.4301
"ENSG00000187815",-0.0162,7.8395,0.9449,0.9765
"ENSG00000187824",0.0487,8.1841,0.7934,0.9115
"ENSG00000187837",0.2797,8.5827,0.2983,0.5471
"ENSG00000187840",-0.295,8.8925,0.02889,0.1057
"ENSG00000187860",-0.2288,7.5854,0.4732,0.7073
"ENSG00000187866",-0.3432,9.1054,0.007788,0.03766
"ENSG00000187867",-0.4742,7.0579,0.5495,0.7652
"ENSG00000187942",-0.1832,7.2733,0.6944,0.8595
"ENSG00000187950",0.7526,7.1818,0.1764,0.395
"ENSG00000187951",-0.1501,8.3383,0.4708,0.7054
"ENSG00000187952",0.4515,8.3881,0.06651,0.1982
"ENSG00000187953",-0.1175,8.7358,0.4106,0.6567
"ENSG00000187954",0.0985,10.0717,0.3872,0.633
"ENSG00000187955",-0.8646,12.5503,3.58e-08,6.361e-07
"ENSG00000187957",2.0155,7.097,0.01438,0.06101
"ENSG00000187961",0.0159,8.572,0.9312,0.9723
"ENSG00000187987",-0.7757,7.7587,0.01178,0.0523
"ENSG00000187990",-0.6209,7.0787,0.4135,0.659
"ENSG00000187994",0.44,7.6693,0.1402,0.3388
"ENSG00000188001",0.1041,7.124,0.8791,0.9494
"ENSG00000188002",-0.0941,8.2736,0.584,0.7897
"ENSG00000188004",-0.331,7.3466,0.4342,0.6763
"ENSG00000188010",0.142,8.4937,0.3598,0.6069
"ENSG00000188013",0.1877,7.7513,0.5527,0.7676
"ENSG00000188015",-0.7902,8.1843,3.433e-05,0.000339
"ENSG00000188021",-0.104,10.3926,0.2642,0.5087
"ENSG00000188026",-0.0427,8.8148,0.7721,0.9007
"ENSG00000188033",0.239,7.443,0.5075,0.7336
"ENSG00000188042",-0.8013,10.4399,1.1e-17,5.749e-16
"ENSG00000188051",-0.6795,7.075,0.3819,0.6285
"ENSG00000188060",-0.5395,7.8083,0.02842,0.1044
"ENSG00000188070",-0.4126,10.3226,0.00181,0.01107
"ENSG00000188073",-0.0202,7.4032,0.9572,0.9838
"ENSG00000188092",-0.0324,9.45,0.7948,0.912
"ENSG00000188095",0.095,7.0609,0.9003,0.9593
"ENSG00000188107",0.4681,7.2895,0.3347,0.5838
"ENSG00000188112",0.6488,8.9753,2.326e-05,0.000241
"ENSG00000188130",0.2019,9.3543,0.1277,0.3165
"ENSG00000188152",-0.3489,7.1372,0.5737,0.7826
"ENSG00000188153",-0.8741,9.2423,7.763e-12,2.154e-10
"ENSG00000188157",-0.1787,10.9859,0.09216,0.2497
"ENSG00000188158",-0.471,9.3789,0.001411,0.008959
"ENSG00000188167",0.1378,7.3423,0.7509,0.8907
"ENSG00000188171",-0.3102,8.1917,0.08561,0.2375
"ENSG00000188176",-3.2477,7.6026,1.395e-17,7.21e-16
"ENSG00000188177",-0.1002,8.9711,0.4284,0.6715
"ENSG00000188185",-0.2906,8.2583,0.1766,0.3952
"ENSG00000188186",0.1372,9.7341,0.1713,0.3876
"ENSG00000188191",-0.1619,9.1299,0.1939,0.4193
"ENSG00000188199",0.0633,8.4057,0.7005,0.8622
"ENSG00000188206",-0.2069,8,0.3543,0.6018
"ENSG00000188211",-0.1776,7.9907,0.4118,0.6577
"ENSG00000188215",0.75,9.5403,1.871e-11,5.007e-10
"ENSG00000188227",-0.9555,7.7199,0.0008774,0.005973
"ENSG00000188229",-0.2217,10.9972,0.2475,0.489
"ENSG00000188234",-0.1519,8.7877,0.2666,0.5111
"ENSG00000188242",-0.1695,7.8505,0.4721,0.7065
"ENSG00000188243",0.2194,10.281,0.01341,0.05782
"ENSG00000188257",0.9717,7.9362,1.981e-05,0.0002079
"ENSG00000188266",-0.0148,7.4658,0.9666,0.9868
"ENSG00000188277",0.0897,7.5836,0.7639,0.8973
"ENSG00000188283",-0.2883,8.131,0.1632,0.3755
"ENSG00000188290",1.0893,7.1693,0.07241,0.2108
"ENSG00000188295",-0.2772,7.8525,0.2327,0.4689
"ENSG00000188312",-1.2964,7.889,8.237e-08,1.363e-06
"ENSG00000188313",0.1112,10.2112,0.348,0.5956
"ENSG00000188315",0.4954,8.3259,0.03175,0.1138
"ENSG00000188316",-0.4109,7.3127,0.396,0.6417
"ENSG00000188321",-0.3363,8.3592,0.0516,0.1642
"ENSG00000188342",-0.3707,8.914,0.008692,0.04109
"ENSG00000188343",0.1139,10.1404,0.229,0.465
"ENSG00000188352",-0.1685,9.8703,0.1266,0.3147
"ENSG00000188368",-1.2773,7.1304,0.05306,0.1679
"ENSG00000188372",0.0368,7.9212,0.8701,0.945
"ENSG00000188375",-0.2609,7.6665,0.3729,0.6194
"ENSG00000188383",0.0045,7.0904,0.9948,0.9979
"ENSG00000188384",-0.4697,8.7367,0.01209,0.05335
"ENSG00000188385",-1.3609,7.1815,0.02029,0.08048
"ENSG00000188388",0.0799,8.2871,0.6729,0.8463
"ENSG00000188396",-0.8442,7.1904,0.1327,0.3255
"ENSG00000188404",-1.3605,7.0002,0.1587,0.3684
"ENSG00000188419",-0.1148,9.7618,0.2846,0.5327
"ENSG00000188428",-0.3455,8.5829,0.0185,0.07467
"ENSG00000188452",0.6441,9.5156,9.633e-07,1.305e-05
"ENSG00000188459",0.2516,8.0732,0.2586,0.5029
"ENSG00000188483",-0.7018,8.9603,1.57e-06,2.062e-05
"ENSG00000188486",0.0778,8.6453,0.6442,0.8294
"ENSG00000188488",0.4413,7.0182,0.6128,0.8098
"ENSG00000188493",-0.2515,8.7173,0.07413,0.2142
"ENSG00000188501",-3.0016,7.0598,0.000998,0.006668
"ENSG00000188517",0.3044,7.0936,0.6586,0.8384
"ENSG00000188522",-0.0525,8.5924,0.7509,0.8907
"ENSG00000188529",0.1376,10.6839,0.1955,0.4213
"ENSG00000188536",-2.1858,7.1106,0.002236,0.01326
"ENSG00000188542",0.0732,7.6393,0.8029,0.9155
"ENSG00000188549",0.12,10.2748,0.1822,0.4031
"ENSG00000188554",0.1255,12.4635,0.175,0.3927
"ENSG00000188559",-0.1278,8.8913,0.3478,0.5956
"ENSG00000188566",0.2603,8.749,0.07669,0.2194
"ENSG00000188573",-1.2593,7.1535,0.04503,0.1485
"ENSG00000188580",1.8698,7.0099,0.05338,0.1686
"ENSG00000188596",-1.1017,7.4451,0.005633,0.0288
"ENSG00000188599",0.2711,8.0502,0.207,0.4362
"ENSG00000188603",0.737,7.3125,0.1264,0.3141
"ENSG00000188610",-0.1037,7.6987,0.7003,0.8621
"ENSG00000188611",-0.2725,7.9142,0.253,0.4956
"ENSG00000188612",-0.1699,11.0874,0.07713,0.2203
"ENSG00000188613",0.6846,8.131,0.002581,0.01496
"ENSG00000188626",-0.1048,7.6234,0.7138,0.8699
"ENSG00000188636",-0.2184,10.2219,0.0744,0.2147
"ENSG00000188641",0.1142,11.2867,0.2073,0.4365
"ENSG00000188643",0.0163,10.3778,0.881,0.9502
"ENSG00000188647",0.225,10.7782,0.01105,0.04986
"ENSG00000188659",-0.423,7.3877,0.3192,0.5678
"ENSG00000188672",-0.7621,7.1452,0.2381,0.4764
"ENSG00000188677",0.0928,9.4424,0.4155,0.6605
"ENSG00000188681",0.1704,9.0533,0.2227,0.4563
"ENSG00000188686",0.2575,7.1439,0.7124,0.869
"ENSG00000188687",-0.1569,7.1209,0.8257,0.9263
"ENSG00000188690",-0.098,9.9243,0.315,0.564
"ENSG00000188706",0.7495,10.7667,4.886e-13,1.617e-11
"ENSG00000188707",-0.9916,7.0398,0.2299,0.4658
"ENSG00000188725",0.0533,9.8918,0.6312,0.8212
"ENSG00000188732",0.8311,7.4272,0.05411,0.17
"ENSG00000188735",0.0051,8.9108,0.9756,0.9899
"ENSG00000188738",0.2479,7.3799,0.5577,0.7711
"ENSG00000188739",0.3052,7.2048,0.5617,0.7742
"ENSG00000188747",-0.1463,7.4199,0.7084,0.867
"ENSG00000188755",-0.3372,7.3661,0.4161,0.661
"ENSG00000188760",0.1679,8.1602,0.3932,0.6389
"ENSG00000188763",-0.4764,7.0952,0.5198,0.7425
"ENSG00000188765",-0.2004,7.7776,0.5066,0.7333
"ENSG00000188766",0.1093,7.2716,0.8275,0.9275
"ENSG00000188779",0.9882,7.0706,0.1781,0.3975
"ENSG00000188783",0.0123,13.7347,0.9212,0.967
"ENSG00000188785",0.0231,8.4106,0.8864,0.9537
"ENSG00000188786",0.2703,9.583,0.01255,0.05491
"ENSG00000188801",-0.1216,8.8298,0.3697,0.6165
"ENSG00000188807",-0.1093,8.2333,0.5511,0.7665
"ENSG00000188811",0.349,9.8198,0.006734,0.03335
"ENSG00000188818",0.1651,7.5115,0.6196,0.8136
"ENSG00000188825",0.0539,7.9231,0.8188,0.9231
"ENSG00000188827",-0.4815,8.7113,0.001111,0.007302
"ENSG00000188846",-0.0601,13.3123,0.5067,0.7333
"ENSG00000188856",3e-04,9.9219,0.9979,0.999
"ENSG00000188868",-0.4684,7.5946,0.1176,0.2984
"ENSG00000188869",-1.3427,7.0885,0.07592,0.2178
"ENSG00000188873",0.149,7.2523,0.7776,0.9038
"ENSG00000188878",-0.3155,7.6831,0.2526,0.4954
"ENSG00000188895",0.0689,11.2969,0.4822,0.7149
"ENSG00000188897",-0.6175,7.3052,0.1808,0.401
"ENSG00000188906",0.4515,10.223,2.29e-05,0.0002375
"ENSG00000188916",1.9975,7.5972,2.804e-05,0.0002834
"ENSG00000188917",-0.2986,8.6068,0.063,0.1906
"ENSG00000188921",0.3531,9.967,0.001977,0.01193
"ENSG00000188931",-5e-04,8.3069,0.9976,0.9989
"ENSG00000188933",0.0271,7.9076,0.9077,0.9618
"ENSG00000188938",-0.0853,9.6952,0.418,0.6624
"ENSG00000188958",-0.1414,7.4953,0.6703,0.8442
"ENSG00000188971",-0.0024,9.9944,0.9832,0.9929
"ENSG00000188976",0.1744,10.1744,0.1217,0.3055
"ENSG00000188985",-0.3022,8.0107,0.165,0.3782
"ENSG00000188986",0.2007,10.5044,0.03982,0.1352
"ENSG00000188993",0.5258,7.5259,0.1896,0.4135
"ENSG00000188994",-0.1853,10.3898,0.0698,0.2053
"ENSG00000188997",0.0575,8.9335,0.664,0.8413
"ENSG00000189001",-0.3629,8.8608,0.03501,0.1225
"ENSG00000189002",0.3964,7.1952,0.4615,0.698
"ENSG00000189007",-1.0894,8.4128,7.813e-08,1.301e-06
"ENSG00000189011",0.2263,7.6303,0.4294,0.6725
"ENSG00000189014",0.364,8.1928,0.05302,0.1678
"ENSG00000189042",-0.1492,8.1504,0.4439,0.6844
"ENSG00000189043",0.1794,10.8337,0.035,0.1225
"ENSG00000189045",0.4318,7.2381,0.4258,0.6698
"ENSG00000189046",-0.1864,8.288,0.2889,0.5375
"ENSG00000189050",-0.13,8.1808,0.487,0.719
"ENSG00000189056",-0.4636,8.0312,0.04296,0.1434
"ENSG00000189057",-0.8722,7.1456,0.1612,0.3724
"ENSG00000189058",1.059,9.2558,9.595e-15,3.819e-13
"ENSG00000189060",0.1086,11.1293,0.3816,0.6282
"ENSG00000189067",-0.3639,12.4319,6.922e-05,0.0006352
"ENSG00000189077",0.3844,9.2965,0.0007892,0.005461
"ENSG00000189079",-0.2556,9.682,0.01558,0.06513
"ENSG00000189089",0.1831,7.1158,0.7804,0.9052
"ENSG00000189091",-0.0412,11.4242,0.6415,0.8276
"ENSG00000189114",0.0866,8.5467,0.5945,0.7963
"ENSG00000189129",-0.0903,9.5247,0.4837,0.716
"ENSG00000189134",0.0634,7.3418,0.8831,0.9513
"ENSG00000189136",-0.0973,8.0955,0.6271,0.8184
"ENSG00000189143",-0.0956,7.3818,0.8072,0.9176
"ENSG00000189144",-0.5798,7.7129,0.03417,0.1203
"ENSG00000189157",-0.7747,7.0969,0.2629,0.5075
"ENSG00000189159",0.2308,9.3709,0.04173,0.1402
"ENSG00000189164",-0.2367,8.0379,0.2448,0.4851
"ENSG00000189166",0.3407,7.7488,0.2134,0.4444
"ENSG00000189171",0.1407,9.291,0.2231,0.4567
"ENSG00000189180",-0.08,9.5677,0.5297,0.7497
"ENSG00000189184",-0.8892,12.639,3.412e-17,1.704e-15
"ENSG00000189190",0.1718,8.1455,0.3581,0.6052
"ENSG00000189195",-0.0781,7.4537,0.8599,0.9425
"ENSG00000189212",-0.3267,7.1695,0.577,0.7851
"ENSG00000189221",3.3537,10.6871,5.213e-123,1.88e-119
"ENSG00000189223",-0.0636,8.3541,0.765,0.8974
"ENSG00000189227",0.4579,7.6743,0.09653,0.2585
"ENSG00000189241",-0.243,10.625,0.01273,0.05548
"ENSG00000189266",0.4141,10.8791,6.47e-07,9.065e-06
"ENSG00000189283",-0.6593,7.5133,0.04997,0.1607
"ENSG00000189292",1.6246,7.0199,0.07009,0.2058
"ENSG00000189298",-0.5473,8.2667,0.002224,0.01319
"ENSG00000189306",-8e-04,9.4963,0.9937,0.9977
"ENSG00000189308",-0.1783,9.0618,0.1461,0.3485
"ENSG00000189319",-0.2753,8.8773,0.04352,0.1447
"ENSG00000189320",0.763,10.7353,1.145e-11,3.129e-10
"ENSG00000189337",-0.2283,9.7797,0.1087,0.2825
"ENSG00000189339",-0.4399,11.4268,4.788e-07,6.89e-06
"ENSG00000189343",-0.0509,12.8663,0.5788,0.7862
"ENSG00000189350",0.2179,7.0896,0.7995,0.9139
"ENSG00000189362",0.0841,8.3246,0.6697,0.8439
"ENSG00000189366",-0.0171,7.054,0.9828,0.9927
"ENSG00000189367",0.5879,7.0745,0.4781,0.712
"ENSG00000189369",-0.1196,8.9917,0.3478,0.5956
"ENSG00000189376",0.4765,7.4923,0.1605,0.371
"ENSG00000189398",-0.6461,7.9432,0.003273,0.01818
"ENSG00000189403",-0.0839,12.0768,0.3562,0.6033
"ENSG00000189409",-0.2981,8.7113,0.04495,0.1483
"ENSG00000189410",-0.0252,7.7611,0.9405,0.9752
"ENSG00000189419",1.0707,7.0147,0.2559,0.4994
"ENSG00000189420",0.9342,7.073,0.2424,0.4822
"ENSG00000189423",0.0156,7.9267,0.9435,0.9762
"ENSG00000196072",-0.4448,9.4065,0.0001563,0.00131
"ENSG00000196074",-0.0819,7.5216,0.7987,0.9135
"ENSG00000196081",-1.016,7.172,0.08304,0.2323
"ENSG00000196083",0.0125,8.4162,0.9389,0.9746
"ENSG00000196110",-0.0742,7.7606,0.7718,0.9005
"ENSG00000196116",0.4659,9.0466,0.0007608,0.005291
"ENSG00000196123",-0.9617,8.8853,4.392e-10,1.009e-08
"ENSG00000196136",1.3838,7.2773,0.0165,0.0681
"ENSG00000196139",-0.6559,10.9454,3.73e-06,4.569e-05
"ENSG00000196141",0.012,12.082,0.9092,0.9624
"ENSG00000196150",-0.5795,8.3534,0.001198,0.007766
"ENSG00000196151",-0.3026,8.1714,0.1523,0.3588
"ENSG00000196152",-0.8002,8.265,3.573e-06,4.398e-05
"ENSG00000196154",-0.2446,11.9214,0.003233,0.018
"ENSG00000196155",-1.4083,8.6728,9.458e-16,4.18e-14
"ENSG00000196159",0.4241,11.6203,2.847e-05,0.0002868
"ENSG00000196172",-0.0926,7.5305,0.773,0.9013
"ENSG00000196177",0.3716,9.5786,0.001027,0.006832
"ENSG00000196182",-0.3626,9.6482,0.001461,0.009222
"ENSG00000196183",-0.1975,7.8659,0.4302,0.6732
"ENSG00000196187",-0.0106,9.7705,0.943,0.976
"ENSG00000196189",-0.6035,7.5274,0.06606,0.1972
"ENSG00000196196",1.5217,7.4321,0.0002705,0.002133
"ENSG00000196199",-0.0501,10.4839,0.6441,0.8294
"ENSG00000196204",0.1813,8.6181,0.2186,0.451
"ENSG00000196205",-0.1878,16.6629,0.03362,0.1187
"ENSG00000196208",-0.8471,7.243,0.09304,0.2514
"ENSG00000196214",-0.6138,8.6976,8.72e-05,0.00078
"ENSG00000196220",-0.7718,8.0146,0.001971,0.0119
"ENSG00000196227",-0.0464,9.0175,0.701,0.8625
"ENSG00000196230",-1.1855,12.8389,3.077e-18,1.723e-16
"ENSG00000196233",0.2349,9.0604,0.06857,0.2026
"ENSG00000196235",-0.0428,11.4635,0.5821,0.7884
"ENSG00000196236",-0.0368,8.9397,0.8106,0.9198
"ENSG00000196247",-0.46,8.0321,0.04462,0.1475
"ENSG00000196262",0.1558,13.2471,0.03317,0.1176
"ENSG00000196263",-0.1273,8.8619,0.4045,0.6503
"ENSG00000196267",-0.2376,7.9141,0.3177,0.5665
"ENSG00000196268",-0.1541,8.1778,0.4369,0.6789
"ENSG00000196275",0.0454,10.2446,0.626,0.8177
"ENSG00000196284",0.0804,8.0284,0.6986,0.8615
"ENSG00000196290",-0.13,8.8548,0.3406,0.5891
"ENSG00000196295",-0.4403,9.0678,0.0003074,0.002389
"ENSG00000196296",0.3004,7.1588,0.6284,0.8192
"ENSG00000196302",-0.7633,7.5377,0.03092,0.1113
"ENSG00000196305",-0.6568,11.5926,3.533e-06,4.355e-05
"ENSG00000196312",0.0846,8.1565,0.6861,0.854
"ENSG00000196313",0.1401,10.5868,0.1227,0.3074
"ENSG00000196323",0.0773,11.2319,0.3442,0.5923
"ENSG00000196338",-0.411,7.598,0.2105,0.4411
"ENSG00000196345",-0.7049,7.9592,0.00176,0.0108
"ENSG00000196352",0.1258,10.5214,0.1697,0.3852
"ENSG00000196355",-0.899,7.0867,0.2165,0.4488
"ENSG00000196357",0.002,7.7227,0.994,0.9977
"ENSG00000196358",0.1514,7.8383,0.5205,0.7429
"ENSG00000196363",0.2441,9.6511,0.01817,0.07361
"ENSG00000196365",-0.326,10.4571,0.01183,0.05247
"ENSG00000196367",-0.1559,11.1543,0.1446,0.3459
"ENSG00000196368",-0.1152,8.6338,0.4777,0.7117
"ENSG00000196369",-0.2753,9.408,0.02008,0.07986
"ENSG00000196371",0.5801,8.3941,0.002116,0.01265
"ENSG00000196372",0.8794,8.8398,8.998e-11,2.217e-09
"ENSG00000196378",0.0108,7.8389,0.9641,0.986
"ENSG00000196381",-0.5145,7.2008,0.3576,0.6046
"ENSG00000196387",-0.2452,8.674,0.1196,0.3017
"ENSG00000196388",0.0815,7.9506,0.7337,0.8813
"ENSG00000196391",-0.6418,7.3386,0.1229,0.3078
"ENSG00000196396",0.1304,9.8619,0.2144,0.4459
"ENSG00000196405",-0.4144,10.0418,5.843e-05,0.0005451
"ENSG00000196407",-0.7577,7.3192,0.08053,0.2271
"ENSG00000196409",-0.5546,8.1743,0.00326,0.01813
"ENSG00000196411",-0.9501,10.3349,9.701e-18,5.1e-16
"ENSG00000196417",0.1232,8.4009,0.4582,0.6958
"ENSG00000196418",0.1621,7.4786,0.659,0.8388
"ENSG00000196419",-0.0403,12.2514,0.5848,0.7903
"ENSG00000196421",0.1372,7.0648,0.8547,0.94
"ENSG00000196422",-0.1703,8.68,0.2505,0.4926
"ENSG00000196428",-0.1959,9.9694,0.1093,0.2837
"ENSG00000196436",0.1046,7.4221,0.7847,0.907
"ENSG00000196437",-0.4241,8.1028,0.02805,0.1034
"ENSG00000196440",-0.2634,8.8265,0.04476,0.1478
"ENSG00000196449",0.2649,7.8867,0.2403,0.4796
"ENSG00000196453",-0.169,9.0189,0.1969,0.4235
"ENSG00000196455",0.1041,9.8602,0.3698,0.6166
"ENSG00000196456",-0.041,8.783,0.7574,0.8938
"ENSG00000196458",-0.1981,9.2624,0.07883,0.2239
"ENSG00000196459",-0.4887,8.7289,0.001614,0.01002
"ENSG00000196460",-0.3543,8.4836,0.09638,0.2583
"ENSG00000196465",-0.4232,9.8948,0.0001256,0.001081
"ENSG00000196466",-0.1273,7.541,0.6963,0.8608
"ENSG00000196470",-0.1067,8.1454,0.5667,0.7777
"ENSG00000196476",-1.0483,8.1995,9.362e-09,1.813e-07
"ENSG00000196498",0.119,12.0864,0.3048,0.5539
"ENSG00000196502",-0.151,7.879,0.5509,0.7664
"ENSG00000196504",0.0412,11.0729,0.6332,0.8226
"ENSG00000196505",-0.114,8.6805,0.429,0.6721
"ENSG00000196507",1.055,10.143,2.235e-30,3.076e-28
"ENSG00000196510",-0.0067,9.3921,0.9526,0.9813
"ENSG00000196511",-1.0376,7.6968,0.0003564,0.002724
"ENSG00000196517",-2.2291,8.5529,9.346e-44,2.478e-41
"ENSG00000196526",-0.6133,10.971,6.619e-08,1.12e-06
"ENSG00000196531",-0.0862,13.1472,0.2413,0.4807
"ENSG00000196535",-0.3581,10.5293,0.001441,0.009122
"ENSG00000196544",0.0145,8.1802,0.9408,0.9752
"ENSG00000196547",-0.0418,10.1136,0.6583,0.8383
"ENSG00000196549",-0.1029,13.2117,0.2157,0.4479
"ENSG00000196550",-0.051,7.76,0.8432,0.9348
"ENSG00000196557",-0.728,7.484,0.03853,0.1319
"ENSG00000196559",-0.5401,7.0984,0.4493,0.6888
"ENSG00000196562",-0.8297,11.099,8.006e-11,1.983e-09
"ENSG00000196569",2.0307,13.6911,1.9e-52,8.567e-50
"ENSG00000196576",-0.2943,13.3245,0.004485,0.02386
"ENSG00000196584",-0.1142,7.2824,0.8017,0.9152
"ENSG00000196586",0.1791,10.7366,0.167,0.3809
"ENSG00000196588",0.3839,10.2407,8.668e-05,0.0007761
"ENSG00000196591",-0.2956,10.5338,0.004318,0.02308
"ENSG00000196597",0.1543,7.7114,0.5563,0.7701
"ENSG00000196605",-0.3381,8.3931,0.06436,0.1936
"ENSG00000196611",-1.1128,9.2798,0.01875,0.07544
"ENSG00000196616",1.1547,15.3661,9.69e-14,3.481e-12
"ENSG00000196622",0.0418,7.3049,0.929,0.971
"ENSG00000196628",-0.1139,10.9568,0.1698,0.3853
"ENSG00000196632",0.3538,7.4867,0.2906,0.539
"ENSG00000196636",0.0676,7.9927,0.7668,0.8978
"ENSG00000196639",-0.6927,9.761,1.394e-10,3.36e-09
"ENSG00000196642",0.0281,10.363,0.7562,0.893
"ENSG00000196644",-0.0431,9.1334,0.7379,0.8837
"ENSG00000196646",-0.0776,8.3331,0.6412,0.8275
"ENSG00000196648",-0.0812,8.6738,0.5826,0.7887
"ENSG00000196652",-0.0953,9.1928,0.4272,0.6706
"ENSG00000196653",-0.068,8.0497,0.7407,0.8849
"ENSG00000196655",0.2677,9.2235,0.0234,0.08997
"ENSG00000196656",-0.0997,10.4952,0.2815,0.5288
"ENSG00000196659",-0.5999,8.1188,0.00269,0.01547
"ENSG00000196663",0.257,10.5998,0.002983,0.01691
"ENSG00000196668",-1.3781,7.3329,0.001886,0.01145
"ENSG00000196670",-0.225,9.2107,0.07058,0.2069
"ENSG00000196678",-0.3491,8.6215,0.03993,0.1354
"ENSG00000196683",0.0436,11.2416,0.635,0.8239
"ENSG00000196693",-0.2356,8.7945,0.09012,0.246
"ENSG00000196696",0.4942,7.5854,0.1065,0.278
"ENSG00000196700",-0.2802,10.0925,0.003825,0.02079
"ENSG00000196704",-0.084,10.2103,0.3723,0.6189
"ENSG00000196705",-0.4157,8.0925,0.04119,0.1388
"ENSG00000196711",-0.0561,7.2704,0.9076,0.9618
"ENSG00000196712",-0.0707,11.3573,0.3772,0.6238
"ENSG00000196715",0.7067,10.2187,1.555e-13,5.468e-12
"ENSG00000196724",-0.5722,7.842,0.02949,0.1074
"ENSG00000196730",0.3453,11.123,0.01219,0.05369
"ENSG00000196739",-1.1056,9.2275,2.013e-08,3.723e-07
"ENSG00000196741",-0.1296,7.362,0.7561,0.893
"ENSG00000196743",0.3496,10.7275,0.0002857,0.00224
"ENSG00000196754",-0.3714,7.3096,0.411,0.657
"ENSG00000196756",0.3454,8.223,0.06454,0.194
"ENSG00000196757",-0.0689,8.1495,0.7169,0.872
"ENSG00000196776",-0.128,11.2226,0.11,0.2848
"ENSG00000196781",0.8596,10.2755,1.72e-12,5.258e-11
"ENSG00000196782",0.3333,8.4158,0.1312,0.3231
"ENSG00000196787",-0.2165,7.5562,0.5305,0.7504
"ENSG00000196792",-0.0639,9.8279,0.5501,0.7658
"ENSG00000196793",-0.427,7.7095,0.146,0.3482
"ENSG00000196796",0.1364,7.6656,0.6236,0.8163
"ENSG00000196810",-0.452,8.9297,0.0004187,0.003122
"ENSG00000196812",-0.0137,7.3397,0.9745,0.9898
"ENSG00000196814",-0.1301,8.5622,0.3906,0.6365
"ENSG00000196821",0.1121,11.0251,0.2631,0.5075
"ENSG00000196839",-0.6203,8.0831,0.004905,0.02572
"ENSG00000196843",0.7064,9.3599,8.521e-08,1.403e-06
"ENSG00000196850",1.1718,9.4124,1.398e-11,3.803e-10
"ENSG00000196862",-0.0484,9.141,0.7023,0.8631
"ENSG00000196865",-0.0385,9.2749,0.766,0.8978
"ENSG00000196867",-0.0399,8.778,0.7811,0.9054
"ENSG00000196873",0.0075,9.3308,0.9499,0.9796
"ENSG00000196876",-0.0259,9.5285,0.8683,0.9449
"ENSG00000196878",-0.7364,8.7122,3.01e-05,0.0003007
"ENSG00000196911",-0.1574,8.6236,0.3167,0.5653
"ENSG00000196912",-0.4447,8.8196,0.001023,0.006812
"ENSG00000196914",0.315,12.5582,0.0003987,0.002991
"ENSG00000196922",-0.0762,9.0725,0.532,0.7518
"ENSG00000196923",0.5787,11.8664,0.0003228,0.0025
"ENSG00000196924",0.5792,16.0987,2.423e-05,0.0002503
"ENSG00000196932",-2.0846,7.7894,1.321e-14,5.188e-13
"ENSG00000196933",0.1757,7.8201,0.4722,0.7065
"ENSG00000196934",0.1212,7.2736,0.8026,0.9153
"ENSG00000196935",-0.1721,10.5973,0.0621,0.1888
"ENSG00000196937",0.4147,10.6195,0.0002637,0.002089
"ENSG00000196943",0.0126,9.3323,0.9091,0.9624
"ENSG00000196950",-1.227,9.8772,2.396e-20,1.681e-18
"ENSG00000196951",-0.1046,7.1395,0.8712,0.9458
"ENSG00000196954",0.1471,9.9821,0.1235,0.3091
"ENSG00000196960",0.6105,7.3229,0.2063,0.4354
"ENSG00000196961",0.2411,11.9894,0.004691,0.02475
"ENSG00000196963",-0.2543,7.9953,0.2302,0.4661
"ENSG00000196966",0.3058,7.1997,0.6055,0.8049
"ENSG00000196967",-0.2782,8.7502,0.05321,0.1682
"ENSG00000196968",0.3058,9.8154,0.005246,0.02722
"ENSG00000196972",-0.1072,7.4031,0.7792,0.9046
"ENSG00000196975",1.1851,12.2054,1.212e-41,2.767e-39
"ENSG00000196976",-0.0834,8.4045,0.6143,0.8101
"ENSG00000196981",-0.2138,8.3603,0.2103,0.4408
"ENSG00000196993",-0.2419,7.5901,0.434,0.6763
"ENSG00000196998",0.2324,9.4001,0.05395,0.1698
"ENSG00000197006",-0.2579,10.9636,0.003161,0.01767
"ENSG00000197008",-0.6851,7.8604,0.004622,0.02448
"ENSG00000197013",-0.27,8.1154,0.196,0.422
"ENSG00000197016",-0.0053,8.8907,0.9761,0.9901
"ENSG00000197019",0.02,8.6578,0.8987,0.9587
"ENSG00000197020",-0.201,7.8289,0.4231,0.6673
"ENSG00000197021",0.0483,9.0029,0.7003,0.8621
"ENSG00000197024",0.0862,8.9033,0.4987,0.7271
"ENSG00000197037",-0.0662,8.6457,0.6604,0.8399
"ENSG00000197043",0.922,13.7342,7.517e-26,8.166e-24
"ENSG00000197044",-0.3626,8.5377,0.01772,0.07206
"ENSG00000197045",0.6225,10.9765,2.017e-08,3.727e-07
"ENSG00000197046",-2.5926,7.0122,0.008183,0.03914
"ENSG00000197050",0.1,8.1045,0.6118,0.809
"ENSG00000197054",0.0366,7.3311,0.9391,0.9746
"ENSG00000197056",-0.3045,8.6278,0.09035,0.2465
"ENSG00000197062",-0.5342,9.0936,2.792e-05,0.0002823
"ENSG00000197063",0.1869,9.8665,0.136,0.3314
"ENSG00000197070",0.3232,8.9242,0.01493,0.06286
"ENSG00000197077",-0.5918,7.1441,0.3347,0.5838
"ENSG00000197081",-0.1318,13.5691,0.08707,0.2401
"ENSG00000197083",-0.1735,7.5534,0.5862,0.7908
"ENSG00000197093",-0.3858,9.32,0.00273,0.01568
"ENSG00000197102",-0.1609,13.9959,0.04767,0.155
"ENSG00000197111",0.1548,11.4263,0.1796,0.3994
"ENSG00000197114",-0.0647,7.7953,0.796,0.9124
"ENSG00000197119",-0.6526,9.0272,6.135e-06,7.236e-05
"ENSG00000197121",-0.608,9.1135,2.83e-06,3.543e-05
"ENSG00000197122",0.2276,10.4587,0.01864,0.07508
"ENSG00000197124",-0.759,7.6053,0.02043,0.08084
"ENSG00000197128",-0.4888,8.1961,0.02201,0.08569
"ENSG00000197134",-0.2787,7.0949,0.6902,0.8569
"ENSG00000197136",0.0244,10.4629,0.8168,0.9223
"ENSG00000197140",0.5341,7.453,0.1592,0.3691
"ENSG00000197142",-0.1264,8.1107,0.5654,0.7765
"ENSG00000197147",0.0388,7.405,0.9216,0.967
"ENSG00000197150",0.0148,9.5588,0.8881,0.9543
"ENSG00000197157",0.102,12.2703,0.208,0.4375
"ENSG00000197162",-0.4464,8.0207,0.03466,0.1217
"ENSG00000197165",-0.7307,7.1307,0.2462,0.4873
"ENSG00000197168",1.2329,7.0072,0.2053,0.4342
"ENSG00000197170",0.1957,9.8551,0.06577,0.1966
"ENSG00000197180",-0.1397,7.4229,0.7127,0.8691
"ENSG00000197182",0.0931,8.0175,0.6551,0.8355
"ENSG00000197183",-0.278,8.4442,0.1277,0.3165
"ENSG00000197191",-0.0995,7.3304,0.818,0.9227
"ENSG00000197208",-0.9953,7.2905,0.05594,0.1745
"ENSG00000197210",1.9578,7.2722,0.000133,0.001138
"ENSG00000197217",0.5982,10.843,1.958e-07,3.044e-06
"ENSG00000197223",0.3353,8.8131,0.04983,0.1604
"ENSG00000197226",0.1083,12.3094,0.2871,0.5358
"ENSG00000197238",-0.3473,7.2295,0.499,0.7272
"ENSG00000197256",0.224,14.0799,0.02095,0.0824
"ENSG00000197258",-0.0886,10.8771,0.3427,0.5912
"ENSG00000197265",0.2979,9.519,0.0115,0.05138
"ENSG00000197275",0.4497,7.2748,0.3307,0.5796
"ENSG00000197279",-0.5446,7.172,0.3404,0.5889
"ENSG00000197283",-0.2299,9.8124,0.04377,0.1454
"ENSG00000197284",0.2745,7.0384,0.7598,0.8952
"ENSG00000197296",0.2881,8.9513,0.04001,0.1357
"ENSG00000197299",-0.8887,7.1265,0.1898,0.4137
"ENSG00000197301",2.2758,8.451,5.552e-18,3.006e-16
"ENSG00000197302",0.171,8.7933,0.2033,0.4318
"ENSG00000197312",1.0413,9.3295,6.216e-08,1.054e-06
"ENSG00000197321",-0.5085,13.0139,1.234e-09,2.695e-08
"ENSG00000197323",-0.0418,10.0847,0.6669,0.8425
"ENSG00000197324",0.2539,13.6604,0.001179,0.007666
"ENSG00000197329",-0.2098,8.0203,0.3135,0.5627
"ENSG00000197343",0.1197,10.49,0.2157,0.4478
"ENSG00000197345",0.0508,8.9471,0.6884,0.8554
"ENSG00000197355",-0.2784,9.7338,0.03171,0.1136
"ENSG00000197358",0.3984,8.983,0.1054,0.2763
"ENSG00000197361",0.3935,7.0635,0.6262,0.8178
"ENSG00000197362",-0.3418,7.9131,0.1427,0.3428
"ENSG00000197363",0.0763,8.6365,0.5962,0.797
"ENSG00000197372",-0.5712,7.8396,0.02651,0.0991
"ENSG00000197375",-0.4164,8.1894,0.03408,0.1201
"ENSG00000197380",-0.5169,8.9325,0.0004047,0.003027
"ENSG00000197381",2.3211,10.6163,3.202e-65,1.925e-62
"ENSG00000197385",0.3943,7.0596,0.6131,0.8099
"ENSG00000197386",-0.0842,10.9465,0.4072,0.6531
"ENSG00000197405",-0.4039,7.283,0.3797,0.6263
"ENSG00000197406",0.567,7.5542,0.07937,0.2249
"ENSG00000197409",-0.6003,7.0547,0.4447,0.6849
"ENSG00000197415",0.5054,9.5664,0.003049,0.0172
"ENSG00000197417",-0.3075,7.4543,0.4015,0.6477
"ENSG00000197429",-0.1485,8.8608,0.2747,0.5203
"ENSG00000197442",0.7144,10.7347,1.121e-13,4.009e-12
"ENSG00000197448",0.0873,11.124,0.3208,0.5689
"ENSG00000197451",0.3652,10.2082,0.00234,0.01379
"ENSG00000197457",-0.6227,9.2051,2.591e-07,3.943e-06
"ENSG00000197461",0.576,7.8148,0.02446,0.09321
"ENSG00000197465",0.2224,7.6292,0.4443,0.6845
"ENSG00000197467",-0.4967,8.2088,0.3599,0.607
"ENSG00000197479",-0.2075,7.2772,0.6678,0.8427
"ENSG00000197483",-0.3008,7.9395,0.16,0.3704
"ENSG00000197496",0.4853,11.1532,2.356e-06,2.983e-05
"ENSG00000197497",-0.5881,7.7848,0.02563,0.09667
"ENSG00000197498",0.0664,9.2713,0.5995,0.7996
"ENSG00000197506",-0.5058,7.1501,0.4459,0.6858
"ENSG00000197520",0.867,7.1452,0.1835,0.4046
"ENSG00000197530",-0.2449,10.0388,0.0446,0.1475
"ENSG00000197535",0.0605,10.9784,0.5413,0.7594
"ENSG00000197536",-0.3684,8.2785,0.03597,0.1249
"ENSG00000197548",-0.1261,9.322,0.3328,0.5818
"ENSG00000197555",-0.5176,11.2155,4.888e-08,8.491e-07
"ENSG00000197557",-0.5661,8.428,0.006069,0.03062
"ENSG00000197558",-0.4963,7.3872,0.2884,0.5371
"ENSG00000197561",0.3793,7.713,0.2248,0.4594
"ENSG00000197562",0.1578,8.606,0.3053,0.5544
"ENSG00000197563",0.1732,9.9469,0.09475,0.2549
"ENSG00000197565",-1.1643,7.2181,0.03091,0.1113
"ENSG00000197566",-0.5006,8.0252,0.02094,0.08237
"ENSG00000197568",-0.0191,8.3578,0.9073,0.9616
"ENSG00000197576",-0.3936,7.1247,0.5379,0.7564
"ENSG00000197579",0.1146,9.5075,0.3756,0.6221
"ENSG00000197580",-0.6282,7.2909,0.1663,0.3799
"ENSG00000197582",0.4403,8.828,0.009017,0.04232
"ENSG00000197586",0.4101,10.0812,2.927e-05,0.0002932
"ENSG00000197594",1.2904,9.5793,0.0006758,0.00477
"ENSG00000197599",0.2898,7.2393,0.5774,0.7852
"ENSG00000197601",0.2964,10.4531,0.0008226,0.00565
"ENSG00000197603",-0.1324,9.9324,0.2033,0.4318
"ENSG00000197608",-0.4439,8.6586,0.005545,0.02843
"ENSG00000197614",0.4334,10.2654,0.0003576,0.00273
"ENSG00000197619",-0.2483,8.431,0.1489,0.3536
"ENSG00000197620",0.1495,8.5781,0.3093,0.558
"ENSG00000197622",0.0227,10.0184,0.8184,0.923
"ENSG00000197632",0.1206,7.0306,0.8994,0.9589
"ENSG00000197635",-0.3633,10.8836,0.001697,0.01047
"ENSG00000197646",-0.2019,9.2419,0.2844,0.5326
"ENSG00000197647",-0.2536,7.6129,0.3879,0.6336
"ENSG00000197653",-0.6424,7.4097,0.1083,0.2817
"ENSG00000197681",0.0165,8.3207,0.9252,0.9689
"ENSG00000197694",0.2329,13.4673,0.006586,0.03272
"ENSG00000197696",-0.0904,7.9192,0.7094,0.8676
"ENSG00000197701",-0.1155,7.4238,0.7601,0.8954
"ENSG00000197702",0.4009,12.5077,9.698e-06,0.0001092
"ENSG00000197712",-0.0913,12.0893,0.2308,0.4668
"ENSG00000197713",-0.1465,9.7994,0.2651,0.5096
"ENSG00000197714",-0.0609,7.3472,0.8887,0.9544
"ENSG00000197724",-0.0655,10.1461,0.4977,0.7265
"ENSG00000197728",-0.0459,11.3282,0.5759,0.7841
"ENSG00000197744",-0.1208,8.4693,0.5512,0.7665
"ENSG00000197746",-0.0639,15.3457,0.3757,0.6221
"ENSG00000197747",-0.153,11.4238,0.1101,0.2851
"ENSG00000197756",0.0422,13.2939,0.6148,0.8105
"ENSG00000197757",0.1298,7.4455,0.7266,0.8777
"ENSG00000197763",-0.1482,8.3446,0.3878,0.6336
"ENSG00000197766",0.2154,9.2255,0.06819,0.2017
"ENSG00000197768",-0.0566,7.0937,0.939,0.9746
"ENSG00000197769",2.4502,8.0027,1.76e-19,1.125e-17
"ENSG00000197771",0.4528,10.3251,1.288e-06,1.713e-05
"ENSG00000197774",0.012,8.3074,0.95,0.9796
"ENSG00000197776",-0.2799,7.9386,0.1991,0.4264
"ENSG00000197779",-0.2026,8.3011,0.252,0.4948
"ENSG00000197780",0.2865,9.1845,0.04825,0.1565
"ENSG00000197782",-0.1285,9.0166,0.3305,0.5793
"ENSG00000197785",0.238,9.2539,0.06829,0.2019
"ENSG00000197798",-0.0585,9.0543,0.6358,0.8241
"ENSG00000197808",0.0275,8.0203,0.892,0.9552
"ENSG00000197813",-1.0376,7.056,0.1894,0.4132
"ENSG00000197815",-0.6668,7.2439,0.2093,0.4397
"ENSG00000197816",-0.0834,7.3776,0.8333,0.9308
"ENSG00000197818",-0.0989,9.6142,0.3682,0.615
"ENSG00000197822",-0.3544,7.6705,0.2131,0.4442
"ENSG00000197826",-0.6228,7.3775,0.1193,0.3013
"ENSG00000197837",0.8243,7.3132,0.07245,0.2109
"ENSG00000197841",-0.089,8.698,0.5551,0.769
"ENSG00000197847",0.8657,7.181,0.1415,0.3407
"ENSG00000197852",-0.268,8.4849,0.1789,0.3987
"ENSG00000197857",-0.2085,8.2708,0.2251,0.4597
"ENSG00000197858",-0.1132,10.8882,0.2417,0.4812
"ENSG00000197860",0.7973,9.4619,9.708e-12,2.664e-10
"ENSG00000197863",-0.1285,8,0.546,0.7628
"ENSG00000197872",-0.8611,8.931,3.837e-10,8.882e-09
"ENSG00000197879",0.525,13.0238,2.653e-06,3.336e-05
"ENSG00000197885",-0.3151,8.6692,0.02973,0.108
"ENSG00000197889",-1.1235,7.0201,0.211,0.4415
"ENSG00000197892",0.1048,9.8133,0.3453,0.5931
"ENSG00000197894",0.2911,13.0174,0.001826,0.01115
"ENSG00000197903",0.0091,9.8667,0.9433,0.9761
"ENSG00000197905",0.8427,8.1629,0.0001258,0.001082
"ENSG00000197912",-0.0872,10.4497,0.3592,0.6063
"ENSG00000197914",-0.2758,7.2849,0.5581,0.7714
"ENSG00000197915",-0.2882,8.0485,0.2427,0.4826
"ENSG00000197927",-0.2343,7.9363,0.2974,0.546
"ENSG00000197928",-0.1896,8.7095,0.1856,0.4077
"ENSG00000197930",0.3219,11.4497,0.01053,0.04794
"ENSG00000197932",0.1723,8.8419,0.1928,0.4177
"ENSG00000197933",0.0614,7.7219,0.8154,0.9221
"ENSG00000197935",-0.4236,7.5633,0.1709,0.3869
"ENSG00000197937",-0.1504,8.5206,0.3361,0.5849
"ENSG00000197943",1.6346,7.3364,0.0002741,0.002157
"ENSG00000197948",0.278,9.6013,0.01507,0.06337
"ENSG00000197951",0.0449,8.629,0.7583,0.8943
"ENSG00000197956",-0.154,14.443,0.04584,0.1506
"ENSG00000197958",-0.1707,13.7466,0.06239,0.1894
"ENSG00000197959",-0.957,7.76,0.0001915,0.001571
"ENSG00000197961",0.1191,8.2931,0.5145,0.7385
"ENSG00000197965",0.2374,12.4469,0.001508,0.009451
"ENSG00000197969",0.0137,11.3263,0.8719,0.946
"ENSG00000197971",-0.037,9.5552,0.8232,0.9254
"ENSG00000197976",-0.0167,10.0638,0.8732,0.9465
"ENSG00000197977",-0.5621,7.0431,0.4914,0.7225
"ENSG00000197978",-0.0841,8.5673,0.5798,0.787
"ENSG00000197980",-0.0795,7.1113,0.9177,0.966
"ENSG00000197982",0.1075,9.6754,0.3525,0.5999
"ENSG00000197989",0.3822,8.5333,0.03473,0.1218
"ENSG00000197993",-0.8634,7.1348,0.1895,0.4133
"ENSG00000198000",-0.0153,9.9862,0.8815,0.9505
"ENSG00000198001",-0.0418,9.5083,0.7554,0.8928
"ENSG00000198003",-0.9802,7.1812,0.1009,0.2671
"ENSG00000198015",-0.108,9.2403,0.4037,0.6498
"ENSG00000198018",-0.8401,8.724,9.526e-09,1.833e-07
"ENSG00000198026",-0.2287,9.31,0.06198,0.1886
"ENSG00000198028",0.1964,7.2287,0.7203,0.8742
"ENSG00000198034",-0.0833,14.0165,0.3436,0.592
"ENSG00000198035",-0.2243,8.6419,0.1403,0.3388
"ENSG00000198039",-0.3193,7.6067,0.2746,0.5203
"ENSG00000198040",-0.3345,9.5297,0.003039,0.01718
"ENSG00000198042",0.3362,8.849,0.03012,0.1091
"ENSG00000198046",-0.6899,8.5924,6.822e-06,7.941e-05
"ENSG00000198053",0.2077,11.3723,0.06481,0.1944
"ENSG00000198055",0.2986,8.8916,0.02665,0.09945
"ENSG00000198056",-0.6046,7.5545,0.06025,0.1846
"ENSG00000198060",-0.0686,9.8133,0.5588,0.7719
"ENSG00000198064",-0.0806,7.6227,0.8043,0.9161
"ENSG00000198074",-1.4653,7.2286,0.009661,0.04467
"ENSG00000198081",-0.2684,8.7845,0.04501,0.1485
"ENSG00000198087",0.0674,9.6045,0.5112,0.736
"ENSG00000198089",0.1046,8.5341,0.5046,0.7319
"ENSG00000198093",-0.1126,7.9517,0.5986,0.7987
"ENSG00000198099",0.9942,7.1482,0.154,0.3612
"ENSG00000198105",-0.5848,8.7832,0.0003249,0.002516
"ENSG00000198106",-0.2359,7.775,0.3616,0.6086
"ENSG00000198108",1.4331,7.5775,3.714e-06,4.555e-05
"ENSG00000198113",0.1808,9.8256,0.1115,0.2877
"ENSG00000198121",0.4995,12.8278,4.497e-07,6.529e-06
"ENSG00000198130",-0.2757,9.1677,0.02794,0.103
"ENSG00000198131",-0.2752,8.5414,0.1547,0.3624
"ENSG00000198133",-0.0921,7.5364,0.7764,0.9032
"ENSG00000198134",0.0739,7.4232,0.8486,0.9374
"ENSG00000198142",-0.1057,8.6602,0.4716,0.7063
"ENSG00000198146",0.0592,9.9986,0.6624,0.8407
"ENSG00000198150",-0.6121,7.4682,0.1285,0.3178
"ENSG00000198155",-0.3792,7.1912,0.5036,0.7311
"ENSG00000198156",-0.2352,7.532,0.5068,0.7333
"ENSG00000198157",-0.15,8.1159,0.5021,0.7301
"ENSG00000198160",0.0946,10.4106,0.3787,0.6254
"ENSG00000198162",-0.0713,11.3046,0.4314,0.6742
"ENSG00000198168",-0.2305,8.0655,0.2434,0.4833
"ENSG00000198169",-0.164,9.5234,0.1537,0.3608
"ENSG00000198171",0.3134,9.6318,0.01465,0.06197
"ENSG00000198176",0.2387,10.9269,0.008001,0.03842
"ENSG00000198182",-0.2434,8.2642,0.182,0.4029
"ENSG00000198185",-0.4371,8.015,0.04692,0.1533
"ENSG00000198189",0.7733,10.43,2.608e-11,6.845e-10
"ENSG00000198198",-0.0428,10.2603,0.7286,0.8781
"ENSG00000198203",-1.447,7.1562,0.01706,0.06991
"ENSG00000198205",-0.277,8.3542,0.09315,0.2516
"ENSG00000198208",0.6483,7.2824,0.2023,0.4307
"ENSG00000198218",-0.0449,10.7326,0.5952,0.7964
"ENSG00000198225",0.1479,9.4477,0.3012,0.5501
"ENSG00000198231",-0.0544,11.6333,0.4978,0.7266
"ENSG00000198237",-0.6158,8.1203,0.003128,0.01752
"ENSG00000198242",-0.1424,11.7583,0.1319,0.3242
"ENSG00000198246",-0.4795,8.3332,0.00826,0.03941
"ENSG00000198252",0.172,9.5676,0.1517,0.3581
"ENSG00000198258",0.2569,10.428,0.005039,0.02632
"ENSG00000198265",-0.0072,10.3766,0.9435,0.9762
"ENSG00000198270",-0.4624,8.3122,0.0134,0.05779
"ENSG00000198276",0.1298,9.2482,0.3001,0.549
"ENSG00000198298",0.0338,7.3781,0.931,0.9722
"ENSG00000198300",-0.3798,8.2835,0.03991,0.1354
"ENSG00000198301",0.0733,9.7679,0.4933,0.724
"ENSG00000198305",-0.026,7.5291,0.9365,0.9733
"ENSG00000198312",0.1436,7.4375,0.7095,0.8676
"ENSG00000198315",-0.0601,10.6401,0.5232,0.7445
"ENSG00000198324",0.4308,9.0879,0.01471,0.06218
"ENSG00000198331",-0.1588,8.0591,0.4892,0.7208
"ENSG00000198342",-0.5752,7.1462,0.3776,0.6242
"ENSG00000198346",-0.0823,8.1355,0.6655,0.8419
"ENSG00000198355",0.0961,8.7063,0.5186,0.7417
"ENSG00000198356",0.0647,10.4708,0.5064,0.7331
"ENSG00000198363",-0.324,13.6718,7.724e-05,0.0007013
"ENSG00000198369",0.6335,10.0718,2.354e-09,4.965e-08
"ENSG00000198373",0.0618,9.5226,0.6077,0.806
"ENSG00000198380",0.0561,11.0214,0.5126,0.7371
"ENSG00000198382",-0.0772,9.2195,0.5414,0.7594
"ENSG00000198393",0.1455,8.1889,0.4386,0.6805
"ENSG00000198399",-0.1431,10.4415,0.1128,0.2898
"ENSG00000198406",0.3769,10.5648,1.616e-05,0.0001734
"ENSG00000198408",0.3516,11.7147,0.0003255,0.002519
"ENSG00000198416",-0.6968,8.0472,0.001056,0.007004
"ENSG00000198420",-0.1074,11.7273,0.188,0.4112
"ENSG00000198429",0.1909,7.989,0.3806,0.6273
"ENSG00000198431",1.5002,14.2689,2.603e-23,2.312e-21
"ENSG00000198440",-0.336,8.0493,0.09223,0.2498
"ENSG00000198444",0.2478,8.6202,0.09247,0.2503
"ENSG00000198453",-0.2651,8.4805,0.099,0.2636
"ENSG00000198455",0.074,8.9199,0.5801,0.7871
"ENSG00000198464",-0.0804,8.9004,0.5555,0.7694
"ENSG00000198466",-0.059,8.6229,0.685,0.8532
"ENSG00000198467",0.7441,14.1669,5.423e-11,1.368e-09
"ENSG00000198468",-0.2087,7.1234,0.752,0.8913
"ENSG00000198477",-0.6029,7.2077,0.2718,0.5168
"ENSG00000198478",-0.4577,8.5248,0.003169,0.0177
"ENSG00000198482",-0.0324,7.9274,0.8842,0.9523
"ENSG00000198483",0.1804,8.4985,0.2454,0.486
"ENSG00000198492",0.12,10.6045,0.1766,0.3953
"ENSG00000198496",-0.3006,7.9695,0.1512,0.3575
"ENSG00000198498",0.159,8.5954,0.2908,0.5393
"ENSG00000198513",0.0197,8.2261,0.9235,0.968
"ENSG00000198517",0.6887,8.6142,0.0001501,0.001266
"ENSG00000198518",-0.1321,7.0205,0.8898,0.9545
"ENSG00000198520",-0.0767,7.7079,0.7713,0.9003
"ENSG00000198521",-0.5617,8.508,0.0003391,0.002606
"ENSG00000198522",0.0698,9.2213,0.5415,0.7595
"ENSG00000198523",0.2736,7.0247,0.7844,0.9068
"ENSG00000198538",0.1099,8.5246,0.4912,0.7225
"ENSG00000198542",1.0286,11.684,3.441e-22,2.783e-20
"ENSG00000198546",-0.0059,8.2963,0.9739,0.9895
"ENSG00000198551",-0.3834,8.4695,0.01318,0.05704
"ENSG00000198554",-0.1162,8.3234,0.4983,0.7269
"ENSG00000198555",0.056,7.1328,0.9282,0.9704
"ENSG00000198556",0.1033,8.1403,0.6042,0.8039
"ENSG00000198561",0.2508,12.0355,0.02727,0.1013
"ENSG00000198563",0.0344,10.562,0.7029,0.8633
"ENSG00000198566",-0.7094,7.9955,0.001451,0.00917
"ENSG00000198569",0.0716,7.2081,0.8948,0.9565
"ENSG00000198580",-0.9334,7.4134,0.01899,0.07617
"ENSG00000198585",0.6513,10.5236,1.847e-10,4.429e-09
"ENSG00000198586",-0.0445,10.9072,0.7293,0.8784
"ENSG00000198589",0.1357,10.4885,0.1875,0.4105
"ENSG00000198597",-0.1718,7.3009,0.7051,0.865
"ENSG00000198598",-0.0924,8.5397,0.5612,0.7738
"ENSG00000198604",-0.2656,9.2728,0.1053,0.2762
"ENSG00000198610",0.4597,7.2274,0.4683,0.7037
"ENSG00000198612",0.0522,10.5482,0.6413,0.8275
"ENSG00000198618",0.1558,11.5667,0.06636,0.1979
"ENSG00000198624",2.9185,10.6339,7.696e-73,7.709e-70
"ENSG00000198625",-0.148,9.1257,0.2744,0.5202
"ENSG00000198632",-0.17,7.3262,0.7008,0.8625
"ENSG00000198642",0.1478,10.5051,0.1525,0.359
"ENSG00000198646",0.0025,10.4144,0.9795,0.9915
"ENSG00000198648",0.1232,9.6678,0.2822,0.5296
"ENSG00000198658",-0.0491,8.3384,0.7836,0.9065
"ENSG00000198663",-0.1897,12.2761,0.01033,0.04719
"ENSG00000198668",0.4336,11.9212,1.839e-06,2.386e-05
"ENSG00000198673",0.4842,7.3652,0.2466,0.4879
"ENSG00000198677",0.0496,11.5976,0.577,0.7851
"ENSG00000198680",0.0475,8.5134,0.7556,0.8929
"ENSG00000198682",0.3319,11.9502,0.008731,0.04124
"ENSG00000198689",0.147,9.7859,0.1844,0.4061
"ENSG00000198690",-0.2132,9.0709,0.07477,0.2155
"ENSG00000198691",1.3067,7.5618,0.0004314,0.003202
"ENSG00000198692",0.0728,8.264,0.7112,0.8686
"ENSG00000198695",0.2283,14.2338,0.03246,0.1157
"ENSG00000198700",-0.1388,11.2135,0.1017,0.2686
"ENSG00000198707",-0.2482,9.5296,0.02,0.07961
"ENSG00000198712",0.2372,15.7119,0.04537,0.1493
"ENSG00000198715",-0.1189,10.8136,0.1736,0.3908
"ENSG00000198718",-0.1297,9.5681,0.2403,0.4796
"ENSG00000198719",-0.4799,8.5359,0.004553,0.02415
"ENSG00000198720",0.0399,8.8634,0.8287,0.928
"ENSG00000198721",-0.3097,9.3507,0.009409,0.04377
"ENSG00000198722",-0.1334,10.3502,0.2155,0.4475
"ENSG00000198727",0.3005,15.7865,0.004092,0.02205
"ENSG00000198728",-0.5342,11.1442,2.391e-08,4.359e-07
"ENSG00000198729",-0.2683,7.1213,0.7014,0.8625
"ENSG00000198730",-0.0167,11.3938,0.8789,0.9494
"ENSG00000198732",1.0572,7.5431,0.1378,0.3344
"ENSG00000198736",0.6927,8.999,5.321e-07,7.579e-06
"ENSG00000198740",-0.0621,8.8973,0.6447,0.8294
"ENSG00000198742",0.1548,9.7793,0.1174,0.2981
"ENSG00000198744",0.0812,11.7859,0.4608,0.6978
"ENSG00000198746",-0.03,8.5382,0.8405,0.9337
"ENSG00000198750",0.1896,8.5551,0.3351,0.5841
"ENSG00000198752",0.0065,11.6399,0.937,0.9734
"ENSG00000198753",0.1553,8.0757,0.5139,0.738
"ENSG00000198754",0.4661,7.4538,0.2654,0.5099
"ENSG00000198755",-0.037,13.2992,0.68,0.8496
"ENSG00000198756",0.0191,8.7689,0.9164,0.9657
"ENSG00000198759",-0.2972,10.455,0.02014,0.07999
"ENSG00000198763",0.1809,14.9261,0.08034,0.2267
"ENSG00000198768",-0.7283,8.0616,0.0004127,0.003083
"ENSG00000198774",0.0602,7.39,0.8804,0.95
"ENSG00000198780",0.2067,7.3383,0.6219,0.8151
"ENSG00000198783",-0.0412,8.6192,0.7971,0.9129
"ENSG00000198785",-0.2565,7.0428,0.7603,0.8954
"ENSG00000198786",0.1586,15.8413,0.0229,0.08841
"ENSG00000198791",-0.0527,10.2076,0.5619,0.7743
"ENSG00000198792",0.1332,10.5835,0.1222,0.3065
"ENSG00000198793",0.68,11.0629,1.303e-06,1.731e-05
"ENSG00000198794",-0.0777,7.6428,0.8002,0.9142
"ENSG00000198795",-0.9868,10.1026,2.081e-15,8.915e-14
"ENSG00000198796",0.1057,8.7543,0.5377,0.7564
"ENSG00000198799",0.0131,9.1864,0.9119,0.9635
"ENSG00000198804",0.0516,17.9624,0.6093,0.8072
"ENSG00000198805",0.6756,7.8623,0.003297,0.01829
"ENSG00000198814",0.6944,8.9264,0.00084,0.005757
"ENSG00000198815",-0.1345,10.0489,0.1674,0.3813
"ENSG00000198816",0.0677,9.5975,0.5203,0.7428
"ENSG00000198818",0.3784,9.3433,0.0006007,0.0043
"ENSG00000198824",0.2245,9.7798,0.04958,0.1598
"ENSG00000198825",0.0997,9.5264,0.3518,0.5991
"ENSG00000198826",-0.3356,9.507,0.002468,0.01441
"ENSG00000198830",-0.2933,10.9403,0.005383,0.02777
"ENSG00000198832",0.2528,11.1523,0.002174,0.01295
"ENSG00000198833",0.43,10.6391,7.23e-07,1.002e-05
"ENSG00000198835",-0.6546,7.8473,0.01162,0.05173
"ENSG00000198836",0.1234,10.56,0.192,0.4165
"ENSG00000198837",-0.1003,9.6277,0.3485,0.5962
"ENSG00000198838",0.3286,7.3315,0.4466,0.6863
"ENSG00000198839",-0.0346,9.2685,0.763,0.897
"ENSG00000198840",0.1026,12.4767,0.2907,0.5391
"ENSG00000198841",0.3303,8.2628,0.0609,0.1861
"ENSG00000198843",0.0919,10.4302,0.3258,0.5742
"ENSG00000198846",-0.5933,8.5225,0.002294,0.01354
"ENSG00000198848",-0.0872,11.6252,0.2796,0.5268
"ENSG00000198853",-0.1257,10.3541,0.2865,0.5351
"ENSG00000198855",0.157,8.5523,0.316,0.5648
"ENSG00000198856",0.2633,10.8146,0.01434,0.06093
"ENSG00000198858",0.2213,9.7214,0.03686,0.1273
"ENSG00000198860",-0.1869,9.1302,0.1936,0.4189
"ENSG00000198862",0.5874,10.0797,2.983e-06,3.727e-05
"ENSG00000198863",0.1811,8.9012,0.1857,0.4078
"ENSG00000198865",-0.3387,8.338,0.04457,0.1475
"ENSG00000198870",-0.3776,7.4066,0.3229,0.5708
"ENSG00000198873",0.4931,11.5932,0.0002066,0.00168
"ENSG00000198874",0.0547,9.1504,0.6535,0.8347
"ENSG00000198876",0.0208,9.6192,0.8414,0.9339
"ENSG00000198879",0.437,7.7312,0.1447,0.346
"ENSG00000198885",0.0565,7.5473,0.8649,0.9443
"ENSG00000198886",0.1256,16.1956,0.2484,0.4898
"ENSG00000198887",0.155,10.0236,0.09515,0.2557
"ENSG00000198888",0.2156,14.8981,0.08223,0.2308
"ENSG00000198890",-0.5394,8.598,0.0008477,0.005803
"ENSG00000198892",0.2938,9.7582,0.01222,0.0538
"ENSG00000198894",0.1734,8.7653,0.23,0.4658
"ENSG00000198898",0.2093,11.4405,0.02743,0.1016
"ENSG00000198899",0.1676,15.2862,0.1124,0.2892
"ENSG00000198900",-0.0794,10.5708,0.3617,0.6087
"ENSG00000198901",-0.271,8.2917,0.1302,0.3212
"ENSG00000198908",-0.3648,8.4416,0.03498,0.1225
"ENSG00000198909",0.482,10.6248,0.0009981,0.006668
"ENSG00000198910",-0.7863,7.0458,0.3399,0.5883
"ENSG00000198911",-0.3435,11.0036,0.01359,0.05838
"ENSG00000198912",0.1453,9.0599,0.2588,0.5032
"ENSG00000198915",-0.667,7.5397,0.06762,0.2005
"ENSG00000198917",0.1158,9.0411,0.3662,0.6133
"ENSG00000198918",0.0809,12.9332,0.324,0.5718
"ENSG00000198919",-0.2585,9.8433,0.009246,0.04317
"ENSG00000198920",-0.2365,9.3971,0.03056,0.1104
"ENSG00000198924",-0.3056,8.2888,0.0833,0.2329
"ENSG00000198925",0.387,11.082,1.897e-05,0.0002004
"ENSG00000198929",-0.3874,7.0237,0.7081,0.8669
"ENSG00000198931",0.1665,9.9315,0.1576,0.3666
"ENSG00000198932",-0.9963,8.5095,4.771e-10,1.094e-08
"ENSG00000198933",0.3694,9.3509,0.001611,0.01001
"ENSG00000198934",-0.4892,7.9331,0.05079,0.1623
"ENSG00000198937",-0.3142,7.908,0.2195,0.4521
"ENSG00000198938",0.1681,15.6713,0.07923,0.2246
"ENSG00000198939",-0.6232,7.4644,0.07994,0.226
"ENSG00000198944",-1.5091,7.2275,0.005972,0.03023
"ENSG00000198945",0.0682,8.6772,0.6643,0.8414
"ENSG00000198947",1.0144,10.4008,4.817e-18,2.64e-16
"ENSG00000198948",0.6632,7.5411,0.05982,0.1836
"ENSG00000198951",-0.1253,10.1192,0.207,0.4361
"ENSG00000198952",0.3149,11.3799,0.0002294,0.001843
"ENSG00000198954",0.3238,9.8516,0.001242,0.008011
"ENSG00000198959",0.4589,13.2669,0.001626,0.01008
"ENSG00000198960",-0.6445,9.6529,2.66e-10,6.254e-09
"ENSG00000198961",-0.0285,11.8301,0.7361,0.8827
"ENSG00000198963",0.5801,7.5145,0.185,0.4069
"ENSG00000198964",-0.3292,10.4839,0.001376,0.008762
"ENSG00000199038",0.9524,7.0463,0.2413,0.4807
"ENSG00000199332",-0.6415,7.1918,0.2493,0.491
"ENSG00000199753",1.1327,7.0527,0.1637,0.376
"ENSG00000200090",-0.6593,7.1073,0.3588,0.6058
"ENSG00000200154",-0.4406,7.1142,0.5256,0.7465
"ENSG00000200534",0.0784,7.1133,0.9068,0.9615
"ENSG00000201217",0.3189,7.0875,0.6644,0.8414
"ENSG00000201678",0.0899,7.0383,0.9169,0.9658
"ENSG00000202107",0.0127,7.0703,0.9867,0.9944
"ENSG00000202198",-1.5255,7.2091,0.05382,0.1695
"ENSG00000202343",1.3982,7.1064,0.07312,0.2121
"ENSG00000203301",-1.4505,7.0343,0.1074,0.2799
"ENSG00000203326",0.1609,8.0543,0.4113,0.6571
"ENSG00000203327",-0.3411,7.0576,0.6538,0.8349
"ENSG00000203392",0.5046,7.5541,0.1227,0.3074
"ENSG00000203485",0.3525,11.3949,0.0002819,0.002212
"ENSG00000203497",-0.5068,7.4388,0.2028,0.4313
"ENSG00000203499",0.2364,7.1718,0.6769,0.848
"ENSG00000203644",0.5668,7.6225,0.05721,0.1777
"ENSG00000203666",0.1214,8.0733,0.5308,0.7507
"ENSG00000203667",-0.2219,7.3752,0.6307,0.821
"ENSG00000203668",0.3989,8.9023,0.03087,0.1112
"ENSG00000203684",-1.3157,7.0373,0.1239,0.3097
"ENSG00000203685",2.8721,7.0816,0.0003527,0.002701
"ENSG00000203691",-0.2443,7.0419,0.7627,0.897
"ENSG00000203705",0.2074,8.725,0.2056,0.4346
"ENSG00000203709",0.6911,8.7857,9.109e-06,0.000103
"ENSG00000203722",-1.0537,7.7447,0.0001824,0.001502
"ENSG00000203724",-0.2684,7.3993,0.4952,0.7248
"ENSG00000203727",-1.054,8.9431,4.71e-07,6.789e-06
"ENSG00000203739",0.3075,7.3109,0.4875,0.7196
"ENSG00000203760",0.3275,7.8937,0.249,0.4907
"ENSG00000203761",-0.0934,7.8644,0.705,0.8649
"ENSG00000203772",0.2445,7.821,0.3137,0.5628
"ENSG00000203778",-0.2584,8.8624,0.04754,0.1547
"ENSG00000203780",-0.6626,7.9266,0.003066,0.01726
"ENSG00000203791",0.0741,7.9397,0.7447,0.8874
"ENSG00000203797",-0.6944,7.3694,0.09233,0.25
"ENSG00000203799",-0.0359,7.0246,0.9669,0.9868
"ENSG00000203805",-1.3264,7.271,0.006871,0.03396
"ENSG00000203808",1.0765,7.1852,0.06042,0.185
"ENSG00000203811",-0.1003,7.1748,0.8602,0.9425
"ENSG00000203812",0.3522,8.7183,0.09555,0.2566
"ENSG00000203813",0.0772,7.1002,0.9159,0.9655
"ENSG00000203814",-0.058,7.4765,0.8679,0.9449
"ENSG00000203815",0.2266,7.3329,0.5964,0.797
"ENSG00000203817",-0.1333,7.2926,0.7765,0.9032
"ENSG00000203819",0.1248,7.4557,0.7406,0.8849
"ENSG00000203827",-0.1144,11.5936,0.2374,0.4754
"ENSG00000203832",-0.0733,11.1959,0.4171,0.6617
"ENSG00000203835",-0.0491,8.3384,0.7836,0.9065
"ENSG00000203836",-0.2062,11.0013,0.02068,0.08157
"ENSG00000203843",-0.243,7.1291,0.7075,0.8666
"ENSG00000203852",-0.1003,7.1748,0.8602,0.9425
"ENSG00000203865",-0.0392,7.3414,0.9254,0.9691
"ENSG00000203871",-0.4727,7.1066,0.4961,0.7253
"ENSG00000203872",0.1042,7.2888,0.8361,0.9318
"ENSG00000203875",-0.0469,11.5994,0.6194,0.8135
"ENSG00000203879",0.1351,11.187,0.1334,0.3263
"ENSG00000203880",0.0157,10.196,0.8817,0.9505
"ENSG00000203896",0.1197,7.5393,0.7287,0.8781
"ENSG00000203902",-0.3341,7.5365,0.3338,0.583
"ENSG00000203943",-1.4252,7.1749,0.01612,0.0669
"ENSG00000203950",0.1435,9.8001,0.1505,0.3564
"ENSG00000203965",-0.6792,8.4546,6.01e-05,0.0005586
"ENSG00000203993",0.0235,8.3897,0.8915,0.955
"ENSG00000203995",-0.4264,7.2556,0.4015,0.6476
"ENSG00000203999",0.7063,7.2395,0.1624,0.3744
"ENSG00000204052",0.4168,7.0976,0.542,0.7597
"ENSG00000204054",0.0304,10.046,0.7653,0.8975
"ENSG00000204055",-0.9994,7.2874,0.03763,0.1295
"ENSG00000204060",-1.3191,7.0797,0.0834,0.2331
"ENSG00000204070",-0.0934,9.5043,0.4135,0.659
"ENSG00000204071",0.9134,7.4799,0.01392,0.0596
"ENSG00000204072",-0.5723,9.0582,2.768e-06,3.472e-05
"ENSG00000204084",-0.1938,9.2519,0.1064,0.278
"ENSG00000204103",-1.9331,8.0475,9.038e-09,1.756e-07
"ENSG00000204104",0.0179,9.4962,0.8719,0.946
"ENSG00000204116",-0.2162,9.2822,0.05886,0.1815
"ENSG00000204120",0.0785,11.0035,0.342,0.5904
"ENSG00000204130",0.0221,9.5283,0.8485,0.9374
"ENSG00000204131",-0.4116,8.1197,0.05795,0.1794
"ENSG00000204136",0.6108,7.028,0.4686,0.7038
"ENSG00000204138",-0.1322,9.4314,0.2474,0.4888
"ENSG00000204147",-0.3207,8.0758,0.1239,0.3097
"ENSG00000204149",0.0679,8.9087,0.6197,0.8136
"ENSG00000204150",-0.2717,7.8501,0.235,0.4722
"ENSG00000204152",0.1633,9.1938,0.1662,0.3798
"ENSG00000204160",0.3769,9.3889,0.0005856,0.004202
"ENSG00000204164",-0.1463,8.8963,0.2598,0.5041
"ENSG00000204169",-0.1016,8.3341,0.5523,0.7673
"ENSG00000204172",-0.4133,8.6617,0.008979,0.04217
"ENSG00000204173",-0.0523,7.1268,0.9341,0.9728
"ENSG00000204174",-1.5926,7.0493,0.08192,0.2301
"ENSG00000204176",-0.0715,8.1418,0.7524,0.8914
"ENSG00000204177",-0.2677,8.1057,0.2219,0.4552
"ENSG00000204178",-0.166,9.375,0.204,0.4328
"ENSG00000204186",-0.1137,9.3145,0.3845,0.6308
"ENSG00000204209",-0.0079,10.2602,0.945,0.9765
"ENSG00000204217",0.0275,11.7552,0.7334,0.8811
"ENSG00000204219",-0.719,9.2341,1.291e-09,2.815e-08
"ENSG00000204220",0.0614,8.7414,0.6906,0.8571
"ENSG00000204227",-0.1872,10.0307,0.08845,0.2428
"ENSG00000204228",-0.2916,7.8573,0.216,0.4482
"ENSG00000204231",-0.0644,10.3338,0.5385,0.7567
"ENSG00000204237",0.1826,8.5568,0.2185,0.4509
"ENSG00000204248",-0.5082,7.459,0.1761,0.3944
"ENSG00000204253",0.0822,9.645,0.4877,0.7196
"ENSG00000204256",-0.1857,11.7191,0.0339,0.1195
"ENSG00000204257",-0.2948,8.7108,0.04216,0.1413
"ENSG00000204261",-0.4966,7.1921,0.3635,0.6105
"ENSG00000204262",0.3656,13.9589,0.000207,0.001682
"ENSG00000204264",-0.1395,9.2657,0.2377,0.4758
"ENSG00000204267",-0.2057,8.614,0.3206,0.5689
"ENSG00000204271",-0.1337,8.0657,0.5034,0.731
"ENSG00000204272",-0.0212,9.1531,0.8736,0.9467
"ENSG00000204291",-0.9489,10.492,4.597e-09,9.294e-08
"ENSG00000204301",-0.218,7.1767,0.7085,0.8671
"ENSG00000204304",-0.3651,10.2545,0.001752,0.01076
"ENSG00000204305",-0.1405,7.4047,0.713,0.8693
"ENSG00000204308",-0.1585,9.1306,0.2004,0.4281
"ENSG00000204310",0.1809,9.9698,0.08291,0.2321
"ENSG00000204311",-0.1843,7.7469,0.4725,0.7066
"ENSG00000204314",-0.5718,8.2021,0.006537,0.0325
"ENSG00000204315",-0.2354,7.9261,0.2753,0.5209
"ENSG00000204316",-0.0638,7.3122,0.8913,0.9549
"ENSG00000204334",-1.1897,7.3029,0.01057,0.0481
"ENSG00000204335",-2.6412,7.0054,0.008433,0.04004
"ENSG00000204338",-0.711,7.2154,0.1722,0.3889
"ENSG00000204344",0.0293,8.7582,0.8424,0.9346
"ENSG00000204348",-0.1476,8.5508,0.3557,0.6029
"ENSG00000204351",-0.1182,10.2086,0.2896,0.5382
"ENSG00000204352",0.0218,8.4035,0.9145,0.9645
"ENSG00000204356",-0.1356,10.095,0.1926,0.4174
"ENSG00000204366",-0.922,8.0391,1.898e-05,0.0002004
"ENSG00000204370",0.2277,9.9052,0.05833,0.1803
"ENSG00000204371",-0.5078,10.3052,1.828e-07,2.864e-06
"ENSG00000204377",0.2573,7.3508,0.531,0.7507
"ENSG00000204380",0.5446,7.05,0.494,0.7243
"ENSG00000204381",-0.1595,11.198,0.1494,0.3543
"ENSG00000204386",-0.4098,10.1495,0.0001736,0.001438
"ENSG00000204387",-0.0883,11.8611,0.3854,0.6314
"ENSG00000204388",-0.0875,12.2246,0.3068,0.5557
"ENSG00000204389",-0.0538,12.2251,0.5206,0.7429
"ENSG00000204390",-0.0377,7.8556,0.8768,0.9486
"ENSG00000204392",-0.2622,8.5477,0.08714,0.2402
"ENSG00000204394",0.0843,10.2492,0.4086,0.6545
"ENSG00000204396",-0.968,7.3031,0.03323,0.1177
"ENSG00000204397",-0.5328,8.0517,0.02059,0.08128
"ENSG00000204403",0.6195,7.0334,0.4799,0.7129
"ENSG00000204406",-0.4129,9.5671,0.0008528,0.005834
"ENSG00000204410",-0.5356,7.3281,0.2242,0.4581
"ENSG00000204427",0.0781,7.364,0.8443,0.9353
"ENSG00000204428",-0.0512,7.538,0.8733,0.9465
"ENSG00000204435",0.2653,8.2754,0.1403,0.3388
"ENSG00000204438",-0.1063,8.9639,0.3989,0.6452
"ENSG00000204439",0.1309,8.7563,0.3572,0.6044
"ENSG00000204442",-0.3063,8.3283,0.1,0.2655
"ENSG00000204444",-0.392,7.6113,0.1942,0.4195
"ENSG00000204463",-0.1175,11.7581,0.1814,0.402
"ENSG00000204469",0.0404,12.2495,0.6356,0.8241
"ENSG00000204498",-0.2258,8.6069,0.1625,0.3745
"ENSG00000204514",-0.2378,8.2361,0.1827,0.4037
"ENSG00000204516",0.4708,8.5704,0.001481,0.009317
"ENSG00000204518",1.5157,7.0542,0.0588,0.1814
"ENSG00000204519",-0.0351,8.0427,0.8658,0.9445
"ENSG00000204520",-0.3773,9.1479,0.001254,0.00808
"ENSG00000204524",-0.1861,7.716,0.5148,0.7386
"ENSG00000204525",-0.1241,12.8545,0.09716,0.2598
"ENSG00000204533",-0.6909,7.6634,0.07695,0.2199
"ENSG00000204536",-0.3034,8.9384,0.02059,0.08128
"ENSG00000204540",0.1306,7.388,0.7474,0.8891
"ENSG00000204556",-0.7428,7.1793,0.2071,0.4363
"ENSG00000204560",0.2666,9.9422,0.007871,0.03798
"ENSG00000204564",6e-04,8.2322,0.9973,0.9988
"ENSG00000204568",-0.0215,9.6222,0.8671,0.9446
"ENSG00000204569",-0.1446,10.1971,0.1876,0.4106
"ENSG00000204574",-0.0327,10.8045,0.7439,0.8869
"ENSG00000204576",-0.5597,8.6133,0.000235,0.001882
"ENSG00000204580",0.0012,9.811,0.9911,0.9964
"ENSG00000204581",0.1778,7.1708,0.7753,0.9027
"ENSG00000204588",0.1534,7.5658,0.6191,0.8133
"ENSG00000204590",-0.036,11.1167,0.6895,0.8563
"ENSG00000204592",0.3065,13.3571,0.0005648,0.004069
"ENSG00000204599",-0.2976,8.5315,0.05008,0.1609
"ENSG00000204604",0.3839,8.4185,0.01902,0.07627
"ENSG00000204611",-0.0334,8.7184,0.8169,0.9223
"ENSG00000204618",-0.0373,7.3339,0.9394,0.9749
"ENSG00000204619",-0.0402,10.1474,0.6762,0.8478
"ENSG00000204620",0.8284,7.0503,0.2909,0.5393
"ENSG00000204622",-0.0485,7.1106,0.9436,0.9762
"ENSG00000204623",-0.4622,8.3193,0.01874,0.07542
"ENSG00000204628",-0.0496,14.2707,0.596,0.7969
"ENSG00000204632",0.127,8.3107,0.4523,0.6911
"ENSG00000204634",-0.0746,8.6839,0.6325,0.8221
"ENSG00000204642",-0.2517,7.5347,0.4399,0.6815
"ENSG00000204650",-0.3758,8.2326,0.03678,0.1271
"ENSG00000204652",-0.1314,10.0215,0.2055,0.4346
"ENSG00000204653",0.0864,7.0456,0.9147,0.9645
"ENSG00000204673",-0.0514,10.628,0.5744,0.7833
"ENSG00000204681",0.1443,9.7894,0.2192,0.4518
"ENSG00000204682",-0.1454,7.5507,0.6535,0.8347
"ENSG00000204685",0.3523,7.8263,0.1517,0.3581
"ENSG00000204706",-0.1534,7.0597,0.838,0.9326
"ENSG00000204713",-0.034,10.1044,0.7389,0.8842
"ENSG00000204740",-0.494,7.0442,0.547,0.7637
"ENSG00000204745",0.1626,9.2734,0.1754,0.3934
"ENSG00000204758",-0.0162,7.1719,0.9781,0.9909
"ENSG00000204764",0.6763,7.207,0.2509,0.4931
"ENSG00000204767",-0.6944,7.6765,0.0311,0.1119
"ENSG00000204771",0.2537,9.4097,0.03346,0.1182
"ENSG00000204775",0.1823,8.8438,0.2354,0.4728
"ENSG00000204778",0.1583,8.4506,0.371,0.6177
"ENSG00000204789",-0.7976,7.5417,0.02381,0.09125
"ENSG00000204790",-0.0569,9.2994,0.6489,0.8317
"ENSG00000204792",0.0551,7.4273,0.886,0.9534
"ENSG00000204794",-0.2171,9.0644,0.1479,0.3517
"ENSG00000204801",-0.3293,8.642,0.02974,0.108
"ENSG00000204802",-0.7775,7.5132,0.01679,0.069
"ENSG00000204805",-0.119,7.0343,0.885,0.9527
"ENSG00000204815",-0.2823,7.415,0.5106,0.7355
"ENSG00000204816",-0.2816,9.2173,0.04892,0.1582
"ENSG00000204822",-0.1616,7.3805,0.6989,0.8616
"ENSG00000204837",-0.2166,8.7213,0.2498,0.4917
"ENSG00000204839",0.3454,8.0095,0.1201,0.3024
"ENSG00000204842",0.3908,10.5667,0.0005163,0.003764
"ENSG00000204843",0.0788,12.5959,0.3375,0.5861
"ENSG00000204851",0.046,7.8228,0.8604,0.9425
"ENSG00000204852",-0.2393,9.9436,0.01286,0.05594
"ENSG00000204856",0.1555,8.2136,0.4059,0.6516
"ENSG00000204859",-0.0028,8.5974,0.9854,0.9939
"ENSG00000204899",0.3152,8.3361,0.09828,0.2621
"ENSG00000204920",-0.554,7.7704,0.04058,0.1372
"ENSG00000204922",-0.0327,7.6141,0.9122,0.9636
"ENSG00000204923",-0.3148,7.763,0.2606,0.5047
"ENSG00000204934",-0.6743,7.3632,0.1493,0.3543
"ENSG00000204936",-0.7647,7.2975,0.1061,0.2774
"ENSG00000204941",-0.7564,9.9811,4.4e-09,8.936e-08
"ENSG00000204946",0.2267,8.639,0.1177,0.2985
"ENSG00000204947",-0.4535,8.2146,0.01438,0.06101
"ENSG00000204954",0.1698,7.9848,0.4787,0.7122
"ENSG00000204956",-0.4972,7.7688,0.04796,0.1558
"ENSG00000204959",0.0356,9.3,0.7647,0.8973
"ENSG00000204967",0.0861,7.0587,0.911,0.9631
"ENSG00000204977",0.2166,9.3864,0.05344,0.1687
"ENSG00000204991",-0.7899,8.1065,1e-04,0.0008806
"ENSG00000205037",-1.6049,7.0698,0.04004,0.1357
"ENSG00000205041",0.1355,7.3314,0.7471,0.889
"ENSG00000205047",-0.0747,7.5342,0.8194,0.9233
"ENSG00000205054",-0.5917,7.1836,0.2948,0.5429
"ENSG00000205060",0.1105,9.6404,0.2939,0.5424
"ENSG00000205078",0.0435,7.072,0.9542,0.9818
"ENSG00000205084",-0.2558,8.4123,0.1301,0.3211
"ENSG00000205085",0.5456,7.5182,0.09156,0.2486
"ENSG00000205090",0.0462,7.7476,0.8617,0.9428
"ENSG00000205105",0.3109,7.1863,0.5772,0.7851
"ENSG00000205111",0.839,7.098,0.2583,0.5025
"ENSG00000205129",-0.1681,7.214,0.7526,0.8915
"ENSG00000205133",-0.0133,9.0147,0.9195,0.9669
"ENSG00000205138",0.0369,8.1999,0.85,0.938
"ENSG00000205155",0.051,8.137,0.8101,0.9195
"ENSG00000205181",-0.474,8.4921,0.005522,0.02833
"ENSG00000205189",0.5289,9.2462,0.001,0.006679
"ENSG00000205208",-1.3581,9.5139,8.312e-16,3.701e-14
"ENSG00000205209",0.099,7.1594,0.8699,0.945
"ENSG00000205213",-1.0917,9.1184,3.125e-14,1.167e-12
"ENSG00000205217",-0.1751,7.198,0.7724,0.9009
"ENSG00000205220",0.0771,8.1642,0.6773,0.8482
"ENSG00000205221",0.388,8.4921,0.1283,0.3175
"ENSG00000205236",-0.5039,7.1134,0.4441,0.6844
"ENSG00000205238",-0.3077,7.7897,0.2887,0.5373
"ENSG00000205240",0.3265,7.1371,0.5996,0.7996
"ENSG00000205246",-0.0958,12.0589,0.3575,0.6046
"ENSG00000205250",0.2921,10.164,0.007146,0.03508
"ENSG00000205268",-0.2079,8.6832,0.1491,0.3539
"ENSG00000205269",0.3209,8.188,0.1074,0.2798
"ENSG00000205271",-0.4706,8.735,0.01234,0.05423
"ENSG00000205275",-0.4598,8.6675,0.02472,0.09386
"ENSG00000205277",0.5568,7.1958,0.3649,0.6122
"ENSG00000205281",-0.4228,7.7671,0.09507,0.2556
"ENSG00000205302",-0.3512,10.8487,0.0001103,0.0009642
"ENSG00000205309",-0.3337,7.4461,0.3775,0.6241
"ENSG00000205323",-0.3772,7.6472,0.1941,0.4194
"ENSG00000205336",-0.3256,7.727,0.2442,0.4844
"ENSG00000205339",0.168,11.8889,0.03043,0.1101
"ENSG00000205352",0.469,9.7772,5.101e-06,6.103e-05
"ENSG00000205356",0.2089,9.9128,0.05259,0.1667
"ENSG00000205363",-0.7135,7.5138,0.06612,0.1973
"ENSG00000205364",2.5178,7.6296,3.675e-13,1.239e-11
"ENSG00000205403",-0.5266,7.7684,0.05407,0.17
"ENSG00000205413",-0.0143,9.3931,0.9131,0.9639
"ENSG00000205423",0.1134,9.0369,0.3674,0.6144
"ENSG00000205456",-0.8248,7.0693,0.2716,0.5167
"ENSG00000205457",-0.4164,6.9906,0.6772,0.8482
"ENSG00000205464",-0.4674,8.0925,0.01612,0.0669
"ENSG00000205476",-0.6185,8.1339,0.00452,0.024
"ENSG00000205482",-0.3554,7.3763,0.3741,0.6205
"ENSG00000205485",-0.2354,7.6111,0.4438,0.6844
"ENSG00000205505",0.0935,7.4749,0.7866,0.9082
"ENSG00000205506",-0.2326,7.4128,0.5389,0.7572
"ENSG00000205508",0.1545,7.4332,0.6781,0.8487
"ENSG00000205509",0.0462,7.4049,0.9066,0.9615
"ENSG00000205517",0.3427,8.1148,0.07187,0.2095
"ENSG00000205531",-0.0645,10.9968,0.4783,0.712
"ENSG00000205534",-0.0302,9.2554,0.8082,0.9181
"ENSG00000205542",-0.2001,15.0984,0.04249,0.1421
"ENSG00000205544",0.2155,7.6625,0.4584,0.6959
"ENSG00000205559",-0.3221,7.0105,0.7209,0.8746
"ENSG00000205562",-1.2721,7.0142,0.1901,0.414
"ENSG00000205565",-0.5634,7.0864,0.442,0.6833
"ENSG00000205571",0.1113,9.7475,0.3118,0.5608
"ENSG00000205572",0.2267,8.8285,0.1176,0.2984
"ENSG00000205578",0.1518,9.6438,0.1717,0.3882
"ENSG00000205579",0.6818,7.1465,0.2954,0.5436
"ENSG00000205580",0.1559,7.4233,0.6782,0.8488
"ENSG00000205581",-0.5541,11.0609,9.27e-09,1.797e-07
"ENSG00000205583",-0.122,9.1213,0.3696,0.6165
"ENSG00000205592",-0.744,7.1666,0.3156,0.5645
"ENSG00000205593",-0.0213,8.1451,0.9147,0.9645
"ENSG00000205609",-0.1375,12.9202,0.08634,0.239
"ENSG00000205629",0.044,9.1183,0.7095,0.8676
"ENSG00000205639",0.3172,7.4504,0.3654,0.6127
"ENSG00000205643",-0.1072,8.22,0.5595,0.7725
"ENSG00000205659",0.7337,8.3382,9.839e-06,0.0001107
"ENSG00000205662",-0.2267,7.3092,0.6192,0.8134
"ENSG00000205663",-0.5901,7.7589,0.03242,0.1156
"ENSG00000205664",-0.442,8.0852,0.02231,0.08665
"ENSG00000205670",0.0524,8.8039,0.7324,0.8804
"ENSG00000205683",-0.9332,8.0997,0.0006168,0.004401
"ENSG00000205702",-0.1947,7.3158,0.6619,0.8404
"ENSG00000205707",-0.2315,8.6148,0.1858,0.4078
"ENSG00000205710",-0.1485,7.0629,0.8553,0.9403
"ENSG00000205726",0.4302,10.7239,1.341e-05,0.0001457
"ENSG00000205730",0.3872,10.8324,5.24e-06,6.266e-05
"ENSG00000205746",0.3115,10.8701,0.02364,0.09076
"ENSG00000205758",-0.1014,9.0916,0.3942,0.64
"ENSG00000205763",-0.2313,8.2254,0.1951,0.4207
"ENSG00000205765",0.4129,10.3919,1.457e-05,0.0001576
"ENSG00000205771",-0.7628,7.3779,0.05596,0.1746
"ENSG00000205791",-0.339,7.4253,0.3848,0.6309
"ENSG00000205795",-0.2974,8.0379,0.1706,0.3866
"ENSG00000205808",0.0798,8.3123,0.6619,0.8404
"ENSG00000205835",0.9337,7.025,0.3029,0.552
"ENSG00000205838",0.1198,7.1908,0.8313,0.9298
"ENSG00000205861",-0.9731,7.2243,0.0731,0.2121
"ENSG00000205863",-0.6059,7.2201,0.2527,0.4955
"ENSG00000205871",-0.1742,9.1934,0.166,0.3794
"ENSG00000205879",-0.2199,7.1539,0.7641,0.8973
"ENSG00000205885",-0.232,8.6949,0.1116,0.2878
"ENSG00000205898",1.3952,7.0471,0.08762,0.2411
"ENSG00000205903",-0.1317,8.8215,0.3686,0.6152
"ENSG00000205913",-0.5813,7.1419,0.3411,0.5896
"ENSG00000205918",-0.2288,8.903,0.1517,0.3581
"ENSG00000205930",-0.3697,7.3475,0.3718,0.6185
"ENSG00000205937",0.3168,10.1956,0.0007261,0.005073
"ENSG00000205940",-0.0985,7.3181,0.8256,0.9263
"ENSG00000205959",0.2334,7.2236,0.6563,0.8363
"ENSG00000205978",-1.1565,10.7188,3.816e-28,4.915e-26
"ENSG00000205981",0.3082,9.1299,0.01362,0.05851
"ENSG00000206044",-0.3355,7.0401,0.6813,0.8503
"ENSG00000206052",-1.1277,8.5089,8.332e-08,1.375e-06
"ENSG00000206053",-0.0078,9.3977,0.9589,0.9842
"ENSG00000206077",0.2955,7.101,0.681,0.8503
"ENSG00000206082",-0.2674,7.6934,0.3188,0.5674
"ENSG00000206127",-0.3632,8.6415,0.0118,0.05234
"ENSG00000206140",0.438,7.1326,0.4885,0.7203
"ENSG00000206149",-0.0471,10.8151,0.682,0.8508
"ENSG00000206172",-2.474,7.1551,0.0001559,0.001308
"ENSG00000206176",-0.1347,7.0393,0.8716,0.946
"ENSG00000206190",1.3135,8.819,4.395e-15,1.809e-13
"ENSG00000206195",-0.1241,8.6025,0.4398,0.6815
"ENSG00000206228",0.0145,8.5235,0.9237,0.9681
"ENSG00000206337",-0.8959,7.2439,0.09768,0.2608
"ENSG00000206341",-0.2115,10.8259,0.05459,0.1712
"ENSG00000206344",-0.6502,7.1773,0.269,0.5141
"ENSG00000206384",-0.8065,10.4286,2.08e-06,2.666e-05
"ENSG00000206417",0.2668,7.7202,0.3303,0.5792
"ENSG00000206418",0.3255,9.5845,0.02107,0.08276
"ENSG00000206503",-0.2687,13.0143,0.0003761,0.002844
"ENSG00000206527",0.6066,9.6512,2.299e-06,2.928e-05
"ENSG00000206530",-0.582,8.6046,7.511e-05,0.0006844
"ENSG00000206535",-0.0276,7.7975,0.9087,0.9622
"ENSG00000206538",1.3663,13.4853,9.305e-44,2.478e-41
"ENSG00000206559",-0.54,7.4292,0.1906,0.4144
"ENSG00000206560",0.6432,12.3712,6.928e-13,2.235e-11
"ENSG00000206561",-1.0809,7.5413,0.0009481,0.006406
"ENSG00000206562",-0.1139,8.71,0.4038,0.6498
"ENSG00000206567",-0.0215,7.3316,0.9614,0.9851
"ENSG00000206573",-0.426,8.6492,0.005309,0.02746
"ENSG00000206658",1.3191,7.0425,0.1088,0.2828
"ENSG00000206706",0.2108,7.1803,0.7125,0.869
"ENSG00000206927",0.2724,7.1627,0.646,0.83
"ENSG00000207294",0.0512,7.1639,0.9308,0.9722
"ENSG00000207425",0.2571,7.2986,0.5949,0.7964
"ENSG00000207523",0.1179,7.0472,0.8815,0.9505
"ENSG00000207547",0.1938,7.0024,0.843,0.9348
"ENSG00000207554",-0.5793,7.0733,0.4769,0.7109
"ENSG00000207561",0.7487,7.9311,0.0006945,0.004886
"ENSG00000207650",-0.1026,7.2286,0.8516,0.9387
"ENSG00000207652",-0.0204,7.2505,0.9671,0.9868
"ENSG00000207721",0.1572,7.3479,0.7045,0.8645
"ENSG00000207770",-0.1374,7.2462,0.7807,0.9053
"ENSG00000207864",0.5721,7.1186,0.4039,0.6498
"ENSG00000207870",0.0661,7.1328,0.9175,0.9659
"ENSG00000207949",-0.4452,7.5556,0.166,0.3794
"ENSG00000210082",-0.0109,16.6292,0.911,0.9631
"ENSG00000210135",0.2321,7.8913,0.4286,0.6717
"ENSG00000210140",0.4273,7.776,0.1335,0.3265
"ENSG00000210196",0.1159,9.47,0.3939,0.6396
"ENSG00000211445",3.7304,12.5929,2.585e-111,7.769e-108
"ENSG00000211448",1.6905,9.589,1.702e-06,2.218e-05
"ENSG00000211450",0.136,8.65,0.3454,0.5931
"ENSG00000211451",-0.3405,7.3815,0.4173,0.6618
"ENSG00000211454",0.8155,7.1684,0.1674,0.3813
"ENSG00000211455",0.6039,9.4038,2.061e-08,3.804e-07
"ENSG00000211456",0.2468,10.093,0.009779,0.04513
"ENSG00000211459",-0.0868,13.6474,0.4614,0.698
"ENSG00000211460",0.0847,10.2997,0.4452,0.6852
"ENSG00000211574",-1.6403,7.1696,0.006389,0.03194
"ENSG00000211584",0.2239,9.5532,0.04672,0.1528
"ENSG00000211772",0.6155,7.3747,0.1833,0.4045
"ENSG00000212123",0.4462,7.1674,0.4472,0.6869
"ENSG00000212127",0.0057,7.241,0.9924,0.9968
"ENSG00000212232",0.4782,7.1619,0.4364,0.6786
"ENSG00000212588",1.3853,7.0038,0.164,0.3766
"ENSG00000212664",-0.0928,10.3344,0.3935,0.6391
"ENSG00000212670",-0.1304,7.6266,0.6741,0.847
"ENSG00000212694",-0.0354,8.6961,0.8236,0.9256
"ENSG00000212719",-0.3001,8.7879,0.03243,0.1156
"ENSG00000212747",-0.0339,9.6958,0.7572,0.8938
"ENSG00000212769",-0.5894,7.037,0.4721,0.7065
"ENSG00000212789",-0.2221,8.3067,0.2916,0.54
"ENSG00000212802",-0.1124,12.5824,0.2646,0.5093
"ENSG00000212807",-0.9498,7.0311,0.2649,0.5095
"ENSG00000212829",-0.039,8.2453,0.8296,0.9286
"ENSG00000212864",-0.2264,7.6953,0.4262,0.6698
"ENSG00000212907",0.1874,12.5327,0.03233,0.1154
"ENSG00000212916",-0.042,7.5777,0.8895,0.9545
"ENSG00000212932",-0.4557,8.3909,0.004962,0.02596
"ENSG00000212978",-0.0334,8.7085,0.8247,0.9259
"ENSG00000212994",-0.1139,10.1436,0.2543,0.4972
"ENSG00000212998",-0.6708,7.1848,0.2473,0.4887
"ENSG00000213015",0.1652,9.0521,0.2201,0.4531
"ENSG00000213020",-0.1615,8.2229,0.3702,0.6169
"ENSG00000213024",-0.332,9.5785,0.001387,0.008823
"ENSG00000213025",-0.0245,7.302,0.9591,0.9842
"ENSG00000213036",0.2637,7.7991,0.3008,0.5497
"ENSG00000213047",-0.065,8.3876,0.6889,0.8558
"ENSG00000213058",0.1304,7.5234,0.6977,0.8611
"ENSG00000213062",-0.2159,7.0386,0.7978,0.913
"ENSG00000213064",0.8033,10.7002,4.69e-09,9.471e-08
"ENSG00000213066",-0.2897,8.3271,0.1091,0.2834
"ENSG00000213071",0.7904,7.0284,0.3724,0.6189
"ENSG00000213073",-0.6978,7.9218,0.002658,0.01532
"ENSG00000213077",-0.4695,7.2514,0.353,0.6004
"ENSG00000213079",-0.1381,10.087,0.1769,0.3956
"ENSG00000213080",0.0948,8.1649,0.6302,0.8206
"ENSG00000213082",0.7521,7.146,0.2611,0.5053
"ENSG00000213085",-0.1542,7.3021,0.7446,0.8874
"ENSG00000213089",-0.1384,7.235,0.8114,0.9198
"ENSG00000213090",0.3864,7.0382,0.6413,0.8275
"ENSG00000213096",-0.1627,8.4764,0.2978,0.5464
"ENSG00000213104",0.0146,7.2513,0.9768,0.9904
"ENSG00000213108",0.2854,7.0565,0.7242,0.8761
"ENSG00000213123",0.525,7.215,0.3272,0.5757
"ENSG00000213131",0.0935,7.4278,0.8086,0.9183
"ENSG00000213139",-0.0161,7.5975,0.9576,0.984
"ENSG00000213144",-0.0343,7.8206,0.8924,0.9553
"ENSG00000213147",-0.599,7.5613,0.05841,0.1805
"ENSG00000213149",1.3301,7.0007,0.2187,0.4511
"ENSG00000213160",1.5356,8.4903,7.687e-13,2.471e-11
"ENSG00000213178",-0.028,11.4232,0.7335,0.8812
"ENSG00000213186",-0.0748,8.6491,0.6107,0.8083
"ENSG00000213189",0.008,8.3011,0.9641,0.986
"ENSG00000213190",-0.6408,8.2934,0.00281,0.01607
"ENSG00000213194",-0.5183,7.0417,0.5212,0.7433
"ENSG00000213199",0.4699,7.6667,0.134,0.3275
"ENSG00000213204",-0.3509,7.2085,0.5087,0.7347
"ENSG00000213205",1.1199,7.219,0.06897,0.2034
"ENSG00000213213",0.1891,7.2135,0.722,0.8748
"ENSG00000213214",0.0493,8.4389,0.7611,0.896
"ENSG00000213222",-0.181,7.7379,0.586,0.7908
"ENSG00000213225",0.369,7.2473,0.4618,0.6982
"ENSG00000213228",0.102,7.4609,0.7767,0.9032
"ENSG00000213235",-0.5079,8.3474,0.01014,0.04644
"ENSG00000213236",-0.0024,9.0906,0.9856,0.994
"ENSG00000213240",-0.2669,10.046,0.1157,0.2949
"ENSG00000213246",0.2433,9.4987,0.03268,0.1163
"ENSG00000213250",-0.0163,8.0668,0.9338,0.9726
"ENSG00000213252",0.239,7.4058,0.5357,0.7545
"ENSG00000213253",0.6705,7.1225,0.3046,0.5538
"ENSG00000213260",0.1844,7.7666,0.4615,0.698
"ENSG00000213261",-0.0023,8.8873,0.9883,0.9952
"ENSG00000213280",-0.033,7.7826,0.9072,0.9615
"ENSG00000213281",0.298,9.9078,0.003026,0.01712
"ENSG00000213285",-0.6572,7.5669,0.03774,0.1298
"ENSG00000213290",0.3555,7.0301,0.674,0.847
"ENSG00000213300",0.0146,9.477,0.9032,0.9609
"ENSG00000213309",0.4323,7.3759,0.3069,0.5557
"ENSG00000213315",-0.1636,7.1471,0.7886,0.9091
"ENSG00000213326",-0.0474,10.6556,0.6016,0.8015
"ENSG00000213337",-0.0138,7.5264,0.968,0.9873
"ENSG00000213339",0.1826,9.4199,0.1305,0.3217
"ENSG00000213341",0.3512,9.5241,0.003457,0.01908
"ENSG00000213347",-0.1084,7.7571,0.6951,0.86
"ENSG00000213362",0.0727,11.51,0.5024,0.7303
"ENSG00000213366",-0.3075,10.5396,0.004045,0.02182
"ENSG00000213371",0.5715,7.1774,0.3286,0.5773
"ENSG00000213380",-0.0955,8.5646,0.5349,0.7539
"ENSG00000213390",0.1864,8.3068,0.3295,0.5782
"ENSG00000213397",-0.4834,7.9382,0.03665,0.1267
"ENSG00000213398",0.1878,8.5178,0.2534,0.4961
"ENSG00000213399",-0.1766,7.7617,0.5007,0.7287
"ENSG00000213402",1.5176,7.2332,0.003866,0.02097
"ENSG00000213406",0.6767,7.1327,0.3052,0.5544
"ENSG00000213412",0.6891,7.0626,0.3701,0.6169
"ENSG00000213413",-0.3175,7.1314,0.625,0.8172
"ENSG00000213420",-1.5064,7.2634,0.002029,0.01221
"ENSG00000213430",-0.1701,8.4365,0.34,0.5883
"ENSG00000213432",0.031,7.4682,0.9308,0.9722
"ENSG00000213433",-0.5662,7.153,0.3461,0.5941
"ENSG00000213435",-0.5264,7.1753,0.3866,0.6325
"ENSG00000213442",0.038,12.5303,0.6875,0.855
"ENSG00000213443",-0.0136,8.1299,0.9469,0.9777
"ENSG00000213445",0.5481,9.6056,1.263e-05,0.000138
"ENSG00000213453",0.1816,8.9833,0.2331,0.4692
"ENSG00000213462",-0.5868,8.5225,0.0002166,0.00175
"ENSG00000213463",-0.1496,8.7292,0.3094,0.5581
"ENSG00000213465",0.1056,9.5633,0.3491,0.5969
"ENSG00000213467",-0.593,7.0669,0.4215,0.666
"ENSG00000213492",0.1765,7.1892,0.7861,0.9079
"ENSG00000213493",1.0478,7.324,0.01634,0.06762
"ENSG00000213514",-0.2028,7.7512,0.4401,0.6816
"ENSG00000213516",0.4416,8.8893,0.002815,0.0161
"ENSG00000213523",0.0363,9.3873,0.753,0.8917
"ENSG00000213533",-0.111,7.3113,0.8137,0.9211
"ENSG00000213542",0.8813,7.0577,0.2546,0.4975
"ENSG00000213551",0.0904,8.0213,0.675,0.8473
"ENSG00000213553",-0.0184,12.3208,0.8511,0.9384
"ENSG00000213563",0.313,8.9674,0.01636,0.06764
"ENSG00000213574",1.1153,7.0409,0.2165,0.4488
"ENSG00000213585",0.2139,11.4535,0.05072,0.1622
"ENSG00000213588",-0.161,8.2279,0.3901,0.636
"ENSG00000213593",0.224,9.8029,0.02502,0.09477
"ENSG00000213598",0.2944,8.3414,0.1515,0.3579
"ENSG00000213609",0.4939,7.3912,0.2533,0.496
"ENSG00000213614",0.0113,9.9434,0.9125,0.9636
"ENSG00000213619",-0.0589,9.5398,0.5839,0.7897
"ENSG00000213621",-0.0351,10.0021,0.7285,0.8781
"ENSG00000213625",0.3612,12.0502,1.597e-05,0.0001717
"ENSG00000213626",1.5558,12.0018,7.145e-08,1.199e-06
"ENSG00000213638",0.4898,7.269,0.3303,0.5792
"ENSG00000213639",1.0327,11.9243,1.242e-14,4.901e-13
"ENSG00000213648",-0.244,7.7128,0.3594,0.6066
"ENSG00000213654",-0.0355,8.0761,0.872,0.946
"ENSG00000213658",-0.6459,7.0425,0.4298,0.6729
"ENSG00000213672",-0.0298,9.3333,0.8177,0.9227
"ENSG00000213676",-0.0597,10.8635,0.4796,0.7127
"ENSG00000213683",0.3571,7.3562,0.3988,0.6452
"ENSG00000213689",-0.1444,8.3225,0.4138,0.6593
"ENSG00000213693",-0.363,7.2581,0.4473,0.687
"ENSG00000213694",-0.0855,11.7096,0.5547,0.769
"ENSG00000213699",0.3016,10.2053,0.001616,0.01002
"ENSG00000213700",-0.1472,7.247,0.7688,0.8986
"ENSG00000213707",-0.2583,8.87,0.07992,0.226
"ENSG00000213713",0.4117,8.3032,0.01721,0.07041
"ENSG00000213719",0.0485,11.7521,0.5958,0.7967
"ENSG00000213722",-0.2266,10.7253,0.04351,0.1447
"ENSG00000213740",0.3568,8.3633,0.07072,0.2072
"ENSG00000213741",-0.0182,11.644,0.8344,0.9311
"ENSG00000213742",-0.4944,7.5516,0.1304,0.3215
"ENSG00000213753",-0.083,9.6821,0.4305,0.6734
"ENSG00000213757",0.0087,8.3642,0.9588,0.9842
"ENSG00000213760",-0.2135,7.6795,0.4328,0.6753
"ENSG00000213762",-0.1946,9.0241,0.1692,0.3842
"ENSG00000213763",1.2862,7.4973,0.0002695,0.002127
"ENSG00000213772",0.6748,7.0787,0.3754,0.622
"ENSG00000213777",-0.6147,7.068,0.4149,0.66
"ENSG00000213782",-0.2974,7.402,0.4295,0.6726
"ENSG00000213790",-0.1977,7.5703,0.5152,0.739
"ENSG00000213793",-0.648,7.2102,0.2805,0.5277
"ENSG00000213799",0.0096,8.3938,0.9553,0.9826
"ENSG00000213839",0.1744,8.0615,0.3995,0.6455
"ENSG00000213846",0.4616,9.7538,9.368e-05,0.0008329
"ENSG00000213853",0.7194,10.2345,1.948e-11,5.18e-10
"ENSG00000213856",0.3965,7.23,0.4532,0.6918
"ENSG00000213859",0.1904,9.6231,0.1376,0.3339
"ENSG00000213860",-0.1418,10.71,0.217,0.4492
"ENSG00000213862",-0.3018,7.6028,0.3143,0.5631
"ENSG00000213863",-0.329,7.0368,0.6984,0.8614
"ENSG00000213864",1.1545,7.0312,0.1771,0.3959
"ENSG00000213865",0.1475,7.7689,0.5628,0.7748
"ENSG00000213866",0.0054,8.465,0.9726,0.9891
"ENSG00000213881",-0.0016,8.5745,0.9916,0.9965
"ENSG00000213885",-0.0117,9.5729,0.9309,0.9722
"ENSG00000213888",-0.8039,7.4434,0.0329,0.1168
"ENSG00000213889",0.9757,7.3643,0.02003,0.07972
"ENSG00000213901",0.3396,7.759,0.2604,0.5045
"ENSG00000213903",-0.0534,7.7659,0.8437,0.9349
"ENSG00000213918",-0.5641,9.197,1.245e-05,0.0001364
"ENSG00000213923",0.1497,11.3717,0.08845,0.2428
"ENSG00000213928",-0.2737,7.654,0.3451,0.593
"ENSG00000213930",-0.5023,8.2986,0.006431,0.0321
"ENSG00000213939",0.4841,7.1359,0.4526,0.6914
"ENSG00000213942",-0.4935,7.0977,0.4755,0.7096
"ENSG00000213949",0.622,10.3999,1.583e-06,2.076e-05
"ENSG00000213963",-0.1918,7.4991,0.5807,0.7874
"ENSG00000213965",0.3657,8.3279,0.02943,0.1072
"ENSG00000213967",-0.5194,7.0687,0.4987,0.7271
"ENSG00000213970",-0.5024,7.1991,0.404,0.6499
"ENSG00000213971",-0.6597,7.2866,0.2046,0.4335
"ENSG00000213977",0.0794,7.6876,0.791,0.9101
"ENSG00000213983",-0.0399,8.4872,0.7937,0.9115
"ENSG00000213985",0.3282,7.9289,0.136,0.3314
"ENSG00000213988",-0.82,7.2779,0.1026,0.2706
"ENSG00000213995",0.0489,9.6312,0.6463,0.8302
"ENSG00000213996",0.5494,7.3889,0.1529,0.3595
"ENSG00000214013",0.0734,9.2085,0.5905,0.7938
"ENSG00000214016",-0.3236,8.431,0.1022,0.2698
"ENSG00000214021",-0.1739,9.9463,0.1198,0.3021
"ENSG00000214022",-0.0109,10.0157,0.9218,0.967
"ENSG00000214026",0.0716,9.2817,0.5198,0.7425
"ENSG00000214029",-0.1957,7.5775,0.5181,0.7414
"ENSG00000214046",0.0827,9.2916,0.5013,0.7292
"ENSG00000214063",0.1087,11.0496,0.2447,0.4851
"ENSG00000214077",0.8274,7.2701,0.09613,0.2578
"ENSG00000214078",-0.0986,10.6542,0.2588,0.5032
"ENSG00000214087",-0.0524,9.0547,0.6671,0.8425
"ENSG00000214106",-0.5294,8.0008,0.01269,0.05539
"ENSG00000214110",0.936,8.7576,2.62e-05,0.0002672
"ENSG00000214113",-0.1083,9.1959,0.3705,0.6171
"ENSG00000214114",0.3265,8.0629,0.1057,0.2767
"ENSG00000214132",0.0113,7.2201,0.9834,0.9929
"ENSG00000214135",-0.1288,8.8969,0.3522,0.5996
"ENSG00000214140",-0.6141,7.711,0.0248,0.09409
"ENSG00000214160",0.2778,9.2486,0.01348,0.05803
"ENSG00000214174",-0.5587,8.7719,3.569e-05,0.0003503
"ENSG00000214176",0.2971,9.7257,0.02874,0.1054
"ENSG00000214182",-0.1542,8.6476,0.3294,0.5782
"ENSG00000214184",-2.1729,7.0162,0.02164,0.08446
"ENSG00000214185",-0.1508,7.2886,0.7636,0.8972
"ENSG00000214192",0.5083,7.432,0.1842,0.4058
"ENSG00000214193",-0.1202,8.547,0.651,0.8328
"ENSG00000214194",0.0028,9.3669,0.9812,0.9921
"ENSG00000214198",0.4878,7.2163,0.3734,0.62
"ENSG00000214199",0.0609,10.4001,0.6218,0.8151
"ENSG00000214212",-1.4255,7.2444,0.00956,0.04428
"ENSG00000214222",-1.6687,7.0662,0.04398,0.1458
"ENSG00000214223",0.1836,10.6642,0.04518,0.1488
"ENSG00000214226",0.0229,7.5428,0.9426,0.9759
"ENSG00000214243",-0.0467,7.1795,0.9372,0.9735
"ENSG00000214253",-0.0379,10.3453,0.7326,0.8804
"ENSG00000214263",0.0209,7.0745,0.9777,0.9908
"ENSG00000214264",1.0575,7.0894,0.1723,0.3889
"ENSG00000214269",0.4756,7.0498,0.551,0.7665
"ENSG00000214274",1.1249,7.788,4.128e-06,5.009e-05
"ENSG00000214279",-0.472,7.6862,0.08259,0.2315
"ENSG00000214280",0.3132,7.252,0.513,0.7375
"ENSG00000214290",-0.7178,7.0831,0.3427,0.5913
"ENSG00000214293",0.0572,8.2511,0.7764,0.9032
"ENSG00000214300",0.2091,7.8009,0.3873,0.633
"ENSG00000214309",-0.1302,7.3634,0.7703,0.8995
"ENSG00000214331",-0.0808,8.3808,0.6388,0.8258
"ENSG00000214338",-0.2105,7.167,0.7211,0.8747
"ENSG00000214357",-0.5036,8.2219,0.03356,0.1185
"ENSG00000214367",-0.0633,8.4963,0.6754,0.8475
"ENSG00000214376",-0.0616,7.2734,0.903,0.9608
"ENSG00000214389",0.022,11.8534,0.8021,0.9153
"ENSG00000214391",-0.8734,8.8684,2.834e-06,3.546e-05
"ENSG00000214401",0.4271,7.3634,0.3048,0.5539
"ENSG00000214402",-0.9762,8.082,1.429e-05,0.0001548
"ENSG00000214413",0.0274,8.6565,0.8633,0.9435
"ENSG00000214425",-0.18,9.8612,0.1732,0.3903
"ENSG00000214439",-0.3943,7.3512,0.3433,0.5917
"ENSG00000214455",-0.0551,9.8659,0.6453,0.8297
"ENSG00000214460",1.1757,7.1426,0.09629,0.2581
"ENSG00000214485",-0.0104,11.5582,0.9055,0.9613
"ENSG00000214491",0.3342,7.1095,0.6218,0.8151
"ENSG00000214517",0.1797,9.8707,0.1437,0.3443
"ENSG00000214530",-0.6157,7.9516,0.00558,0.02858
"ENSG00000214535",0.3396,7.8064,0.1791,0.3989
"ENSG00000214541",0.6778,7.0747,0.3719,0.6185
"ENSG00000214544",0.0243,9.3671,0.8411,0.9339
"ENSG00000214548",-0.5402,13.2333,9.269e-09,1.797e-07
"ENSG00000214558",0.0213,8.5169,0.894,0.9562
"ENSG00000214562",0.0129,8.6168,0.9285,0.9707
"ENSG00000214575",-0.838,8.9548,2.702e-07,4.097e-06
"ENSG00000214578",-0.4536,7.3944,0.2971,0.5457
"ENSG00000214595",0.4847,7.2139,0.3601,0.6071
"ENSG00000214612",-0.0248,7.0633,0.9734,0.9893
"ENSG00000214617",0.0103,7.0479,0.9894,0.9957
"ENSG00000214646",0.7282,7.1685,0.2042,0.4329
"ENSG00000214653",0.138,8.0022,0.5059,0.7329
"ENSG00000214654",0.0096,7.4019,0.9805,0.9918
"ENSG00000214655",-0.0174,10.7696,0.8493,0.9375
"ENSG00000214688",-0.5844,7.0534,0.5064,0.7331
"ENSG00000214694",-0.5667,7.2619,0.2326,0.4688
"ENSG00000214706",0.021,8.8328,0.8972,0.958
"ENSG00000214711",-0.4852,7.1407,0.4384,0.6804
"ENSG00000214717",0.3161,9.7541,0.01257,0.05498
"ENSG00000214725",0.3653,7.0202,0.6842,0.8526
"ENSG00000214753",0.204,9.7757,0.0874,0.2406
"ENSG00000214756",-0.3144,7.6365,0.2799,0.5269
"ENSG00000214760",-0.1079,7.1234,0.87,0.945
"ENSG00000214765",-0.254,8.5833,0.1245,0.3108
"ENSG00000214776",-1.1267,7.1568,0.06695,0.1992
"ENSG00000214783",0.1997,7.3395,0.644,0.8294
"ENSG00000214784",-0.0758,9.5212,0.518,0.7414
"ENSG00000214810",0.3571,7.4513,0.36,0.607
"ENSG00000214814",-3.0596,8.4247,6.734e-34,1.124e-31
"ENSG00000214820",-0.3214,7.8565,0.1895,0.4133
"ENSG00000214826",-0.6413,7.8343,0.0112,0.05031
"ENSG00000214827",0.3408,7.1894,0.5482,0.7645
"ENSG00000214832",-0.0388,8.5234,0.7972,0.9129
"ENSG00000214837",-0.5685,7.5554,0.07777,0.2216
"ENSG00000214846",0.4603,7.0715,0.5493,0.7652
"ENSG00000214857",0.709,7.0326,0.3932,0.6389
"ENSG00000214872",-0.0266,7.0376,0.9739,0.9895
"ENSG00000214881",0.0195,7.1678,0.9734,0.9893
"ENSG00000214900",0.4822,7.0376,0.5507,0.7663
"ENSG00000214914",-0.0426,7.1366,0.9451,0.9765
"ENSG00000214922",-0.9733,7.4385,0.008227,0.0393
"ENSG00000214940",0.3129,10.2204,0.002111,0.01264
"ENSG00000214941",-0.2572,8.2473,0.2094,0.4397
"ENSG00000214944",1.0694,9.6207,2.822e-14,1.056e-12
"ENSG00000214954",0.2663,7.2142,0.6154,0.8109
"ENSG00000214960",0.1117,7.2928,0.8171,0.9225
"ENSG00000214961",-1.3758,7.0353,0.1328,0.3256
"ENSG00000214967",0.3072,10.2915,0.002213,0.01314
"ENSG00000214973",-0.0462,7.3027,0.9226,0.9674
"ENSG00000214975",0.0751,10.5265,0.4004,0.6465
"ENSG00000214982",-0.0134,8.9099,0.9274,0.9702
"ENSG00000215006",0.4219,7.5519,0.2089,0.4389
"ENSG00000215012",0.3568,9.141,0.01653,0.06817
"ENSG00000215014",-0.0073,7.1457,0.9905,0.9962
"ENSG00000215018",2.4402,7.0623,0.002677,0.01541
"ENSG00000215021",0.0781,11.3471,0.4284,0.6715
"ENSG00000215022",-0.4167,7.1635,0.4795,0.7127
"ENSG00000215030",0.0523,11.2221,0.5726,0.7819
"ENSG00000215033",1.4414,7.0505,0.08145,0.229
"ENSG00000215039",0.0477,8.8393,0.7357,0.8824
"ENSG00000215041",-0.0499,8.8523,0.7061,0.8656
"ENSG00000215067",-0.0617,7.6781,0.8287,0.928
"ENSG00000215068",-0.3542,7.8435,0.2222,0.4555
"ENSG00000215086",-0.2504,7.5238,0.4615,0.698
"ENSG00000215093",-0.0445,7.5608,0.8884,0.9543
"ENSG00000215102",-0.5339,7.2193,0.3077,0.5566
"ENSG00000215105",-0.3975,8.9304,0.003013,0.01706
"ENSG00000215114",-0.2758,9.3276,0.03141,0.1128
"ENSG00000215126",0.0637,8.9895,0.6396,0.8264
"ENSG00000215142",0.8891,7.5265,0.01272,0.05544
"ENSG00000215146",-0.2184,7.3387,0.6337,0.8229
"ENSG00000215154",-0.4365,8.0676,0.06759,0.2004
"ENSG00000215158",-0.17,8.0815,0.3993,0.6455
"ENSG00000215190",-0.5992,8.3347,0.0004144,0.003095
"ENSG00000215193",0.0109,10.2308,0.9138,0.9642
"ENSG00000215196",-0.8802,7.5681,0.01105,0.04986
"ENSG00000215199",0.4991,7.0564,0.5131,0.7375
"ENSG00000215210",-0.3771,7.4119,0.3592,0.6063
"ENSG00000215237",-0.6212,7.0685,0.4427,0.6838
"ENSG00000215241",-0.726,7.4058,0.07211,0.21
"ENSG00000215246",1.0761,7.0706,0.1704,0.3864
"ENSG00000215251",0.5969,8.5699,0.0004401,0.003257
"ENSG00000215252",-0.0224,10.9418,0.8012,0.915
"ENSG00000215256",-0.0463,8.5475,0.7949,0.912
"ENSG00000215262",-0.9349,7.0293,0.2681,0.5128
"ENSG00000215268",1.0226,7.0883,0.1503,0.356
"ENSG00000215270",0.1015,7.1539,0.8672,0.9446
"ENSG00000215271",0.2335,8.5188,0.152,0.3584
"ENSG00000215277",-0.2071,7.0539,0.7942,0.9117
"ENSG00000215301",0.2677,12.6886,0.005421,0.02792
"ENSG00000215302",-0.065,8.3004,0.7104,0.8679
"ENSG00000215305",0.0123,9.5069,0.9201,0.967
"ENSG00000215349",0.3162,7.0554,0.6859,0.8539
"ENSG00000215374",0.2125,8.2221,0.3245,0.5725
"ENSG00000215375",-0.1943,8.9071,0.1663,0.3799
"ENSG00000215386",-1.3578,8.048,6.579e-10,1.489e-08
"ENSG00000215394",-0.1063,7.2799,0.8271,0.9273
"ENSG00000215414",-0.1071,7.4127,0.7976,0.9129
"ENSG00000215417",0.7617,7.1122,0.2636,0.508
"ENSG00000215421",0.0137,9.2449,0.9093,0.9624
"ENSG00000215424",-0.0754,7.6567,0.7903,0.9099
"ENSG00000215440",0.4003,8.1533,0.03423,0.1205
"ENSG00000215447",-0.5041,8.3671,0.003888,0.02106
"ENSG00000215480",0.2911,7.0584,0.7041,0.8643
"ENSG00000215481",2.533,7.1321,0.000227,0.001826
"ENSG00000215492",0.375,9.3795,0.001847,0.01126
"ENSG00000215493",-0.9074,7.5044,0.008407,0.03994
"ENSG00000215513",-0.0823,9.3793,0.5148,0.7386
"ENSG00000215527",-0.219,7.0789,0.7586,0.8944
"ENSG00000215548",0.046,8.0247,0.8218,0.9247
"ENSG00000215608",-0.4438,8.2671,0.01074,0.04865
"ENSG00000215615",0.1906,8.436,0.2767,0.5225
"ENSG00000215630",-0.73,7.8064,0.007489,0.03653
"ENSG00000215642",0.0062,7.3359,0.9887,0.9952
"ENSG00000215699",0.1072,10.4038,0.3237,0.5716
"ENSG00000215700",0.4163,10.8413,5.087e-07,7.285e-06
"ENSG00000215712",0.0095,9.1092,0.9395,0.9749
"ENSG00000215717",0.1228,10.3514,0.283,0.5305
"ENSG00000215719",-0.153,7.1859,0.7858,0.9076
"ENSG00000215749",-0.0065,8.6753,0.9664,0.9867
"ENSG00000215750",0.1722,8.9584,0.2075,0.4368
"ENSG00000215769",0.5988,7.5029,0.07798,0.2221
"ENSG00000215781",-0.1087,8.3154,0.5727,0.7819
"ENSG00000215784",-0.056,7.549,0.8615,0.9428
"ENSG00000215788",-0.7046,7.4667,0.04732,0.1542
"ENSG00000215790",-0.4221,9.2408,0.0005497,0.00398
"ENSG00000215817",0.0109,8.6555,0.9411,0.9754
"ENSG00000215835",0.1241,7.9412,0.5866,0.7912
"ENSG00000215845",0.1817,7.3623,0.6636,0.8412
"ENSG00000215859",-0.9188,7.0289,0.2964,0.5449
"ENSG00000215860",-1.0393,7.2553,0.03608,0.1251
"ENSG00000215861",-0.1449,8.7746,0.3857,0.6316
"ENSG00000215863",0.3274,7.7788,0.1815,0.402
"ENSG00000215864",0.0226,7.0828,0.9755,0.9899
"ENSG00000215883",-0.2099,8.2823,0.2443,0.4844
"ENSG00000215895",-0.3506,7.9724,0.2514,0.4939
"ENSG00000215908",0.0409,9.0884,0.7366,0.883
"ENSG00000215912",-1.4879,7.0851,0.04333,0.1443
"ENSG00000215914",-0.291,8.6551,0.05344,0.1687
"ENSG00000215915",0.126,7.3908,0.7506,0.8907
"ENSG00000215933",-0.1658,7.1316,0.7974,0.9129
"ENSG00000216197",0.7338,7.0301,0.4219,0.6664
"ENSG00000216285",0.0245,10.9302,0.8755,0.9478
"ENSG00000216588",-0.9944,7.0417,0.2317,0.4679
"ENSG00000216657",0.3897,7.0851,0.5871,0.7913
"ENSG00000216775",-0.718,8.7115,0.0002303,0.001849
"ENSG00000216809",-0.2197,7.2429,0.6667,0.8423
"ENSG00000216819",0.237,7.4747,0.546,0.7628
"ENSG00000216829",-0.3525,9.0102,0.01174,0.05216
"ENSG00000216866",-0.1561,9.3761,0.3244,0.5724
"ENSG00000216895",0.4437,7.5404,0.1673,0.3812
"ENSG00000216906",-0.7577,7.0521,0.3394,0.5878
"ENSG00000216937",0.0698,7.3151,0.8731,0.9465
"ENSG00000217027",0.0853,7.5984,0.7823,0.9061
"ENSG00000217060",0.0506,7.1467,0.9331,0.9726
"ENSG00000217094",0.3612,8.797,0.01719,0.07037
"ENSG00000217128",0.0085,10.7443,0.9425,0.9759
"ENSG00000217130",0.013,7.4657,0.9736,0.9894
"ENSG00000217165",-0.0126,7.7872,0.9608,0.9849
"ENSG00000217241",0.0765,7.3967,0.8497,0.9379
"ENSG00000217261",0.9904,7.2552,0.0589,0.1815
"ENSG00000217325",0.5535,7.3487,0.1979,0.4251
"ENSG00000217416",0.5706,8.0602,0.004105,0.0221
"ENSG00000217555",-0.1614,7.2325,0.7602,0.8954
"ENSG00000217624",-0.1334,8.8726,0.3768,0.6232
"ENSG00000217648",-0.9147,7.2897,0.04431,0.1468
"ENSG00000217716",0.094,9.9596,0.4016,0.6478
"ENSG00000217769",-0.3499,7.392,0.3817,0.6282
"ENSG00000217835",-0.5251,7.362,0.194,0.4194
"ENSG00000217929",-0.6869,7.1179,0.4061,0.6519
"ENSG00000217930",0.4188,7.4255,0.3595,0.6066
"ENSG00000217950",0.1972,7.1939,0.7245,0.8762
"ENSG00000218027",-1.5691,7.0464,0.06462,0.1942
"ENSG00000218052",0.0723,7.5235,0.8412,0.9339
"ENSG00000218175",0.2069,8.077,0.2927,0.5411
"ENSG00000218208",-0.0126,7.1785,0.983,0.9928
"ENSG00000218226",0.4857,7.4912,0.1585,0.3679
"ENSG00000218227",0.0466,9.424,0.6769,0.848
"ENSG00000218283",0.2447,10.285,0.00833,0.03965
"ENSG00000218305",0.8009,7.347,0.06568,0.1964
"ENSG00000218336",-0.3636,8.3385,0.05376,0.1694
"ENSG00000218350",0.2551,7.2859,0.6105,0.8082
"ENSG00000218418",0.133,9.4705,0.27,0.5153
"ENSG00000218426",-0.1221,11.2097,0.2814,0.5288
"ENSG00000218497",-0.3167,9.4755,0.004734,0.02494
"ENSG00000218510",0.0057,8.5928,0.9737,0.9894
"ENSG00000218537",0.7436,7.2486,0.1459,0.3482
"ENSG00000218582",0.7549,7.1158,0.251,0.4933
"ENSG00000218586",0.2446,7.1642,0.6787,0.8492
"ENSG00000218631",-0.6568,7.0255,0.479,0.7124
"ENSG00000218739",0.108,9.6132,0.3056,0.5547
"ENSG00000218839",-0.9275,7.1512,0.1248,0.3113
"ENSG00000218891",-0.2245,8.3953,0.2038,0.4325
"ENSG00000218980",0.2263,7.2807,0.655,0.8355
"ENSG00000218996",0.5572,7.1934,0.3062,0.5551
"ENSG00000219023",0.375,7.8697,0.1105,0.2858
"ENSG00000219085",-0.0512,7.1328,0.9354,0.9731
"ENSG00000219102",0.6035,7.1442,0.3202,0.5686
"ENSG00000219133",-0.0568,9.4349,0.6301,0.8206
"ENSG00000219200",-0.2386,7.473,0.5431,0.7603
"ENSG00000219201",0.3335,9.7818,0.001455,0.009189
"ENSG00000219451",0.3631,7.2357,0.4752,0.7093
"ENSG00000219470",0.0629,7.6465,0.8308,0.9296
"ENSG00000219481",-0.729,11.4535,6.256e-18,3.347e-16
"ENSG00000219507",0.2165,10.4666,0.1055,0.2763
"ENSG00000219545",-0.1601,8.7948,0.2337,0.4702
"ENSG00000219565",3.8738,6.9868,0.0006977,0.004907
"ENSG00000219607",-0.1997,7.6051,0.5035,0.7311
"ENSG00000219626",-0.0858,7.7405,0.7544,0.8922
"ENSG00000219642",-0.171,7.8749,0.5406,0.7588
"ENSG00000219665",-0.0542,7.5279,0.871,0.9457
"ENSG00000219682",0.3555,7.9234,0.101,0.2673
"ENSG00000219693",-0.1302,8.0585,0.5977,0.7979
"ENSG00000219747",-0.3312,9.34,0.03913,0.1335
"ENSG00000219755",0.0984,7.3054,0.8251,0.926
"ENSG00000219773",-0.1658,8.9709,0.3431,0.5916
"ENSG00000219814",-0.6327,7.5427,0.05385,0.1695
"ENSG00000219891",-0.5447,7.5617,0.1028,0.271
"ENSG00000219928",0.3737,8.2192,0.05114,0.1631
"ENSG00000219932",-0.1456,8.3805,0.3749,0.6215
"ENSG00000219992",0.701,7.133,0.3062,0.5551
"ENSG00000220023",-0.0202,9.3147,0.8871,0.9539
"ENSG00000220032",-0.077,7.129,0.9042,0.9612
"ENSG00000220157",0.1581,7.669,0.5856,0.7907
"ENSG00000220201",0.315,7.1292,0.6206,0.8142
"ENSG00000220205",0.4214,9.7444,0.007151,0.0351
"ENSG00000220323",0.1877,7.4332,0.6254,0.8174
"ENSG00000220412",0.2812,7.1726,0.6267,0.8181
"ENSG00000220472",0.0595,7.629,0.842,0.9343
"ENSG00000220563",-1.5769,7.1325,0.01561,0.06524
"ENSG00000220583",0.2632,7.6988,0.3368,0.5855
"ENSG00000220749",-0.0842,10.3137,0.4266,0.6699
"ENSG00000220785",-0.6331,9.095,2.008e-06,2.583e-05
"ENSG00000220793",-0.0682,11.5508,0.4916,0.7225
"ENSG00000220804",-0.2138,7.4477,0.5825,0.7887
"ENSG00000220842",-0.0983,12.3336,0.3359,0.5848
"ENSG00000220848",0.4345,7.6628,0.1541,0.3615
"ENSG00000221184",-0.1351,7.0833,0.8528,0.9395
"ENSG00000221340",0.8145,7.0572,0.3122,0.5613
"ENSG00000221625",0.2524,7.4671,0.5176,0.7412
"ENSG00000221743",-0.1136,7.0956,0.8897,0.9545
"ENSG00000221817",-0.0288,7.779,0.9197,0.967
"ENSG00000221818",-0.2689,6.9899,0.7802,0.9052
"ENSG00000221821",-0.2396,7.752,0.3395,0.5878
"ENSG00000221823",0.1612,9.1898,0.2871,0.5358
"ENSG00000221826",-0.9871,7.7238,0.001684,0.01039
"ENSG00000221829",-0.9336,8.3945,1.79e-07,2.807e-06
"ENSG00000221838",-0.3538,8.9113,0.005827,0.0296
"ENSG00000221843",-0.8254,7.5849,0.009568,0.04429
"ENSG00000221852",1.7418,6.988,0.0854,0.2372
"ENSG00000221866",2.7532,9.4003,1.034e-51,4.441e-49
"ENSG00000221869",1.4999,10.9236,3.508e-41,7.621e-39
"ENSG00000221878",-0.3666,7.1986,0.5184,0.7415
"ENSG00000221883",-0.4413,7.3568,0.2952,0.5434
"ENSG00000221886",0.0965,7.9517,0.6662,0.8423
"ENSG00000221890",0.076,8.0896,0.6941,0.8593
"ENSG00000221909",-0.2238,8.413,0.1693,0.3844
"ENSG00000221914",0.094,9.8408,0.3847,0.6309
"ENSG00000221923",-0.2802,8.3859,0.1012,0.2677
"ENSG00000221926",-0.6144,8.352,0.0009265,0.006271
"ENSG00000221930",0.2778,9.6989,0.01119,0.05029
"ENSG00000221944",-0.3316,7.6241,0.2919,0.5403
"ENSG00000221947",0.4342,7.0517,0.5824,0.7887
"ENSG00000221949",-0.0592,7.1596,0.9208,0.967
"ENSG00000221953",-0.3395,7.1458,0.5722,0.7816
"ENSG00000221955",0.1741,8.1508,0.3913,0.637
"ENSG00000221963",-0.2933,10.2284,0.006444,0.03215
"ENSG00000221968",1.0048,10.9327,5.577e-20,3.739e-18
"ENSG00000221970",-0.56,7.0552,0.4691,0.704
"ENSG00000221978",0.2842,12.0686,0.0002896,0.002269
"ENSG00000221983",-0.0744,12.7481,0.3868,0.6326
"ENSG00000221988",-0.1248,8.2038,0.5132,0.7375
"ENSG00000221990",-0.2714,7.7468,0.3062,0.5551
"ENSG00000221994",-1.0267,7.3913,0.009489,0.04403
"ENSG00000221995",-0.5054,7.578,0.119,0.3008
"ENSG00000222009",-0.6798,8.937,0.0001588,0.001328
"ENSG00000222011",-0.4488,7.9057,0.05805,0.1796
"ENSG00000222014",0.1224,7.7404,0.6676,0.8426
"ENSG00000222018",-0.3685,7.3893,0.3451,0.593
"ENSG00000222019",-0.2905,7.1431,0.6671,0.8425
"ENSG00000222020",-0.0562,7.0601,0.9419,0.9757
"ENSG00000222041",0.2409,9.5258,0.1395,0.3374
"ENSG00000222046",0.0301,7.1674,0.9585,0.9842
"ENSG00000222108",-1.0108,7.0817,0.1704,0.3864
"ENSG00000222112",0.8485,7.2668,0.07518,0.2163
"ENSG00000222345",0.733,7.0342,0.3677,0.6146
"ENSG00000223345",-0.072,7.4773,0.8343,0.931
"ENSG00000223361",0.444,9.9698,0.01862,0.07505
"ENSG00000223380",0.2922,11.7266,0.001278,0.00822
"ENSG00000223396",0.4603,7.1164,0.5012,0.7292
"ENSG00000223401",1.1516,7.5847,0.0003423,0.00263
"ENSG00000223403",-0.5214,7.8753,0.03899,0.1331
"ENSG00000223414",-1.7974,6.9677,0.4263,0.6698
"ENSG00000223416",-0.1556,8.747,0.2926,0.5411
"ENSG00000223427",0.151,7.1318,0.8203,0.9238
"ENSG00000223458",-1.8673,7.061,0.02143,0.08388
"ENSG00000223459",-0.1367,10.6736,0.1589,0.3687
"ENSG00000223473",0.2271,7.2147,0.6692,0.8438
"ENSG00000223477",0.9241,7.748,0.00134,0.008577
"ENSG00000223478",0.1467,7.2274,0.7722,0.9007
"ENSG00000223482",0.0581,9.1618,0.6317,0.8214
"ENSG00000223485",-0.1122,7.3246,0.8,0.9141
"ENSG00000223496",-0.3686,8.3719,0.03012,0.1091
"ENSG00000223501",-0.0025,9.6747,0.9801,0.9917
"ENSG00000223508",-0.5534,7.7333,0.05483,0.1718
"ENSG00000223509",-0.0922,8.8056,0.4962,0.7254
"ENSG00000223519",-0.9003,7.3425,0.03732,0.1286
"ENSG00000223529",-0.0341,7.7598,0.8992,0.9588
"ENSG00000223546",-0.2244,7.7155,0.3912,0.637
"ENSG00000223547",-0.0296,8.8305,0.8586,0.9419
"ENSG00000223551",-0.0016,7.8855,0.9956,0.9981
"ENSG00000223559",-0.6545,7.4674,0.09391,0.2531
"ENSG00000223566",0.2552,7.1732,0.671,0.8447
"ENSG00000223609",-0.7305,6.97,0.4945,0.7245
"ENSG00000223612",0.2912,8.7434,0.05063,0.162
"ENSG00000223638",0.087,6.8941,0.9783,0.9911
"ENSG00000223652",0.0428,7.19,0.9382,0.9743
"ENSG00000223658",0.523,7.1278,0.4307,0.6734
"ENSG00000223685",-1.4257,7.0375,0.1286,0.3179
"ENSG00000223704",-0.3087,7.1145,0.6503,0.8324
"ENSG00000223705",-0.1586,9.8396,0.1289,0.3186
"ENSG00000223722",0.0276,7.2354,0.9603,0.9847
"ENSG00000223745",-0.3326,8.7225,0.01716,0.07025
"ENSG00000223749",-0.677,8.7257,0.14,0.3383
"ENSG00000223756",-0.5487,9.4036,6.013e-06,7.096e-05
"ENSG00000223759",-0.2059,7.5725,0.5248,0.7457
"ENSG00000223764",-1.8161,7.3934,0.0001486,0.001254
"ENSG00000223768",-0.2654,8.2216,0.1459,0.3482
"ENSG00000223773",-0.087,7.9182,0.6991,0.8617
"ENSG00000223779",-0.6482,7.0452,0.4945,0.7245
"ENSG00000223797",-0.2639,7.495,0.4461,0.6859
"ENSG00000223799",-0.1769,7.1192,0.795,0.912
"ENSG00000223802",-1.9148,7.0774,0.01224,0.05386
"ENSG00000223803",-0.2914,7.5342,0.405,0.6508
"ENSG00000223804",0.2554,7.8002,0.3219,0.5699
"ENSG00000223811",-3.338,7.0046,0.001738,0.01068
"ENSG00000223820",-1.3738,7.209,0.01538,0.06442
"ENSG00000223825",0.1024,7.2787,0.8276,0.9276
"ENSG00000223861",-0.3785,7.1314,0.5735,0.7825
"ENSG00000223864",-0.3981,7.1046,0.5581,0.7714
"ENSG00000223865",-0.4592,7.55,0.1507,0.3567
"ENSG00000223875",-0.3619,7.13,0.5737,0.7826
"ENSG00000223877",-0.1454,7.0951,0.8332,0.9308
"ENSG00000223878",-1.0756,7.0256,0.2497,0.4916
"ENSG00000223886",0.1685,7.0369,0.836,0.9318
"ENSG00000223891",-0.1775,8.548,0.3661,0.6133
"ENSG00000223930",0.6167,7.3184,0.1585,0.368
"ENSG00000223949",-1.8461,7.2805,0.0002167,0.00175
"ENSG00000223959",-0.1705,8.5834,0.2722,0.5174
"ENSG00000223960",-0.1018,8.1063,0.6285,0.8193
"ENSG00000223969",0.4852,7.0649,0.535,0.7539
"ENSG00000223972",-0.0666,7.2865,0.8912,0.9549
"ENSG00000223984",-0.46,7.0585,0.5624,0.7746
"ENSG00000224032",-0.1302,9.0746,0.2709,0.5162
"ENSG00000224040",-0.1694,7.3787,0.6784,0.8489
"ENSG00000224043",-0.2903,7.1619,0.6353,0.8241
"ENSG00000224046",0.1129,7.0828,0.8816,0.9505
"ENSG00000224051",-0.0107,8.9625,0.9313,0.9723
"ENSG00000224057",-0.6208,7.0152,0.5088,0.7347
"ENSG00000224058",-0.4921,7.109,0.465,0.7006
"ENSG00000224078",-0.2017,10.0283,0.05804,0.1795
"ENSG00000224080",2.3408,7.1215,0.001268,0.008162
"ENSG00000224081",-0.3923,7.3415,0.3464,0.5942
"ENSG00000224086",0.0199,7.6703,0.9482,0.9784
"ENSG00000224094",-0.095,9.2271,0.4332,0.6754
"ENSG00000224113",-0.4969,7.1913,0.432,0.6748
"ENSG00000224114",0.1733,8.5027,0.2997,0.5485
"ENSG00000224116",-0.1251,7.1323,0.8482,0.9373
"ENSG00000224124",1.3385,7.5972,0.001024,0.006821
"ENSG00000224126",0.3583,7.5325,0.2822,0.5296
"ENSG00000224138",0.466,7.3193,0.3104,0.5592
"ENSG00000224152",-0.5114,7.1925,0.3527,0.6
"ENSG00000224155",0.9033,7.2003,0.1058,0.277
"ENSG00000224163",-0.1764,8.825,0.2304,0.4663
"ENSG00000224165",-1.1669,7.1895,0.03809,0.1307
"ENSG00000224174",0.1564,7.1538,0.7952,0.9122
"ENSG00000224183",-0.0042,7.9085,0.9857,0.994
"ENSG00000224186",0.0634,7.5382,0.8452,0.936
"ENSG00000224201",-0.4537,7.739,0.09032,0.2465
"ENSG00000224216",-0.0303,7.325,0.948,0.9784
"ENSG00000224226",-0.0216,8.9489,0.8989,0.9588
"ENSG00000224228",1.4603,7.044,0.07808,0.2223
"ENSG00000224239",-0.4026,7.2081,0.4521,0.691
"ENSG00000224251",0.4006,7.3537,0.3661,0.6133
"ENSG00000224259",-0.8597,8.2785,1.863e-06,2.41e-05
"ENSG00000224261",-0.0617,8.3221,0.7182,0.8731
"ENSG00000224281",0.1117,7.2061,0.8359,0.9318
"ENSG00000224287",-0.3582,7.753,0.1796,0.3994
"ENSG00000224295",-0.9006,7.1053,0.1821,0.4029
"ENSG00000224334",0.3348,7.2317,0.5206,0.7429
"ENSG00000224358",-0.6047,7.0327,0.4633,0.6996
"ENSG00000224376",0.3867,7.2402,0.4508,0.6901
"ENSG00000224389",-0.5918,10.3257,7.113e-07,9.874e-06
"ENSG00000224397",0.5132,7.4348,0.1808,0.401
"ENSG00000224401",0.9821,7.0805,0.1882,0.4114
"ENSG00000224411",-0.3956,8.473,0.01092,0.04936
"ENSG00000224415",0.234,7.2297,0.654,0.835
"ENSG00000224424",-0.9418,7.1912,0.09061,0.247
"ENSG00000224431",-0.3787,7.4252,0.3066,0.5556
"ENSG00000224460",-0.879,7.078,0.285,0.5332
"ENSG00000224468",1.1382,7.5003,0.0009693,0.006509
"ENSG00000224470",0.4357,10.3587,0.0001618,0.001349
"ENSG00000224505",-1.206,7.0204,0.2001,0.4277
"ENSG00000224531",0.563,8.8531,7.776e-05,0.0007056
"ENSG00000224533",-0.1926,7.3457,0.6632,0.8409
"ENSG00000224543",-0.0126,7.6954,0.9619,0.9851
"ENSG00000224546",-0.0721,10.0665,0.445,0.685
"ENSG00000224549",0.0314,7.0593,0.9682,0.9873
"ENSG00000224550",-0.1456,7.044,0.86,0.9425
"ENSG00000224578",0.1609,10.7372,0.06205,0.1888
"ENSG00000224594",-0.3068,7.3994,0.4423,0.6835
"ENSG00000224596",-0.2752,7.5792,0.4101,0.6563
"ENSG00000224597",0.2918,9.8696,0.005043,0.02632
"ENSG00000224599",0.2393,7.2401,0.6381,0.8257
"ENSG00000224616",-0.2301,7.3667,0.5688,0.7797
"ENSG00000224631",0.0613,9.5252,0.5801,0.7871
"ENSG00000224646",-0.3777,7.0171,0.7003,0.8621
"ENSG00000224660",0.0324,8.4519,0.8584,0.9419
"ENSG00000224668",0.0923,7.3084,0.8355,0.9317
"ENSG00000224677",0.2027,8.0106,0.5394,0.7574
"ENSG00000224680",-0.0583,7.1761,0.922,0.9671
"ENSG00000224687",0.8133,7.1461,0.1916,0.4159
"ENSG00000224688",-0.1902,7.3576,0.6415,0.8276
"ENSG00000224690",0.0312,7.0766,0.9661,0.9866
"ENSG00000224699",-0.1997,7.1417,0.746,0.8884
"ENSG00000224712",0.3124,9.2857,0.007571,0.03685
"ENSG00000224713",0.2105,7.6612,0.4491,0.6887
"ENSG00000224722",0.1711,7.4251,0.6638,0.8413
"ENSG00000224728",-0.4486,7.0701,0.5474,0.7641
"ENSG00000224729",-0.5025,7.0935,0.4639,0.6999
"ENSG00000224738",-0.0869,7.1684,0.8853,0.9528
"ENSG00000224743",0.4768,7.2338,0.4537,0.6919
"ENSG00000224769",-0.0396,7.4378,0.9144,0.9645
"ENSG00000224812",-0.3505,7.0455,0.6664,0.8423
"ENSG00000224818",-0.3764,7.9405,0.09126,0.2481
"ENSG00000224829",0.2509,7.1589,0.6742,0.847
"ENSG00000224831",0.1301,9.2975,0.2555,0.4987
"ENSG00000224837",-0.1369,8.2499,0.48,0.713
"ENSG00000224839",0.0665,7.1813,0.9047,0.9612
"ENSG00000224843",0.4966,7.1446,0.4299,0.673
"ENSG00000224858",-0.093,10.1311,0.4323,0.6748
"ENSG00000224861",-0.1152,10.3781,0.2203,0.4532
"ENSG00000224870",0.0959,8.6411,0.5573,0.7707
"ENSG00000224877",-0.1247,8.7786,0.4017,0.6478
"ENSG00000224882",0.0655,9.4003,0.5771,0.7851
"ENSG00000224886",0.1682,7.4052,0.6645,0.8414
"ENSG00000224888",0.4025,7.1045,0.5558,0.7696
"ENSG00000224892",-0.3906,7.3943,0.3364,0.5852
"ENSG00000224897",0.4542,7.3617,0.2971,0.5457
"ENSG00000224905",0.3811,7.0721,0.6066,0.8055
"ENSG00000224908",-1.4547,7.0267,0.1155,0.2948
"ENSG00000224914",-0.0593,8.6732,0.6797,0.8495
"ENSG00000224934",-0.4088,7.3482,0.3198,0.5683
"ENSG00000224945",0.861,8.3482,4.575e-06,5.5e-05
"ENSG00000224956",-0.1969,8.1598,0.336,0.5849
"ENSG00000224957",-0.6147,7.4906,0.08509,0.2365
"ENSG00000224958",0.0635,7.708,0.854,0.9398
"ENSG00000224959",-0.3146,7.0689,0.6695,0.8439
"ENSG00000224971",-0.3165,7.3657,0.4372,0.6792
"ENSG00000224975",0.263,7.2983,0.5615,0.7741
"ENSG00000224976",0.1268,7.8588,0.5916,0.7945
"ENSG00000224993",0.2423,7.4807,0.4936,0.7242
"ENSG00000224997",0.6126,7.1369,0.325,0.5732
"ENSG00000225014",0.8126,7.0452,0.3168,0.5653
"ENSG00000225022",0.1075,7.7548,0.6793,0.8494
"ENSG00000225031",-0.0709,10.4832,0.467,0.7026
"ENSG00000225032",1.0829,7.5708,0.004755,0.02503
"ENSG00000225067",-0.4984,7.0604,0.5156,0.7393
"ENSG00000225071",-0.171,9.1012,0.188,0.4112
"ENSG00000225080",-0.2665,7.3494,0.5503,0.7661
"ENSG00000225093",0.4495,7.4613,0.2049,0.434
"ENSG00000225119",-0.2711,7.5411,0.4043,0.6502
"ENSG00000225125",-0.9385,7.1102,0.1661,0.3796
"ENSG00000225131",-0.2479,7.2525,0.6159,0.8111
"ENSG00000225135",0.7093,8.3169,0.0002012,0.001638
"ENSG00000225137",0.1528,9.2907,0.1944,0.4198
"ENSG00000225138",-0.2277,8.5426,0.2026,0.431
"ENSG00000225151",-0.762,9.2369,1.885e-07,2.94e-06
"ENSG00000225159",-0.0383,7.8369,0.8756,0.9478
"ENSG00000225170",-0.0023,7.4819,0.9946,0.9978
"ENSG00000225177",0.0584,7.6587,0.8435,0.9348
"ENSG00000225190",-0.0351,10.83,0.741,0.8851
"ENSG00000225200",0.0181,8.0591,0.9317,0.9725
"ENSG00000225205",0.1817,7.1113,0.7992,0.9137
"ENSG00000225206",0.1889,7.5664,0.5745,0.7833
"ENSG00000225210",-0.2358,9.1012,0.07469,0.2154
"ENSG00000225217",-2.302,7.033,0.01128,0.05059
"ENSG00000225234",-0.6086,7.2531,0.2707,0.516
"ENSG00000225241",-0.1315,10.4286,0.2711,0.5164
"ENSG00000225259",-0.3498,8.5676,0.02067,0.08157
"ENSG00000225264",-0.1761,7.0347,0.8317,0.93
"ENSG00000225265",-0.6521,7.2385,0.223,0.4565
"ENSG00000225273",-0.5436,7.4312,0.1793,0.3992
"ENSG00000225279",-2.9486,6.9804,0.01413,0.06029
"ENSG00000225302",-0.8814,7.1157,0.235,0.4722
"ENSG00000225313",1.1687,7.4747,0.0006652,0.004698
"ENSG00000225331",-0.0711,7.0726,0.9258,0.9693
"ENSG00000225335",0.2021,7.053,0.804,0.9161
"ENSG00000225338",0.3744,7.2538,0.4649,0.7006
"ENSG00000225361",-0.0256,7.2061,0.9664,0.9867
"ENSG00000225373",-0.2949,10.1715,0.006497,0.03235
"ENSG00000225377",-0.2097,7.7356,0.423,0.6672
"ENSG00000225383",1.9867,7.1047,0.008263,0.03942
"ENSG00000225393",-0.4907,7.2941,0.3021,0.551
"ENSG00000225398",-0.524,8.1746,0.004798,0.02524
"ENSG00000225399",-0.9226,7.0688,0.2266,0.4616
"ENSG00000225406",-0.1336,7.0702,0.8755,0.9478
"ENSG00000225411",-0.6352,7.0711,0.3929,0.6387
"ENSG00000225415",-1.4423,9.4362,4.745e-12,1.373e-10
"ENSG00000225419",0.4849,7.3513,0.3389,0.5874
"ENSG00000225422",0.4568,8.5453,0.003021,0.01709
"ENSG00000225434",2.0541,6.9415,0.4111,0.657
"ENSG00000225439",0.003,7.7341,0.9911,0.9964
"ENSG00000225465",0.8621,6.9951,0.3795,0.6263
"ENSG00000225470",-0.4639,8.4019,0.005358,0.02768
"ENSG00000225471",-0.4571,7.2993,0.3176,0.5662
"ENSG00000225484",0.305,7.802,0.2083,0.438
"ENSG00000225485",0.2448,11.5884,0.004157,0.02235
"ENSG00000225492",-0.1486,7.6358,0.6224,0.8153
"ENSG00000225507",-0.1124,7.2724,0.8273,0.9275
"ENSG00000225511",-0.8318,7.5341,0.02472,0.09386
"ENSG00000225544",0.361,8.1886,0.04324,0.1441
"ENSG00000225554",-0.3292,7.4156,0.4452,0.6852
"ENSG00000225573",0.2246,7.6432,0.4326,0.6751
"ENSG00000225578",0.3292,7.085,0.6666,0.8423
"ENSG00000225580",0.293,7.358,0.4881,0.7198
"ENSG00000225614",0.0092,9.8733,0.9612,0.985
"ENSG00000225630",0.1751,13.1761,0.04681,0.153
"ENSG00000225648",0.0756,9.7853,0.4705,0.7051
"ENSG00000225655",-0.4667,8.3579,0.1037,0.2731
"ENSG00000225663",0.1352,8.2862,0.464,0.6999
"ENSG00000225674",0.292,7.4571,0.4086,0.6545
"ENSG00000225684",-0.0361,7.5587,0.9097,0.9628
"ENSG00000225695",0.0434,8.8969,0.7388,0.8842
"ENSG00000225697",0.8969,9.1346,8.22e-11,2.033e-09
"ENSG00000225706",-0.1253,7.4647,0.7391,0.8842
"ENSG00000225710",0.5394,7.1323,0.3982,0.6444
"ENSG00000225725",-0.1188,7.6478,0.7124,0.869
"ENSG00000225733",0.2777,11.901,0.001349,0.008624
"ENSG00000225746",0.1818,7.4639,0.6235,0.8162
"ENSG00000225756",-0.663,7.0746,0.3711,0.6178
"ENSG00000225760",0.1517,7.3063,0.7395,0.8844
"ENSG00000225766",-0.0819,7.7242,0.7634,0.8972
"ENSG00000225774",0.1286,7.354,0.7754,0.9027
"ENSG00000225783",-1.8598,7.767,1.334e-12,4.133e-11
"ENSG00000225784",4e-04,8.3899,0.9983,0.9992
"ENSG00000225790",1.178,7.1513,0.08643,0.2391
"ENSG00000225791",0.3246,8.7133,0.03208,0.1147
"ENSG00000225793",-0.495,7.0953,0.4877,0.7196
"ENSG00000225806",-0.5748,7.0396,0.5193,0.742
"ENSG00000225828",-0.1006,7.5826,0.7357,0.8825
"ENSG00000225830",-0.2933,8.766,0.02877,0.1054
"ENSG00000225855",-0.1782,7.5525,0.5747,0.7834
"ENSG00000225871",-0.0018,7.3157,0.9968,0.9986
"ENSG00000225880",-0.0082,7.4457,0.9817,0.9922
"ENSG00000225883",0.0673,7.4733,0.8487,0.9375
"ENSG00000225892",0.1894,7.514,0.5752,0.7837
"ENSG00000225912",-0.0012,8.0144,0.9952,0.998
"ENSG00000225920",-0.0286,7.2158,0.96,0.9847
"ENSG00000225921",0.0389,7.8188,0.8778,0.9491
"ENSG00000225953",0.4746,7.1596,0.4299,0.673
"ENSG00000225963",0.2302,7.2859,0.6604,0.8399
"ENSG00000225968",-2.0824,7.0707,0.012,0.05304
"ENSG00000225969",-0.1563,7.0802,0.8346,0.9312
"ENSG00000225972",0.2596,10.4446,0.07021,0.2061
"ENSG00000225973",-0.1222,7.7723,0.6273,0.8184
"ENSG00000225975",-0.1882,7.313,0.6875,0.855
"ENSG00000225976",-0.4688,7.4067,0.2414,0.4807
"ENSG00000226002",-1.0812,7.0596,0.1709,0.3869
"ENSG00000226007",-0.0175,7.1434,0.9777,0.9908
"ENSG00000226015",0.1907,7.437,0.6001,0.8
"ENSG00000226026",0.7519,7.1032,0.2599,0.5041
"ENSG00000226029",-0.4531,7.4171,0.2422,0.482
"ENSG00000226049",0.1342,8.5153,0.3719,0.6185
"ENSG00000226054",-0.071,8.5441,0.664,0.8413
"ENSG00000226055",0.0044,7.0363,0.996,0.9983
"ENSG00000226065",-0.0272,7.2512,0.9609,0.9849
"ENSG00000226067",-0.4887,7.3152,0.274,0.5196
"ENSG00000226084",-0.095,11.4338,0.3088,0.5576
"ENSG00000226085",-0.0186,8.3176,0.9132,0.9639
"ENSG00000226091",0.0295,7.1055,0.9645,0.9863
"ENSG00000226102",0.2732,8.0291,0.1897,0.4136
"ENSG00000226121",1.2445,9.3605,5.182e-10,1.183e-08
"ENSG00000226124",-0.6013,7.1746,0.2884,0.5371
"ENSG00000226137",-0.5819,9.3761,1.213e-07,1.961e-06
"ENSG00000226160",0.0554,7.057,0.9447,0.9765
"ENSG00000226174",-0.4262,7.2643,0.393,0.6388
"ENSG00000226179",-0.2616,7.326,0.5541,0.7688
"ENSG00000226200",-0.9192,8.0959,0.0002248,0.001811
"ENSG00000226210",-0.0974,9.8328,0.3643,0.6114
"ENSG00000226221",-0.2042,11.7762,0.0846,0.2356
"ENSG00000226237",-0.2044,7.6729,0.529,0.7491
"ENSG00000226243",0.3421,7.3575,0.4076,0.6536
"ENSG00000226259",0.0591,9.4341,0.6079,0.8063
"ENSG00000226266",-0.1467,7.0408,0.8568,0.9409
"ENSG00000226268",-0.0205,7.3266,0.9632,0.9857
"ENSG00000226278",-0.5088,6.9964,0.8826,0.9512
"ENSG00000226287",1.0839,7.2014,0.05297,0.1678
"ENSG00000226312",1.1894,7.0495,0.1311,0.3229
"ENSG00000226314",-0.6407,7.4628,0.0741,0.2141
"ENSG00000226318",-0.0664,7.2371,0.9033,0.9609
"ENSG00000226328",0.7968,8.1751,5.161e-05,0.000487
"ENSG00000226329",0.2426,7.4173,0.5206,0.7429
"ENSG00000226332",-0.1645,7.1319,0.7899,0.9097
"ENSG00000226334",0.1985,7.0374,0.8045,0.9161
"ENSG00000226335",-0.4789,7.4785,0.2133,0.4444
"ENSG00000226352",0.8497,7.0267,0.3286,0.5773
"ENSG00000226360",-0.0798,8.509,0.6618,0.8404
"ENSG00000226361",-0.2848,7.2749,0.5499,0.7656
"ENSG00000226380",0.1058,7.5732,0.7411,0.8851
"ENSG00000226381",0.1443,7.7624,0.5737,0.7826
"ENSG00000226396",0.2754,7.446,0.4719,0.7065
"ENSG00000226415",0.073,9.1162,0.7406,0.8849
"ENSG00000226419",-0.0231,7.3396,0.956,0.9831
"ENSG00000226432",-0.0057,7.6502,0.9841,0.9933
"ENSG00000226445",-0.631,7.3512,0.1773,0.3962
"ENSG00000226471",-0.1469,7.1266,0.8175,0.9226
"ENSG00000226478",-0.0052,8.2946,0.9781,0.9909
"ENSG00000226479",0.0851,9.4133,0.5029,0.7306
"ENSG00000226510",0.2639,7.0274,0.7652,0.8975
"ENSG00000226516",-0.8206,7.2833,0.08456,0.2356
"ENSG00000226521",0.3794,7.0293,0.6566,0.8365
"ENSG00000226524",-0.4298,7.2188,0.4148,0.66
"ENSG00000226525",0.0243,8.1909,0.8973,0.958
"ENSG00000226544",0.6478,7.2595,0.19,0.4139
"ENSG00000226564",0.1019,11.7837,0.3931,0.6389
"ENSG00000226608",-0.6134,10.9936,2.265e-09,4.793e-08
"ENSG00000226622",-0.6197,7.3129,0.1835,0.4046
"ENSG00000226686",0.3442,7.1765,0.5601,0.7728
"ENSG00000226688",-0.3462,7.4911,0.3396,0.5879
"ENSG00000226696",-0.2128,7.5048,0.5491,0.7649
"ENSG00000226711",-0.2365,8.002,0.3626,0.6096
"ENSG00000226723",0.5226,7.4206,0.1744,0.3918
"ENSG00000226742",0.2978,8.1754,0.1081,0.2813
"ENSG00000226752",-0.0558,8.4712,0.74,0.8846
"ENSG00000226754",-0.1148,7.1046,0.8738,0.9468
"ENSG00000226757",1.0974,7.2011,0.05057,0.1619
"ENSG00000226763",-0.1485,7.1183,0.824,0.9257
"ENSG00000226781",-0.0469,7.8966,0.8334,0.9308
"ENSG00000226784",0.0104,9.6798,0.9522,0.9812
"ENSG00000226790",0.2685,7.0589,0.7304,0.8793
"ENSG00000226800",0.3098,7.1561,0.614,0.8101
"ENSG00000226803",-0.1414,7.3157,0.7552,0.8927
"ENSG00000226819",-0.897,7.0123,0.3197,0.5683
"ENSG00000226823",-0.2583,7.2437,0.6195,0.8136
"ENSG00000226824",0.5562,7.2884,0.2487,0.4903
"ENSG00000226833",-0.196,7.1114,0.7731,0.9013
"ENSG00000226835",0.8013,7.1338,0.2064,0.4354
"ENSG00000226851",0.4392,7.0745,0.5495,0.7652
"ENSG00000226853",-0.6725,7.0456,0.4215,0.666
"ENSG00000226855",-0.1697,7.7532,0.5231,0.7445
"ENSG00000226864",-0.1795,7.1502,0.7768,0.9032
"ENSG00000226885",-0.1346,7.3788,0.7361,0.8827
"ENSG00000226887",2.8221,7.0381,0.002425,0.01419
"ENSG00000226891",0.2556,7.0424,0.7684,0.8986
"ENSG00000226920",0.0251,7.0926,0.9726,0.9891
"ENSG00000226950",1.1317,8.6176,2.054e-10,4.913e-09
"ENSG00000226958",-0.0329,7.4273,0.9395,0.9749
"ENSG00000226964",0.9636,8.3812,2.838e-09,5.896e-08
"ENSG00000226970",0.1536,7.3359,0.7399,0.8846
"ENSG00000226971",0.5012,7.0244,0.5606,0.7731
"ENSG00000226976",-0.0239,9.6633,0.8489,0.9375
"ENSG00000226981",0.1737,8.0796,0.4689,0.7039
"ENSG00000226992",-0.142,7.2734,0.7642,0.8973
"ENSG00000227001",0.345,8.2498,0.09311,0.2516
"ENSG00000227006",-0.4155,7.0333,0.6268,0.8182
"ENSG00000227008",0.0049,9.9363,0.9633,0.9857
"ENSG00000227014",1.6082,7.0183,0.07405,0.2141
"ENSG00000227018",-0.2659,7.4918,0.4957,0.7252
"ENSG00000227028",-0.3879,7.3017,0.3887,0.6345
"ENSG00000227036",0.3772,7.4841,0.2976,0.5462
"ENSG00000227040",1.0382,7.0406,0.2085,0.4382
"ENSG00000227051",-1.1511,12.1303,1.826e-43,4.772e-41
"ENSG00000227057",-0.0198,9.7684,0.8693,0.945
"ENSG00000227060",-1.7801,7.017,0.05284,0.1674
"ENSG00000227063",-0.1156,13.2735,0.182,0.4029
"ENSG00000227073",-0.0686,7.5944,0.8381,0.9326
"ENSG00000227077",0.001,8.2541,0.9956,0.9981
"ENSG00000227081",-0.0307,10.8943,0.7383,0.8839
"ENSG00000227097",-0.1973,9.8959,0.09743,0.2603
"ENSG00000227110",-0.9469,7.0965,0.1859,0.4079
"ENSG00000227120",-1.9351,7.0605,0.01765,0.07186
"ENSG00000227124",0.1286,8.0132,0.5518,0.767
"ENSG00000227136",-1.2771,7.1186,0.05493,0.1719
"ENSG00000227159",-0.3581,7.2257,0.5092,0.7347
"ENSG00000227184",1.1137,7.0873,0.1263,0.3141
"ENSG00000227192",-1.714,7.0031,0.0827,0.2317
"ENSG00000227194",0.0908,7.0624,0.9097,0.9628
"ENSG00000227199",-0.0759,7.2101,0.8929,0.9554
"ENSG00000227212",-0.3756,7.1341,0.5907,0.7939
"ENSG00000227232",-0.1188,10.2439,0.259,0.5034
"ENSG00000227233",-0.6117,7.0668,0.4457,0.6856
"ENSG00000227242",0.4308,7.7425,0.1253,0.3122
"ENSG00000227252",-0.235,7.3135,0.5911,0.7942
"ENSG00000227268",-1.5646,7.3632,0.0006781,0.004782
"ENSG00000227285",-0.032,7.5222,0.9211,0.967
"ENSG00000227288",-0.1001,7.0823,0.8898,0.9545
"ENSG00000227295",0.2164,8.3186,0.2326,0.4688
"ENSG00000227329",-0.1299,7.1061,0.8448,0.9356
"ENSG00000227337",-0.3771,7.0262,0.655,0.8355
"ENSG00000227344",-0.139,7.6775,0.6239,0.8164
"ENSG00000227345",0.0714,8.8809,0.623,0.816
"ENSG00000227347",0.2026,7.6267,0.5079,0.7339
"ENSG00000227354",-0.4628,7.4749,0.2734,0.5188
"ENSG00000227359",-0.0186,7.0295,0.9823,0.9923
"ENSG00000227372",-0.21,10.2463,0.03327,0.1178
"ENSG00000227376",0.2144,8.4778,0.2541,0.497
"ENSG00000227398",-0.7007,7.6765,0.01156,0.05159
"ENSG00000227438",-0.315,7.2387,0.5977,0.7979
"ENSG00000227447",-0.0566,7.1031,0.9362,0.9733
"ENSG00000227449",-0.2911,9.2168,0.03878,0.1325
"ENSG00000227473",0.3093,7.5085,0.3472,0.595
"ENSG00000227482",0.6123,7.2332,0.2912,0.5396
"ENSG00000227486",0.264,7.1771,0.6696,0.8439
"ENSG00000227496",0.9956,7.2151,0.06144,0.1873
"ENSG00000227500",0.0152,9.9147,0.8841,0.9523
"ENSG00000227517",-1.4941,7.0906,0.03989,0.1353
"ENSG00000227518",-0.7246,7.7407,0.006427,0.03209
"ENSG00000227525",-0.2098,7.3623,0.6075,0.8059
"ENSG00000227533",-0.5513,7.5234,0.09681,0.2591
"ENSG00000227540",0.2585,7.1576,0.6748,0.8473
"ENSG00000227542",-0.4662,7.0887,0.5277,0.7481
"ENSG00000227543",-0.0315,7.0538,0.9677,0.9872
"ENSG00000227544",0.5716,7.603,0.118,0.299
"ENSG00000227558",-0.2877,8.8449,0.07924,0.2246
"ENSG00000227603",-0.1465,7.1773,0.7958,0.9124
"ENSG00000227615",0.0615,8.1725,0.7468,0.889
"ENSG00000227632",-0.1164,7.546,0.7174,0.8724
"ENSG00000227638",0.4688,7.0154,0.6233,0.8162
"ENSG00000227653",0.7203,7.2137,0.1942,0.4195
"ENSG00000227671",-0.1353,8.8898,0.299,0.5479
"ENSG00000227700",-0.4976,7.1038,0.4592,0.6964
"ENSG00000227725",-0.2481,8.2902,0.1859,0.4079
"ENSG00000227733",-0.376,7.9149,0.1163,0.2961
"ENSG00000227741",-0.8303,7.1049,0.2563,0.5
"ENSG00000227775",-0.4855,9.1224,0.0001534,0.001289
"ENSG00000227778",0.1357,7.6457,0.6633,0.8409
"ENSG00000227781",0.0379,7.3084,0.9323,0.9726
"ENSG00000227799",-0.2272,7.0954,0.7431,0.8865
"ENSG00000227825",-1.3695,7.0253,0.1212,0.3047
"ENSG00000227827",0.3293,11.4828,0.007719,0.03739
"ENSG00000227850",-0.2947,7.1678,0.6129,0.8099
"ENSG00000227855",-0.0345,7.5133,0.9178,0.966
"ENSG00000227879",-0.0924,7.4464,0.8347,0.9313
"ENSG00000227888",-0.3677,7.3081,0.4784,0.712
"ENSG00000227896",-0.0396,7.3431,0.9337,0.9726
"ENSG00000227906",-0.6396,7.1803,0.2867,0.5353
"ENSG00000227921",0.9778,7.3017,0.03524,0.1232
"ENSG00000227922",-0.6962,7.0534,0.3979,0.644
"ENSG00000227939",-0.2487,8.6662,0.1081,0.2813
"ENSG00000227946",0.6124,7.3329,0.1418,0.3413
"ENSG00000227953",-0.3154,7.3875,0.4141,0.6596
"ENSG00000227954",0.4362,8.1642,0.0302,0.1093
"ENSG00000227973",1.1604,7.0412,0.1736,0.3908
"ENSG00000227992",-0.0234,7.4925,0.9457,0.9769
"ENSG00000228007",-0.2394,7.9105,0.3068,0.5557
"ENSG00000228010",-0.6229,7.1085,0.3827,0.6293
"ENSG00000228035",-0.6467,7.5538,0.05981,0.1836
"ENSG00000228039",-0.5144,7.0528,0.5043,0.7317
"ENSG00000228049",-0.4695,7.5082,0.1565,0.365
"ENSG00000228050",0.1329,7.6194,0.6484,0.8316
"ENSG00000228053",0.4003,8.0122,0.2026,0.431
"ENSG00000228057",-0.214,8.3379,0.2025,0.4309
"ENSG00000228065",-0.5364,7.1525,0.4087,0.6545
"ENSG00000228071",-0.1635,7.6577,0.5927,0.7953
"ENSG00000228078",-0.3522,7.0306,0.6803,0.8498
"ENSG00000228084",-1.026,7.0401,0.2237,0.4574
"ENSG00000228106",0.0183,7.4314,0.9605,0.9848
"ENSG00000228109",-0.808,7.4044,0.04158,0.1399
"ENSG00000228110",-0.0125,7.5214,0.9718,0.9891
"ENSG00000228158",0.6412,7.5157,0.05764,0.1788
"ENSG00000228192",-0.9385,7.0402,0.2583,0.5025
"ENSG00000228196",0.3969,7.0352,0.6425,0.8283
"ENSG00000228201",-0.6397,7.0225,0.4978,0.7266
"ENSG00000228205",0.1086,7.4996,0.7534,0.8917
"ENSG00000228217",0.3784,7.8469,0.1294,0.3197
"ENSG00000228218",-0.3613,8.6811,0.01175,0.0522
"ENSG00000228221",0.481,9.5852,0.01692,0.06947
"ENSG00000228223",0.3296,9.4306,0.002404,0.01409
"ENSG00000228224",0.1011,7.2705,0.8302,0.9292
"ENSG00000228232",-0.1322,8.7218,0.3994,0.6455
"ENSG00000228243",-0.7536,7.5698,0.01975,0.07872
"ENSG00000228253",0.0843,11.4042,0.4466,0.6863
"ENSG00000228265",-0.3131,7.225,0.563,0.7748
"ENSG00000228274",-0.6119,7.4805,0.09315,0.2516
"ENSG00000228283",0.0727,7.1016,0.9156,0.9653
"ENSG00000228288",-0.4138,7.9201,0.09912,0.2638
"ENSG00000228290",0.9413,7.1097,0.1828,0.4037
"ENSG00000228300",-0.0288,8.879,0.8504,0.9381
"ENSG00000228302",0.7594,7.0852,0.3549,0.6025
"ENSG00000228305",0.5171,7.6507,0.0833,0.2329
"ENSG00000228327",-0.6751,7.7059,0.01698,0.06963
"ENSG00000228328",0.2634,7.0845,0.731,0.8796
"ENSG00000228330",0.2793,7.144,0.6641,0.8413
"ENSG00000228340",-0.5843,7.0389,0.4803,0.7132
"ENSG00000228343",0.4132,8.1432,0.02821,0.1038
"ENSG00000228363",-0.2985,7.0438,0.7216,0.8748
"ENSG00000228389",-0.679,7.0733,0.3888,0.6345
"ENSG00000228393",-0.0404,7.3862,0.9265,0.9696
"ENSG00000228395",-0.0742,7.1993,0.9003,0.9593
"ENSG00000228407",0.6311,7.1452,0.3141,0.5631
"ENSG00000228409",0.194,7.8081,0.4433,0.6843
"ENSG00000228434",-0.2384,7.1582,0.7345,0.8818
"ENSG00000228436",-0.3855,7.5302,0.243,0.4829
"ENSG00000228439",-0.1417,7.5656,0.6458,0.83
"ENSG00000228451",-0.2292,7.9896,0.2745,0.5202
"ENSG00000228452",-0.6124,7.367,0.1249,0.3115
"ENSG00000228463",-0.3627,7.945,0.1158,0.2952
"ENSG00000228474",-0.0963,10.836,0.3359,0.5848
"ENSG00000228477",-0.1414,7.7658,0.5849,0.7904
"ENSG00000228486",-0.0835,7.4861,0.809,0.9186
"ENSG00000228492",-0.0231,7.3243,0.9575,0.984
"ENSG00000228501",-0.4593,7.0929,0.5349,0.7539
"ENSG00000228502",0.0137,13.2507,0.8981,0.9585
"ENSG00000228506",0.0247,7.5767,0.9364,0.9733
"ENSG00000228519",-0.0041,7.642,0.9885,0.9952
"ENSG00000228532",-0.3696,7.2845,0.4196,0.664
"ENSG00000228544",-0.5843,7.3983,0.1247,0.3111
"ENSG00000228561",0.4514,7.6515,0.127,0.3153
"ENSG00000228570",-0.0492,8.2142,0.7882,0.909
"ENSG00000228589",0.1484,9.6747,0.2208,0.4537
"ENSG00000228594",0.4707,8.1347,0.01737,0.07094
"ENSG00000228601",0.2746,7.5222,0.4654,0.701
"ENSG00000228606",1.1435,7.112,0.08472,0.2358
"ENSG00000228612",1.1006,7.1792,0.0673,0.1999
"ENSG00000228623",-0.1335,7.9235,0.5569,0.7705
"ENSG00000228624",-0.0865,7.1511,0.8872,0.9539
"ENSG00000228638",-0.0731,7.8138,0.7746,0.9022
"ENSG00000228649",-0.1006,7.7066,0.7071,0.8663
"ENSG00000228665",0.0587,7.1045,0.9314,0.9724
"ENSG00000228672",0.2574,7.5278,0.423,0.6672
"ENSG00000228695",-0.0415,9.9295,0.6981,0.8614
"ENSG00000228696",-0.3807,8.1731,0.08104,0.2282
"ENSG00000228709",-0.0652,7.1544,0.9161,0.9656
"ENSG00000228716",-0.2846,8.7646,0.07518,0.2163
"ENSG00000228753",0.171,7.2953,0.7088,0.8672
"ENSG00000228766",-0.1614,7.278,0.7279,0.878
"ENSG00000228775",-0.6382,7.3997,0.09359,0.2525
"ENSG00000228782",-0.166,7.9767,0.4352,0.6775
"ENSG00000228784",-1.7971,7.0699,0.0281,0.1035
"ENSG00000228791",0.6866,7.0271,0.4204,0.6648
"ENSG00000228794",0.3507,9.0575,0.009556,0.04428
"ENSG00000228797",1.1736,7.2414,0.02806,0.1034
"ENSG00000228798",-1.8202,7.1067,0.01048,0.04775
"ENSG00000228801",-0.9412,7.5429,0.003681,0.02011
"ENSG00000228818",-0.0918,7.1767,0.8757,0.9478
"ENSG00000228852",-0.3296,7.1331,0.6015,0.8014
"ENSG00000228868",-0.6882,7.2347,0.1759,0.3943
"ENSG00000228878",0.2251,7.3403,0.6124,0.8095
"ENSG00000228882",-0.9175,7.0909,0.2173,0.4496
"ENSG00000228887",-0.1187,7.1143,0.8553,0.9403
"ENSG00000228889",-0.7484,7.1896,0.1948,0.4202
"ENSG00000228903",-0.1467,8.0924,0.4728,0.7069
"ENSG00000228914",-0.7756,7.0941,0.2697,0.5149
"ENSG00000228925",-0.8495,7.0717,0.2525,0.4954
"ENSG00000228929",-0.016,8.7631,0.9084,0.9621
"ENSG00000228960",0.0769,8.6339,0.6052,0.8047
"ENSG00000228962",-0.939,7.0221,0.3071,0.556
"ENSG00000228981",-0.0077,8.7431,0.9647,0.9863
"ENSG00000228989",0.1926,7.6438,0.52,0.7425
"ENSG00000228998",-0.2024,8.1005,0.2947,0.5429
"ENSG00000229017",-1.056,7.0495,0.2266,0.4616
"ENSG00000229018",0.1826,7.7971,0.4515,0.6905
"ENSG00000229036",-0.6355,7.6643,0.02728,0.1013
"ENSG00000229043",-0.5475,7.7519,0.03641,0.126
"ENSG00000229081",0.9594,7.5428,0.005306,0.02745
"ENSG00000229083",0.5746,7.0722,0.4436,0.6843
"ENSG00000229097",0.2998,7.4249,0.4505,0.6898
"ENSG00000229107",0.1308,7.903,0.6124,0.8095
"ENSG00000229116",-1.4684,7.2112,0.009474,0.04397
"ENSG00000229117",-0.0658,14.2148,0.4407,0.6821
"ENSG00000229119",0.0928,11.4982,0.3169,0.5653
"ENSG00000229122",0.0935,7.1005,0.9032,0.9609
"ENSG00000229124",0.395,7.1777,0.5298,0.7498
"ENSG00000229127",0.3273,7.1528,0.5845,0.79
"ENSG00000229132",0.0117,8.0426,0.9567,0.9836
"ENSG00000229133",0.4978,7.027,0.5644,0.7757
"ENSG00000229152",-0.1713,7.9081,0.4565,0.694
"ENSG00000229153",0.6837,7.0646,0.3848,0.6309
"ENSG00000229161",0.2786,7.09,0.7118,0.8688
"ENSG00000229178",-1.0721,7.0192,0.2431,0.4829
"ENSG00000229180",0.071,8.3059,0.683,0.8516
"ENSG00000229183",-0.9944,7.1328,0.1441,0.3448
"ENSG00000229186",-0.1091,7.5939,0.7266,0.8777
"ENSG00000229211",0.84,7.0291,0.341,0.5896
"ENSG00000229212",-0.7024,8.1464,0.001644,0.01017
"ENSG00000229214",-0.4534,7.1709,0.4595,0.6967
"ENSG00000229251",0.4054,8.4417,0.02015,0.08
"ENSG00000229256",-0.2498,7.308,0.584,0.7897
"ENSG00000229266",1.0335,7.1122,0.1709,0.3869
"ENSG00000229267",0.0546,7.213,0.9166,0.9658
"ENSG00000229273",-0.4242,7.5372,0.1845,0.4063
"ENSG00000229320",0.2082,7.6958,0.4402,0.6817
"ENSG00000229325",-0.9324,7.0791,0.2045,0.4333
"ENSG00000229334",0.551,7.0516,0.4945,0.7245
"ENSG00000229344",0.203,10.8935,0.1392,0.337
"ENSG00000229349",0.7716,7.2017,0.153,0.3596
"ENSG00000229358",0.1765,7.6774,0.5382,0.7565
"ENSG00000229368",1.1074,7.054,0.1576,0.3666
"ENSG00000229373",3.0533,7.0113,0.005596,0.02865
"ENSG00000229376",-0.1604,7.3438,0.6975,0.8611
"ENSG00000229413",0.1386,7.1955,0.803,0.9155
"ENSG00000229419",0.1569,8.7187,0.3036,0.5527
"ENSG00000229425",-0.3308,7.1278,0.6128,0.8098
"ENSG00000229431",-0.5324,7.1832,0.3395,0.5878
"ENSG00000229472",-0.3024,7.0641,0.6935,0.8588
"ENSG00000229474",-1.1506,7.3256,0.00871,0.04115
"ENSG00000229481",-1.7838,7.0525,0.03231,0.1154
"ENSG00000229503",0.0745,9.2373,0.5637,0.7752
"ENSG00000229509",0.3124,7.0521,0.7248,0.8764
"ENSG00000229539",0.6481,7.0143,0.4616,0.6981
"ENSG00000229563",-0.4877,7.1488,0.5043,0.7317
"ENSG00000229589",-0.1829,7.2034,0.7455,0.888
"ENSG00000229605",0.0559,10.01,0.5852,0.7906
"ENSG00000229619",0.7383,9.3717,2.289e-10,5.424e-09
"ENSG00000229631",-0.44,8.3144,0.009754,0.04506
"ENSG00000229638",-0.1242,11.0834,0.3165,0.5652
"ENSG00000229644",1.0857,9.8163,7.995e-11,1.983e-09
"ENSG00000229645",0.5234,9.2926,0.001558,0.009726
"ENSG00000229647",3.1841,7.0027,0.002239,0.01327
"ENSG00000229656",0.7262,7.0786,0.3147,0.5635
"ENSG00000229657",0.8783,7.2624,0.08716,0.2402
"ENSG00000229659",-0.1392,7.1792,0.8043,0.9161
"ENSG00000229666",0.2309,7.0059,0.8069,0.9175
"ENSG00000229689",-0.4799,7.6525,0.163,0.3753
"ENSG00000229692",0.214,7.6212,0.4916,0.7225
"ENSG00000229715",0.794,7.0834,0.3136,0.5627
"ENSG00000229728",-0.1554,7.0691,0.8388,0.9329
"ENSG00000229729",0.1277,8.1738,0.5236,0.7447
"ENSG00000229776",-1.0888,7.1551,0.08143,0.229
"ENSG00000229789",0.1896,8.2536,0.2769,0.5229
"ENSG00000229801",0.3518,7.3218,0.4144,0.6596
"ENSG00000229807",-0.106,8.0837,0.9621,0.9852
"ENSG00000229809",-0.2191,8.3163,0.2214,0.4545
"ENSG00000229816",0.2002,7.238,0.7085,0.867
"ENSG00000229828",0.3432,7.8395,0.181,0.4013
"ENSG00000229833",0.7087,7.4105,0.05759,0.1786
"ENSG00000229841",-0.2631,7.2922,0.6104,0.8081
"ENSG00000229848",-0.3199,7.1115,0.6672,0.8426
"ENSG00000229852",-0.5155,7.8094,0.03694,0.1275
"ENSG00000229859",-1.4423,7.22,0.007953,0.03825
"ENSG00000229873",0.5515,7.1731,0.3494,0.597
"ENSG00000229874",-0.301,8.6617,0.06789,0.2011
"ENSG00000229891",-0.6146,7.3464,0.1941,0.4195
"ENSG00000229894",0.5459,7.1675,0.3589,0.606
"ENSG00000229897",-0.0675,7.2482,0.8947,0.9565
"ENSG00000229927",0.9386,7.5437,0.005149,0.0268
"ENSG00000229931",-1.15,7.3933,0.02878,0.1054
"ENSG00000229932",-0.0233,8.7447,0.8801,0.9499
"ENSG00000229939",0.1072,8.5201,0.5505,0.7661
"ENSG00000229944",0.0335,9.0936,0.806,0.917
"ENSG00000229951",0.8109,7.311,0.08477,0.2359
"ENSG00000229956",-0.8791,7.1049,0.1983,0.4256
"ENSG00000229980",0.1429,7.0666,0.8489,0.9375
"ENSG00000229994",0.0213,8.3963,0.9048,0.9612
"ENSG00000230018",2.3421,7.5314,1.032e-10,2.529e-09
"ENSG00000230021",-0.0226,7.1342,0.9725,0.9891
"ENSG00000230037",-0.1398,7.0688,0.8509,0.9382
"ENSG00000230055",0.3847,8.6067,0.009414,0.04378
"ENSG00000230067",-0.2002,7.1196,0.7735,0.9015
"ENSG00000230069",-1.4884,7.0661,0.0681,0.2015
"ENSG00000230074",0.0261,7.6469,0.9299,0.9717
"ENSG00000230076",-0.0368,9.7426,0.7306,0.8793
"ENSG00000230084",0.7916,7.6244,0.007065,0.03476
"ENSG00000230091",-0.6832,7.424,0.06236,0.1893
"ENSG00000230124",-0.4913,7.8299,0.04779,0.1554
"ENSG00000230146",-0.4389,7.0519,0.5713,0.7812
"ENSG00000230148",0.7487,7.3683,0.07699,0.22
"ENSG00000230154",0.2347,8.6491,0.1328,0.3256
"ENSG00000230163",0.2383,7.2566,0.6403,0.8267
"ENSG00000230170",-0.0977,7.0512,0.9042,0.9612
"ENSG00000230177",0.4585,7.0391,0.5963,0.797
"ENSG00000230183",0.0688,7.4288,0.8611,0.9428
"ENSG00000230189",-0.0019,7.2849,0.9968,0.9986
"ENSG00000230195",0.1861,8.9407,0.1422,0.3418
"ENSG00000230199",-0.2339,7.6069,0.4921,0.7229
"ENSG00000230202",-0.04,11.5026,0.6842,0.8526
"ENSG00000230204",-0.0212,10.099,0.8668,0.9446
"ENSG00000230207",-0.173,9.7216,0.1946,0.42
"ENSG00000230210",0.5415,7.6231,0.06476,0.1943
"ENSG00000230216",1.0931,7.2134,0.04362,0.145
"ENSG00000230221",-0.1894,7.1299,0.7842,0.9068
"ENSG00000230224",-0.4717,7.1401,0.4398,0.6815
"ENSG00000230266",0.2845,7.2606,0.5557,0.7696
"ENSG00000230267",-0.1827,7.5426,0.5858,0.7907
"ENSG00000230280",-0.2328,7.13,0.7469,0.889
"ENSG00000230291",-0.6111,8.0276,0.03974,0.135
"ENSG00000230304",-0.0872,7.3005,0.8561,0.9407
"ENSG00000230311",0.0402,7.9635,0.8569,0.9409
"ENSG00000230319",0.2484,7.0858,0.7283,0.8781
"ENSG00000230330",-0.1897,7.4732,0.5786,0.7861
"ENSG00000230333",0.7792,7.6003,0.0205,0.08101
"ENSG00000230358",-0.1034,7.1971,0.8565,0.9408
"ENSG00000230359",-0.2931,7.0804,0.7059,0.8655
"ENSG00000230364",0.0947,7.4055,0.8179,0.9227
"ENSG00000230368",-0.5637,7.0819,0.4813,0.7142
"ENSG00000230373",0.0578,9.3108,0.6757,0.8478
"ENSG00000230383",-0.1915,9.7148,0.106,0.2773
"ENSG00000230395",0.2434,7.3526,0.5538,0.7687
"ENSG00000230397",-0.2197,7.645,0.4391,0.6809
"ENSG00000230409",-0.31,9.7563,0.002137,0.01276
"ENSG00000230415",-0.6132,7.2243,0.2901,0.5385
"ENSG00000230417",-1.6497,7.4979,1.361e-05,0.0001477
"ENSG00000230424",-0.81,7.0311,0.3363,0.5851
"ENSG00000230435",0.6521,7.0335,0.4261,0.6698
"ENSG00000230438",-0.5116,7.4618,0.1768,0.3955
"ENSG00000230453",-0.917,7.0148,0.3248,0.5729
"ENSG00000230454",-0.4501,7.4226,0.2438,0.4839
"ENSG00000230455",-0.0124,7.2991,0.978,0.9909
"ENSG00000230457",0.2005,7.0719,0.7929,0.9114
"ENSG00000230487",-0.3645,9.108,0.01879,0.07552
"ENSG00000230490",-0.9497,7.0284,0.261,0.5052
"ENSG00000230499",0.0701,7.2216,0.9084,0.9621
"ENSG00000230508",-0.2468,7.0248,0.7812,0.9054
"ENSG00000230510",-0.5092,7.3042,0.2527,0.4955
"ENSG00000230513",-0.095,7.4274,0.8164,0.9223
"ENSG00000230551",-0.1371,8.9999,0.261,0.5052
"ENSG00000230555",-0.0132,7.514,0.9694,0.9881
"ENSG00000230561",0.3844,7.0947,0.587,0.7912
"ENSG00000230562",-0.1986,7.6743,0.4742,0.7084
"ENSG00000230563",-0.4185,7.2594,0.4284,0.6715
"ENSG00000230565",-0.8762,7.2581,0.09906,0.2638
"ENSG00000230567",-0.003,8.7054,0.9857,0.994
"ENSG00000230578",-0.0676,7.4784,0.8488,0.9375
"ENSG00000230587",1.5817,7.0745,0.0362,0.1254
"ENSG00000230590",-0.4176,7.818,0.08506,0.2365
"ENSG00000230592",-0.0252,7.2614,0.9595,0.9842
"ENSG00000230596",-1.3184,6.966,0.2665,0.511
"ENSG00000230606",-0.5783,8.8996,6.701e-05,0.0006177
"ENSG00000230615",-1.3622,7.1082,0.05139,0.1637
"ENSG00000230623",-1.2809,7.0605,0.1115,0.2877
"ENSG00000230626",0.3764,7.9123,0.1485,0.3529
"ENSG00000230629",0.2115,10.3895,0.05208,0.1653
"ENSG00000230630",-0.2409,8.5428,0.1693,0.3844
"ENSG00000230633",0.8533,7.3809,0.06086,0.1861
"ENSG00000230658",0.0108,7.0531,0.9907,0.9963
"ENSG00000230665",-0.2768,7.0514,0.7209,0.8746
"ENSG00000230667",0.3141,7.1308,0.625,0.8172
"ENSG00000230673",1.0678,7.0222,0.2596,0.5039
"ENSG00000230712",1.2926,7.2467,0.02327,0.08957
"ENSG00000230715",0.2336,8.0194,0.2651,0.5096
"ENSG00000230724",-0.2834,9.0167,0.0263,0.09851
"ENSG00000230733",0.557,9.0293,2.878e-05,0.000289
"ENSG00000230734",-0.0275,7.7126,0.9172,0.9658
"ENSG00000230756",0.2918,8.9363,0.02923,0.1067
"ENSG00000230777",0.2748,7.2002,0.6883,0.8554
"ENSG00000230795",-0.2478,7.5852,0.4348,0.6769
"ENSG00000230797",-0.2947,7.5169,0.402,0.6482
"ENSG00000230812",-0.8894,7.2912,0.06548,0.1959
"ENSG00000230844",-0.2004,7.5827,0.5109,0.7358
"ENSG00000230847",-0.2772,7.1589,0.6752,0.8474
"ENSG00000230850",-0.2626,7.3343,0.5361,0.7549
"ENSG00000230856",0.346,7.3721,0.4011,0.6472
"ENSG00000230869",-0.1649,8.1618,0.3916,0.6374
"ENSG00000230870",-0.4618,7.0501,0.5719,0.7813
"ENSG00000230896",-0.3635,7.3989,0.3896,0.6355
"ENSG00000230897",0.0468,8.1854,0.7943,0.9117
"ENSG00000230903",0.0115,12.6779,0.88,0.9499
"ENSG00000230918",-0.7136,7.036,0.3994,0.6455
"ENSG00000230928",-0.3459,7.1576,0.5542,0.7688
"ENSG00000230953",-0.6858,7.3009,0.1396,0.3375
"ENSG00000230979",-0.1393,9.8592,0.2687,0.5136
"ENSG00000230982",-0.2863,7.4831,0.4686,0.7038
"ENSG00000230989",0.1297,10.705,0.1479,0.3517
"ENSG00000231006",0.2883,9.5655,0.03773,0.1298
"ENSG00000231007",-0.1936,7.3079,0.6688,0.8436
"ENSG00000231025",0.182,7.8512,0.4888,0.7205
"ENSG00000231028",-1.3171,7.0797,0.07882,0.2239
"ENSG00000231035",-0.6913,7.0624,0.3851,0.6312
"ENSG00000231043",0.0568,7.4217,0.8869,0.9539
"ENSG00000231064",-0.3354,7.3653,0.4386,0.6804
"ENSG00000231074",-0.2564,9.1103,0.05855,0.1808
"ENSG00000231084",0.2041,7.192,0.716,0.8715
"ENSG00000231106",0.2501,8.7672,0.1064,0.2779
"ENSG00000231113",0.2623,7.3459,0.5328,0.7523
"ENSG00000231125",0.1083,7.0602,0.8921,0.9552
"ENSG00000231154",-0.0618,7.0947,0.93,0.9717
"ENSG00000231160",-0.7658,7.3706,0.09526,0.256
"ENSG00000231167",0.0899,8.3175,0.6213,0.8149
"ENSG00000231177",-0.1508,7.0161,0.8775,0.949
"ENSG00000231185",-0.0846,7.0349,0.9207,0.967
"ENSG00000231187",-0.0963,7.4131,0.8024,0.9153
"ENSG00000231205",-0.13,7.8909,0.587,0.7912
"ENSG00000231209",0.1137,7.0568,0.8859,0.9533
"ENSG00000231234",0.1816,7.8022,0.5035,0.7311
"ENSG00000231242",-0.6645,7.7612,0.01412,0.06027
"ENSG00000231244",-0.175,7.2248,0.7295,0.8786
"ENSG00000231245",1.3049,7.0881,0.1213,0.3049
"ENSG00000231246",3.4771,7.0277,0.0005256,0.003823
"ENSG00000231249",-0.7053,7.1041,0.3074,0.5563
"ENSG00000231258",0.1853,7.5576,0.5656,0.7766
"ENSG00000231259",0.1523,9.0691,0.2187,0.4511
"ENSG00000231290",-1.6617,7.1343,0.01171,0.05206
"ENSG00000231305",-0.467,7.2317,0.3802,0.6268
"ENSG00000231312",0.523,8.9055,9.301e-05,0.0008274
"ENSG00000231313",0.2359,7.2365,0.6761,0.8478
"ENSG00000231341",0.4249,7.8029,0.114,0.2922
"ENSG00000231345",-0.757,7.3717,0.07258,0.2111
"ENSG00000231346",-0.7305,7.0981,0.2922,0.5406
"ENSG00000231351",-0.0679,7.3036,0.8783,0.9492
"ENSG00000231360",-0.5409,7.3475,0.1957,0.4218
"ENSG00000231365",0.0506,8.3357,0.7782,0.9043
"ENSG00000231367",-1.0226,7.0624,0.217,0.4492
"ENSG00000231369",0.3974,7.2442,0.4458,0.6857
"ENSG00000231389",-0.013,7.5274,0.9698,0.9884
"ENSG00000231407",0.2312,7.3464,0.5941,0.7961
"ENSG00000231409",-0.0341,8.5188,0.8459,0.9362
"ENSG00000231414",-0.0521,8.3589,0.7797,0.9047
"ENSG00000231434",-0.1106,7.4689,0.7549,0.8924
"ENSG00000231437",1.0792,7.0429,0.2257,0.4603
"ENSG00000231443",-0.3052,7.2954,0.5247,0.7457
"ENSG00000231445",-1.0122,7.1241,0.1554,0.3635
"ENSG00000231464",-0.1651,7.2483,0.7495,0.8901
"ENSG00000231466",-1.4709,7.0402,0.08507,0.2365
"ENSG00000231500",-0.0255,14.3233,0.7806,0.9053
"ENSG00000231503",0.1585,7.3765,0.7077,0.8667
"ENSG00000231528",-0.1279,7.5489,0.6929,0.8585
"ENSG00000231535",0.6335,7.0497,0.4125,0.6584
"ENSG00000231549",0.4845,7.047,0.5549,0.769
"ENSG00000231551",-0.6224,7.2347,0.2305,0.4664
"ENSG00000231563",-0.9316,7.032,0.2753,0.5209
"ENSG00000231574",1.1442,7.5837,0.0007756,0.005373
"ENSG00000231579",0.0869,7.9261,0.6947,0.8597
"ENSG00000231584",-0.0754,8.0976,0.7007,0.8623
"ENSG00000231595",0.0655,7.1268,0.9202,0.967
"ENSG00000231607",-0.1529,7.2161,0.7679,0.8983
"ENSG00000231609",-0.0414,7.5989,0.9022,0.9604
"ENSG00000231611",0.3372,7.1257,0.5952,0.7964
"ENSG00000231628",0.1554,7.0402,0.8509,0.9382
"ENSG00000231632",0.5685,8.5834,0.0008224,0.00565
"ENSG00000231652",0.1198,7.2037,0.8248,0.9259
"ENSG00000231663",-0.5567,7.2181,0.3369,0.5855
"ENSG00000231672",-0.8935,7.3594,0.0306,0.1105
"ENSG00000231684",0.7572,7.0649,0.4189,0.6632
"ENSG00000231686",0.0027,8.6716,0.985,0.9937
"ENSG00000231701",0.0084,7.3012,0.9851,0.9937
"ENSG00000231711",-0.1804,8.3816,0.2745,0.5202
"ENSG00000231721",0.296,8.2569,0.1365,0.3322
"ENSG00000231731",-0.2432,7.0611,0.7686,0.8986
"ENSG00000231734",-0.6854,7.3424,0.1137,0.2915
"ENSG00000231742",0.2161,7.1526,0.7264,0.8776
"ENSG00000231747",0.3029,8.1056,0.1239,0.3097
"ENSG00000231752",-0.5067,7.1485,0.4508,0.6902
"ENSG00000231760",-0.1834,6.9585,0.8642,0.9438
"ENSG00000231767",0.3175,7.7786,0.2038,0.4324
"ENSG00000231768",-0.4004,7.4292,0.289,0.5376
"ENSG00000231770",-0.7055,7.3282,0.137,0.333
"ENSG00000231784",-1.2644,7.1162,0.09632,0.2582
"ENSG00000231789",-0.3317,7.5769,0.3147,0.5635
"ENSG00000231793",0.8878,7.0351,0.2948,0.5429
"ENSG00000231822",0.1273,7.4341,0.7342,0.8816
"ENSG00000231841",-0.4115,7.2598,0.3988,0.6452
"ENSG00000231889",0.1609,7.9239,0.4718,0.7065
"ENSG00000231890",-0.2617,7.2729,0.6485,0.8316
"ENSG00000231924",-1.073,8.2416,6.955e-08,1.169e-06
"ENSG00000231925",0.0475,11.0584,0.6185,0.8129
"ENSG00000231943",-0.6877,8.6595,0.005639,0.02883
"ENSG00000231948",-0.0905,7.046,0.9098,0.9628
"ENSG00000231952",-0.174,7.8563,0.4974,0.7263
"ENSG00000231982",-0.4392,7.023,0.6159,0.8111
"ENSG00000231989",-0.3079,7.6006,0.3738,0.6202
"ENSG00000231991",0.68,11.6334,4.495e-17,2.215e-15
"ENSG00000231995",-0.7565,7.594,0.01651,0.06811
"ENSG00000231999",0.4086,7.1265,0.523,0.7445
"ENSG00000232004",0.5821,7.4209,0.1413,0.3405
"ENSG00000232018",-0.3955,7.0948,0.5904,0.7938
"ENSG00000232019",-0.6079,7.0341,0.4722,0.7065
"ENSG00000232024",-0.0057,8.8024,0.9656,0.9863
"ENSG00000232040",-0.4739,7.0831,0.5415,0.7595
"ENSG00000232046",-0.3133,7.195,0.5808,0.7874
"ENSG00000232060",-0.094,7.4463,0.8059,0.9169
"ENSG00000232063",-0.1575,7.3909,0.6874,0.855
"ENSG00000232070",-0.7017,7.1142,0.3096,0.5583
"ENSG00000232079",0.0926,6.9793,0.9282,0.9704
"ENSG00000232082",0.7524,7.1345,0.2266,0.4616
"ENSG00000232098",0.1394,8.5872,0.4014,0.6476
"ENSG00000232104",-0.8695,7.0897,0.2175,0.4497
"ENSG00000232111",-0.2053,7.2691,0.9525,0.9813
"ENSG00000232112",0.3251,8.8598,0.02881,0.1055
"ENSG00000232116",-0.4297,7.2014,0.4284,0.6715
"ENSG00000232119",-0.1534,9.0654,0.2441,0.4842
"ENSG00000232134",0.2975,7.2815,0.5694,0.7798
"ENSG00000232150",-0.3245,8.141,0.08217,0.2307
"ENSG00000232160",0.1371,7.9979,0.5023,0.7302
"ENSG00000232176",0.1229,7.1031,0.8662,0.9446
"ENSG00000232186",0.1173,7.0586,0.8829,0.9513
"ENSG00000232187",0.0962,12.8724,0.4129,0.6587
"ENSG00000232224",-0.6336,7.202,0.2578,0.502
"ENSG00000232229",-0.391,7.443,0.2895,0.5381
"ENSG00000232270",-0.0514,7.7322,0.8626,0.9429
"ENSG00000232274",-0.1007,7.2175,0.8537,0.9398
"ENSG00000232284",-0.6199,7.6801,0.03623,0.1254
"ENSG00000232300",-0.2517,7.536,0.4929,0.7236
"ENSG00000232320",0.2233,8.8331,0.1646,0.3776
"ENSG00000232341",-0.1462,7.2927,0.744,0.887
"ENSG00000232344",0.4369,7.1033,0.5457,0.7627
"ENSG00000232346",0.03,8.3226,0.8727,0.9463
"ENSG00000232352",-1.1492,7.066,0.1897,0.4136
"ENSG00000232363",-0.2707,7.0491,0.727,0.8778
"ENSG00000232368",-0.4791,7.949,0.05016,0.1611
"ENSG00000232372",-0.3735,7.249,0.4545,0.6925
"ENSG00000232385",0.0767,7.7725,0.7804,0.9052
"ENSG00000232387",0.1227,7.1503,0.844,0.9351
"ENSG00000232388",0.1159,8.8261,0.3899,0.6358
"ENSG00000232389",-0.3987,7.0547,0.6053,0.8047
"ENSG00000232415",0.602,7.0973,0.4042,0.6502
"ENSG00000232434",-0.0694,7.5212,0.8512,0.9384
"ENSG00000232439",0.2277,7.055,0.7636,0.8972
"ENSG00000232442",-0.1885,7.4402,0.6069,0.8056
"ENSG00000232450",0.8427,7.1579,0.1665,0.3801
"ENSG00000232453",-0.2641,7.3406,0.5246,0.7456
"ENSG00000232454",-0.0918,7.0402,0.9107,0.9631
"ENSG00000232457",-0.3658,6.9962,0.7163,0.8717
"ENSG00000232460",-0.027,8.1382,0.8926,0.9553
"ENSG00000232472",-0.0434,9.4171,0.727,0.8778
"ENSG00000232480",-1.998,7.0227,0.02943,0.1072
"ENSG00000232485",-0.1771,7.0396,0.8249,0.9259
"ENSG00000232499",-0.0289,7.5702,0.9263,0.9696
"ENSG00000232517",-0.5609,7.2222,0.2991,0.5479
"ENSG00000232527",-0.1637,8.9362,0.2222,0.4555
"ENSG00000232531",-0.5045,7.7269,0.05948,0.1829
"ENSG00000232533",0.251,8.5492,0.1161,0.2957
"ENSG00000232545",-0.0831,7.2737,0.8716,0.946
"ENSG00000232559",0.2225,8.1777,0.2866,0.5351
"ENSG00000232561",0.0694,12.8723,0.413,0.6588
"ENSG00000232567",0.1817,7.0481,0.8249,0.9259
"ENSG00000232573",-0.0426,10.0565,0.6539,0.835
"ENSG00000232593",-0.1256,7.1745,0.8306,0.9294
"ENSG00000232600",-0.2427,7.2517,0.6214,0.8149
"ENSG00000232611",-0.6371,7.3009,0.1681,0.3823
"ENSG00000232615",0.3834,7.2544,0.464,0.6999
"ENSG00000232630",0.1835,7.2945,0.6898,0.8566
"ENSG00000232637",-0.2208,10.7959,0.01977,0.07879
"ENSG00000232640",-0.62,7.1291,0.3311,0.5798
"ENSG00000232648",0.5389,7.0953,0.4421,0.6833
"ENSG00000232653",-0.348,8.6667,0.0161,0.06685
"ENSG00000232677",-0.2172,8.267,0.2126,0.4435
"ENSG00000232678",-0.916,7.0271,0.309,0.5579
"ENSG00000232699",-0.6158,7.661,0.04792,0.1557
"ENSG00000232702",-0.214,8.3099,0.212,0.4428
"ENSG00000232706",0.382,7.3073,0.4333,0.6756
"ENSG00000232712",0.0899,7.0883,0.9025,0.9605
"ENSG00000232713",0.2643,7.1338,0.6753,0.8474
"ENSG00000232725",-0.7738,7.2065,0.1843,0.4061
"ENSG00000232742",0.3232,8.5784,0.03774,0.1298
"ENSG00000232774",-0.3934,7.1318,0.5422,0.7597
"ENSG00000232775",0.127,7.5812,0.6819,0.8507
"ENSG00000232788",1.5741,7.0202,0.0873,0.2405
"ENSG00000232801",-0.3921,7.1777,0.5125,0.737
"ENSG00000232807",0.5595,7.9467,0.0309,0.1113
"ENSG00000232811",0.1383,7.035,0.8678,0.9449
"ENSG00000232815",-0.5123,7.2648,0.2868,0.5354
"ENSG00000232818",0.0512,7.1233,0.9364,0.9733
"ENSG00000232821",0.5038,7.1409,0.4397,0.6815
"ENSG00000232833",-0.1385,7.0789,0.848,0.9372
"ENSG00000232838",0.9293,7.0352,0.2614,0.5054
"ENSG00000232850",0.1511,7.0451,0.8471,0.9369
"ENSG00000232852",-0.7804,7.2319,0.1691,0.3842
"ENSG00000232855",0.7853,8.8814,0.0001144,0.0009955
"ENSG00000232859",-0.3343,7.9131,0.1299,0.3208
"ENSG00000232860",-0.4725,7.1028,0.5043,0.7317
"ENSG00000232871",-2.3216,7.0279,0.01889,0.07585
"ENSG00000232882",0.787,7.4542,0.04979,0.1603
"ENSG00000232888",-0.1024,7.8471,0.6681,0.8429
"ENSG00000232909",1.127,7.0705,0.1384,0.3356
"ENSG00000232926",0.4337,7.0918,0.5801,0.7871
"ENSG00000232931",-0.4022,8.3852,0.06733,0.1999
"ENSG00000232938",-0.4987,8.2689,0.00511,0.02665
"ENSG00000232940",-0.4466,7.0924,0.5218,0.7438
"ENSG00000232951",-0.572,7.0274,0.5289,0.749
"ENSG00000232952",-0.2728,7.6156,0.3922,0.638
"ENSG00000232956",0.1228,8.0033,0.6329,0.8224
"ENSG00000232973",0.0359,7.2135,0.9471,0.9778
"ENSG00000232977",-0.4084,7.4084,0.3178,0.5665
"ENSG00000232995",-0.2586,7.1395,0.6775,0.8483
"ENSG00000233003",-0.2805,7.3682,0.5114,0.7362
"ENSG00000233006",-0.1223,7.1092,0.8605,0.9425
"ENSG00000233013",-0.6906,7.7409,0.01031,0.04711
"ENSG00000233016",-0.1469,9.6362,0.2227,0.4563
"ENSG00000233024",0.2905,10.1867,0.008826,0.04155
"ENSG00000233030",-1.51,7.0797,0.05283,0.1674
"ENSG00000233045",0.0025,9.3332,0.9823,0.9923
"ENSG00000233057",0.3571,8.6008,0.1015,0.2681
"ENSG00000233058",0.0182,7.2281,0.9725,0.9891
"ENSG00000233084",-0.4773,8.2751,0.007079,0.03481
"ENSG00000233087",0.1448,8.0503,0.4949,0.7247
"ENSG00000233094",-0.3176,7.0863,0.6625,0.8407
"ENSG00000233098",-0.2491,7.0304,0.7769,0.9033
"ENSG00000233101",0.0962,7.7929,0.6972,0.8611
"ENSG00000233111",0.2926,7.1486,0.6329,0.8224
"ENSG00000233117",3.3893,7.7517,2.443e-27,2.977e-25
"ENSG00000233122",-0.0962,7.2197,0.8589,0.9421
"ENSG00000233133",0.2432,7.1371,0.6905,0.8569
"ENSG00000233137",-0.0563,10.308,0.5336,0.7527
"ENSG00000233170",0.1894,7.1525,0.749,0.8896
"ENSG00000233178",-0.4264,7.477,0.2369,0.4748
"ENSG00000233184",-0.574,7.9281,0.01086,0.04912
"ENSG00000233198",0.1355,7.0946,0.8459,0.9362
"ENSG00000233205",-0.1569,7.4972,0.6457,0.83
"ENSG00000233223",-0.1495,7.7734,0.5672,0.7781
"ENSG00000233225",0.4124,7.5622,0.215,0.4467
"ENSG00000233229",-0.673,7.0515,0.3945,0.6402
"ENSG00000233230",-0.411,7.4634,0.274,0.5197
"ENSG00000233231",-0.2673,7.1761,0.6394,0.8263
"ENSG00000233232",-0.6558,7.2892,0.2,0.4277
"ENSG00000233237",0.6264,7.4014,0.1245,0.3107
"ENSG00000233247",-0.3402,8.6445,0.02689,0.1002
"ENSG00000233251",-0.7863,7.278,0.1204,0.3029
"ENSG00000233254",-0.0306,8.3703,0.8795,0.9497
"ENSG00000233266",-0.85,7.084,0.2577,0.5019
"ENSG00000233270",0.0276,7.6201,0.9248,0.9687
"ENSG00000233276",0.3586,11.9644,0.0001166,0.001013
"ENSG00000233280",-0.6521,9.5006,1.961e-06,2.526e-05
"ENSG00000233295",-0.2081,7.0204,0.8248,0.9259
"ENSG00000233297",-0.0935,8.3014,0.5823,0.7886
"ENSG00000233320",-1.2996,7.1559,0.04172,0.1401
"ENSG00000233325",0.0624,7.2317,0.9044,0.9612
"ENSG00000233327",-0.2525,7.2357,0.6389,0.8258
"ENSG00000233328",0.2201,7.7021,0.4389,0.6808
"ENSG00000233330",0.4649,7.1895,0.3979,0.644
"ENSG00000233337",0.0046,7.1725,0.9936,0.9977
"ENSG00000233347",-0.951,7.0859,0.1997,0.4273
"ENSG00000233368",-0.2007,7.1182,0.7731,0.9013
"ENSG00000233369",0.0781,12.9015,0.3663,0.6134
"ENSG00000233380",0.1037,7.2419,0.8477,0.9372
"ENSG00000233381",-0.0127,8.0822,0.9615,0.9851
"ENSG00000233382",-0.1282,7.2172,0.8074,0.9177
"ENSG00000233396",0.5189,7.981,0.02348,0.09022
"ENSG00000233406",0.2591,7.3426,0.5781,0.7857
"ENSG00000233416",-0.0556,7.1036,0.9337,0.9726
"ENSG00000233426",-0.0016,10.2033,0.9885,0.9952
"ENSG00000233429",0.3843,8.3908,0.04871,0.1576
"ENSG00000233452",0.1006,7.3323,0.8205,0.9238
"ENSG00000233461",-0.311,7.4535,0.3805,0.6272
"ENSG00000233476",-0.1998,15.9539,0.027,0.1006
"ENSG00000233503",0.0684,7.315,0.8785,0.9492
"ENSG00000233514",-0.7507,7.0407,0.36,0.607
"ENSG00000233527",-0.0057,7.5564,0.9858,0.994
"ENSG00000233554",-0.0933,7.3683,0.8188,0.9231
"ENSG00000233555",-0.4804,7.2079,0.3632,0.6103
"ENSG00000233559",-0.0662,7.0455,0.9349,0.9728
"ENSG00000233585",-0.1274,7.5857,0.6773,0.8482
"ENSG00000233588",-0.1741,7.5487,0.5832,0.7891
"ENSG00000233593",0.3281,7.0604,0.6653,0.8419
"ENSG00000233602",-0.4627,7.02,0.6354,0.8241
"ENSG00000233608",0.7067,11.1058,2.836e-08,5.118e-07
"ENSG00000233614",0.1053,7.137,0.8712,0.9458
"ENSG00000233621",-0.0216,7.5995,0.9421,0.9758
"ENSG00000233622",0.043,7.4347,0.9043,0.9612
"ENSG00000233627",-1.0888,7.1551,0.08143,0.229
"ENSG00000233630",-1.136,7.1613,0.05546,0.1732
"ENSG00000233631",-0.1147,8.0117,0.5986,0.7987
"ENSG00000233653",-0.1338,7.3296,0.7641,0.8973
"ENSG00000233673",-0.0161,7.6324,0.9567,0.9835
"ENSG00000233695",-0.5762,7.1682,0.357,0.6042
"ENSG00000233747",0.3271,7.368,0.4531,0.6916
"ENSG00000233750",-0.0559,7.3998,0.8888,0.9544
"ENSG00000233757",-0.4798,7.2083,0.3752,0.6217
"ENSG00000233762",-0.0623,9.531,0.5751,0.7836
"ENSG00000233771",-0.0538,7.5066,0.8791,0.9494
"ENSG00000233778",-0.114,7.1041,0.8699,0.945
"ENSG00000233786",0.1671,7.3429,0.7046,0.8645
"ENSG00000233806",0.7641,7.0584,0.3192,0.5678
"ENSG00000233812",0.2056,7.043,0.8014,0.915
"ENSG00000233817",-0.4479,7.0207,0.6382,0.8257
"ENSG00000233822",0.0133,7.237,0.9792,0.9914
"ENSG00000233830",0.068,9.1309,0.5867,0.7912
"ENSG00000233837",-0.2661,7.9468,0.265,0.5095
"ENSG00000233846",-0.009,7.5754,0.9767,0.9904
"ENSG00000233859",0.4804,8.3446,0.007877,0.03798
"ENSG00000233864",-0.0145,7.9217,0.9502,0.9797
"ENSG00000233868",0.3293,7.7243,0.2281,0.4637
"ENSG00000233870",-0.4802,7.4342,0.2515,0.4941
"ENSG00000233871",1.04,7.0359,0.2229,0.4564
"ENSG00000233885",-0.7203,7.097,0.3198,0.5683
"ENSG00000233895",-0.2636,7.4312,0.4703,0.705
"ENSG00000233901",-0.9615,8.0789,4.936e-06,5.922e-05
"ENSG00000233903",0.5828,7.0405,0.4775,0.7116
"ENSG00000233913",-0.0165,10.8082,0.858,0.9415
"ENSG00000233927",-0.0569,11.9058,0.6033,0.8032
"ENSG00000233937",0.5607,7.3232,0.2009,0.4286
"ENSG00000233954",-0.0892,8.0679,0.6648,0.8416
"ENSG00000233961",0.1412,8.2095,0.4455,0.6854
"ENSG00000233966",0.2218,8.007,0.3056,0.5547
"ENSG00000233967",0.0142,7.0821,0.9841,0.9933
"ENSG00000233991",-0.4868,7.4484,0.2202,0.4532
"ENSG00000233994",0.0476,7.7043,0.8625,0.9429
"ENSG00000233995",0.5915,7.0644,0.4576,0.6952
"ENSG00000234004",0.5474,7.888,0.03526,0.1232
"ENSG00000234009",-0.0171,9.5559,0.8969,0.958
"ENSG00000234028",-1.0291,7.3804,0.0145,0.06146
"ENSG00000234038",-0.6555,7.0376,0.4353,0.6776
"ENSG00000234042",-0.1173,7.2042,0.8425,0.9346
"ENSG00000234062",-0.4893,7.057,0.5259,0.7467
"ENSG00000234072",-0.2435,7.6766,0.3682,0.615
"ENSG00000234084",-0.5933,7.152,0.3367,0.5853
"ENSG00000234093",-0.4914,7.0399,0.5479,0.7644
"ENSG00000234106",-0.1978,7.5216,0.5696,0.7799
"ENSG00000234118",0.8875,7.0625,0.2378,0.476
"ENSG00000234127",0.0227,10.1096,0.8212,0.9243
"ENSG00000234130",-0.0096,7.4104,0.9795,0.9915
"ENSG00000234145",1.0677,7.1894,0.07199,0.2098
"ENSG00000234160",0.1225,7.4414,0.7756,0.9027
"ENSG00000234171",0.0318,7.789,0.897,0.958
"ENSG00000234175",0.3038,7.1434,0.6196,0.8136
"ENSG00000234176",-0.5296,7.1847,0.3446,0.5926
"ENSG00000234225",0.3526,7.4289,0.3678,0.6147
"ENSG00000234231",0.2658,9.1823,0.02193,0.08545
"ENSG00000234241",0.0845,7.851,0.728,0.878
"ENSG00000234268",0.1178,7.9425,0.5972,0.7975
"ENSG00000234284",-0.2736,7.8094,0.2549,0.498
"ENSG00000234287",0.0314,9.923,0.7556,0.8929
"ENSG00000234289",0.0252,7.8397,0.9172,0.9658
"ENSG00000234290",-0.4623,7.5644,0.1946,0.42
"ENSG00000234295",-0.1411,7.8299,0.5677,0.7786
"ENSG00000234297",-0.7979,7.3681,0.05173,0.1645
"ENSG00000234322",-0.322,7.89,0.1637,0.376
"ENSG00000234327",0.3777,7.2632,0.4347,0.6768
"ENSG00000234329",0.2137,7.0588,0.7856,0.9075
"ENSG00000234336",0.0316,7.2828,0.9473,0.9779
"ENSG00000234337",0.809,7.1194,0.2626,0.5073
"ENSG00000234338",-0.2917,7.1885,0.6024,0.8024
"ENSG00000234350",-0.795,7.0077,0.3811,0.6279
"ENSG00000234354",-0.1264,9.1211,0.3415,0.59
"ENSG00000234362",1.0255,7.2965,0.04071,0.1376
"ENSG00000234367",-0.024,7.2597,0.9617,0.9851
"ENSG00000234369",-0.0669,7.1157,0.9185,0.9663
"ENSG00000234380",0.2777,7.3522,0.512,0.7366
"ENSG00000234383",-0.1614,7.1478,0.8021,0.9153
"ENSG00000234390",-0.1306,7.3345,0.7623,0.8969
"ENSG00000234409",0.8807,7.1695,0.1565,0.3651
"ENSG00000234419",-0.323,7.4853,0.3864,0.6323
"ENSG00000234420",-0.1781,9.8033,0.08816,0.2422
"ENSG00000234432",-0.2237,7.2681,0.6513,0.833
"ENSG00000234444",-0.1992,8.425,0.2536,0.4963
"ENSG00000234449",-0.4931,7.8315,0.06943,0.2044
"ENSG00000234456",0.2129,10.7635,0.02014,0.07999
"ENSG00000234459",0.7461,7.1561,0.2577,0.5019
"ENSG00000234465",-0.0561,7.8723,0.8243,0.9257
"ENSG00000234494",-0.3739,7.5678,0.2487,0.4903
"ENSG00000234498",0.0635,8.974,0.6422,0.8281
"ENSG00000234500",-0.4596,7.2511,0.3557,0.6029
"ENSG00000234513",-0.5766,7.2306,0.2998,0.5487
"ENSG00000234518",-0.0974,7.7556,0.6955,0.8602
"ENSG00000234537",-0.8637,7.2558,0.09042,0.2467
"ENSG00000234545",-0.1894,9.3014,0.1014,0.2679
"ENSG00000234546",-0.4464,7.7433,0.09132,0.2482
"ENSG00000234558",-0.1436,7.6487,0.6276,0.8186
"ENSG00000234571",-0.7396,7.021,0.4047,0.6504
"ENSG00000234585",0.0431,7.8917,0.8489,0.9375
"ENSG00000234589",0.1003,7.4357,0.791,0.9101
"ENSG00000234608",-0.0767,7.739,0.7677,0.8983
"ENSG00000234614",-0.2304,7.3296,0.6072,0.8058
"ENSG00000234616",-0.2802,9.3988,0.04085,0.1379
"ENSG00000234617",1.0091,7.0732,0.1999,0.4275
"ENSG00000234618",0.0685,10.2006,0.5178,0.7413
"ENSG00000234630",-0.6781,7.0583,0.4183,0.6627
"ENSG00000234643",-0.1544,7.3061,0.7282,0.8781
"ENSG00000234648",-0.0128,10.6485,0.8923,0.9553
"ENSG00000234664",-0.3952,7.4225,0.307,0.5559
"ENSG00000234684",-0.5496,7.8354,0.02543,0.09609
"ENSG00000234699",-0.0428,7.0315,0.9595,0.9842
"ENSG00000234702",0.4445,7.2687,0.3584,0.6054
"ENSG00000234709",-0.2016,7.0501,0.8023,0.9153
"ENSG00000234719",0.1775,8.299,0.3621,0.6091
"ENSG00000234741",-0.0702,12.1971,0.5178,0.7413
"ENSG00000234742",-0.1214,7.391,0.7571,0.8938
"ENSG00000234743",0.2843,7.7789,0.2793,0.5264
"ENSG00000234745",-0.2588,12.1224,0.003661,0.02004
"ENSG00000234764",0.1896,7.6533,0.5073,0.7336
"ENSG00000234769",-0.1375,9.8857,0.1832,0.4043
"ENSG00000234771",0.3837,7.7123,0.1782,0.3977
"ENSG00000234779",-0.3161,7.237,0.533,0.7525
"ENSG00000234782",0.0652,7.8104,0.7905,0.9099
"ENSG00000234797",0.0295,12.6232,0.7169,0.872
"ENSG00000234801",0.1447,7.2688,0.7716,0.9005
"ENSG00000234807",-0.6038,7.0322,0.476,0.7101
"ENSG00000234810",0.0215,7.3753,0.9582,0.9842
"ENSG00000234814",-0.3839,8.3565,0.01846,0.07455
"ENSG00000234817",-0.7674,7.0816,0.2831,0.5306
"ENSG00000234825",-0.2468,8.175,0.1869,0.4095
"ENSG00000234840",0.0153,7.7081,0.9588,0.9842
"ENSG00000234851",-0.0976,7.1406,0.8801,0.9499
"ENSG00000234882",-0.6662,7.305,0.1898,0.4137
"ENSG00000234883",-0.7929,7.3124,0.09002,0.2459
"ENSG00000234899",-1.3423,7.0218,0.1557,0.364
"ENSG00000234912",0.1596,7.6242,0.5964,0.797
"ENSG00000234964",0.3512,7.3995,0.368,0.6148
"ENSG00000234972",-0.1066,8.8137,0.5064,0.7331
"ENSG00000234975",0.0849,11.2488,0.4564,0.6939
"ENSG00000234978",-0.5528,7.41,0.1453,0.3473
"ENSG00000234998",-0.1837,7.121,0.781,0.9054
"ENSG00000235001",0.0395,8.1273,0.8372,0.9326
"ENSG00000235016",-0.2821,7.1317,0.6502,0.8324
"ENSG00000235027",-0.4815,7.0772,0.5078,0.7339
"ENSG00000235033",0.8781,7.3353,0.04074,0.1376
"ENSG00000235036",-0.4087,7.3417,0.3436,0.592
"ENSG00000235043",-0.055,7.7806,0.8382,0.9326
"ENSG00000235065",0.7266,7.4621,0.06993,0.2055
"ENSG00000235082",-0.1149,7.7289,0.6653,0.8419
"ENSG00000235084",0.0577,7.779,0.8213,0.9243
"ENSG00000235092",-0.2511,7.4981,0.4516,0.6905
"ENSG00000235098",0.2168,7.4525,0.5834,0.7893
"ENSG00000235105",0.8313,8.272,1.037e-05,0.0001159
"ENSG00000235106",-0.2079,9.7948,0.06474,0.1943
"ENSG00000235109",-1.7222,7.819,4.698e-09,9.476e-08
"ENSG00000235162",-0.1165,11.1348,0.2546,0.4975
"ENSG00000235169",-0.7136,7.3141,0.1112,0.2872
"ENSG00000235173",0.0138,8.7574,0.9316,0.9724
"ENSG00000235174",0.0727,12.4413,0.3855,0.6314
"ENSG00000235180",-1.1598,7.2447,0.02387,0.0914
"ENSG00000235194",-0.2777,8.2652,0.1112,0.2872
"ENSG00000235209",-1.0259,7.0707,0.1669,0.3807
"ENSG00000235217",-0.6398,8.1795,0.0004458,0.00329
"ENSG00000235231",0.2651,7.0215,0.7509,0.8907
"ENSG00000235238",-0.2659,9.1627,0.05218,0.1655
"ENSG00000235245",-0.1712,7.2649,0.7235,0.8754
"ENSG00000235254",0.2227,8.147,0.2649,0.5095
"ENSG00000235257",-0.8956,7.4365,0.02311,0.08905
"ENSG00000235272",0.1454,8.1194,0.4433,0.6843
"ENSG00000235297",-0.2612,6.991,0.7976,0.9129
"ENSG00000235313",-0.1029,7.0441,0.9003,0.9593
"ENSG00000235314",1.1457,7.3152,0.009715,0.04491
"ENSG00000235316",-0.1921,7.5438,0.5451,0.7621
"ENSG00000235326",-0.2355,7.0578,0.7626,0.897
"ENSG00000235363",0.1571,7.5514,0.6118,0.809
"ENSG00000235370",-0.2209,7.3897,0.5939,0.7961
"ENSG00000235373",-0.5103,7.7872,0.03774,0.1298
"ENSG00000235374",0.3937,7.3726,0.3708,0.6175
"ENSG00000235376",-0.2961,7.2533,0.5408,0.759
"ENSG00000235381",-0.1651,7.221,0.7527,0.8915
"ENSG00000235385",-0.4506,7.3198,0.3839,0.6302
"ENSG00000235386",-0.6465,7.7305,0.01269,0.05539
"ENSG00000235387",0.646,7.0557,0.4265,0.6699
"ENSG00000235398",0.1457,8.3422,0.4674,0.7026
"ENSG00000235411",0.3931,7.1298,0.5332,0.7526
"ENSG00000235421",0.0799,7.0851,0.9157,0.9654
"ENSG00000235423",-0.6635,7.6614,0.02812,0.1036
"ENSG00000235428",0.3547,8.0526,0.09216,0.2497
"ENSG00000235436",0.5074,7.0401,0.5304,0.7504
"ENSG00000235437",0.1334,9.0351,0.2808,0.5281
"ENSG00000235438",-0.2522,7.189,0.6508,0.8328
"ENSG00000235449",0.0081,7.063,0.9914,0.9964
"ENSG00000235453",-0.334,7.162,0.5924,0.7952
"ENSG00000235454",0.2739,7.5768,0.3667,0.6138
"ENSG00000235459",-0.2405,7.9796,0.2525,0.4953
"ENSG00000235472",0.3338,7.0295,0.7034,0.8637
"ENSG00000235475",-0.4681,7.0998,0.5139,0.738
"ENSG00000235477",-0.1271,8.0675,0.5634,0.7751
"ENSG00000235486",0.2376,7.2889,0.617,0.8117
"ENSG00000235489",-0.5412,7.0635,0.4831,0.7155
"ENSG00000235499",0.2817,7.0672,0.7087,0.8672
"ENSG00000235501",0.5811,8.1587,0.001836,0.0112
"ENSG00000235505",-0.677,7.4741,0.0902,0.2462
"ENSG00000235508",-0.0515,8.713,0.7685,0.8986
"ENSG00000235513",-2.1587,7.4188,2.848e-07,4.298e-06
"ENSG00000235530",0.0464,7.0351,0.9557,0.9829
"ENSG00000235531",-0.1192,9.2959,0.3625,0.6094
"ENSG00000235545",-0.0031,7.0945,0.9965,0.9985
"ENSG00000235552",-0.0887,11.9921,0.2792,0.5264
"ENSG00000235554",-0.0752,7.7397,0.7713,0.9003
"ENSG00000235555",-0.5053,7.1515,0.4067,0.6525
"ENSG00000235559",0.6115,7.0329,0.4692,0.7041
"ENSG00000235560",-0.2567,7.0783,0.729,0.8782
"ENSG00000235563",-1.3845,7.1254,0.06921,0.2039
"ENSG00000235565",-0.1491,7.2307,0.779,0.9045
"ENSG00000235587",-0.0528,7.3371,0.902,0.9603
"ENSG00000235590",0.0334,7.0638,0.9657,0.9863
"ENSG00000235609",-0.1861,8.4006,0.253,0.4956
"ENSG00000235618",0.012,7.8031,0.962,0.9851
"ENSG00000235636",0.3891,8.2459,0.06162,0.1877
"ENSG00000235649",-1.114,8.237,2.192e-08,4.021e-07
"ENSG00000235652",-0.4895,8.1183,0.02196,0.08552
"ENSG00000235655",-0.1841,11.5647,0.0228,0.08813
"ENSG00000235677",0.3045,7.073,0.7155,0.8713
"ENSG00000235681",-0.4374,7.0641,0.5749,0.7836
"ENSG00000235683",0.426,7.2945,0.3583,0.6053
"ENSG00000235703",-0.204,8.1011,0.3496,0.5972
"ENSG00000235706",-0.0917,7.5275,0.7742,0.9021
"ENSG00000235720",-0.2826,7.96,0.2143,0.4459
"ENSG00000235734",-0.5182,8.3859,0.003106,0.01744
"ENSG00000235750",2.3537,7.6977,1.706e-09,3.669e-08
"ENSG00000235770",-0.0825,7.5786,0.8115,0.9198
"ENSG00000235776",0.0417,7.9412,0.8485,0.9374
"ENSG00000235790",-0.4972,7.1445,0.4815,0.7143
"ENSG00000235821",-0.2424,7.0769,0.767,0.8978
"ENSG00000235823",-0.7188,7.624,0.01403,0.05997
"ENSG00000235847",0.8357,7.3194,0.1201,0.3024
"ENSG00000235859",0.0545,7.4555,0.8772,0.9488
"ENSG00000235863",0.5519,8.4807,0.0007206,0.005036
"ENSG00000235865",-0.7882,7.8287,0.009227,0.04311
"ENSG00000235878",-0.2627,7.6119,0.4369,0.6789
"ENSG00000235884",-0.3239,7.4437,0.3845,0.6308
"ENSG00000235890",-0.1419,7.1834,0.8166,0.9223
"ENSG00000235904",0.0715,7.3517,0.8671,0.9446
"ENSG00000235912",0.3022,7.4107,0.4192,0.6635
"ENSG00000235919",-0.2768,7.1879,0.6137,0.8101
"ENSG00000235927",1.1861,7.5107,0.0003766,0.002846
"ENSG00000235944",-0.4963,7.6756,0.06881,0.2031
"ENSG00000235946",-1.2042,7.1751,0.05094,0.1627
"ENSG00000235954",-0.2009,8.1439,0.3106,0.5593
"ENSG00000235957",-0.1953,7.5426,0.5626,0.7748
"ENSG00000235959",-1.9351,7.0605,0.01765,0.07186
"ENSG00000235961",-0.5053,7.8584,0.04963,0.1599
"ENSG00000235997",0.8862,8.9424,0.02141,0.08381
"ENSG00000235999",-0.1263,7.9396,0.5854,0.7906
"ENSG00000236002",0.1116,7.0553,0.89,0.9546
"ENSG00000236013",1.4685,7.1388,0.01881,0.07558
"ENSG00000236015",-0.2147,7.1693,0.7219,0.8748
"ENSG00000236017",-0.1805,7.489,0.607,0.8056
"ENSG00000236029",0.9357,7.5674,0.004536,0.02407
"ENSG00000236058",-0.0225,8.3753,0.9039,0.9612
"ENSG00000236060",0.5818,9.0847,8.602e-06,9.774e-05
"ENSG00000236083",0.0812,7.3198,0.8492,0.9375
"ENSG00000236088",0.1854,8.0098,0.4178,0.6622
"ENSG00000236090",0.7143,7.444,0.1154,0.2946
"ENSG00000236104",-0.6367,9.1726,8.631e-08,1.42e-06
"ENSG00000236138",0.2742,7.1257,0.6765,0.8478
"ENSG00000236144",0.4456,8.07,0.02616,0.09817
"ENSG00000236199",0.5136,7.25,0.3009,0.5498
"ENSG00000236204",-0.3089,7.3876,0.4307,0.6734
"ENSG00000236233",-0.737,7.1096,0.2661,0.5106
"ENSG00000236234",-0.7933,7.0528,0.3343,0.5835
"ENSG00000236255",-0.9927,7.5445,0.004754,0.02503
"ENSG00000236257",-0.6436,7.242,0.2497,0.4916
"ENSG00000236264",0.4149,7.7258,0.1104,0.2857
"ENSG00000236287",-0.237,10.1114,0.01148,0.0513
"ENSG00000236296",0.5941,7.2109,0.2918,0.5402
"ENSG00000236304",-0.3592,7.4228,0.3364,0.5852
"ENSG00000236312",-0.0529,7.0626,0.9444,0.9765
"ENSG00000236330",-0.1557,7.0392,0.8534,0.9397
"ENSG00000236333",-0.2503,8.8523,0.08955,0.2449
"ENSG00000236334",0.0016,7.0444,0.9984,0.9992
"ENSG00000236349",-0.1655,7.8902,0.4576,0.6952
"ENSG00000236360",0.1744,7.4008,0.6453,0.8297
"ENSG00000236364",0.0806,7.1197,0.9008,0.9595
"ENSG00000236383",-0.6944,7.1703,0.2279,0.4633
"ENSG00000236397",-0.1002,7.7714,0.7098,0.8676
"ENSG00000236404",-0.6894,7.4543,0.07366,0.2132
"ENSG00000236423",-0.0655,7.1669,0.9105,0.9631
"ENSG00000236431",-0.6806,7.1678,0.2758,0.5216
"ENSG00000236432",0.0447,7.5591,0.8896,0.9545
"ENSG00000236438",-0.7967,7.8694,0.001068,0.007076
"ENSG00000236439",-0.1854,10.281,0.1424,0.3422
"ENSG00000236456",0.2932,7.1116,0.6695,0.8439
"ENSG00000236493",-0.326,7.2361,0.5349,0.7539
"ENSG00000236496",-0.1838,7.1558,0.7614,0.8962
"ENSG00000236526",0.5925,7.0856,0.4099,0.6561
"ENSG00000236532",0.4931,7.068,0.5108,0.7357
"ENSG00000236534",-0.2051,8.8194,0.1861,0.4083
"ENSG00000236537",-0.3759,7.2559,0.4674,0.7026
"ENSG00000236539",0.7936,7.2434,0.1764,0.3949
"ENSG00000236540",0.507,7.6257,0.08469,0.2358
"ENSG00000236548",0.8243,7.5809,0.01006,0.04617
"ENSG00000236552",-0.016,11.6621,0.8652,0.9444
"ENSG00000236562",-0.0269,7.122,0.9678,0.9872
"ENSG00000236565",0.0254,7.7009,0.9257,0.9692
"ENSG00000236570",0.419,7.2047,0.4423,0.6835
"ENSG00000236575",0.1281,8.1474,0.5093,0.7347
"ENSG00000236603",0.0054,8.3804,0.9758,0.99
"ENSG00000236609",-0.4353,8.4466,0.01074,0.04865
"ENSG00000236618",-0.0404,7.0841,0.9585,0.9842
"ENSG00000236624",-0.392,7.461,0.258,0.5022
"ENSG00000236671",-0.7207,7.1364,0.256,0.4997
"ENSG00000236675",8e-04,9.6596,0.9939,0.9977
"ENSG00000236679",-0.6536,7.531,0.05198,0.1651
"ENSG00000236682",-0.49,7.5174,0.1385,0.3357
"ENSG00000236683",-0.7334,7.0976,0.2831,0.5306
"ENSG00000236686",0.9448,7.3863,0.01688,0.06932
"ENSG00000236698",0.2723,8.797,0.04216,0.1413
"ENSG00000236735",0.4815,7.1014,0.5417,0.7596
"ENSG00000236739",0.6394,8.7753,6.785e-05,0.0006252
"ENSG00000236753",0.1651,7.6139,0.5808,0.7874
"ENSG00000236761",0.3706,7.5292,0.3025,0.5516
"ENSG00000236773",0.2457,7.3946,0.5384,0.7567
"ENSG00000236778",-0.5687,7.3988,0.1584,0.3677
"ENSG00000236792",0.7138,7.2436,0.1706,0.3866
"ENSG00000236801",0.301,7.6252,0.29,0.5383
"ENSG00000236809",0.1441,7.2592,0.7821,0.9061
"ENSG00000236810",-0.5889,7.1089,0.3972,0.6431
"ENSG00000236814",0.0864,7.8447,0.7109,0.8684
"ENSG00000236824",-0.5493,7.8348,0.07142,0.2087
"ENSG00000236829",-0.4609,7.1248,0.4837,0.716
"ENSG00000236830",-0.1327,7.234,0.7957,0.9124
"ENSG00000236841",-0.2084,7.2338,0.7002,0.8621
"ENSG00000236859",-0.2429,7.7772,0.3324,0.5814
"ENSG00000236861",-0.7588,7.0966,0.2855,0.5339
"ENSG00000236871",-0.6602,7.4964,0.08281,0.2319
"ENSG00000236875",-0.3585,7.2575,0.5125,0.737
"ENSG00000236876",-0.234,8.7971,0.1278,0.3166
"ENSG00000236882",1.368,7.1614,0.03683,0.1272
"ENSG00000236901",-0.0398,7.3145,0.9407,0.9752
"ENSG00000236914",-0.7767,7.2239,0.153,0.3596
"ENSG00000236933",-0.3067,8.6513,0.05373,0.1693
"ENSG00000236943",0.1492,8.03,0.5048,0.7319
"ENSG00000236953",0.5806,6.9952,0.582,0.7884
"ENSG00000236992",0.1707,7.307,0.7231,0.8754
"ENSG00000237015",-0.1363,7.0481,0.8617,0.9428
"ENSG00000237017",-0.1746,7.0377,0.8294,0.9284
"ENSG00000237036",0.3513,8.0954,0.06745,0.2001
"ENSG00000237037",-0.6099,8.7217,3.643e-05,0.0003568
"ENSG00000237039",-0.1877,9.1222,0.1978,0.425
"ENSG00000237075",-0.9079,7.057,0.2523,0.4952
"ENSG00000237094",-0.247,8.9162,0.05352,0.1688
"ENSG00000237118",-0.3935,7.3315,0.3639,0.611
"ENSG00000237126",1.0805,7.2962,0.02236,0.08682
"ENSG00000237135",0.2249,7.0287,0.7916,0.9105
"ENSG00000237149",-0.8855,7.7664,0.001496,0.009387
"ENSG00000237161",-0.5177,7.0337,0.5595,0.7725
"ENSG00000237172",-0.5556,9.7411,3.34e-06,4.128e-05
"ENSG00000237187",-0.458,9.4912,0.0003841,0.002895
"ENSG00000237188",0.0362,7.5116,0.9129,0.9639
"ENSG00000237190",0.3427,8.6459,0.01917,0.07673
"ENSG00000237214",-0.0129,9.0242,0.9247,0.9687
"ENSG00000237234",-0.8765,7.5961,0.005226,0.02713
"ENSG00000237238",-0.1571,7.7135,0.5865,0.7911
"ENSG00000237248",-0.9702,7.008,0.2931,0.5416
"ENSG00000237264",0.205,9.2039,0.1218,0.3057
"ENSG00000237276",0.9697,7.2449,0.06231,0.1892
"ENSG00000237296",0.0438,8.755,0.7558,0.893
"ENSG00000237298",-0.1003,7.5109,0.7597,0.8952
"ENSG00000237310",-0.5298,7.2993,0.2335,0.4698
"ENSG00000237350",-0.0569,8.8865,0.6677,0.8426
"ENSG00000237356",-0.2117,7.3102,0.6544,0.8352
"ENSG00000237357",-0.1851,7.1948,0.7524,0.8914
"ENSG00000237399",0.1688,7.2598,0.7369,0.883
"ENSG00000237415",-0.2874,7.454,0.4489,0.6885
"ENSG00000237419",-0.336,7.039,0.685,0.8532
"ENSG00000237424",0.3332,7.5367,0.2932,0.5417
"ENSG00000237438",0.0024,7.3577,0.9954,0.9981
"ENSG00000237440",-0.5651,7.894,0.03079,0.111
"ENSG00000237441",0.0214,10.0446,0.8268,0.9271
"ENSG00000237476",0.7336,7.2083,0.1658,0.3793
"ENSG00000237489",-0.3907,7.4529,0.2799,0.5269
"ENSG00000237491",-0.4893,7.6054,0.1627,0.3747
"ENSG00000237493",0.115,8.1181,0.5634,0.7751
"ENSG00000237499",1.1582,7.1591,0.05163,0.1643
"ENSG00000237506",-0.0691,11.0713,0.4306,0.6734
"ENSG00000237510",0.1692,7.4243,0.6613,0.8404
"ENSG00000237512",0.1609,7.0437,0.8383,0.9326
"ENSG00000237522",-0.4215,7.1366,0.5219,0.7439
"ENSG00000237523",0.0324,8.241,0.8641,0.9438
"ENSG00000237533",-0.3672,7.5577,0.2745,0.5202
"ENSG00000237543",-0.4224,7.7468,0.2017,0.4297
"ENSG00000237550",0.0119,12.6782,0.875,0.9475
"ENSG00000237560",-1.2185,6.9978,0.2166,0.4488
"ENSG00000237595",-1.1833,7.1067,0.1073,0.2796
"ENSG00000237611",-0.1847,7.2267,0.7636,0.8972
"ENSG00000237613",-1.136,7.1613,0.05546,0.1732
"ENSG00000237624",0.4777,7.5488,0.1385,0.3357
"ENSG00000237637",0.1293,7.0203,0.8894,0.9545
"ENSG00000237649",-0.1955,7.3863,0.6201,0.8139
"ENSG00000237666",-0.1834,7.1089,0.7945,0.9119
"ENSG00000237668",1.037,7.0626,0.1835,0.4046
"ENSG00000237669",-0.5691,7.0772,0.4442,0.6845
"ENSG00000237682",-0.0876,7.2348,0.8671,0.9446
"ENSG00000237683",-0.2814,8.2381,0.185,0.4069
"ENSG00000237697",2.0245,8.1206,2.192e-24,2.103e-22
"ENSG00000237729",-0.2818,8.0236,0.2017,0.4297
"ENSG00000237748",0.8919,7.3493,0.07195,0.2097
"ENSG00000237749",-0.1217,7.5635,0.7028,0.8633
"ENSG00000237753",0.5545,7.6679,0.05371,0.1693
"ENSG00000237758",-0.2936,7.5427,0.3943,0.64
"ENSG00000237763",1.3288,7.1347,0.04401,0.1459
"ENSG00000237765",0.2499,9.0227,0.06749,0.2002
"ENSG00000237781",0.5086,7.0977,0.4745,0.7086
"ENSG00000237792",0.4807,7.2414,0.3415,0.59
"ENSG00000237804",0.355,7.3642,0.3897,0.6355
"ENSG00000237807",-0.7259,8.0794,0.0004871,0.003571
"ENSG00000237821",-0.308,8.3055,0.1217,0.3055
"ENSG00000237840",0.0726,8.078,0.7131,0.8693
"ENSG00000237842",-0.1168,7.3471,0.795,0.912
"ENSG00000237846",-0.0947,7.6171,0.7584,0.8943
"ENSG00000237854",-0.4809,7.9447,0.0334,0.118
"ENSG00000237868",0.4057,7.6363,0.1782,0.3976
"ENSG00000237883",-0.3056,7.0541,0.7056,0.8654
"ENSG00000237886",-1.5093,7.2593,0.008606,0.04071
"ENSG00000237921",-0.3769,7.0392,0.647,0.8307
"ENSG00000237928",3.12,7.0462,0.0004788,0.003517
"ENSG00000237931",0.7144,7.2858,0.1328,0.3256
"ENSG00000237938",-0.328,7.0916,0.6437,0.8294
"ENSG00000237940",0.8821,7.0727,0.2555,0.4987
"ENSG00000237945",-0.4978,7.4888,0.1626,0.3747
"ENSG00000237973",0.0658,16.0051,0.4913,0.7225
"ENSG00000237975",-0.3425,7.6543,0.2481,0.4895
"ENSG00000237984",-0.4845,8.7851,0.0004012,0.003005
"ENSG00000237991",-0.1244,7.6346,0.6592,0.8389
"ENSG00000238000",-0.6198,7.0947,0.3763,0.6226
"ENSG00000238009",-0.03,7.2571,0.9507,0.98
"ENSG00000238018",-0.2864,7.4595,0.4366,0.6786
"ENSG00000238035",-0.1891,9.2308,0.1138,0.2917
"ENSG00000238039",0.7152,7.08,0.3278,0.5764
"ENSG00000238041",0.0052,7.5087,0.9883,0.9952
"ENSG00000238045",-0.7942,7.1194,0.2472,0.4885
"ENSG00000238058",-0.5526,7.1571,0.3736,0.62
"ENSG00000238072",0.1742,8.6234,0.2456,0.4863
"ENSG00000238078",-0.1172,7.6954,0.6626,0.8407
"ENSG00000238082",-0.166,7.0615,0.8269,0.9272
"ENSG00000238083",-0.2909,9.0938,0.01546,0.06469
"ENSG00000238084",0.0218,8.054,0.9205,0.967
"ENSG00000238103",-0.02,11.8329,0.8089,0.9185
"ENSG00000238105",-0.3047,7.4997,0.3734,0.6199
"ENSG00000238113",-0.1826,7.5244,0.5891,0.793
"ENSG00000238120",-0.4548,7.8674,0.05777,0.179
"ENSG00000238123",0.0053,7.2388,0.9916,0.9965
"ENSG00000238142",0.4439,7.2459,0.3839,0.6302
"ENSG00000238165",-0.0465,7.6197,0.8882,0.9543
"ENSG00000238166",-0.0587,7.1113,0.9292,0.9711
"ENSG00000238184",-1.5784,7.0873,0.03719,0.1282
"ENSG00000238197",-0.208,7.3665,0.6355,0.8241
"ENSG00000238198",-0.4496,7.2667,0.3552,0.6027
"ENSG00000238207",-0.4112,7.061,0.5948,0.7964
"ENSG00000238227",0.0188,9.7329,0.8728,0.9464
"ENSG00000238228",-0.1217,7.1815,0.8418,0.9342
"ENSG00000238243",-0.4974,7.1795,0.3942,0.64
"ENSG00000238249",-0.1871,7.178,0.7501,0.8904
"ENSG00000238251",-0.3025,7.757,0.2369,0.4748
"ENSG00000238260",-0.1788,7.1439,0.7766,0.9032
"ENSG00000238261",0.2671,7.1817,0.6569,0.8368
"ENSG00000238271",-0.5543,7.2469,0.2698,0.515
"ENSG00000238273",-0.011,7.8005,0.9652,0.9863
"ENSG00000238278",-0.3117,7.33,0.5048,0.7319
"ENSG00000238279",-0.5903,7.26,0.2606,0.5047
"ENSG00000238975",-0.6565,7.0449,0.4268,0.67
"ENSG00000239149",1.0727,7.0741,0.2053,0.4342
"ENSG00000239213",0.3042,7.3059,0.4979,0.7266
"ENSG00000239218",-0.6131,7.2256,0.3234,0.5714
"ENSG00000239246",0.2433,8.8736,0.1196,0.3017
"ENSG00000239264",-0.2356,7.2639,0.6823,0.851
"ENSG00000239268",0.0377,8.1355,0.8589,0.9421
"ENSG00000239269",-0.1256,7.6235,0.6629,0.8408
"ENSG00000239305",0.3036,9.284,0.05389,0.1696
"ENSG00000239306",-0.1009,9.179,0.4134,0.659
"ENSG00000239332",-1.0938,7.4271,0.01459,0.06176
"ENSG00000239335",-0.9124,6.9896,0.3369,0.5855
"ENSG00000239344",0.848,7.2437,0.141,0.34
"ENSG00000239374",-0.1235,8.4683,0.4889,0.7205
"ENSG00000239382",0.0736,7.3576,0.8594,0.9423
"ENSG00000239388",0.169,7.1978,0.7598,0.8952
"ENSG00000239405",-0.6315,7.0371,0.4419,0.6833
"ENSG00000239407",-0.5886,7.4747,0.112,0.2886
"ENSG00000239415",-0.7828,7.0891,0.2702,0.5155
"ENSG00000239467",-1.024,7.432,0.009015,0.04232
"ENSG00000239470",0.0676,9.4169,0.5321,0.7518
"ENSG00000239474",-0.6947,7.3836,0.09135,0.2483
"ENSG00000239475",0.5406,7.1022,0.418,0.6624
"ENSG00000239511",0.783,7.2603,0.1904,0.4142
"ENSG00000239521",0.015,8.2569,0.9348,0.9728
"ENSG00000239523",0.129,7.129,0.8376,0.9326
"ENSG00000239528",-0.3135,7.0767,0.6744,0.847
"ENSG00000239552",-0.0676,7.6082,0.8229,0.9252
"ENSG00000239556",-0.4687,7.0663,0.5748,0.7834
"ENSG00000239557",-0.0449,7.3705,0.9138,0.9642
"ENSG00000239559",0.3096,7.3976,0.4265,0.6699
"ENSG00000239569",0.2963,7.4422,0.4078,0.6537
"ENSG00000239636",0.0763,7.0335,0.9275,0.9702
"ENSG00000239650",-0.5994,7.4928,0.08006,0.2262
"ENSG00000239653",-0.0689,7.5032,0.8433,0.9348
"ENSG00000239665",-0.0875,8.7459,0.5164,0.74
"ENSG00000239672",-0.1435,7.8639,0.5708,0.7809
"ENSG00000239677",-0.4748,7.3134,0.2887,0.5373
"ENSG00000239697",0.288,9.2118,0.01751,0.07141
"ENSG00000239704",-1.0829,7.0836,0.1832,0.4044
"ENSG00000239713",-0.4201,8.3041,0.02373,0.09099
"ENSG00000239719",0.3577,7.5487,0.2829,0.5304
"ENSG00000239763",-0.9659,7.1796,0.09213,0.2497
"ENSG00000239779",0.0571,8.3631,0.7567,0.8935
"ENSG00000239789",0.0178,7.7301,0.9473,0.9779
"ENSG00000239797",0.0972,9.3511,0.4383,0.6804
"ENSG00000239815",0.3504,7.05,0.6612,0.8404
"ENSG00000239828",1.4538,7.117,0.0588,0.1814
"ENSG00000239857",-0.2768,7.1632,0.6472,0.8309
"ENSG00000239880",0.7694,7.2274,0.1327,0.3255
"ENSG00000239883",0.0247,7.8161,0.9213,0.967
"ENSG00000239887",0.5989,7.2379,0.2734,0.5188
"ENSG00000239900",0.0967,9.7402,0.3301,0.579
"ENSG00000239903",-0.6939,7.0614,0.4498,0.689
"ENSG00000239906",-0.6766,7.0481,0.4408,0.6821
"ENSG00000240024",-0.6233,7.317,0.1572,0.366
"ENSG00000240032",-0.1906,7.0763,0.7964,0.9127
"ENSG00000240036",-0.2052,8.6303,0.1607,0.3712
"ENSG00000240038",0.429,8.0438,0.06599,0.197
"ENSG00000240050",0.0236,7.3132,0.9564,0.9834
"ENSG00000240053",0.3478,7.504,0.3379,0.5864
"ENSG00000240057",0.6779,7.125,0.2903,0.5386
"ENSG00000240065",-0.4692,8.291,0.01083,0.04901
"ENSG00000240087",-0.0741,10.4864,0.5146,0.7385
"ENSG00000240132",0.3088,7.118,0.6546,0.8354
"ENSG00000240137",-0.1194,7.1758,0.8338,0.9308
"ENSG00000240184",0.0119,11.3886,0.8878,0.9541
"ENSG00000240204",-2.0187,7.013,0.03306,0.1173
"ENSG00000240207",-0.2655,7.5896,0.4005,0.6465
"ENSG00000240225",0.0162,8.4742,0.928,0.9703
"ENSG00000240230",-0.2629,8.537,0.08134,0.2289
"ENSG00000240231",-0.1929,7.6402,0.5188,0.7417
"ENSG00000240291",1.1267,7.3615,0.006234,0.03131
"ENSG00000240342",-0.0198,11.4401,0.856,0.9407
"ENSG00000240344",-0.3281,9.2476,0.009265,0.04323
"ENSG00000240350",-0.4964,8.281,0.007356,0.03599
"ENSG00000240356",-0.3232,9.3647,0.006445,0.03215
"ENSG00000240370",-0.3141,7.4433,0.3942,0.64
"ENSG00000240376",0.2692,8.9546,0.09337,0.2521
"ENSG00000240395",-0.7158,7.0918,0.3686,0.6152
"ENSG00000240401",0.2606,7.063,0.7305,0.8793
"ENSG00000240429",0.3619,7.4559,0.3102,0.559
"ENSG00000240445",1.0075,9.6948,1.172e-14,4.633e-13
"ENSG00000240449",0.8081,7.0983,0.2414,0.4807
"ENSG00000240463",0.0214,7.0361,0.9792,0.9914
"ENSG00000240466",-0.3913,7.2602,0.4501,0.6894
"ENSG00000240489",-0.057,8.1815,0.7743,0.9021
"ENSG00000240498",-1.1863,7.3722,0.004123,0.02219
"ENSG00000240509",0.3232,7.5641,0.3073,0.5562
"ENSG00000240583",-0.3347,7.7025,0.2298,0.4657
"ENSG00000240616",0.7565,7.1265,0.2471,0.4883
"ENSG00000240618",-0.7943,7.1922,0.1617,0.3734
"ENSG00000240622",0.5628,7.0337,0.5139,0.738
"ENSG00000240674",-0.0736,7.7747,0.7973,0.9129
"ENSG00000240682",0.1068,8.5088,0.5112,0.736
"ENSG00000240694",0.7063,9.6979,2.437e-05,0.0002512
"ENSG00000240731",-0.1593,7.4882,0.6487,0.8316
"ENSG00000240747",0.8115,7.0021,0.3913,0.637
"ENSG00000240764",-1.3123,7.454,0.000242,0.001932
"ENSG00000240771",0.3822,9.5671,0.0004185,0.003122
"ENSG00000240776",0.0203,7.1094,0.9764,0.9903
"ENSG00000240809",1.0793,7.4788,0.003205,0.01786
"ENSG00000240849",0.0978,9.0736,0.4363,0.6785
"ENSG00000240854",-0.7768,7.1312,0.2409,0.4805
"ENSG00000240857",0.0363,8.6352,0.8238,0.9257
"ENSG00000240859",1.2535,7.6915,6.744e-06,7.861e-05
"ENSG00000240875",0.5934,7.6698,0.03326,0.1178
"ENSG00000240891",-0.2208,7.0384,0.7931,0.9114
"ENSG00000240898",-0.4745,7.1387,0.4693,0.7041
"ENSG00000240906",1.1141,7.1421,0.08221,0.2308
"ENSG00000240914",-0.0165,8.2565,0.9279,0.9703
"ENSG00000240929",-0.4012,7.1043,0.5756,0.7839
"ENSG00000240935",0.0993,7.4481,0.7886,0.9091
"ENSG00000240950",0.6586,7.0564,0.3924,0.6381
"ENSG00000240970",-0.5652,7.2319,0.2696,0.5148
"ENSG00000240972",0.5692,7.0556,0.4685,0.7038
"ENSG00000240994",-0.8461,7.2504,0.09108,0.2477
"ENSG00000241014",-0.4063,8.1522,0.0295,0.1074
"ENSG00000241015",0.1341,7.7859,0.5925,0.7952
"ENSG00000241043",-0.2431,7.2994,0.591,0.7942
"ENSG00000241057",0.2199,7.1827,0.7044,0.8644
"ENSG00000241058",-0.6606,7.788,0.009594,0.04439
"ENSG00000241061",0.1813,7.8859,0.4642,0.7001
"ENSG00000241081",-0.0119,7.8827,0.9583,0.9842
"ENSG00000241095",-0.2429,7.3213,0.6022,0.8021
"ENSG00000241104",-1.6748,7.0865,0.02475,0.09395
"ENSG00000241127",-0.3239,8.2976,0.07291,0.2117
"ENSG00000241170",0.2336,7.2526,0.6411,0.8275
"ENSG00000241258",0.0247,9.5158,0.8186,0.9231
"ENSG00000241278",0.512,7.071,0.5069,0.7333
"ENSG00000241288",0.2854,7.494,0.4032,0.6493
"ENSG00000241293",-0.2882,7.131,0.654,0.835
"ENSG00000241316",0.0274,7.5413,0.9347,0.9728
"ENSG00000241335",-0.1504,8.0091,0.8335,0.9308
"ENSG00000241343",0.0864,7.5134,0.8058,0.9169
"ENSG00000241352",0.1286,7.1875,0.8194,0.9233
"ENSG00000241370",-0.3002,7.1159,0.6807,0.8501
"ENSG00000241399",1.5739,9.5737,3.292e-13,1.122e-11
"ENSG00000241404",-0.0961,7.3983,0.8431,0.9348
"ENSG00000241429",-0.2283,9.3921,0.05987,0.1837
"ENSG00000241458",-0.0794,8.6126,0.5882,0.7922
"ENSG00000241468",-6e-04,9.0222,0.9962,0.9983
"ENSG00000241472",-0.3626,7.1251,0.5717,0.7813
"ENSG00000241478",-0.1997,7.0079,0.8333,0.9308
"ENSG00000241481",-1.0521,7.2677,0.03037,0.1099
"ENSG00000241489",-0.5467,7.2874,0.232,0.4682
"ENSG00000241494",-0.3802,8.0748,0.1332,0.3261
"ENSG00000241500",-0.8461,7.2504,0.09108,0.2477
"ENSG00000241506",0.03,9.9369,0.7521,0.8913
"ENSG00000241549",-0.6233,7.8963,0.007343,0.03595
"ENSG00000241553",0.4811,10.0708,2.507e-05,0.0002575
"ENSG00000241556",-0.047,9.5654,0.6931,0.8586
"ENSG00000241612",-0.2041,8.1801,0.3202,0.5686
"ENSG00000241627",-0.2326,7.8798,0.3311,0.5798
"ENSG00000241634",-0.1044,7.0283,0.9086,0.9622
"ENSG00000241644",1.1068,9.5259,4.884e-08,8.491e-07
"ENSG00000241680",0.2324,7.1456,0.7058,0.8655
"ENSG00000241684",-0.1542,7.3903,0.7159,0.8714
"ENSG00000241685",0.0146,11.0184,0.8685,0.9449
"ENSG00000241697",0.5494,7.166,0.359,0.606
"ENSG00000241732",-0.2134,7.7349,0.441,0.6823
"ENSG00000241741",-0.0644,8.4473,0.6951,0.86
"ENSG00000241749",0.4787,7.4939,0.1968,0.4233
"ENSG00000241764",0.007,7.2398,0.989,0.9954
"ENSG00000241769",-0.0663,7.6667,0.8072,0.9176
"ENSG00000241837",-0.0831,8.7903,0.5649,0.7761
"ENSG00000241839",-0.0044,12.2748,0.9649,0.9863
"ENSG00000241852",0.1687,8.6743,0.286,0.5345
"ENSG00000241860",-0.6064,8.1398,0.001766,0.01083
"ENSG00000241878",0.3455,9.4881,0.004496,0.02391
"ENSG00000241886",0.0714,7.0657,0.9328,0.9726
"ENSG00000241889",-0.2638,7.4743,0.5337,0.7527
"ENSG00000241923",0.0055,7.0352,0.9946,0.9978
"ENSG00000241935",0.6571,7.3479,0.117,0.2973
"ENSG00000241945",0.1147,9.0416,0.3783,0.6249
"ENSG00000241973",-0.2034,11.4071,0.02152,0.08413
"ENSG00000241975",-0.2319,7.1177,0.728,0.878
"ENSG00000241978",0.9339,7.2451,0.0859,0.2381
"ENSG00000241990",1.3319,7.2106,0.0131,0.05674
"ENSG00000242013",0.0261,7.7936,0.9229,0.9677
"ENSG00000242017",-0.2374,7.1314,0.7088,0.8672
"ENSG00000242028",0.1888,7.3537,0.6655,0.8419
"ENSG00000242060",0.4207,7.8395,0.09585,0.2573
"ENSG00000242068",-0.241,7.1826,0.667,0.8425
"ENSG00000242071",-0.0648,11.2179,0.5003,0.7284
"ENSG00000242083",0.0331,7.8481,0.8913,0.9549
"ENSG00000242086",-0.1045,8.9155,0.4205,0.665
"ENSG00000242100",0.2942,7.0337,0.7361,0.8827
"ENSG00000242110",0.4835,7.2874,0.3013,0.5501
"ENSG00000242125",0.5783,8.8543,5.794e-05,0.0005408
"ENSG00000242193",-0.0357,8.8842,0.7899,0.9097
"ENSG00000242198",-0.3415,7.2222,0.5203,0.7428
"ENSG00000242221",-0.4367,7.5236,0.1866,0.409
"ENSG00000242242",-0.0805,7.0422,0.9238,0.9681
"ENSG00000242247",0.0097,10.0184,0.9215,0.967
"ENSG00000242259",-0.118,9.0302,0.3833,0.6297
"ENSG00000242262",0.0075,8.6167,0.9611,0.985
"ENSG00000242265",-0.9641,9.505,7.507e-17,3.678e-15
"ENSG00000242282",-0.8061,7.4535,0.02547,0.09618
"ENSG00000242294",0.0483,7.6432,0.8683,0.9449
"ENSG00000242299",-0.0627,10.0784,0.553,0.7678
"ENSG00000242308",0.1928,7.0815,0.7835,0.9065
"ENSG00000242337",-0.4138,7.1173,0.5289,0.749
"ENSG00000242338",-0.7753,7.0419,0.3677,0.6146
"ENSG00000242372",-0.0178,9.6051,0.8915,0.955
"ENSG00000242375",-0.127,7.7426,0.6531,0.8345
"ENSG00000242384",-0.1006,8.6383,0.5655,0.7766
"ENSG00000242419",-0.4706,7.1689,0.4251,0.6688
"ENSG00000242445",-0.0747,7.8391,0.7608,0.8957
"ENSG00000242457",-0.2312,7.3531,0.5888,0.7928
"ENSG00000242474",0.0909,7.0622,0.9025,0.9605
"ENSG00000242477",0.1511,7.474,0.6624,0.8407
"ENSG00000242485",0.1136,9.4403,0.3312,0.5798
"ENSG00000242498",0.0023,9.0909,0.9855,0.9939
"ENSG00000242516",0.0709,7.9819,0.735,0.882
"ENSG00000242539",1.0302,8.4135,2.329e-09,4.917e-08
"ENSG00000242553",-0.1334,7.2,0.8127,0.9205
"ENSG00000242571",0.0886,9.0639,0.5543,0.7688
"ENSG00000242588",-0.0842,8.5893,0.5956,0.7966
"ENSG00000242600",0.5213,8.0551,0.01235,0.05424
"ENSG00000242607",-0.1157,7.084,0.8739,0.9468
"ENSG00000242611",-0.3681,7.3157,0.4131,0.6589
"ENSG00000242612",0.059,8.2303,0.785,0.9071
"ENSG00000242622",0.0824,7.2411,0.8688,0.9449
"ENSG00000242661",-0.1916,7.0476,0.8115,0.9198
"ENSG00000242687",0.169,7.606,0.5719,0.7813
"ENSG00000242689",0.4519,7.0401,0.5921,0.7949
"ENSG00000242692",-0.2656,7.0423,0.7696,0.899
"ENSG00000242697",0.2319,7.1807,0.6793,0.8494
"ENSG00000242715",-0.4226,7.172,0.4797,0.7128
"ENSG00000242716",-0.1504,8.0091,0.8335,0.9308
"ENSG00000242732",0.4611,9.6976,0.002292,0.01353
"ENSG00000242759",0.331,7.4144,0.4187,0.6631
"ENSG00000242779",-0.4675,7.915,0.03417,0.1203
"ENSG00000242802",0.3002,10.1501,0.002216,0.01315
"ENSG00000242814",-0.3429,7.407,0.3836,0.63
"ENSG00000242861",0.1814,7.5591,0.5899,0.7935
"ENSG00000242902",0.0969,7.0614,0.9046,0.9612
"ENSG00000242950",-0.5209,7.1422,0.4454,0.6854
"ENSG00000242951",0.5116,7.1374,0.4266,0.67
"ENSG00000242952",-0.3607,7.7279,0.2447,0.4851
"ENSG00000242960",0.2999,10.957,0.0201,0.07992
"ENSG00000242970",0.0024,8.74,0.9867,0.9944
"ENSG00000242992",0.4704,7.3642,0.263,0.5075
"ENSG00000243004",-0.7044,7.7378,0.01128,0.05061
"ENSG00000243007",-6e-04,7.2778,0.9991,0.9994
"ENSG00000243015",-0.0447,7.1303,0.9523,0.9812
"ENSG00000243024",-1.2241,7.0488,0.1295,0.32
"ENSG00000243055",0.6028,7.1715,0.3008,0.5498
"ENSG00000243056",0.3924,7.1737,0.5097,0.7348
"ENSG00000243071",0.1185,8.6604,0.449,0.6885
"ENSG00000243130",-0.649,7.0989,0.3443,0.5923
"ENSG00000243137",-1.2766,7.9271,0.01578,0.06585
"ENSG00000243147",0.1434,9.1911,0.2535,0.4961
"ENSG00000243151",-0.552,7.1072,0.4275,0.6707
"ENSG00000243156",-0.6103,9.0841,0.001069,0.007082
"ENSG00000243167",-1.1276,7.0861,0.1459,0.3482
"ENSG00000243176",-0.4841,7.2302,0.3549,0.6025
"ENSG00000243181",-0.0508,8.4522,0.782,0.9061
"ENSG00000243199",-0.1177,10.3852,0.2203,0.4532
"ENSG00000243244",1.4118,10.0866,4.428e-28,5.663e-26
"ENSG00000243279",-0.3233,9.0976,0.009449,0.04389
"ENSG00000243284",-0.9142,7.1488,0.1528,0.3594
"ENSG00000243289",-0.2389,7.2808,0.6387,0.8258
"ENSG00000243302",-0.1515,8.5548,0.3518,0.5991
"ENSG00000243317",0.2377,9.7581,0.01649,0.0681
"ENSG00000243323",-1.1091,7.0763,0.1327,0.3255
"ENSG00000243335",-0.1695,9.5871,0.1283,0.3175
"ENSG00000243364",-0.8506,7.8104,0.0006322,0.004498
"ENSG00000243368",0.0328,7.1774,0.9533,0.9815
"ENSG00000243403",-0.3622,7.4301,0.3439,0.5922
"ENSG00000243406",0.1007,7.2008,0.8532,0.9396
"ENSG00000243422",-0.0481,7.3109,0.9186,0.9663
"ENSG00000243431",-0.1828,7.1451,0.7794,0.9046
"ENSG00000243444",0.5683,7.1238,0.3861,0.632
"ENSG00000243449",0.4487,7.8259,0.07167,0.209
"ENSG00000243452",-0.1095,11.8628,0.1999,0.4275
"ENSG00000243464",-0.8461,7.2504,0.09108,0.2477
"ENSG00000243477",-0.1312,8.1565,0.5223,0.744
"ENSG00000243480",0.6797,7.2131,0.2112,0.4419
"ENSG00000243485",-0.8786,7.0619,0.263,0.5075
"ENSG00000243517",0.364,7.7412,0.1775,0.3965
"ENSG00000243538",0.3539,7.2928,0.4767,0.7107
"ENSG00000243547",0.1681,7.7298,0.5188,0.7417
"ENSG00000243554",-0.2994,7.5935,0.3554,0.6029
"ENSG00000243566",0.1668,7.102,0.8032,0.9157
"ENSG00000243587",0.2618,7.0644,0.7256,0.877
"ENSG00000243646",0.1953,9.5206,0.07288,0.2116
"ENSG00000243649",-0.5616,7.6932,0.04508,0.1487
"ENSG00000243660",0.019,7.9151,0.9397,0.975
"ENSG00000243667",0.184,7.9795,0.3845,0.6308
"ENSG00000243674",-0.6047,7.0456,0.4509,0.6902
"ENSG00000243678",0.1817,7.1379,0.7783,0.9043
"ENSG00000243679",0.0597,8.148,0.779,0.9045
"ENSG00000243680",-0.0068,7.0224,0.994,0.9977
"ENSG00000243696",0.1711,7.0559,0.8223,0.925
"ENSG00000243697",-0.1447,7.1089,0.8274,0.9275
"ENSG00000243701",-0.2773,8.4833,0.1261,0.3138
"ENSG00000243710",0.7509,7.1157,0.2627,0.5073
"ENSG00000243711",-0.3628,7.0418,0.6555,0.8359
"ENSG00000243716",0.1112,10.1606,0.4163,0.6611
"ENSG00000243721",0.1356,7.2283,0.7996,0.914
"ENSG00000243725",-0.1384,7.2347,0.7849,0.9071
"ENSG00000243742",-2.1635,7.3332,3.055e-06,3.812e-05
"ENSG00000243753",0.0622,8.0457,0.772,0.9006
"ENSG00000243759",-0.4258,8.3298,0.01499,0.0631
"ENSG00000243797",0.389,7.0431,0.651,0.8328
"ENSG00000243802",0.4399,7.4143,0.2461,0.4872
"ENSG00000243811",0.3217,7.6591,0.2542,0.497
"ENSG00000243819",-0.7408,7.0394,0.3706,0.6173
"ENSG00000243824",-0.0471,8.7744,0.7432,0.8865
"ENSG00000243829",0.246,7.4459,0.4916,0.7225
"ENSG00000243896",-0.2923,7.384,0.4724,0.7065
"ENSG00000243899",-0.4206,7.6628,0.1465,0.3492
"ENSG00000243904",-0.3418,7.3798,0.3922,0.638
"ENSG00000243918",0.5128,7.0643,0.4921,0.7229
"ENSG00000243927",-0.3534,9.0184,0.01766,0.07187
"ENSG00000243943",-0.3805,8.8726,0.006168,0.03106
"ENSG00000243960",0.3593,7.0341,0.6711,0.8447
"ENSG00000243964",0.0683,7.8867,0.7695,0.899
"ENSG00000243970",-0.1929,7.3061,0.6665,0.8423
"ENSG00000243978",0.045,7.3786,0.9087,0.9622
"ENSG00000243989",-0.4609,7.1916,0.405,0.6508
"ENSG00000244005",0.1105,8.6816,0.4426,0.6838
"ENSG00000244009",0.4771,7.2809,0.298,0.5467
"ENSG00000244021",-0.19,9.9463,0.1482,0.3523
"ENSG00000244026",-0.2065,7.9075,0.4569,0.6946
"ENSG00000244038",-0.0123,12.2018,0.8866,0.9537
"ENSG00000244041",-0.622,7.2924,0.1789,0.3987
"ENSG00000244045",0.1277,7.8123,0.6303,0.8206
"ENSG00000244050",-0.4207,7.191,0.4697,0.7043
"ENSG00000244055",0.2212,7.1285,0.7233,0.8754
"ENSG00000244056",-0.7518,7.2781,0.1078,0.2807
"ENSG00000244073",-0.5593,7.0328,0.5321,0.7518
"ENSG00000244086",0.1917,7.7327,0.4839,0.7161
"ENSG00000244119",0.2094,7.1546,0.7481,0.8894
"ENSG00000244153",0.245,7.035,0.783,0.9063
"ENSG00000244161",0.2327,7.1478,0.7042,0.8643
"ENSG00000244165",0.5,7.6498,0.09136,0.2483
"ENSG00000244171",-0.5024,8.0005,0.02111,0.0828
"ENSG00000244180",-0.552,7.1072,0.4275,0.6707
"ENSG00000244187",-0.0402,7.9227,0.8542,0.9398
"ENSG00000244198",-0.037,7.6774,0.9037,0.9611
"ENSG00000244218",-1.3187,7.068,0.09757,0.2606
"ENSG00000244219",-0.0899,7.3132,0.8393,0.9331
"ENSG00000244242",-0.2298,7.9062,0.3437,0.592
"ENSG00000244245",0.197,7.5575,0.5337,0.7527
"ENSG00000244257",0.3366,9.5071,0.01233,0.0542
"ENSG00000244274",0.6432,7.2434,0.1934,0.4186
"ENSG00000244291",-0.2389,7.5001,0.4951,0.7248
"ENSG00000244300",-0.1013,7.9944,0.6517,0.8335
"ENSG00000244301",2.1676,7.0967,0.003546,0.01951
"ENSG00000244306",-0.2024,8.755,0.1909,0.4149
"ENSG00000244313",0.0292,11.2044,0.7532,0.8917
"ENSG00000244363",-0.0989,10.6266,0.335,0.5841
"ENSG00000244371",-0.4258,7.3667,0.3069,0.5557
"ENSG00000244381",-0.0592,7.4043,0.8843,0.9524
"ENSG00000244393",-0.3924,7.1332,0.5422,0.7597
"ENSG00000244398",-0.1546,11.5646,0.1718,0.3883
"ENSG00000244405",0.8014,9.3759,7.397e-07,1.022e-05
"ENSG00000244414",0.5438,8.9514,2.559e-05,0.0002617
"ENSG00000244459",0.6996,7.3816,0.109,0.2831
"ENSG00000244462",0.6346,10.1701,4.052e-09,8.284e-08
"ENSG00000244479",-0.0695,8.0091,0.751,0.8907
"ENSG00000244480",-0.1255,7.3234,0.7863,0.908
"ENSG00000244486",0.5414,9.9352,3.843e-08,6.8e-07
"ENSG00000244490",1.1556,7.8817,2.011e-06,2.584e-05
"ENSG00000244509",-0.3987,10.7062,2.855e-05,0.0002873
"ENSG00000244513",0.6572,7.3343,0.1674,0.3813
"ENSG00000244527",-0.1262,7.9864,0.6496,0.8321
"ENSG00000244538",-0.3052,7.3689,0.4636,0.6996
"ENSG00000244558",-0.4786,7.1303,0.4475,0.6871
"ENSG00000244560",-0.2083,8.0445,0.3122,0.5613
"ENSG00000244567",0.2851,8.0021,0.208,0.4375
"ENSG00000244582",-0.0457,8.5919,0.7655,0.8976
"ENSG00000244586",-1.0581,7.8528,0.0009786,0.006557
"ENSG00000244604",-0.2978,7.1852,0.6174,0.8119
"ENSG00000244607",0.9791,7.2464,0.06403,0.1928
"ENSG00000244617",0.2496,7.3276,0.5528,0.7677
"ENSG00000244625",-0.2828,7.5285,0.4035,0.6495
"ENSG00000244627",0.0649,7.7062,0.816,0.9222
"ENSG00000244687",0.0253,7.4698,0.9429,0.976
"ENSG00000244693",0.3242,7.7536,0.2399,0.4791
"ENSG00000244694",-0.6865,8.3334,6.322e-05,0.0005849
"ENSG00000244701",0.0678,7.1342,0.9204,0.967
"ENSG00000244716",-0.097,11.6736,0.262,0.5064
"ENSG00000244731",-0.5683,10.2636,2.065e-06,2.648e-05
"ENSG00000244733",0.7602,7.5325,0.02995,0.1086
"ENSG00000244754",-0.0527,10.7126,0.5678,0.7786
"ENSG00000244879",-0.0578,8.5859,0.7602,0.8954
"ENSG00000244926",-0.1911,7.036,0.8237,0.9256
"ENSG00000244932",0.0109,7.3877,0.9788,0.9914
"ENSG00000244945",-0.233,7.152,0.7051,0.865
"ENSG00000244952",-0.1503,7.0602,0.8479,0.9372
"ENSG00000244968",0.0588,7.1132,0.9314,0.9724
"ENSG00000245025",-0.2439,7.12,0.7254,0.8768
"ENSG00000245060",0.0697,8.9557,0.6358,0.8241
"ENSG00000245105",-0.3311,7.4084,0.3773,0.6239
"ENSG00000245146",-0.1392,7.4616,0.6907,0.8571
"ENSG00000245148",0.4523,7.029,0.5887,0.7926
"ENSG00000245149",-0.1456,7.5594,0.6417,0.8277
"ENSG00000245156",0.6033,7.0805,0.4159,0.6608
"ENSG00000245205",-0.0551,9.0458,0.6696,0.8439
"ENSG00000245213",0.0813,7.2207,0.8786,0.9493
"ENSG00000245275",0.2331,7.4341,0.5629,0.7748
"ENSG00000245281",0.0608,7.1553,0.9217,0.967
"ENSG00000245317",0.6544,7.2939,0.1711,0.3872
"ENSG00000245468",-0.6422,7.139,0.3419,0.5903
"ENSG00000245498",-0.3997,7.5986,0.2105,0.4411
"ENSG00000245522",-0.03,7.7031,0.9277,0.9702
"ENSG00000245532",-0.4717,14.5372,3.135e-09,6.474e-08
"ENSG00000245552",0.7012,7.348,0.09246,0.2502
"ENSG00000245556",0.0323,7.7611,0.8969,0.958
"ENSG00000245571",-0.19,8.0886,0.366,0.6132
"ENSG00000245573",-0.1461,7.6557,0.5954,0.7965
"ENSG00000245614",-0.6349,7.0433,0.4228,0.6672
"ENSG00000245651",-0.2225,7.452,0.5311,0.7509
"ENSG00000245662",0.1211,7.1189,0.8579,0.9414
"ENSG00000245667",-1.1189,7.0624,0.1421,0.3417
"ENSG00000245680",-0.1352,9.092,0.276,0.5219
"ENSG00000245694",-0.4232,7.1532,0.512,0.7366
"ENSG00000245711",-0.5847,7.0726,0.4338,0.6761
"ENSG00000245812",1.6646,8.4042,2.14e-15,9.121e-14
"ENSG00000245849",-0.2968,8.0322,0.2144,0.4459
"ENSG00000245888",-1.2231,7.06,0.1236,0.3092
"ENSG00000245904",-0.0549,7.1562,0.9371,0.9735
"ENSG00000245910",-0.01,9.7731,0.9325,0.9726
"ENSG00000245937",0.0119,8.9478,0.9319,0.9725
"ENSG00000245958",-0.3594,8.0754,0.1176,0.2984
"ENSG00000245970",-0.1372,7.1557,0.818,0.9227
"ENSG00000245975",0.6777,7.0703,0.3758,0.6222
"ENSG00000246067",-0.1492,7.5197,0.6497,0.8321
"ENSG00000246089",-0.1759,7.5589,0.5852,0.7906
"ENSG00000246090",0.3367,9.147,0.004974,0.02601
"ENSG00000246100",-1.2468,7.1863,0.03541,0.1234
"ENSG00000246174",-0.8026,7.3777,0.04493,0.1483
"ENSG00000246203",0.0221,7.6874,0.9389,0.9746
"ENSG00000246263",0.4267,7.6336,0.1479,0.3517
"ENSG00000246273",1.0888,8.0748,0.00129,0.008282
"ENSG00000246308",-0.5742,7.1322,0.3582,0.6053
"ENSG00000246334",0.5471,7.0199,0.5482,0.7645
"ENSG00000246366",-0.4339,7.1153,0.5205,0.7429
"ENSG00000246430",2.0512,10.9074,8.365e-37,1.524e-34
"ENSG00000246451",0.171,8.2159,0.3849,0.6309
"ENSG00000246477",-1.2411,7.0439,0.1495,0.3544
"ENSG00000246523",0.6962,7.0863,0.3331,0.5822
"ENSG00000246560",0.3,7.362,0.4793,0.7125
"ENSG00000246575",-0.0264,7.2915,0.9534,0.9815
"ENSG00000246582",0.1507,7.1572,0.7985,0.9134
"ENSG00000246596",0.4245,7.6254,0.1815,0.4021
"ENSG00000246627",-1.2814,7.1015,0.07536,0.2167
"ENSG00000246640",0.3855,7.0263,0.656,0.8363
"ENSG00000246662",-0.0032,7.3055,0.9946,0.9978
"ENSG00000246695",0.4001,8.4275,0.02741,0.1016
"ENSG00000246705",0.7705,9.7695,4.04e-10,9.326e-09
"ENSG00000246731",-0.3956,7.1136,0.548,0.7645
"ENSG00000246763",-1.5553,8.3126,6.539e-12,1.834e-10
"ENSG00000246777",0.6542,7.0279,0.4577,0.6953
"ENSG00000246792",-0.117,7.0628,0.8773,0.9488
"ENSG00000246859",-0.5155,8.1151,0.016,0.06654
"ENSG00000246889",-0.2473,7.2824,0.5941,0.7961
"ENSG00000246922",-0.2978,7.6098,0.3718,0.6185
"ENSG00000246982",-0.8317,7.2726,0.08511,0.2365
"ENSG00000246985",0.1285,7.3219,0.7784,0.9043
"ENSG00000247077",0.2963,8.4728,0.06209,0.1888
"ENSG00000247081",0.9119,7.7007,0.001146,0.007494
"ENSG00000247092",0.2243,7.4814,0.5097,0.7348
"ENSG00000247095",0.3643,8.4862,0.1827,0.4037
"ENSG00000247121",-0.2966,7.2584,0.5629,0.7748
"ENSG00000247137",-0.3232,7.2659,0.5008,0.7288
"ENSG00000247157",-0.4466,7.4135,0.2372,0.4751
"ENSG00000247228",0.2036,8.2473,0.3282,0.577
"ENSG00000247240",-0.4744,7.2817,0.3113,0.5602
"ENSG00000247271",-0.1625,8.0141,0.4619,0.6983
"ENSG00000247311",2.6669,7.2636,2.704e-07,4.097e-06
"ENSG00000247317",-1.0736,7.453,0.006832,0.03378
"ENSG00000247373",0.1243,7.1549,0.8372,0.9326
"ENSG00000247400",-0.0814,7.3514,0.8526,0.9395
"ENSG00000247498",-0.4106,7.4949,0.2405,0.4799
"ENSG00000247516",-0.159,7.9571,0.4841,0.7163
"ENSG00000247556",0.2236,10.7329,0.01458,0.06174
"ENSG00000247570",-0.513,7.0649,0.5133,0.7376
"ENSG00000247572",-0.6245,7.9509,0.01517,0.06371
"ENSG00000247595",0.6826,7.1371,0.2633,0.5076
"ENSG00000247596",0.1364,8.506,0.4164,0.6612
"ENSG00000247626",0.4542,7.6153,0.1432,0.3437
"ENSG00000247627",0.0031,7.8168,0.9909,0.9964
"ENSG00000247679",0.0297,7.6251,0.917,0.9658
"ENSG00000247708",-0.2641,7.4855,0.4347,0.6768
"ENSG00000247728",-0.3871,7.0702,0.5945,0.7963
"ENSG00000247735",-0.9318,7.1242,0.1761,0.3944
"ENSG00000247746",-0.9789,7.7253,0.0002194,0.001771
"ENSG00000247796",-0.7485,7.901,0.001852,0.01128
"ENSG00000247809",0.0584,7.8333,0.8198,0.9236
"ENSG00000247828",-0.2222,7.957,0.3002,0.5491
"ENSG00000247853",1.532,7.1544,0.01837,0.07425
"ENSG00000247903",0.962,8.4257,1.986e-06,2.557e-05
"ENSG00000247934",0.1069,7.2176,0.846,0.9362
"ENSG00000247950",-0.2488,7.291,0.5872,0.7913
"ENSG00000247982",0.5039,7.4613,0.1479,0.3517
"ENSG00000248008",-0.4202,8.0701,0.04247,0.1421
"ENSG00000248019",0.5519,7.3328,0.2162,0.4484
"ENSG00000248049",-0.1806,7.9227,0.4141,0.6596
"ENSG00000248079",-0.7855,7.3571,0.08007,0.2262
"ENSG00000248092",-0.3052,8.8121,0.05972,0.1834
"ENSG00000248113",0.1975,7.5708,0.5488,0.7647
"ENSG00000248121",-0.3758,7.1472,0.5332,0.7526
"ENSG00000248124",-0.2572,8.4405,0.1846,0.4063
"ENSG00000248126",-0.1008,7.2143,0.8494,0.9375
"ENSG00000248144",1.1043,9.9024,3.11e-12,9.194e-11
"ENSG00000248161",-0.4445,7.1585,0.5125,0.737
"ENSG00000248175",0.3136,7.7653,0.237,0.4748
"ENSG00000248187",3.4949,7.0483,0.0002478,0.001974
"ENSG00000248213",-0.1531,7.2737,0.7411,0.8851
"ENSG00000248257",-0.5835,7.0505,0.4772,0.7112
"ENSG00000248275",0.1751,7.8424,0.4597,0.6967
"ENSG00000248278",-0.2404,8.6763,0.1059,0.2771
"ENSG00000248280",-0.5361,7.1242,0.4174,0.6618
"ENSG00000248290",-0.4919,10.3821,4.93e-08,8.556e-07
"ENSG00000248309",-0.7433,7.0286,0.4518,0.6907
"ENSG00000248333",0.0902,10.5257,0.3013,0.5501
"ENSG00000248334",0.2151,8.1967,0.2874,0.536
"ENSG00000248429",0.2479,8.3803,0.1597,0.3701
"ENSG00000248441",0.9866,7.0207,0.3056,0.5547
"ENSG00000248458",-0.6322,7.0259,0.4817,0.7144
"ENSG00000248472",0.0333,7.3139,0.9469,0.9777
"ENSG00000248476",-0.7643,7.078,0.3068,0.5557
"ENSG00000248477",-0.5995,7.388,0.1261,0.3138
"ENSG00000248487",-0.1338,8.212,0.4859,0.7179
"ENSG00000248489",-0.2275,7.1116,0.7367,0.883
"ENSG00000248508",-0.1759,8.1016,0.3799,0.6265
"ENSG00000248527",0.1153,13.5564,0.241,0.4805
"ENSG00000248569",0.2164,7.5538,0.4857,0.7176
"ENSG00000248587",0.1822,7.8906,0.4542,0.6923
"ENSG00000248593",-0.369,7.7702,0.2051,0.4341
"ENSG00000248632",-0.1137,7.3562,0.7857,0.9076
"ENSG00000248641",-0.1258,7.0805,0.8606,0.9425
"ENSG00000248671",-0.6069,7.1482,0.3554,0.6029
"ENSG00000248677",-0.7281,7.0731,0.3307,0.5796
"ENSG00000248690",-0.2032,7.2187,0.6973,0.8611
"ENSG00000248697",-0.1906,7.2709,0.6987,0.8615
"ENSG00000248712",-0.0197,7.3032,0.9669,0.9868
"ENSG00000248719",0.2573,7.1096,0.7186,0.8732
"ENSG00000248734",0.1553,7.171,0.7877,0.9088
"ENSG00000248780",-0.1629,7.1569,0.8091,0.9187
"ENSG00000248787",0.0548,7.1031,0.9359,0.9733
"ENSG00000248795",0.3455,7.2188,0.5187,0.7417
"ENSG00000248801",0.1248,7.0888,0.8641,0.9438
"ENSG00000248810",0.0443,7.5748,0.8991,0.9588
"ENSG00000248830",0.2798,7.2124,0.5916,0.7945
"ENSG00000248835",-0.0016,8.4058,0.9918,0.9965
"ENSG00000248866",0.3564,7.7262,0.1764,0.395
"ENSG00000248869",-1.5571,7.6788,4.404e-08,7.732e-07
"ENSG00000248873",0.2256,8.0733,0.3006,0.5497
"ENSG00000248890",-0.0357,7.2801,0.9393,0.9748
"ENSG00000248893",-1.3001,7.0728,0.08062,0.2272
"ENSG00000248905",-0.2942,10.2755,0.07349,0.2128
"ENSG00000248923",0.2679,7.6571,0.3512,0.5986
"ENSG00000248927",0.8802,7.2552,0.1092,0.2836
"ENSG00000248932",-0.9307,7.3925,0.01948,0.07774
"ENSG00000248966",-0.3519,7.2515,0.4994,0.7277
"ENSG00000248971",-0.0891,7.0871,0.9067,0.9615
"ENSG00000249014",0.427,7.0891,0.5485,0.7646
"ENSG00000249035",0.0676,7.0485,0.9357,0.9732
"ENSG00000249042",-0.5364,7.619,0.09146,0.2485
"ENSG00000249054",-1.4875,7.0514,0.0647,0.1942
"ENSG00000249087",-0.3945,8.0881,0.04141,0.1394
"ENSG00000249115",-0.6358,8.3955,0.0001572,0.001316
"ENSG00000249119",0.5297,7.8986,0.02204,0.08574
"ENSG00000249129",-0.4131,7.205,0.452,0.6909
"ENSG00000249142",0.0581,7.1257,0.9337,0.9726
"ENSG00000249230",-0.4887,7.4051,0.1945,0.4199
"ENSG00000249242",1.0237,7.5101,0.003521,0.0194
"ENSG00000249244",-0.3351,7.1243,0.6145,0.8102
"ENSG00000249245",-0.3782,7.2556,0.4535,0.6919
"ENSG00000249249",-0.6813,7.0409,0.3966,0.6426
"ENSG00000249264",-0.2197,11.0145,0.03787,0.1301
"ENSG00000249272",0.0387,7.0286,0.963,0.9856
"ENSG00000249307",1.9889,7.0372,0.01896,0.07612
"ENSG00000249348",-0.0551,7.6169,0.8622,0.9428
"ENSG00000249353",-0.1714,10.1178,0.144,0.3447
"ENSG00000249356",0.1027,7.0709,0.8911,0.9549
"ENSG00000249364",5.0928,7.0362,1.006e-05,0.0001129
"ENSG00000249437",-0.3664,8.8184,0.01674,0.0688
"ENSG00000249456",1.0178,7.0428,0.2123,0.4431
"ENSG00000249459",-0.459,8.3827,0.007928,0.03816
"ENSG00000249464",0.1881,7.0571,0.8071,0.9176
"ENSG00000249465",0.1271,7.108,0.8463,0.9363
"ENSG00000249471",-0.2615,7.911,0.2596,0.5039
"ENSG00000249485",-0.0496,7.3345,0.9174,0.9658
"ENSG00000249565",0.3919,8.5456,0.0211,0.0828
"ENSG00000249572",0.0055,7.0935,0.9941,0.9977
"ENSG00000249592",-0.0443,7.5377,0.9,0.9591
"ENSG00000249604",0.0103,7.032,0.9902,0.9961
"ENSG00000249626",-0.9593,7.1787,0.1103,0.2855
"ENSG00000249669",0.3458,7.9549,0.18,0.4
"ENSG00000249673",-0.3397,8.7297,0.02456,0.09342
"ENSG00000249684",0.0117,7.0495,0.988,0.9951
"ENSG00000249685",-0.3891,7.0481,0.6377,0.8255
"ENSG00000249693",-0.3916,7.1733,0.5081,0.7341
"ENSG00000249700",0.1811,7.4318,0.6163,0.8111
"ENSG00000249706",0.7168,7.1615,0.2591,0.5035
"ENSG00000249715",-0.6357,7.1476,0.3113,0.5602
"ENSG00000249740",0.2237,7.1877,0.6974,0.8611
"ENSG00000249741",-0.0523,7.781,0.8351,0.9314
"ENSG00000249776",-0.8779,7.0573,0.301,0.55
"ENSG00000249790",-0.3108,6.9926,0.7482,0.8895
"ENSG00000249835",-0.9287,7.0286,0.294,0.5424
"ENSG00000249839",-0.8353,8.4359,1.287e-05,0.0001404
"ENSG00000249846",-0.5397,7.1038,0.4434,0.6843
"ENSG00000249855",-0.0328,11.8241,0.7477,0.8892
"ENSG00000249858",-0.3738,7.0649,0.6371,0.825
"ENSG00000249859",0.0883,7.759,0.7295,0.8786
"ENSG00000249868",-0.1445,7.9654,0.6061,0.8052
"ENSG00000249898",-0.2422,7.1295,0.7027,0.8633
"ENSG00000249915",0.2258,10.2777,0.01177,0.0523
"ENSG00000249931",-0.4194,7.6319,0.2009,0.4286
"ENSG00000249936",0.193,9.7654,0.07503,0.216
"ENSG00000249937",-0.6487,7.1519,0.276,0.5219
"ENSG00000249992",-0.598,9.3839,0.0006401,0.004542
"ENSG00000250030",0.0153,7.1267,0.9808,0.9919
"ENSG00000250033",-2.0116,7.0269,0.0231,0.08904
"ENSG00000250041",-1.4758,7.0808,0.0542,0.1703
"ENSG00000250067",0.2059,7.6725,0.4731,0.7073
"ENSG00000250090",-1.3422,7.0664,0.0965,0.2585
"ENSG00000250091",-0.5502,7.6491,0.05233,0.166
"ENSG00000250111",-0.0784,7.5643,0.8203,0.9238
"ENSG00000250116",-0.5471,7.1849,0.324,0.5718
"ENSG00000250131",0.0637,7.1341,0.9205,0.967
"ENSG00000250132",-0.6199,7.6315,0.04794,0.1558
"ENSG00000250138",-0.208,7.1467,0.7514,0.8909
"ENSG00000250144",-0.2075,7.0413,0.8043,0.9161
"ENSG00000250182",-0.1013,12.8997,0.279,0.5261
"ENSG00000250227",0.4309,7.2409,0.414,0.6595
"ENSG00000250240",0.9361,7.0369,0.2715,0.5167
"ENSG00000250251",0.3968,10.2668,0.001884,0.01144
"ENSG00000250273",0.1649,7.584,0.5862,0.7908
"ENSG00000250295",-0.2409,7.8005,0.5251,0.7461
"ENSG00000250303",-0.1943,8.2012,0.3366,0.5853
"ENSG00000250305",-0.1076,9.2669,0.4437,0.6843
"ENSG00000250312",-0.0829,7.9632,0.7235,0.8754
"ENSG00000250317",-0.0973,9.2389,0.4535,0.6919
"ENSG00000250318",0.3843,7.2505,0.4241,0.668
"ENSG00000250320",0.5417,7.2975,0.2391,0.4781
"ENSG00000250321",-0.5871,7.073,0.4344,0.6765
"ENSG00000250326",-1.0306,7.0816,0.1577,0.3668
"ENSG00000250327",-1.0062,7.0446,0.2189,0.4513
"ENSG00000250332",0.5337,7.0526,0.5002,0.7284
"ENSG00000250337",-0.7085,7.4464,0.06737,0.2
"ENSG00000250365",0.3676,7.039,0.6644,0.8414
"ENSG00000250397",-0.3004,7.6867,0.2828,0.5302
"ENSG00000250403",-0.4452,7.0492,0.5796,0.7869
"ENSG00000250404",-0.9468,7.1517,0.1174,0.2981
"ENSG00000250412",-0.1398,7.2328,0.7861,0.9079
"ENSG00000250444",0.5684,7.0213,0.5102,0.7351
"ENSG00000250461",-0.3511,7.4854,0.3031,0.5521
"ENSG00000250462",0.0355,8.4279,0.828,0.9279
"ENSG00000250471",-0.1779,7.5179,0.582,0.7884
"ENSG00000250479",-0.1118,7.7971,0.6448,0.8294
"ENSG00000250483",-0.5058,7.1053,0.4611,0.6979
"ENSG00000250486",-0.9295,7.1698,0.1127,0.2897
"ENSG00000250492",-0.0017,7.3215,0.9968,0.9986
"ENSG00000250506",-0.0959,7.0758,0.901,0.9596
"ENSG00000250510",-0.1998,8.2815,0.2912,0.5396
"ENSG00000250535",0.1608,7.4524,0.6915,0.8574
"ENSG00000250536",0.5329,7.4434,0.1597,0.3699
"ENSG00000250539",-2.0447,7.0244,0.02936,0.107
"ENSG00000250565",-0.0093,7.7414,0.9709,0.989
"ENSG00000250568",-0.1082,7.0696,0.8829,0.9513
"ENSG00000250569",-0.4664,7.1528,0.4732,0.7073
"ENSG00000250571",-0.0439,8.623,0.7641,0.8973
"ENSG00000250575",-0.668,7.0982,0.3467,0.5944
"ENSG00000250588",1.0101,7.3739,0.01905,0.07634
"ENSG00000250602",0.4652,7.048,0.5638,0.7753
"ENSG00000250616",0.9059,7.1406,0.1835,0.4046
"ENSG00000250657",-3.5723,6.9833,0.002628,0.01519
"ENSG00000250658",-0.7633,6.9919,0.442,0.6833
"ENSG00000250687",-0.5702,7.3858,0.1526,0.3592
"ENSG00000250722",0.4831,11.6634,7.363e-08,1.233e-06
"ENSG00000250731",0.179,7.218,0.7346,0.8818
"ENSG00000250742",-0.0437,7.98,0.8475,0.9371
"ENSG00000250746",-0.0876,8.7622,0.735,0.882
"ENSG00000250748",-0.0587,7.2658,0.909,0.9624
"ENSG00000250765",-0.0846,7.0887,0.9206,0.967
"ENSG00000250786",-0.1239,9.0592,0.3084,0.5573
"ENSG00000250794",-0.2436,7.1527,0.6844,0.8528
"ENSG00000250802",-0.8177,7.1345,0.1905,0.4144
"ENSG00000250848",-0.0894,7.4672,0.796,0.9124
"ENSG00000250859",0.7664,7.0622,0.3376,0.5861
"ENSG00000250889",0.9036,7.2497,0.1174,0.2981
"ENSG00000250896",0.4058,8.0359,0.05432,0.1706
"ENSG00000250899",0.9991,7.7247,0.0002792,0.002193
"ENSG00000250903",-0.4525,8.0445,0.03003,0.1088
"ENSG00000250934",3.3348,6.9973,0.001859,0.01132
"ENSG00000250950",-0.5356,7.195,0.3727,0.6194
"ENSG00000250959",-0.0506,7.5599,0.872,0.946
"ENSG00000250966",-0.2858,7.7838,0.2907,0.5391
"ENSG00000250978",6.3266,7.5071,8.332e-21,6.034e-19
"ENSG00000250979",-0.7495,7.422,0.06126,0.1868
"ENSG00000250988",-0.1845,7.077,0.8146,0.9217
"ENSG00000250990",0.0937,7.056,0.9021,0.9603
"ENSG00000250999",-0.1255,7.1081,0.8636,0.9436
"ENSG00000251022",0.0798,9.0831,0.5217,0.7438
"ENSG00000251034",0.604,7.5427,0.05492,0.1719
"ENSG00000251066",0.1276,7.1825,0.834,0.9309
"ENSG00000251070",-0.3795,7.4716,0.2913,0.5396
"ENSG00000251079",-0.7328,7.3098,0.1277,0.3165
"ENSG00000251102",-0.0309,7.6858,0.9085,0.9621
"ENSG00000251136",0.0966,7.661,0.728,0.878
"ENSG00000251141",-0.3317,7.5444,0.2928,0.5413
"ENSG00000251143",-0.0999,7.2121,0.866,0.9446
"ENSG00000251144",-0.1718,7.074,0.8125,0.9204
"ENSG00000251158",0.3369,7.0391,0.7311,0.8797
"ENSG00000251179",0.0204,7.4001,0.9593,0.9842
"ENSG00000251192",-0.1186,8.2607,0.5058,0.7329
"ENSG00000251194",-0.5302,7.189,0.3376,0.5861
"ENSG00000251196",0.0057,8.9626,0.9659,0.9864
"ENSG00000251247",0.1888,7.9201,0.3969,0.6429
"ENSG00000251259",0.1263,8.6912,0.4111,0.657
"ENSG00000251273",0.2016,7.3445,0.6372,0.8252
"ENSG00000251287",-0.0568,7.1874,0.9183,0.9662
"ENSG00000251314",-0.3261,7.2478,0.5198,0.7425
"ENSG00000251322",-0.5305,7.8524,0.03954,0.1345
"ENSG00000251333",0.1858,7.9656,0.4028,0.649
"ENSG00000251348",0.7264,7.6734,0.06458,0.1941
"ENSG00000251359",-0.5355,7.2234,0.3257,0.5741
"ENSG00000251364",0.3704,7.6686,0.2109,0.4414
"ENSG00000251369",-0.1977,8.3128,0.2798,0.5269
"ENSG00000251396",-0.1473,7.3466,0.7417,0.8856
"ENSG00000251400",0.729,7.5162,0.04711,0.1538
"ENSG00000251402",-0.4723,7.0232,0.604,0.8038
"ENSG00000251414",-0.0031,7.1494,0.9961,0.9983
"ENSG00000251417",0.1903,7.2796,0.6885,0.8554
"ENSG00000251429",0.2419,8.1333,0.2277,0.463
"ENSG00000251432",-0.5298,7.5944,0.106,0.2773
"ENSG00000251442",-0.2499,7.5203,0.495,0.7247
"ENSG00000251474",-0.0897,8.5879,0.5649,0.7761
"ENSG00000251493",-0.0745,7.0596,0.9224,0.9673
"ENSG00000251495",0.1953,8.5661,0.2304,0.4663
"ENSG00000251548",0.4694,7.4129,0.2255,0.4602
"ENSG00000251562",-0.0312,13.0271,0.793,0.9114
"ENSG00000251580",0.1865,7.1161,0.7823,0.9061
"ENSG00000251593",0.054,7.5324,0.8654,0.9444
"ENSG00000251595",-0.1066,7.1273,0.8799,0.9499
"ENSG00000251600",0.1451,7.063,0.8492,0.9375
"ENSG00000251602",-0.711,7.6763,0.01239,0.05439
"ENSG00000251615",-0.0807,8.2047,0.7003,0.8621
"ENSG00000251624",0.1267,7.216,0.8073,0.9177
"ENSG00000251634",-0.4242,8.3713,0.0127,0.0554
"ENSG00000251661",-0.1138,7.4803,0.7381,0.8838
"ENSG00000251669",-0.9779,7.4946,0.006248,0.03136
"ENSG00000251675",0.2956,7.0507,0.712,0.8688
"ENSG00000251795",0.0418,7.1922,0.9406,0.9752
"ENSG00000251867",0.4205,7.367,0.3167,0.5653
"ENSG00000252149",-0.3607,7.0954,0.622,0.8151
"ENSG00000252419",-0.1938,7.1409,0.7541,0.892
"ENSG00000252447",-0.4339,7.2454,0.3867,0.6325
"ENSG00000252498",-0.5054,7.048,0.535,0.7539
"ENSG00000252645",0.0989,7.4466,0.8403,0.9335
"ENSG00000252690",-0.0696,7.0321,0.9345,0.9728
"ENSG00000252754",-0.3165,7.102,0.6595,0.8391
"ENSG00000252817",-0.0468,7.0282,0.9604,0.9847
"ENSG00000252925",-0.6503,7.0295,0.4495,0.6888
"ENSG00000253051",0.613,7.0608,0.4331,0.6754
"ENSG00000253106",0.0552,7.6116,0.862,0.9428
"ENSG00000253139",2.2503,7.2232,4.969e-05,0.0004716
"ENSG00000253159",-0.1467,9.8035,0.1715,0.3878
"ENSG00000253161",-0.9853,7.1793,0.1241,0.31
"ENSG00000253200",0.2608,7.4651,0.4966,0.7256
"ENSG00000253203",-0.5857,8.1539,0.005369,0.02772
"ENSG00000253210",-1.1233,7.1678,0.07106,0.2079
"ENSG00000253250",-0.1468,7.6974,0.6066,0.8055
"ENSG00000253251",0.0109,7.309,0.9807,0.9919
"ENSG00000253276",1.1474,9.7641,2.097e-13,7.285e-12
"ENSG00000253302",-1.4003,7.125,0.03336,0.118
"ENSG00000253304",0.788,9.1905,4.49e-09,9.098e-08
"ENSG00000253305",-0.1268,8.2251,0.4844,0.7166
"ENSG00000253309",0.1282,7.394,0.7447,0.8874
"ENSG00000253320",-0.4779,7.4233,0.2283,0.464
"ENSG00000253326",-0.3689,7.4717,0.3202,0.5686
"ENSG00000253327",-0.2847,7.1052,0.6716,0.8451
"ENSG00000253333",-0.6717,7.2735,0.1633,0.3756
"ENSG00000253341",0.1411,8.4744,0.4403,0.6817
"ENSG00000253352",-0.1158,11.8008,0.1652,0.3784
"ENSG00000253366",-0.6021,8.1461,0.003178,0.01774
"ENSG00000253368",1.9891,10.0448,2.139e-67,1.543e-64
"ENSG00000253384",-0.1987,7.1035,0.7751,0.9025
"ENSG00000253414",0.7414,7.1067,0.2825,0.53
"ENSG00000253439",1.1432,7.0807,0.1106,0.286
"ENSG00000253476",0.7863,7.5072,0.02731,0.1014
"ENSG00000253485",0.0228,8.0439,0.9223,0.9673
"ENSG00000253492",-0.4956,7.4059,0.1885,0.4118
"ENSG00000253496",-1.3466,7.1065,0.06641,0.198
"ENSG00000253520",0.3005,7.0836,0.6898,0.8566
"ENSG00000253537",-0.0369,8.6642,0.7924,0.9112
"ENSG00000253540",-1.0851,7.6595,0.0006134,0.004382
"ENSG00000253541",0.4029,7.557,0.2096,0.44
"ENSG00000253552",0.0817,8.1523,0.6671,0.8425
"ENSG00000253559",1.0542,7.1329,0.1193,0.3013
"ENSG00000253570",-0.5831,7.4301,0.1348,0.3291
"ENSG00000253598",-0.6405,7.0178,0.4809,0.7139
"ENSG00000253608",-1.3521,7.0381,0.1251,0.3118
"ENSG00000253620",-1.4602,7.0818,0.05617,0.175
"ENSG00000253626",0.1527,8.7607,0.2969,0.5456
"ENSG00000253636",-0.3044,7.0992,0.6635,0.8411
"ENSG00000253661",-0.3215,7.0968,0.6499,0.8323
"ENSG00000253669",-1.0922,7.1472,0.09268,0.2506
"ENSG00000253676",-0.6873,7.5108,0.07923,0.2246
"ENSG00000253683",0.2431,8.4443,0.133,0.3259
"ENSG00000253710",0.1211,8.3064,0.5182,0.7414
"ENSG00000253716",0.3592,7.5415,0.2525,0.4953
"ENSG00000253719",0.012,10.5554,0.9013,0.9598
"ENSG00000253729",-0.0572,12.5062,0.6038,0.8036
"ENSG00000253731",-0.1368,8.1944,0.4668,0.7024
"ENSG00000253738",-0.1875,9.1122,0.1545,0.3622
"ENSG00000253741",-1.3695,7.1542,0.03055,0.1104
"ENSG00000253767",0.1088,7.365,0.7949,0.912
"ENSG00000253771",-1.2858,7.1,0.07638,0.2187
"ENSG00000253785",-0.5264,7.5671,0.08587,0.2381
"ENSG00000253797",0.0121,9.6526,0.9046,0.9612
"ENSG00000253816",-0.6935,7.9161,0.009203,0.04306
"ENSG00000253831",-0.7314,7.0614,0.3618,0.6087
"ENSG00000253833",1.1533,7.9493,3.716e-06,4.555e-05
"ENSG00000253837",-0.7359,7.211,0.1933,0.4184
"ENSG00000253846",-0.1878,9.4467,0.1174,0.2981
"ENSG00000253854",-0.0845,7.3764,0.836,0.9318
"ENSG00000253864",0.3293,7.1554,0.6086,0.8068
"ENSG00000253869",0.4246,7.6331,0.2199,0.4528
"ENSG00000253873",-0.0179,9.1395,0.8818,0.9505
"ENSG00000253878",-0.6508,7.326,0.1821,0.4029
"ENSG00000253882",0.5049,8.4314,0.03336,0.118
"ENSG00000253893",0.1687,7.2788,0.7203,0.8742
"ENSG00000253899",0.5592,7.6428,0.05836,0.1804
"ENSG00000253900",-0.2054,7.3036,0.6443,0.8294
"ENSG00000253910",0.0582,8.6434,0.7164,0.8718
"ENSG00000253919",-0.076,8.1658,0.68,0.8496
"ENSG00000253921",1.0912,7.0615,0.1757,0.394
"ENSG00000253948",0.1936,7.3184,0.6582,0.8382
"ENSG00000253953",-0.142,9.381,0.2612,0.5053
"ENSG00000253954",-0.1785,7.4832,0.6143,0.8101
"ENSG00000253955",0.4001,7.0256,0.6476,0.8311
"ENSG00000253958",-0.0288,7.7056,0.9186,0.9663
"ENSG00000253981",0.4461,7.065,0.5829,0.7889
"ENSG00000253982",-0.4021,8.6358,0.004663,0.02465
"ENSG00000254004",-0.462,9.1998,0.0001375,0.001171
"ENSG00000254012",0.3695,7.0607,0.625,0.8172
"ENSG00000254016",-0.5777,7.113,0.3979,0.644
"ENSG00000254064",0.5985,7.285,0.195,0.4206
"ENSG00000254087",0.6561,8.236,0.01199,0.05302
"ENSG00000254093",0.3205,7.6454,0.2963,0.5449
"ENSG00000254109",1.0101,7.6666,0.001524,0.009532
"ENSG00000254122",-0.1285,10.1744,0.2731,0.5187
"ENSG00000254154",-1.0255,7.0972,0.139,0.3365
"ENSG00000254165",0.0918,7.0603,0.9029,0.9607
"ENSG00000254184",-0.036,7.9211,0.8696,0.945
"ENSG00000254185",0.4607,7.1959,0.3924,0.6381
"ENSG00000254192",0.1063,7.1241,0.87,0.945
"ENSG00000254198",-0.063,7.3074,0.9068,0.9615
"ENSG00000254206",0.1274,8.5301,0.4556,0.6934
"ENSG00000254221",-0.146,8.1886,0.4279,0.6711
"ENSG00000254244",-0.168,7.19,0.773,0.9013
"ENSG00000254245",-0.0473,7.9689,0.8313,0.9298
"ENSG00000254254",1.4449,7.8141,2.396e-07,3.674e-06
"ENSG00000254258",-0.3166,7.0621,0.679,0.8493
"ENSG00000254290",1.4054,7.0062,0.1433,0.3437
"ENSG00000254300",0.1955,7.7171,0.4895,0.7211
"ENSG00000254319",-0.9896,7.1891,0.08021,0.2265
"ENSG00000254332",0.8803,10.8781,1.147e-12,3.604e-11
"ENSG00000254335",-0.4954,7.4058,0.1889,0.4125
"ENSG00000254336",0.1461,7.072,0.8436,0.9349
"ENSG00000254352",0.6425,7.0376,0.4397,0.6815
"ENSG00000254353",0.2719,7.8104,0.2509,0.4932
"ENSG00000254363",0.4329,7.0971,0.5489,0.7647
"ENSG00000254374",-0.068,8.1023,0.7333,0.8811
"ENSG00000254398",0.3765,7.1117,0.5965,0.797
"ENSG00000254428",-0.5595,7.3338,0.1845,0.4063
"ENSG00000254429",-0.0493,7.6431,0.8872,0.9539
"ENSG00000254433",-0.42,7.0658,0.5949,0.7964
"ENSG00000254458",0.0822,7.0226,0.927,0.9699
"ENSG00000254461",0.3813,7.186,0.5122,0.7368
"ENSG00000254469",-0.4857,7.2799,0.2994,0.5482
"ENSG00000254470",0.7045,8.1625,0.0008049,0.005544
"ENSG00000254473",-0.5266,7.5236,0.1125,0.2894
"ENSG00000254505",-0.2265,7.2273,0.6545,0.8353
"ENSG00000254506",1.5781,7.1074,0.0266,0.09929
"ENSG00000254509",0.1851,7.0365,0.8249,0.9259
"ENSG00000254510",1.8508,7.0882,0.02387,0.0914
"ENSG00000254531",-0.1977,7.8748,0.4151,0.6602
"ENSG00000254535",-0.5832,7.4026,0.1487,0.3531
"ENSG00000254539",0.882,7.975,5.076e-05,0.0004803
"ENSG00000254554",0.632,7.7373,0.04166,0.14
"ENSG00000254577",-0.0222,7.139,0.9729,0.9891
"ENSG00000254595",-0.1516,7.2593,0.7594,0.8949
"ENSG00000254598",-0.1613,8.2198,0.3792,0.6258
"ENSG00000254602",0.191,7.6153,0.539,0.7573
"ENSG00000254612",0.2292,9.0696,0.08643,0.2391
"ENSG00000254614",0.1834,7.365,0.6662,0.8423
"ENSG00000254615",0.5463,7.3857,0.1594,0.3694
"ENSG00000254634",0.151,8.2544,0.4688,0.7039
"ENSG00000254635",0.2048,9.6001,0.08699,0.2399
"ENSG00000254681",0.3146,11.5597,0.01119,0.05028
"ENSG00000254682",-0.0238,7.1695,0.9671,0.9868
"ENSG00000254685",-0.0343,8.7523,0.8142,0.9216
"ENSG00000254690",-0.1113,7.155,0.8508,0.9382
"ENSG00000254701",-0.6582,8.1475,0.0009506,0.006413
"ENSG00000254715",0.6121,7.1736,0.297,0.5456
"ENSG00000254718",0.5915,7.0835,0.4093,0.6554
"ENSG00000254719",0.5312,8.1406,0.004184,0.02246
"ENSG00000254726",-2.0992,7.6163,4.193e-10,9.657e-09
"ENSG00000254759",-0.0653,7.3408,0.8785,0.9492
"ENSG00000254783",-0.6152,7.0546,0.4469,0.6867
"ENSG00000254810",-0.0889,7.366,0.8288,0.928
"ENSG00000254827",-0.6148,7.2853,0.1942,0.4196
"ENSG00000254837",-0.2241,7.6814,0.4385,0.6804
"ENSG00000254838",0.7185,7.1918,0.2379,0.4761
"ENSG00000254842",2.6765,7.1402,0.0005609,0.004044
"ENSG00000254851",1.0997,9.2807,1.588e-12,4.893e-11
"ENSG00000254852",0.2925,9.2892,0.01313,0.05687
"ENSG00000254858",0.4809,8.2254,0.01259,0.05504
"ENSG00000254859",-0.541,7.1146,0.4531,0.6916
"ENSG00000254860",0.1526,7.7055,0.5697,0.7799
"ENSG00000254876",0.0544,7.1364,0.9372,0.9735
"ENSG00000254893",0.401,11.0406,0.0003446,0.002646
"ENSG00000254901",-0.2618,8.28,0.1528,0.3594
"ENSG00000254909",-0.5825,7.1793,0.3014,0.5503
"ENSG00000254910",0.2032,7.5534,0.5233,0.7445
"ENSG00000254912",0.1767,7.0913,0.8113,0.9198
"ENSG00000254941",-0.0649,7.2229,0.9037,0.9611
"ENSG00000254944",-0.7933,7.1884,0.2018,0.4299
"ENSG00000254978",0.0575,6.9875,0.9612,0.985
"ENSG00000254981",0.723,7.087,0.3291,0.5778
"ENSG00000254986",0.4511,9.7113,2.462e-05,0.0002535
"ENSG00000254987",2.4187,7.0965,0.001153,0.007537
"ENSG00000254995",0.7616,7.0857,0.29,0.5384
"ENSG00000254996",6e-04,7.2672,0.999,0.9994
"ENSG00000254999",0.0511,11.3013,0.5598,0.7727
"ENSG00000255008",0.573,7.1437,0.3702,0.6169
"ENSG00000255031",0.7235,7.3845,0.06655,0.1983
"ENSG00000255046",-0.0354,7.0484,0.9644,0.9863
"ENSG00000255052",-0.1914,7.5574,0.6084,0.8067
"ENSG00000255062",-0.3998,7.2024,0.4817,0.7144
"ENSG00000255090",-0.8397,7.9639,7.596e-05,0.0006917
"ENSG00000255100",1.2144,7.0613,0.1099,0.2847
"ENSG00000255103",-0.1932,10.0409,0.2766,0.5224
"ENSG00000255112",0.174,9.8405,0.1262,0.314
"ENSG00000255121",-0.1144,7.2951,0.8319,0.9301
"ENSG00000255135",-0.3143,7.3927,0.4282,0.6713
"ENSG00000255142",-0.2436,7.2904,0.5898,0.7934
"ENSG00000255148",-0.3986,7.1604,0.4929,0.7236
"ENSG00000255150",0.4597,7.5248,0.2312,0.4673
"ENSG00000255153",-0.6227,7.122,0.3339,0.5831
"ENSG00000255176",0.5534,7.1438,0.3903,0.6362
"ENSG00000255182",-0.6434,7.034,0.4633,0.6996
"ENSG00000255185",-0.7403,7.0083,0.4322,0.6748
"ENSG00000255191",-0.1427,7.3638,0.823,0.9252
"ENSG00000255197",0.9934,7.3637,0.02244,0.08707
"ENSG00000255198",-0.214,7.4854,0.5592,0.7723
"ENSG00000255200",0.2279,7.237,0.663,0.8408
"ENSG00000255201",0.1922,7.5239,0.6298,0.8204
"ENSG00000255224",0.0726,7.2845,0.8758,0.9478
"ENSG00000255229",-0.6957,7.0224,0.4362,0.6785
"ENSG00000255248",0.01,11.666,0.927,0.9699
"ENSG00000255277",-0.7527,7.3421,0.08558,0.2375
"ENSG00000255284",-0.2558,7.7298,0.324,0.5718
"ENSG00000255302",-0.0675,11.2059,0.528,0.7483
"ENSG00000255306",0.3593,7.1297,0.6095,0.8074
"ENSG00000255310",0.0845,7.4484,0.8172,0.9225
"ENSG00000255320",-0.1152,7.3024,0.7931,0.9114
"ENSG00000255337",0.6584,7.0279,0.4473,0.687
"ENSG00000255345",0.6075,7.0329,0.4657,0.7014
"ENSG00000255346",-0.9374,7.5908,0.003728,0.02034
"ENSG00000255389",0.2128,7.5423,0.5217,0.7438
"ENSG00000255399",-0.2859,9.522,0.008565,0.04054
"ENSG00000255408",0.2516,7.0631,0.7509,0.8907
"ENSG00000255423",0.1086,7.2247,0.8318,0.93
"ENSG00000255443",-0.0626,7.0662,0.9411,0.9754
"ENSG00000255444",0.9648,7.0409,0.2531,0.4958
"ENSG00000255455",0.3495,8.9846,0.01852,0.07472
"ENSG00000255458",-1.0671,7.0799,0.1528,0.3594
"ENSG00000255468",8e-04,7.1515,0.999,0.9994
"ENSG00000255471",0.127,7.9137,0.5668,0.7778
"ENSG00000255495",0.192,8.4075,0.2645,0.5091
"ENSG00000255500",0.1442,7.0486,0.857,0.9409
"ENSG00000255508",-0.7001,7.2997,0.117,0.2973
"ENSG00000255517",0.132,7.4444,0.7266,0.8777
"ENSG00000255521",-0.8844,7.0764,0.2595,0.5039
"ENSG00000255524",-0.1785,7.6039,0.5418,0.7596
"ENSG00000255529",0.0787,9.9319,0.4949,0.7247
"ENSG00000255559",-0.995,7.1039,0.1532,0.3599
"ENSG00000255561",-0.6219,7.2723,0.2145,0.4459
"ENSG00000255624",0.0675,7.0443,0.9344,0.9728
"ENSG00000255633",-0.3698,7.161,0.5379,0.7564
"ENSG00000255642",-0.1483,7.8419,0.5566,0.7702
"ENSG00000255651",-1.2221,7.1629,0.03805,0.1307
"ENSG00000255717",-0.1986,9.3509,0.09712,0.2597
"ENSG00000255725",-0.0367,7.2434,0.9452,0.9765
"ENSG00000255737",-0.0512,7.3238,0.9123,0.9636
"ENSG00000255748",-0.4509,7.1245,0.4944,0.7245
"ENSG00000255769",-0.6597,7.9719,0.007795,0.03769
"ENSG00000255823",0.0503,7.7361,0.8532,0.9396
"ENSG00000255836",0.0339,7.4631,0.9224,0.9673
"ENSG00000255837",0.029,7.0634,0.9703,0.9886
"ENSG00000255857",-1.3772,7.1504,0.02502,0.09477
"ENSG00000255864",0.394,7.124,0.5704,0.7806
"ENSG00000255867",-0.0879,7.8041,0.7886,0.9091
"ENSG00000255874",-0.8347,7.252,0.09926,0.2641
"ENSG00000255883",0.004,7.8092,0.9869,0.9944
"ENSG00000255893",0.0737,7.3133,0.8669,0.9446
"ENSG00000255909",0.6655,7.2889,0.1571,0.366
"ENSG00000255920",-0.0193,7.1135,0.9769,0.9904
"ENSG00000255967",1.091,7.1904,0.07441,0.2147
"ENSG00000255974",-0.8821,7.1994,0.1209,0.3039
"ENSG00000255993",-0.247,7.3962,0.5237,0.7447
"ENSG00000256043",0.1384,11.125,0.1579,0.3671
"ENSG00000256050",-0.4115,7.2441,0.4458,0.6857
"ENSG00000256053",0.096,8.3368,0.5617,0.7742
"ENSG00000256060",0.0932,7.6986,0.7463,0.8886
"ENSG00000256073",-0.096,7.4503,0.7874,0.9086
"ENSG00000256087",-0.2012,8.6218,0.16,0.3704
"ENSG00000256092",-0.1848,7.5072,0.6341,0.8232
"ENSG00000256124",-0.8722,7.0959,0.2275,0.4629
"ENSG00000256139",0.9146,7.0642,0.2579,0.502
"ENSG00000256164",-0.2632,7.2933,0.5702,0.7804
"ENSG00000256167",-0.091,7.9409,0.6746,0.8472
"ENSG00000256185",1.6514,7.0821,0.02455,0.09342
"ENSG00000256204",0.3951,7.2674,0.4147,0.6599
"ENSG00000256210",0.1862,7.3382,0.6762,0.8478
"ENSG00000256211",0.3533,7.0526,0.6563,0.8363
"ENSG00000256223",-0.6393,8.3348,0.0005529,0.003999
"ENSG00000256229",-0.0798,8.1602,0.662,0.8405
"ENSG00000256238",0.0338,7.5504,0.9162,0.9656
"ENSG00000256250",0.1788,7.0253,0.838,0.9326
"ENSG00000256268",0.2542,7.4596,0.5094,0.7347
"ENSG00000256269",-0.0269,8.4641,0.8675,0.9448
"ENSG00000256282",-0.534,7.0658,0.4989,0.7272
"ENSG00000256294",-0.1915,8.2592,0.2648,0.5095
"ENSG00000256299",-0.8603,6.9985,0.3815,0.6281
"ENSG00000256304",-0.6114,7.0403,0.47,0.7047
"ENSG00000256323",0.8035,7.0042,0.3858,0.6317
"ENSG00000256338",-0.1297,9.903,0.2388,0.4775
"ENSG00000256340",-1.2816,7.5613,8.232e-05,0.0007422
"ENSG00000256356",0.0029,7.0137,0.9975,0.9989
"ENSG00000256383",-0.262,7.3941,0.4934,0.724
"ENSG00000256393",-0.0374,11.2754,0.711,0.8685
"ENSG00000256433",0.4778,7.1625,0.4252,0.6689
"ENSG00000256508",-0.3125,7.4567,0.4031,0.6492
"ENSG00000256525",-0.0526,8.2371,0.7648,0.8973
"ENSG00000256576",-0.9333,7.1569,0.1364,0.3321
"ENSG00000256594",0.0509,7.7479,0.8545,0.9399
"ENSG00000256604",-0.8805,7.1211,0.2747,0.5203
"ENSG00000256612",-0.3528,7.2077,0.5222,0.744
"ENSG00000256616",-1.0732,7.6202,0.0006069,0.004339
"ENSG00000256618",0.2816,7.007,0.7668,0.8978
"ENSG00000256625",-0.3938,7.3175,0.4151,0.6602
"ENSG00000256628",0.0501,7.3368,0.9046,0.9612
"ENSG00000256663",-0.2551,7.3592,0.6083,0.8067
"ENSG00000256667",-0.6756,7.7308,0.0143,0.06083
"ENSG00000256671",1.2448,7.0433,0.1524,0.3589
"ENSG00000256683",-0.2269,8.4758,0.1449,0.3465
"ENSG00000256712",1.1526,7.0383,0.1697,0.3852
"ENSG00000256713",-1.4496,7.1245,0.03403,0.1199
"ENSG00000256745",0.3777,7.8763,0.1028,0.271
"ENSG00000256771",-0.3664,7.8663,0.1112,0.2872
"ENSG00000256802",-1.1727,7.2148,0.04231,0.1417
"ENSG00000256843",0.7977,7.2003,0.1409,0.3398
"ENSG00000256885",-0.1204,7.2409,0.8167,0.9223
"ENSG00000256897",-0.4128,7.0771,0.5643,0.7757
"ENSG00000256967",0.0173,7.7123,0.9528,0.9814
"ENSG00000256968",0.3056,7.4949,0.3789,0.6256
"ENSG00000256973",-0.0344,7.3362,0.9353,0.9731
"ENSG00000256977",-0.2426,8.4588,0.2397,0.4788
"ENSG00000257027",0.0146,7.6268,0.9591,0.9842
"ENSG00000257038",0.5886,7.3183,0.2296,0.4656
"ENSG00000257074",0.2284,7.7767,0.36,0.607
"ENSG00000257086",0.0192,7.0999,0.9778,0.9909
"ENSG00000257088",-0.417,7.6738,0.1732,0.3904
"ENSG00000257093",-0.3908,9.286,0.001877,0.0114
"ENSG00000257103",0.0416,11.0808,0.6235,0.8162
"ENSG00000257108",0.0182,7.3867,0.9619,0.9851
"ENSG00000257122",-0.2508,7.4097,0.5187,0.7417
"ENSG00000257135",0.3614,7.2137,0.4916,0.7225
"ENSG00000257139",-0.5563,7.3862,0.1503,0.356
"ENSG00000257150",2.4452,7.0094,0.01099,0.04965
"ENSG00000257151",-0.0155,7.9508,0.9451,0.9765
"ENSG00000257167",-0.7609,7.0926,0.3037,0.5528
"ENSG00000257175",1.2884,7.0741,0.0834,0.2331
"ENSG00000257176",-0.1186,7.2274,0.821,0.9242
"ENSG00000257178",0.2396,7.2886,0.5925,0.7952
"ENSG00000257179",0.031,7.0362,0.9693,0.9881
"ENSG00000257207",-0.3444,8.3203,0.0888,0.2434
"ENSG00000257218",0.1911,8.6841,0.1657,0.3791
"ENSG00000257219",0.3519,7.4966,0.4133,0.659
"ENSG00000257252",-0.1166,7.0465,0.89,0.9546
"ENSG00000257261",0.5869,7.3472,0.2085,0.4382
"ENSG00000257264",0.8075,7.0443,0.3215,0.5696
"ENSG00000257267",-0.0068,9.7645,0.9447,0.9765
"ENSG00000257270",-0.1696,7.2653,0.7216,0.8748
"ENSG00000257285",-0.2601,7.068,0.7354,0.8822
"ENSG00000257298",0.0991,7.3975,0.8166,0.9223
"ENSG00000257307",0.2301,7.5168,0.5025,0.7304
"ENSG00000257315",-0.0048,9.1612,0.9748,0.9898
"ENSG00000257322",1.218,6.9977,0.3154,0.5643
"ENSG00000257337",-0.0419,8.0315,0.8356,0.9317
"ENSG00000257354",0.2697,7.2201,0.6133,0.81
"ENSG00000257365",-0.3318,8.1287,0.1197,0.3019
"ENSG00000257381",0.1408,7.109,0.8372,0.9326
"ENSG00000257410",0.5867,7.173,0.3576,0.6046
"ENSG00000257433",0.3418,7.273,0.4864,0.7185
"ENSG00000257511",0.3479,7.5662,0.3022,0.5511
"ENSG00000257513",-0.2442,7.1473,0.7022,0.8631
"ENSG00000257527",0.014,7.0835,0.9843,0.9933
"ENSG00000257542",0.6365,8.5728,0.002382,0.01398
"ENSG00000257551",-0.6291,7.2153,0.2576,0.5019
"ENSG00000257556",-0.4715,7.3962,0.2405,0.4799
"ENSG00000257564",-0.581,7.0177,0.5047,0.7319
"ENSG00000257573",-0.0946,7.1335,0.8828,0.9512
"ENSG00000257576",-0.2024,7.331,0.6444,0.8294
"ENSG00000257594",0.0788,7.2852,0.8766,0.9485
"ENSG00000257605",-0.0338,7.2254,0.9483,0.9786
"ENSG00000257621",-0.1547,9.2049,0.212,0.4428
"ENSG00000257647",-0.5547,7.057,0.506,0.7329
"ENSG00000257674",0.6982,7.2151,0.1985,0.4258
"ENSG00000257681",1.4352,7.037,0.1148,0.2936
"ENSG00000257698",-0.3445,7.9664,0.1091,0.2835
"ENSG00000257702",-0.5636,7.8214,0.02154,0.08419
"ENSG00000257704",0.0866,8.1983,0.662,0.8405
"ENSG00000257727",0.2947,7.4148,0.4403,0.6817
"ENSG00000257732",0.9272,7.6157,0.003599,0.01976
"ENSG00000257740",-0.3144,7.0351,0.7083,0.867
"ENSG00000257742",0.1222,8.3856,0.5027,0.7305
"ENSG00000257773",-0.2839,8.0942,0.2126,0.4435
"ENSG00000257790",0.5259,7.0115,0.555,0.769
"ENSG00000257800",-0.2441,7.1884,0.722,0.8748
"ENSG00000257815",-0.2601,7.3034,0.5548,0.769
"ENSG00000257851",-0.3415,7.1396,0.5844,0.7899
"ENSG00000257877",0.4924,7.3432,0.2718,0.5168
"ENSG00000257884",1.185,7.0586,0.1337,0.3269
"ENSG00000257894",2.339,7.0147,0.01624,0.06725
"ENSG00000257896",0.3332,7.1085,0.6154,0.8109
"ENSG00000257923",0.2023,11.7774,0.0262,0.09826
"ENSG00000257950",0.7792,7.0685,0.2991,0.5479
"ENSG00000258012",0.5263,7.0383,0.5257,0.7467
"ENSG00000258016",1.409,7.5844,6.334e-06,7.422e-05
"ENSG00000258056",-0.4501,8.0825,0.03053,0.1104
"ENSG00000258057",-0.2609,7.2726,0.6398,0.8265
"ENSG00000258102",-1.1261,6.9914,0.2684,0.5132
"ENSG00000258130",-0.8389,7.7139,0.002361,0.01388
"ENSG00000258150",-0.787,7.6733,0.006701,0.0332
"ENSG00000258199",-0.0717,7.4014,0.854,0.9398
"ENSG00000258289",0.1215,10.642,0.1747,0.3922
"ENSG00000258297",-0.1931,8.0986,0.3205,0.5688
"ENSG00000258301",0.3086,7.2414,0.5509,0.7664
"ENSG00000258308",0.2844,7.3738,0.4865,0.7185
"ENSG00000258311",-0.4945,7.5585,0.1121,0.2886
"ENSG00000258315",-0.6625,7.0871,0.351,0.5985
"ENSG00000258357",-0.3693,7.3221,0.3906,0.6365
"ENSG00000258365",0.5452,7.042,0.4953,0.7249
"ENSG00000258366",-0.534,7.1309,0.43,0.673
"ENSG00000258376",0.0529,7.5643,0.8773,0.9489
"ENSG00000258388",0.2726,7.0769,0.7274,0.878
"ENSG00000258399",-0.6609,7.6283,0.02455,0.09342
"ENSG00000258405",-0.3431,7.3571,0.4525,0.6912
"ENSG00000258412",-2.5841,7.0329,0.008363,0.03976
"ENSG00000258424",0.1007,7.0642,0.8946,0.9565
"ENSG00000258427",-0.2571,7.4343,0.5089,0.7347
"ENSG00000258429",0.0366,7.0637,0.9627,0.9855
"ENSG00000258441",-0.3286,8.4214,0.0686,0.2026
"ENSG00000258457",-2.5567,7.0891,0.001045,0.006939
"ENSG00000258461",0.2298,7.2774,0.622,0.8151
"ENSG00000258469",-0.2235,7.1449,0.7121,0.869
"ENSG00000258472",0.191,7.2706,0.6815,0.8503
"ENSG00000258477",0.3561,8.5335,0.02612,0.09807
"ENSG00000258484",0.4907,7.9599,0.0435,0.1447
"ENSG00000258486",0.0294,8.7729,0.8992,0.9588
"ENSG00000258488",-0.0838,7.3544,0.838,0.9326
"ENSG00000258498",0.4857,8.9815,0.005084,0.02652
"ENSG00000258515",-1.1772,7.0257,0.2204,0.4533
"ENSG00000258559",-0.3566,7.2725,0.4533,0.6918
"ENSG00000258568",-0.1286,7.2211,0.8054,0.9167
"ENSG00000258581",-0.0797,7.0356,0.9235,0.968
"ENSG00000258605",0.5934,7.1219,0.383,0.6295
"ENSG00000258608",0.176,7.2957,0.7097,0.8676
"ENSG00000258634",-0.1031,8.6399,0.5385,0.7567
"ENSG00000258643",0.5741,7.0829,0.4347,0.6768
"ENSG00000258645",0.0104,7.3501,0.9797,0.9915
"ENSG00000258655",-0.5288,7.2378,0.3518,0.5991
"ENSG00000258667",0.4861,7.0242,0.6158,0.8111
"ENSG00000258675",-1.1094,7.1462,0.07541,0.2167
"ENSG00000258682",0.0176,7.2518,0.9712,0.9891
"ENSG00000258684",-0.3274,7.5286,0.3409,0.5895
"ENSG00000258701",-0.333,7.5948,0.3138,0.5628
"ENSG00000258704",-1.1209,7.0897,0.1266,0.3146
"ENSG00000258707",0.0334,7.0442,0.9669,0.9868
"ENSG00000258708",-0.5009,7.2004,0.3569,0.604
"ENSG00000258727",-0.3605,7.1548,0.5518,0.767
"ENSG00000258734",0.2511,7.2814,0.5974,0.7976
"ENSG00000258738",-0.02,7.4855,0.9534,0.9815
"ENSG00000258741",0.1303,7.3325,0.7653,0.8975
"ENSG00000258744",-0.3723,7.0448,0.6419,0.8278
"ENSG00000258768",-0.2081,7.3459,0.6162,0.8111
"ENSG00000258780",0.0066,7.6453,0.9841,0.9933
"ENSG00000258788",-1.9636,7.0151,0.0354,0.1234
"ENSG00000258790",0.2713,7.0929,0.6942,0.8593
"ENSG00000258793",-1.1227,7.16,0.06715,0.1996
"ENSG00000258824",-0.1501,7.2186,0.8044,0.9161
"ENSG00000258839",0.3717,7.722,0.1747,0.3922
"ENSG00000258890",-0.1715,9.1052,0.26,0.5041
"ENSG00000258900",-0.7222,7.0383,0.3968,0.6428
"ENSG00000258920",0.0251,7.4662,0.9465,0.9775
"ENSG00000258925",0.0665,7.0273,0.9382,0.9743
"ENSG00000258938",0.2661,7.1253,0.6753,0.8474
"ENSG00000258947",-0.7301,7.2465,0.1434,0.3439
"ENSG00000258949",0.0944,7.1044,0.889,0.9544
"ENSG00000258955",-0.5305,7.1721,0.3541,0.6014
"ENSG00000258985",0.0323,7.4345,0.9406,0.9752
"ENSG00000259000",0.4988,7.0539,0.5772,0.7851
"ENSG00000259001",-1.2726,7.0376,0.2135,0.4446
"ENSG00000259010",-0.0464,7.1187,0.9424,0.9758
"ENSG00000259030",-0.5096,7.4891,0.158,0.3672
"ENSG00000259032",-0.2299,8.037,0.2717,0.5168
"ENSG00000259036",-1.9946,7.0521,0.02021,0.08018
"ENSG00000259051",0.2309,7.0353,0.7784,0.9043
"ENSG00000259062",0.0898,7.0308,0.9139,0.9642
"ENSG00000259065",-0.0487,7.576,0.8948,0.9565
"ENSG00000259071",0.9488,7.4883,0.00497,0.026
"ENSG00000259086",-0.3519,7.7798,0.2184,0.4509
"ENSG00000259091",0.3884,7.2055,0.4846,0.7168
"ENSG00000259116",-0.1451,7.1229,0.8339,0.9308
"ENSG00000259118",-0.4739,7.0419,0.5705,0.7806
"ENSG00000259134",3.2383,7.011,0.167,0.3809
"ENSG00000259137",-0.0278,7.361,0.9458,0.977
"ENSG00000259146",-1.1892,7.2123,0.03603,0.125
"ENSG00000259169",0.0279,8.04,0.8939,0.9562
"ENSG00000259188",-1.5371,7.0314,0.07454,0.215
"ENSG00000259205",0.3654,7.0391,0.6562,0.8363
"ENSG00000259207",0.4703,7.8819,0.06594,0.197
"ENSG00000259236",-1.1163,7.2791,0.02216,0.08612
"ENSG00000259243",-0.2278,7.8324,0.3378,0.5863
"ENSG00000259248",-0.6314,7.0638,0.4205,0.6649
"ENSG00000259250",-0.02,7.2847,0.9664,0.9867
"ENSG00000259275",-0.6795,7.0748,0.3902,0.6361
"ENSG00000259287",1.5215,7.0461,0.06752,0.2003
"ENSG00000259291",0.5294,7.2762,0.2909,0.5393
"ENSG00000259295",-0.3352,9.0267,0.01066,0.04838
"ENSG00000259299",-0.7385,7.0545,0.3628,0.6098
"ENSG00000259318",-0.9351,7.2188,0.1134,0.291
"ENSG00000259319",-1.5627,7.1962,0.01002,0.04601
"ENSG00000259328",-0.4987,7.8496,0.04299,0.1435
"ENSG00000259330",0.3239,7.9423,0.1972,0.4239
"ENSG00000259343",-0.7813,7.2279,0.1309,0.3225
"ENSG00000259345",0.8088,7.2238,0.1378,0.3344
"ENSG00000259349",-0.7269,7.0527,0.3846,0.6309
"ENSG00000259351",1.3267,7.0784,0.09587,0.2573
"ENSG00000259363",-0.1206,7.721,0.685,0.8532
"ENSG00000259366",-0.2063,7.5913,0.5064,0.7331
"ENSG00000259367",0.9378,7.0685,0.2362,0.474
"ENSG00000259387",0.6437,7.4497,0.07493,0.2159
"ENSG00000259388",0.0729,7.1819,0.8967,0.9579
"ENSG00000259392",-1.9328,7.0099,0.04537,0.1493
"ENSG00000259394",-0.1016,7.0321,0.9038,0.9611
"ENSG00000259401",0.1866,7.2572,0.7035,0.8638
"ENSG00000259404",-0.1395,7.3119,0.7696,0.899
"ENSG00000259414",-0.2724,7.3539,0.5072,0.7336
"ENSG00000259424",0.4673,7.2068,0.3754,0.622
"ENSG00000259426",1.7343,7.4394,0.0003156,0.002447
"ENSG00000259429",-0.5643,7.4618,0.1369,0.3328
"ENSG00000259431",-0.4362,7.978,0.04557,0.1498
"ENSG00000259448",1.9424,7.1405,0.002349,0.01381
"ENSG00000259456",-0.654,7.3261,0.155,0.3628
"ENSG00000259472",-0.605,7.9801,0.01199,0.05302
"ENSG00000259479",-0.2951,7.78,0.2286,0.4643
"ENSG00000259480",0.1118,8.7466,0.4577,0.6953
"ENSG00000259494",0.065,7.9067,0.779,0.9045
"ENSG00000259498",0.8659,7.5839,0.03571,0.1242
"ENSG00000259511",-0.1272,7.2946,0.8043,0.9161
"ENSG00000259514",1.1214,7.0479,0.1599,0.3704
"ENSG00000259516",-0.1059,7.0721,0.8923,0.9553
"ENSG00000259520",-0.7989,7.187,0.1566,0.3653
"ENSG00000259523",-0.0265,7.1775,0.9636,0.9859
"ENSG00000259529",-1.0358,7.0129,0.2911,0.5396
"ENSG00000259551",-0.8878,7.0475,0.264,0.5084
"ENSG00000259553",-0.7068,7.0954,0.3087,0.5575
"ENSG00000259562",-0.4453,7.2932,0.3492,0.597
"ENSG00000259570",-0.4271,7.3352,0.31,0.5588
"ENSG00000259577",0.0485,7.0304,0.9531,0.9815
"ENSG00000259583",-1.0961,7.8425,5.054e-06,6.051e-05
"ENSG00000259605",-0.916,7.1944,0.1065,0.278
"ENSG00000259606",-1.3172,7.0251,0.1496,0.3547
"ENSG00000259612",-0.2929,7.1626,0.6142,0.8101
"ENSG00000259613",-0.6932,7.1939,0.205,0.434
"ENSG00000259623",-0.0297,8.0915,0.8995,0.9589
"ENSG00000259642",-0.2266,7.0871,0.7537,0.8918
"ENSG00000259649",0.3564,7.3841,0.4101,0.6563
"ENSG00000259658",0.0988,7.7035,0.7152,0.8713
"ENSG00000259660",-1.0383,8.4999,1.122e-07,1.823e-06
"ENSG00000259668",-0.6046,7.1999,0.3472,0.595
"ENSG00000259673",0.945,8.2627,7.361e-07,1.018e-05
"ENSG00000259683",-0.1124,7.7519,0.6825,0.851
"ENSG00000259684",0.5683,7.1573,0.3676,0.6146
"ENSG00000259694",-0.8315,7.0699,0.2653,0.5098
"ENSG00000259705",-0.0761,7.2641,0.88,0.9499
"ENSG00000259706",-0.1104,7.1358,0.8585,0.9419
"ENSG00000259707",0.8444,7.0297,0.35,0.5976
"ENSG00000259715",-0.4849,7.3637,0.2562,0.4998
"ENSG00000259721",-0.6334,8.089,0.01434,0.06093
"ENSG00000259726",-0.5292,8.51,0.008741,0.04126
"ENSG00000259728",0.3788,7.8083,0.1482,0.3523
"ENSG00000259732",0.8495,7.085,0.2325,0.4688
"ENSG00000259758",0.7353,10.3017,4.602e-08,8.048e-07
"ENSG00000259768",-0.2843,7.0709,0.6965,0.8608
"ENSG00000259774",-0.8364,7.2533,0.08346,0.2332
"ENSG00000259775",-0.4193,7.1619,0.4722,0.7065
"ENSG00000259781",-0.1917,10.2953,0.1035,0.2727
"ENSG00000259785",0.731,7.4202,0.05213,0.1654
"ENSG00000259790",0.5884,7.3866,0.1264,0.3141
"ENSG00000259792",0.5775,7.082,0.457,0.6946
"ENSG00000259806",-0.1244,7.8349,0.6337,0.8229
"ENSG00000259807",-0.855,8.126,0.0005896,0.004228
"ENSG00000259820",0.3819,7.6953,0.1623,0.3743
"ENSG00000259826",0.0766,7.236,0.878,0.9492
"ENSG00000259834",-0.9767,7.522,0.02153,0.08416
"ENSG00000259838",0.1801,7.4156,0.6479,0.8312
"ENSG00000259845",0.1259,7.5434,0.6893,0.8562
"ENSG00000259856",0.3514,7.9927,0.1275,0.3162
"ENSG00000259863",0.629,7.8345,0.01815,0.07353
"ENSG00000259865",0.2823,7.7392,0.2677,0.5123
"ENSG00000259877",-0.0491,7.6749,0.8823,0.9509
"ENSG00000259886",1.6112,7.2614,0.001172,0.007633
"ENSG00000259891",0.0098,7.4755,0.978,0.9909
"ENSG00000259901",-0.3813,7.7141,0.162,0.3738
"ENSG00000259917",-0.2069,7.9597,0.3347,0.5838
"ENSG00000259918",-0.4975,7.0939,0.4676,0.7028
"ENSG00000259924",0.4052,7.2038,0.4689,0.7039
"ENSG00000259933",-0.4879,7.0647,0.5189,0.7417
"ENSG00000259943",-0.0598,7.7655,0.8177,0.9227
"ENSG00000259953",0.7576,7.7269,0.00356,0.01957
"ENSG00000259959",0.2217,7.4614,0.5378,0.7564
"ENSG00000259969",-0.3376,7.0453,0.7119,0.8688
"ENSG00000259972",-0.4543,7.3538,0.2812,0.5286
"ENSG00000259976",-0.259,8.4629,0.1916,0.4159
"ENSG00000259994",0.4698,7.3047,0.3539,0.6012
"ENSG00000260000",-0.4248,7.2426,0.3952,0.6411
"ENSG00000260001",0.6544,7.122,0.3097,0.5584
"ENSG00000260005",0.5998,7.1946,0.3147,0.5635
"ENSG00000260006",0.3726,7.3289,0.4214,0.666
"ENSG00000260018",-0.1353,7.1065,0.8445,0.9354
"ENSG00000260023",0.0604,7.2023,0.913,0.9639
"ENSG00000260025",0.2717,7.577,0.4512,0.6904
"ENSG00000260027",0.314,7.879,0.1741,0.3915
"ENSG00000260032",0.1499,13.225,0.05012,0.161
"ENSG00000260034",-0.9791,7.0334,0.2666,0.5112
"ENSG00000260051",0.0438,7.2397,0.9422,0.9758
"ENSG00000260054",-0.2177,8.5969,0.146,0.3484
"ENSG00000260063",0.2252,7.1209,0.7256,0.877
"ENSG00000260065",-0.0236,7.9454,0.92,0.967
"ENSG00000260075",-0.0359,9.2676,0.7534,0.8917
"ENSG00000260077",-0.8744,7.8952,0.0003841,0.002895
"ENSG00000260081",-0.1094,7.1134,0.8654,0.9444
"ENSG00000260086",-0.5736,7.1415,0.3478,0.5956
"ENSG00000260091",-0.22,7.5102,0.5115,0.7362
"ENSG00000260101",-0.781,7.0326,0.3486,0.5962
"ENSG00000260105",0.4645,7.3548,0.273,0.5185
"ENSG00000260114",-0.4209,7.3585,0.3051,0.5542
"ENSG00000260121",0.098,7.399,0.8014,0.915
"ENSG00000260128",0.2859,7.4222,0.4456,0.6856
"ENSG00000260136",-0.4494,7.0582,0.5544,0.7688
"ENSG00000260139",-1.0331,7.2037,0.07266,0.2113
"ENSG00000260160",0.0365,7.1825,0.9481,0.9784
"ENSG00000260176",-0.6118,7.6683,0.03329,0.1178
"ENSG00000260196",-0.0972,7.3726,0.807,0.9176
"ENSG00000260197",0.4703,7.0806,0.5252,0.7461
"ENSG00000260219",-0.3953,7.0755,0.5965,0.797
"ENSG00000260230",-1.0642,7.6302,0.0004309,0.003199
"ENSG00000260231",-0.1325,7.8352,0.5935,0.7959
"ENSG00000260233",-0.3047,7.1979,0.6061,0.8052
"ENSG00000260236",-0.5546,7.3372,0.2062,0.4353
"ENSG00000260244",-0.2953,7.8257,0.2794,0.5265
"ENSG00000260257",0.4923,7.1568,0.445,0.685
"ENSG00000260259",-0.0262,7.0311,0.9749,0.9898
"ENSG00000260260",0.2529,7.8702,0.2809,0.5281
"ENSG00000260261",-0.4449,7.4712,0.2067,0.4358
"ENSG00000260267",-0.5152,7.4984,0.1959,0.422
"ENSG00000260274",0.0344,7.069,0.9636,0.9859
"ENSG00000260276",0.3965,7.1767,0.4919,0.7227
"ENSG00000260279",-0.7967,7.374,0.05964,0.1833
"ENSG00000260285",-0.3988,7.7986,0.1492,0.3542
"ENSG00000260290",-0.3048,8.4356,0.05065,0.1621
"ENSG00000260293",-0.3789,7.0279,0.6756,0.8477
"ENSG00000260296",0.5869,7.203,0.2968,0.5455
"ENSG00000260306",-0.1577,7.516,0.6492,0.8319
"ENSG00000260329",0.0285,7.3255,0.9479,0.9784
"ENSG00000260336",0.3014,10.4084,0.009315,0.04341
"ENSG00000260349",0.3186,7.4294,0.4009,0.647
"ENSG00000260359",0.138,7.5861,0.6473,0.8309
"ENSG00000260367",-0.0143,7.1477,0.9813,0.9921
"ENSG00000260396",1.5828,7.2773,0.001288,0.008273
"ENSG00000260398",-0.4222,7.043,0.6131,0.8099
"ENSG00000260400",0.248,7.2829,0.6096,0.8074
"ENSG00000260404",-0.2779,8.2546,0.1537,0.3608
"ENSG00000260447",-0.146,7.1768,0.8068,0.9175
"ENSG00000260448",-0.234,7.0906,0.7376,0.8834
"ENSG00000260455",-2.4875,7.1426,0.0002921,0.002286
"ENSG00000260456",0.9734,7.0693,0.2064,0.4354
"ENSG00000260461",0.1062,7.7812,0.6712,0.8448
"ENSG00000260464",-0.1442,7.1532,0.8234,0.9255
"ENSG00000260482",-0.3076,8.8065,0.04293,0.1434
"ENSG00000260490",0.6179,7.0476,0.4416,0.683
"ENSG00000260495",0.132,7.0792,0.8524,0.9394
"ENSG00000260517",-0.7001,7.4482,0.06246,0.1895
"ENSG00000260518",-0.0554,7.2333,0.9125,0.9636
"ENSG00000260521",-0.031,7.3982,0.9347,0.9728
"ENSG00000260526",-0.0906,7.2826,0.849,0.9375
"ENSG00000260528",-0.4825,8.2581,0.007958,0.03826
"ENSG00000260534",-0.0354,7.5702,0.9099,0.9628
"ENSG00000260539",0.1092,9.3632,0.3885,0.6342
"ENSG00000260549",0.9141,7.9234,2.873e-05,0.0002886
"ENSG00000260552",-0.0464,7.9214,0.8408,0.9338
"ENSG00000260563",0.0725,7.7645,0.7789,0.9045
"ENSG00000260565",-0.4375,8.7251,0.003364,0.01862
"ENSG00000260578",-0.8558,7.8643,0.002436,0.01425
"ENSG00000260579",-0.9067,7.0969,0.2163,0.4485
"ENSG00000260588",-0.221,7.2803,0.6396,0.8264
"ENSG00000260589",-0.8978,7.249,0.07034,0.2064
"ENSG00000260591",0.7905,7.043,0.3367,0.5854
"ENSG00000260597",1.2858,7.0056,0.1799,0.3998
"ENSG00000260618",-0.0346,7.2808,0.9436,0.9762
"ENSG00000260628",0.1792,7.7751,0.476,0.7101
"ENSG00000260630",-0.8533,7.5306,0.0181,0.07338
"ENSG00000260641",0.0958,8.15,0.6448,0.8294
"ENSG00000260644",-0.107,7.4785,0.7671,0.8978
"ENSG00000260645",0.7021,7.0585,0.3569,0.604
"ENSG00000260668",0.5848,7.0988,0.403,0.6492
"ENSG00000260686",-0.0591,7.4038,0.8784,0.9492
"ENSG00000260693",-0.3993,7.895,0.09724,0.2599
"ENSG00000260698",0.5488,7.0197,0.5453,0.7623
"ENSG00000260708",-0.1621,7.2785,0.7352,0.882
"ENSG00000260729",0.7605,7.1246,0.2364,0.4741
"ENSG00000260735",0.0877,7.2473,0.8601,0.9425
"ENSG00000260743",1.2967,7.0568,0.1153,0.2944
"ENSG00000260747",-0.1014,7.9784,0.6283,0.8191
"ENSG00000260751",-0.585,7.226,0.3031,0.5522
"ENSG00000260765",0.114,7.4763,0.7502,0.8904
"ENSG00000260766",0.0799,7.7579,0.763,0.897
"ENSG00000260774",-0.22,7.2951,0.6386,0.8258
"ENSG00000260778",0.0273,7.1785,0.9612,0.985
"ENSG00000260781",0.3064,7.8121,0.2483,0.4897
"ENSG00000260787",0.0373,7.0229,0.9657,0.9863
"ENSG00000260793",-0.0851,7.4067,0.8465,0.9363
"ENSG00000260802",4.8836,6.9732,4.253e-05,0.000411
"ENSG00000260804",0.226,8.6991,0.1805,0.4008
"ENSG00000260805",-0.0935,7.2009,0.8615,0.9428
"ENSG00000260806",-0.63,7.0527,0.4378,0.68
"ENSG00000260807",-1.843,7.1289,0.00858,0.0406
"ENSG00000260809",-0.4546,7.2817,0.3296,0.5783
"ENSG00000260822",0.8293,8.304,6.23e-06,7.338e-05
"ENSG00000260833",-0.314,7.3969,0.4696,0.7043
"ENSG00000260837",-0.4342,7.2145,0.4908,0.7224
"ENSG00000260841",1.2358,7.8346,2.08e-07,3.227e-06
"ENSG00000260852",-0.6461,8.0949,0.001422,0.009021
"ENSG00000260853",0.0034,7.296,0.9944,0.9978
"ENSG00000260855",-0.4059,7.6675,0.1648,0.378
"ENSG00000260868",0.7691,7.0643,0.3722,0.6188
"ENSG00000260872",-0.3118,7.2901,0.5082,0.7342
"ENSG00000260876",0.5985,7.045,0.4867,0.7187
"ENSG00000260884",-0.5437,7.1992,0.3227,0.5708
"ENSG00000260905",0.134,7.0725,0.8557,0.9405
"ENSG00000260910",1.3683,7.3423,0.01001,0.046
"ENSG00000260911",0.367,6.999,0.7069,0.8662
"ENSG00000260912",-0.3256,7.4393,0.3789,0.6256
"ENSG00000260916",0.0676,9.5004,0.5684,0.7792
"ENSG00000260917",0.1786,8.6109,0.2659,0.5104
"ENSG00000260920",-0.9602,7.4532,0.007876,0.03798
"ENSG00000260923",-0.2682,7.6947,0.3181,0.5668
"ENSG00000260924",-0.2688,7.2053,0.6213,0.8149
"ENSG00000260927",-0.289,7.0548,0.7115,0.8687
"ENSG00000260942",-0.2788,7.6939,0.3142,0.5631
"ENSG00000260948",0.5284,7.5199,0.1013,0.2677
"ENSG00000260966",0.5749,7.6389,0.07092,0.2075
"ENSG00000260973",-0.0679,7.2836,0.8909,0.9549
"ENSG00000260977",-0.6341,7.5005,0.1047,0.2752
"ENSG00000260992",-0.9041,7.0471,0.3053,0.5544
"ENSG00000261005",0.3862,7.3951,0.3262,0.5747
"ENSG00000261015",-0.3416,7.1851,0.5543,0.7688
"ENSG00000261040",0.055,7.441,0.9059,0.9613
"ENSG00000261051",0.0861,7.1669,0.8839,0.9522
"ENSG00000261052",0.0325,7.5767,0.9163,0.9657
"ENSG00000261056",-0.3405,7.0372,0.7025,0.8632
"ENSG00000261061",-0.1754,7.4169,0.6522,0.8338
"ENSG00000261064",-0.3391,7.7224,0.2209,0.4538
"ENSG00000261067",-0.3548,7.0812,0.6463,0.8302
"ENSG00000261068",0.7012,7.0938,0.3233,0.5712
"ENSG00000261069",-0.3124,7.4545,0.4744,0.7086
"ENSG00000261079",-0.2383,7.085,0.7512,0.8908
"ENSG00000261087",-0.1693,7.6212,0.6313,0.8212
"ENSG00000261088",0.6715,8.0839,0.002506,0.01457
"ENSG00000261094",-0.0062,7.4737,0.9862,0.9942
"ENSG00000261098",-0.1843,7.3963,0.6327,0.8222
"ENSG00000261101",-0.9645,7.2097,0.0728,0.2115
"ENSG00000261105",0.1277,7.5187,0.7112,0.8686
"ENSG00000261113",0.9902,7.3691,0.02965,0.1078
"ENSG00000261114",1.6315,7.046,0.04666,0.1527
"ENSG00000261115",0.439,7.4401,0.26,0.5041
"ENSG00000261118",-0.3991,7.1854,0.4754,0.7095
"ENSG00000261121",-3.1092,7.0444,0.001416,0.008988
"ENSG00000261123",0.2821,7.0303,0.7483,0.8895
"ENSG00000261126",-0.2792,7.3031,0.546,0.7628
"ENSG00000261136",-0.6715,7.4809,0.06116,0.1867
"ENSG00000261140",-0.8752,7.2443,0.08661,0.2393
"ENSG00000261143",0.7181,8.1265,0.0002506,0.001994
"ENSG00000261159",-0.6609,7.0369,0.4385,0.6804
"ENSG00000261167",0.4205,7.5454,0.1989,0.4263
"ENSG00000261172",-0.2157,7.5889,0.4717,0.7063
"ENSG00000261181",0.5377,6.9695,0.6318,0.8215
"ENSG00000261187",0.4453,7.0495,0.5775,0.7852
"ENSG00000261188",-0.2743,7.4345,0.4583,0.6959
"ENSG00000261207",-0.1857,7.1029,0.8025,0.9153
"ENSG00000261217",-1.0469,7.0568,0.195,0.4205
"ENSG00000261220",-0.0255,7.2719,0.9578,0.9841
"ENSG00000261221",-0.1069,8.7645,0.4519,0.6908
"ENSG00000261239",-0.3294,7.0161,0.7155,0.8713
"ENSG00000261247",-0.1979,7.679,0.4945,0.7245
"ENSG00000261251",0.1286,7.1024,0.859,0.9421
"ENSG00000261254",-0.0263,7.2444,0.9573,0.9839
"ENSG00000261270",0.3162,7.1346,0.6443,0.8294
"ENSG00000261279",0.5613,7.1733,0.3389,0.5874
"ENSG00000261295",0.3299,8.0523,0.1342,0.3278
"ENSG00000261324",0.1268,7.5555,0.6821,0.8508
"ENSG00000261326",-0.0603,7.8325,0.8315,0.9299
"ENSG00000261327",-0.9441,7.4791,0.02745,0.1017
"ENSG00000261337",0.2186,7.0501,0.7847,0.907
"ENSG00000261338",0.8888,7.5285,0.009228,0.04311
"ENSG00000261342",-0.3411,7.2584,0.5021,0.7301
"ENSG00000261349",0.4299,7.2723,0.3757,0.6222
"ENSG00000261353",0.6337,7.4104,0.1189,0.3005
"ENSG00000261355",-0.0311,7.4057,0.9361,0.9733
"ENSG00000261360",-0.5545,7.1717,0.331,0.5796
"ENSG00000261366",-0.4204,7.3307,0.3534,0.6009
"ENSG00000261372",-0.6226,7.1666,0.3189,0.5675
"ENSG00000261373",0.712,7.3554,0.1118,0.288
"ENSG00000261377",-0.055,8.2493,0.7534,0.8917
"ENSG00000261379",0.957,7.183,0.1053,0.2762
"ENSG00000261401",0.1705,7.2233,0.7529,0.8917
"ENSG00000261408",-0.0253,7.0855,0.9723,0.9891
"ENSG00000261418",0.1992,7.2086,0.7055,0.8653
"ENSG00000261423",-0.0743,7.2594,0.8852,0.9528
"ENSG00000261425",-1.9704,7.3461,6.731e-06,7.851e-05
"ENSG00000261428",0.9421,7.1003,0.1739,0.3911
"ENSG00000261438",0.0336,7.5705,0.9186,0.9663
"ENSG00000261452",-2.6934,6.9969,0.009339,0.0435
"ENSG00000261455",0.1007,7.6871,0.7266,0.8777
"ENSG00000261461",0.3358,7.1922,0.56,0.7728
"ENSG00000261468",2.485,7.4599,5.355e-10,1.218e-08
"ENSG00000261474",-0.2084,7.2345,0.6876,0.855
"ENSG00000261485",0.11,7.5269,0.7407,0.8849
"ENSG00000261490",1.4235,7.7918,2.482e-08,4.507e-07
"ENSG00000261496",-0.6149,7.2025,0.3343,0.5835
"ENSG00000261505",-0.1643,7.5823,0.5902,0.7935
"ENSG00000261512",0.2219,8.7767,0.1004,0.2661
"ENSG00000261526",0.1745,7.1503,0.7702,0.8993
"ENSG00000261534",-0.2993,8.0443,0.206,0.4351
"ENSG00000261542",0.5092,7.0376,0.5272,0.7478
"ENSG00000261550",-0.5929,7.2024,0.2885,0.5371
"ENSG00000261553",0.296,7.2486,0.562,0.7743
"ENSG00000261556",-0.2705,8.2685,0.145,0.3466
"ENSG00000261559",-0.7195,7.1848,0.2013,0.4292
"ENSG00000261578",0.988,7.4053,0.04874,0.1577
"ENSG00000261581",0.2345,7.2229,0.6618,0.8404
"ENSG00000261582",-0.383,7.1854,0.5094,0.7347
"ENSG00000261584",-0.5595,7.2209,0.3347,0.5838
"ENSG00000261586",-0.0932,7.1235,0.8847,0.9525
"ENSG00000261589",1.2018,7.8859,0.0001825,0.001503
"ENSG00000261597",-1.0442,8.4842,7.862e-09,1.533e-07
"ENSG00000261599",-0.1064,7.4592,0.7699,0.8992
"ENSG00000261609",0.4076,8.4485,0.01635,0.06764
"ENSG00000261613",-0.2611,7.7242,0.3464,0.5942
"ENSG00000261614",0.5919,7.3558,0.157,0.3658
"ENSG00000261616",-0.7908,7.0853,0.2656,0.5102
"ENSG00000261620",-0.2487,7.105,0.7263,0.8776
"ENSG00000261625",0.5617,8.2875,0.004012,0.02167
"ENSG00000261643",0.2521,7.1408,0.6909,0.8572
"ENSG00000261644",0.6219,7.1824,0.2799,0.5269
"ENSG00000261652",-0.6072,7.3143,0.1834,0.4046
"ENSG00000261655",-1.8374,7.0537,0.02783,0.1028
"ENSG00000261659",-0.3245,7.1652,0.5944,0.7963
"ENSG00000261662",0.9059,7.4382,0.01941,0.07749
"ENSG00000261663",-0.3253,7.0759,0.6752,0.8474
"ENSG00000261685",2.2746,7.6028,2.415e-09,5.082e-08
"ENSG00000261690",-0.4922,7.5814,0.1041,0.2739
"ENSG00000261705",0.7536,7.6148,0.01029,0.04704
"ENSG00000261712",-0.5219,7.0259,0.546,0.7628
"ENSG00000261716",0.1669,8.2135,0.4102,0.6563
"ENSG00000261730",-0.6239,7.8259,0.01058,0.04811
"ENSG00000261737",0.1023,7.2008,0.8578,0.9414
"ENSG00000261739",0.0778,7.636,0.7911,0.9101
"ENSG00000261740",0.3745,7.1212,0.5797,0.7869
"ENSG00000261760",-1.0369,7.4536,0.02794,0.103
"ENSG00000261770",-0.1885,7.1868,0.7584,0.8943
"ENSG00000261786",-0.1302,8.6521,0.4266,0.6699
"ENSG00000261794",-0.0502,7.5734,0.8685,0.9449
"ENSG00000261799",0.2516,8.2473,0.2316,0.4677
"ENSG00000261801",-0.6866,8.5755,3.804e-06,4.64e-05
"ENSG00000261819",0.252,8.3532,0.1524,0.3589
"ENSG00000261824",-0.2791,8.2198,0.1129,0.2902
"ENSG00000261827",-1.9256,7.1791,0.002456,0.01435
"ENSG00000261840",-0.7871,7.1376,0.3007,0.5497
"ENSG00000261879",-0.8494,7.1588,0.1671,0.3809
"ENSG00000261884",-0.4101,7.1767,0.4673,0.7026
"ENSG00000261888",-0.7358,8.9729,1.243e-08,2.36e-07
"ENSG00000261934",0.0397,8.0755,0.8444,0.9354
"ENSG00000261971",-0.1331,7.8207,0.5859,0.7907
"ENSG00000261997",-0.6071,7.129,0.3615,0.6085
"ENSG00000262001",0.5714,7.8809,0.01297,0.0563
"ENSG00000262049",0.2411,7.2982,0.6069,0.8056
"ENSG00000262089",-0.0903,7.3837,0.8167,0.9223
"ENSG00000262155",0.058,7.253,0.9059,0.9613
"ENSG00000262165",-0.5665,7.0136,0.5556,0.7695
"ENSG00000262185",0.3318,7.5691,0.3113,0.5602
"ENSG00000262194",-0.2514,7.0975,0.7203,0.8742
"ENSG00000262209",-0.195,8.3845,0.244,0.4842
"ENSG00000262222",-0.036,7.0369,0.9674,0.987
"ENSG00000262227",0.2318,7.0335,0.7777,0.9039
"ENSG00000262246",0.7404,7.5884,0.04666,0.1527
"ENSG00000262434",0.3313,7.0414,0.6976,0.8611
"ENSG00000262454",-0.0542,7.2133,0.9311,0.9723
"ENSG00000262468",-0.9976,7.3265,0.0257,0.09691
"ENSG00000262500",-1.3527,7.0289,0.115,0.2939
"ENSG00000262539",-0.1683,7.2712,0.7192,0.8737
"ENSG00000262576",0.0592,9.0331,0.6851,0.8532
"ENSG00000262580",0.3287,7.5593,0.2991,0.5479
"ENSG00000262583",-0.5257,7.2789,0.26,0.5041
"ENSG00000262587",-0.6689,7.1161,0.3045,0.5538
"ENSG00000262601",-0.3849,7.4801,0.3325,0.5814
"ENSG00000262691",-0.903,7.4874,0.01434,0.06093
"ENSG00000262692",-0.0944,7.1567,0.8731,0.9465
"ENSG00000262712",-0.0577,7.0514,0.9404,0.9752
"ENSG00000262728",-0.3614,7.5707,0.2527,0.4955
"ENSG00000262758",0.3999,8.3207,0.02769,0.1024
"ENSG00000262766",0.326,7.1679,0.5868,0.7912
"ENSG00000262814",0.4193,7.5393,0.213,0.444
"ENSG00000262877",0.2095,7.6248,0.4914,0.7225
"ENSG00000262879",-0.0744,8.7159,0.6774,0.8482
"ENSG00000262888",-0.0543,7.1366,0.9433,0.9761
"ENSG00000262902",0.177,8.194,0.3729,0.6194
"ENSG00000262903",-0.5114,7.5129,0.1587,0.3684
"ENSG00000262943",0.3214,7.0483,0.6909,0.8572
"ENSG00000262944",0.2342,7.9958,0.2881,0.5367
"ENSG00000263002",-0.2102,8.5909,0.1535,0.3605
"ENSG00000263004",-0.7515,7.3714,0.07825,0.2227
"ENSG00000263006",0.4803,8.8148,0.002033,0.01223
"ENSG00000263013",-0.5103,7.2115,0.3388,0.5874
"ENSG00000263050",0.1794,7.2056,0.7374,0.8834
"ENSG00000263053",-0.5344,7.0078,0.5831,0.789
"ENSG00000263069",-0.1656,7.1367,0.7959,0.9124
"ENSG00000263072",-0.4211,7.9177,0.05889,0.1815
"ENSG00000263142",0.0166,9.5701,0.8885,0.9543
"ENSG00000263164",-0.6083,7.2842,0.2813,0.5287
"ENSG00000263179",0.4686,7.0444,0.5679,0.7787
"ENSG00000263214",-0.1317,7.0678,0.8665,0.9446
"ENSG00000263244",0.0847,9.1213,0.524,0.7451
"ENSG00000263272",-0.1118,7.6582,0.704,0.8643
"ENSG00000263320",-0.1154,7.2131,0.825,0.926
"ENSG00000263326",-0.4407,7.141,0.4998,0.7281
"ENSG00000263327",-0.4578,7.3527,0.3017,0.5505
"ENSG00000263335",-0.232,7.1841,0.6814,0.8503
"ENSG00000263345",-0.4828,7.4594,0.1989,0.4263
"ENSG00000263400",-0.0707,7.5267,0.831,0.9296
"ENSG00000263412",-0.112,7.2799,0.8068,0.9175
"ENSG00000263422",0.3415,7.2798,0.6132,0.81
"ENSG00000263432",-0.4872,7.235,0.3449,0.593
"ENSG00000263470",-0.5056,7.4643,0.1626,0.3746
"ENSG00000263503",-1.0422,7.1056,0.1504,0.3562
"ENSG00000263535",-0.106,8.4536,0.6487,0.8316
"ENSG00000263563",-0.4356,9.1783,0.0007448,0.005197
"ENSG00000263606",-1.0733,7.0645,0.2142,0.4458
"ENSG00000263675",1.1842,7.0194,0.1728,0.3896
"ENSG00000263731",0.833,7.0663,0.2943,0.5426
"ENSG00000263740",0.0877,8.2444,0.8621,0.9428
"ENSG00000263753",-0.0268,9.3826,0.8227,0.925
"ENSG00000263812",-0.3955,7.4773,0.2721,0.5173
"ENSG00000263820",0.3638,7.1939,0.5148,0.7386
"ENSG00000263823",0.873,7.1236,0.1709,0.3869
"ENSG00000263826",-0.0682,7.1939,0.907,0.9615
"ENSG00000263843",-0.1656,7.073,0.8265,0.927
"ENSG00000263874",0.1437,7.6283,0.6157,0.8111
"ENSG00000263887",0.1428,8.5454,0.3568,0.604
"ENSG00000263934",-0.4533,7.0318,0.6467,0.8305
"ENSG00000264007",1.8249,7.1179,0.01066,0.04838
"ENSG00000264016",0.0138,7.2153,0.979,0.9914
"ENSG00000264043",0.4353,7.3128,0.3181,0.5668
"ENSG00000264049",-1.0153,7.0206,0.292,0.5403
"ENSG00000264058",-0.6168,7.4097,0.1163,0.296
"ENSG00000264070",-0.6115,7.1776,0.2875,0.536
"ENSG00000264098",-0.1228,7.2124,0.8315,0.9299
"ENSG00000264107",-0.329,7.0955,0.6283,0.8191
"ENSG00000264109",0.142,7.2081,0.7993,0.9138
"ENSG00000264112",0.0963,8.3196,0.6369,0.825
"ENSG00000264176",-0.4179,7.1485,0.4983,0.7269
"ENSG00000264207",-0.2268,7.178,0.6878,0.8551
"ENSG00000264247",-0.2346,8.3297,0.1732,0.3903
"ENSG00000264278",-0.3493,7.3816,0.4365,0.6786
"ENSG00000264281",-0.0981,12.9859,0.2491,0.4908
"ENSG00000264290",0.3766,7.069,0.6178,0.8121
"ENSG00000264345",-2.0005,7.0058,0.03905,0.1332
"ENSG00000264350",0.2529,7.2985,0.5828,0.7889
"ENSG00000264364",-0.0951,10.9578,0.3081,0.557
"ENSG00000264433",0.1986,7.4744,0.5839,0.7897
"ENSG00000264456",-0.0062,7.0285,0.9941,0.9977
"ENSG00000264469",0.8271,7.6609,0.003359,0.01859
"ENSG00000264514",0.1074,7.994,0.6387,0.8258
"ENSG00000264538",0.0765,8.5411,0.6274,0.8184
"ENSG00000264548",-0.3385,7.0859,0.6367,0.8249
"ENSG00000264575",-0.524,7.3321,0.2309,0.467
"ENSG00000264577",-0.3455,7.0975,0.6175,0.8119
"ENSG00000264745",1.4575,7.152,0.0163,0.06747
"ENSG00000264756",1.3968,7.0748,0.05507,0.1722
"ENSG00000264769",0.068,7.0879,0.9248,0.9687
"ENSG00000264868",4.3085,7.1858,2.448e-08,4.455e-07
"ENSG00000264885",0.9761,8.9981,5.461e-11,1.375e-09
"ENSG00000264920",0.0702,7.6183,0.8109,0.9198
"ENSG00000264964",-0.5307,7.5249,0.1005,0.2663
"ENSG00000265148",-1.5776,7.0991,0.02839,0.1043
"ENSG00000265150",0.1018,8.916,0.793,0.9114
"ENSG00000265194",-0.0218,7.0925,0.9747,0.9898
"ENSG00000265205",-0.5134,7.0691,0.5281,0.7484
"ENSG00000265218",-0.2252,7.2184,0.6911,0.8573
"ENSG00000265242",-0.1805,7.2107,0.7727,0.9011
"ENSG00000265273",0.132,7.0982,0.853,0.9395
"ENSG00000265298",0.5084,7.8185,0.03866,0.1322
"ENSG00000265399",0.799,7.1152,0.2478,0.4892
"ENSG00000265413",0.0354,7.0783,0.9629,0.9856
"ENSG00000265415",0.7408,7.1522,0.2325,0.4688
"ENSG00000265458",-0.2645,7.0493,0.7758,0.903
"ENSG00000265485",-1.0434,7.1157,0.1332,0.326
"ENSG00000265511",0.4314,7.0801,0.5632,0.7749
"ENSG00000265519",0.1049,8.0736,0.6222,0.8153
"ENSG00000265579",-0.472,7.0918,0.5058,0.7329
"ENSG00000265625",0.6344,7.0176,0.4987,0.7271
"ENSG00000265660",0.1622,7.0426,0.8377,0.9326
"ENSG00000265666",0.0749,7.4381,0.8478,0.9372
"ENSG00000265678",-1.2364,7.0698,0.1596,0.3699
"ENSG00000265681",0.5919,7.5027,0.07273,0.2114
"ENSG00000265688",-0.4011,7.507,0.2633,0.5077
"ENSG00000265735",0.0139,8.1354,0.9591,0.9842
"ENSG00000265749",-0.6825,7.1132,0.2986,0.5476
"ENSG00000265752",-0.3557,7.085,0.6352,0.8241
"ENSG00000265798",-0.0943,7.0278,0.9125,0.9636
"ENSG00000265817",-0.1639,7.0317,0.852,0.939
"ENSG00000265830",-0.2351,7.3421,0.6278,0.8187
"ENSG00000265939",0.0293,7.0428,0.973,0.9891
"ENSG00000265982",0.6851,7.1199,0.317,0.5655
"ENSG00000266010",-0.9314,7.2141,0.1059,0.277
"ENSG00000266037",0.8115,7.2049,0.16,0.3704
"ENSG00000266053",-0.0306,7.3481,0.9403,0.9752
"ENSG00000266066",-0.1644,7.3293,0.7103,0.8679
"ENSG00000266173",0.0475,7.6966,0.8702,0.945
"ENSG00000266208",0.1174,8.2732,0.4926,0.7233
"ENSG00000266365",-0.3889,7.1409,0.5329,0.7524
"ENSG00000266373",0.7276,7.3896,0.06207,0.1888
"ENSG00000266405",-0.2718,7.4537,0.4853,0.7172
"ENSG00000266456",-1.9471,7.1266,0.009938,0.04573
"ENSG00000266469",-0.0201,8.5064,0.8963,0.9577
"ENSG00000266490",0.8193,7.03,0.3322,0.5811
"ENSG00000266497",-0.5669,7.2565,0.2564,0.5
"ENSG00000266504",-0.8775,7.1013,0.2007,0.4285
"ENSG00000266644",-0.1799,7.1551,0.7643,0.8973
"ENSG00000266658",-0.0589,15.3169,0.8461,0.9362
"ENSG00000266680",-0.6109,7.2907,0.2128,0.4438
"ENSG00000266701",0.3288,7.1031,0.6805,0.8499
"ENSG00000266709",0.2989,7.1476,0.6272,0.8184
"ENSG00000266714",0.3178,8.2475,0.07539,0.2167
"ENSG00000266753",-0.1377,7.9757,0.6523,0.834
"ENSG00000266777",0.2786,7.3118,0.5308,0.7507
"ENSG00000266835",-0.5502,7.2789,0.2838,0.5316
"ENSG00000266852",0.3663,7.0413,0.651,0.8328
"ENSG00000266865",-0.7148,7.7146,0.007058,0.03473
"ENSG00000266896",-0.5181,7.0732,0.4851,0.7171
"ENSG00000266903",-0.8833,7.0721,0.2693,0.5145
"ENSG00000266904",-0.4419,7.6243,0.2047,0.4337
"ENSG00000266916",-0.5073,7.0676,0.5062,0.733
"ENSG00000266918",-0.1839,7.3204,0.6719,0.8454
"ENSG00000266921",0.0364,7.0697,0.9601,0.9847
"ENSG00000266930",0.0435,7.4828,0.8975,0.9582
"ENSG00000266934",0.2426,7.0309,0.7679,0.8983
"ENSG00000266947",-0.7419,7.2176,0.1637,0.376
"ENSG00000266964",0.2722,7.0355,0.743,0.8864
"ENSG00000266967",-0.3847,7.1753,0.51,0.7351
"ENSG00000266970",-0.6839,7.0338,0.4307,0.6734
"ENSG00000266992",0.3153,7.277,0.5088,0.7347
"ENSG00000266993",0.3955,7.2706,0.3959,0.6417
"ENSG00000267000",-0.009,7.1814,0.9875,0.9947
"ENSG00000267002",-0.8415,7.714,0.001931,0.01171
"ENSG00000267010",0.9485,7.4929,0.00837,0.03978
"ENSG00000267023",-0.5422,9.8209,5.193e-07,7.42e-06
"ENSG00000267025",-0.1908,7.2274,0.7249,0.8764
"ENSG00000267040",0.229,7.2295,0.6614,0.8404
"ENSG00000267041",0.0711,7.4867,0.8431,0.9348
"ENSG00000267042",-2.444,7.0044,0.01698,0.06963
"ENSG00000267053",-0.1275,7.2347,0.8057,0.9169
"ENSG00000267058",-0.4335,7.4452,0.2878,0.5363
"ENSG00000267080",-0.2692,8.1109,0.1679,0.3819
"ENSG00000267082",0.1616,7.1928,0.7646,0.8973
"ENSG00000267100",-0.3056,7.9893,0.1564,0.365
"ENSG00000267102",0.7515,7.7791,0.004338,0.02317
"ENSG00000267106",-0.3615,8.2344,0.05416,0.1702
"ENSG00000267108",0.0789,7.0621,0.9191,0.9665
"ENSG00000267113",-0.1717,7.0951,0.8188,0.9231
"ENSG00000267118",-0.5337,7.2719,0.2861,0.5346
"ENSG00000267119",-0.0087,7.0886,0.9901,0.9961
"ENSG00000267121",-0.9818,7.7002,0.0009488,0.006408
"ENSG00000267127",-0.3433,7.1426,0.6062,0.8052
"ENSG00000267137",0.0206,7.0699,0.9789,0.9914
"ENSG00000267152",-0.5092,7.4098,0.2064,0.4354
"ENSG00000267161",-0.5411,7.5712,0.07423,0.2144
"ENSG00000267163",-0.7641,7.0431,0.3682,0.615
"ENSG00000267169",-0.3432,7.6825,0.2333,0.4695
"ENSG00000267185",-0.1121,7.1183,0.8615,0.9428
"ENSG00000267194",-0.4375,7.5374,0.2498,0.4917
"ENSG00000267198",0.0841,7.2969,0.8533,0.9396
"ENSG00000267199",-0.1171,7.3877,0.7661,0.8978
"ENSG00000267201",0.095,7.0391,0.9078,0.9618
"ENSG00000267213",-0.1617,7.1298,0.8259,0.9264
"ENSG00000267219",-0.4849,7.074,0.5187,0.7417
"ENSG00000267242",-0.5983,7.1927,0.308,0.557
"ENSG00000267244",0.4861,7.3071,0.2727,0.518
"ENSG00000267246",-0.87,7.1517,0.1615,0.373
"ENSG00000267248",-0.0406,7.4004,0.9188,0.9664
"ENSG00000267249",-3e-04,7.0516,0.9997,0.9997
"ENSG00000267254",-0.225,7.4367,0.5745,0.7833
"ENSG00000267265",0.3544,7.079,0.624,0.8165
"ENSG00000267270",-0.5683,7.3319,0.217,0.4492
"ENSG00000267272",0.1619,7.1743,0.7792,0.9046
"ENSG00000267278",-0.8585,7.1114,0.1962,0.4224
"ENSG00000267279",-0.1795,7.1624,0.7629,0.897
"ENSG00000267280",0.1654,8.3024,0.3537,0.6011
"ENSG00000267283",-0.1574,7.0541,0.8414,0.9339
"ENSG00000267288",0.1976,7.1069,0.7773,0.9037
"ENSG00000267302",0.0917,7.2305,0.8679,0.9449
"ENSG00000267309",-0.016,7.3271,0.9711,0.9891
"ENSG00000267317",0.2547,8.0393,0.2077,0.4371
"ENSG00000267321",0.6234,7.4016,0.108,0.2812
"ENSG00000267325",-0.1999,7.023,0.8244,0.9257
"ENSG00000267339",-4.6113,7.2835,5.81e-12,1.653e-10
"ENSG00000267340",-1.2842,7.0351,0.1459,0.3482
"ENSG00000267342",0.2974,7.0444,0.7166,0.8719
"ENSG00000267350",-0.111,8.7733,0.4219,0.6664
"ENSG00000267352",0.0179,7.6005,0.9549,0.9823
"ENSG00000267355",-0.4721,7.0255,0.5838,0.7897
"ENSG00000267361",1.077,7.3424,0.02724,0.1013
"ENSG00000267364",0.1284,7.1706,0.8366,0.9323
"ENSG00000267365",-0.3214,7.758,0.199,0.4264
"ENSG00000267370",0.2035,7.3432,0.6484,0.8316
"ENSG00000267381",-0.205,7.4115,0.602,0.802
"ENSG00000267383",0.4898,7.02,0.5726,0.7819
"ENSG00000267390",0.0081,7.3397,0.9844,0.9933
"ENSG00000267394",0.5916,7.0685,0.4192,0.6635
"ENSG00000267395",0.0095,7.2765,0.9845,0.9933
"ENSG00000267414",-0.4096,7.8978,0.08653,0.2392
"ENSG00000267419",-0.5371,7.1786,0.3565,0.6037
"ENSG00000267422",0.0242,7.4568,0.9495,0.9794
"ENSG00000267427",0.3411,10.0411,0.004903,0.02572
"ENSG00000267439",-0.2873,7.1068,0.6795,0.8494
"ENSG00000267454",-0.4125,7.6307,0.1743,0.3917
"ENSG00000267470",0.3505,7.2279,0.4961,0.7254
"ENSG00000267473",0.2565,7.4009,0.507,0.7334
"ENSG00000267475",-0.0472,7.1238,0.9419,0.9757
"ENSG00000267480",2.3871,7.3513,3.114e-06,3.88e-05
"ENSG00000267481",-0.0215,7.2244,0.9682,0.9873
"ENSG00000267493",-0.177,7.1984,0.7637,0.8972
"ENSG00000267508",-0.2711,8.0597,0.192,0.4165
"ENSG00000267510",0.5552,7.1362,0.3863,0.6322
"ENSG00000267519",0.1368,8.2233,0.4395,0.6813
"ENSG00000267523",-0.1338,7.3368,0.7626,0.897
"ENSG00000267528",-2.1927,7.2721,1.674e-05,0.0001787
"ENSG00000267530",0.1983,7.0294,0.8107,0.9198
"ENSG00000267534",0.1163,9.3692,0.3558,0.603
"ENSG00000267541",0.095,7.2068,0.8614,0.9428
"ENSG00000267543",-0.1974,7.0827,0.7976,0.9129
"ENSG00000267544",0.6152,7.3006,0.2106,0.4412
"ENSG00000267546",-0.7619,7.0302,0.3619,0.6088
"ENSG00000267547",0.9644,7.4199,0.03807,0.1307
"ENSG00000267565",-0.5396,7.0378,0.5099,0.735
"ENSG00000267575",-0.3757,7.6257,0.2053,0.4342
"ENSG00000267600",-0.28,7.08,0.7374,0.8834
"ENSG00000267605",-0.3045,7.2173,0.5796,0.7869
"ENSG00000267632",-0.1054,7.1695,0.865,0.9444
"ENSG00000267639",-0.4879,7.1542,0.4169,0.6615
"ENSG00000267648",1.2112,7.0824,0.1067,0.2785
"ENSG00000267655",0.3953,7.046,0.6298,0.8204
"ENSG00000267662",-0.3931,7.0645,0.6173,0.8119
"ENSG00000267669",1.4738,7.9379,5.094e-11,1.29e-09
"ENSG00000267680",-0.005,7.7045,0.985,0.9937
"ENSG00000267683",-2.4924,7.0527,0.003651,0.02
"ENSG00000267686",1.0753,7.1774,0.06413,0.1931
"ENSG00000267696",-0.4255,7.1687,0.4675,0.7027
"ENSG00000267724",0.5635,7.0429,0.4888,0.7205
"ENSG00000267737",-1.5078,7.0864,0.04476,0.1478
"ENSG00000267741",0.129,7.1637,0.8367,0.9324
"ENSG00000267745",0.9325,7.5095,0.004995,0.02609
"ENSG00000267750",-0.0167,7.1312,0.9795,0.9915
"ENSG00000267759",-0.4813,7.132,0.4689,0.7039
"ENSG00000267774",0.3156,7.436,0.3953,0.6412
"ENSG00000267793",-0.7291,6.9861,0.4612,0.698
"ENSG00000267796",0.1908,7.3359,0.6601,0.8396
"ENSG00000267809",0.277,8.2048,0.1308,0.3223
"ENSG00000267848",1.0177,7.022,0.2328,0.4689
"ENSG00000267855",0.4416,7.1644,0.4717,0.7063
"ENSG00000267858",-0.3567,7.6647,0.2143,0.4459
"ENSG00000267871",-0.5408,7.0817,0.459,0.6963
"ENSG00000267904",-0.1086,7.6109,0.73,0.8789
"ENSG00000267913",-0.8918,7.1671,0.1375,0.3339
"ENSG00000267939",0.1551,7.035,0.8489,0.9375
"ENSG00000267940",0.1584,7.0475,0.8439,0.935
"ENSG00000267957",0.303,7.4863,0.374,0.6205
"ENSG00000267985",0.4776,7.0835,0.5338,0.7527
"ENSG00000268001",-0.0942,7.2037,0.8617,0.9428
"ENSG00000268006",-0.0735,8.2912,0.6966,0.8609
"ENSG00000268030",-0.0366,7.2627,0.9423,0.9758
"ENSG00000268032",-0.1592,8.1068,0.4128,0.6587
"ENSG00000268034",0.4507,8.2058,0.03059,0.1105
"ENSG00000268040",1.1392,7.0678,0.1518,0.3581
"ENSG00000268049",0.1461,7.3891,0.7123,0.869
"ENSG00000268061",-0.492,7.1639,0.408,0.6539
"ENSG00000268087",-0.0458,7.6096,0.8841,0.9523
"ENSG00000268093",0.2881,7.0357,0.7268,0.8778
"ENSG00000268140",-0.0989,7.0641,0.8966,0.9579
"ENSG00000268166",-1.2798,7.1196,0.05434,0.1706
"ENSG00000268175",-0.8709,7.2999,0.06656,0.1983
"ENSG00000268205",-0.0073,8.0669,0.9807,0.9919
"ENSG00000268218",-0.1216,7.191,0.8247,0.9259
"ENSG00000268222",-0.1473,7.0283,0.8635,0.9436
"ENSG00000268225",-0.2134,7.2781,0.6448,0.8294
"ENSG00000268230",0.2115,7.3496,0.6132,0.8099
"ENSG00000268279",0.0582,7.2276,0.9091,0.9624
"ENSG00000268362",-0.2003,7.3851,0.6508,0.8328
"ENSG00000268364",-0.0501,7.1444,0.9364,0.9733
"ENSG00000268388",-0.4356,10.6525,7.154e-05,0.0006555
"ENSG00000268402",-1.4884,7.0963,0.04012,0.136
"ENSG00000268412",-0.0372,7.3053,0.9332,0.9726
"ENSG00000268471",-0.4632,7.5616,0.1524,0.3589
"ENSG00000268505",-0.1295,7.2167,0.8188,0.9231
"ENSG00000268516",-0.5929,7.5626,0.09207,0.2496
"ENSG00000268521",-0.2047,7.091,0.7796,0.9047
"ENSG00000268543",0.2618,7.2042,0.6267,0.8181
"ENSG00000268568",0.6135,7.87,0.008007,0.03844
"ENSG00000268573",0.0312,7.1814,0.9563,0.9833
"ENSG00000268575",-0.3208,7.958,0.1648,0.378
"ENSG00000268578",-0.0273,7.0713,0.9728,0.9891
"ENSG00000268592",0.0222,7.158,0.9711,0.9891
"ENSG00000268613",-0.0616,7.138,0.9205,0.967
"ENSG00000268615",-1.0619,7.0246,0.2176,0.4498
"ENSG00000268670",0.5427,7.0676,0.4939,0.7243
"ENSG00000268688",-0.1772,7.0365,0.8286,0.928
"ENSG00000268713",-0.1042,7.3194,0.8265,0.927
"ENSG00000268751",-0.5122,7.023,0.5558,0.7696
"ENSG00000268754",-0.7979,7.1266,0.2421,0.4819
"ENSG00000268798",-0.6276,7.1546,0.299,0.5479
"ENSG00000268816",0.4301,7.1571,0.4788,0.7123
"ENSG00000268852",0.2404,7.2075,0.6642,0.8414
"ENSG00000268856",0.2288,7.0837,0.7472,0.8891
"ENSG00000268865",0.8333,7.2176,0.1168,0.2969
"ENSG00000268891",0.7171,7.1218,0.2955,0.5437
"ENSG00000268894",4.0158,7.001,0.0001887,0.001551
"ENSG00000268895",0.5241,7.6225,0.07054,0.2069
"ENSG00000268903",-0.4924,7.0399,0.5665,0.7775
"ENSG00000268912",-0.2693,7.7932,0.2965,0.5451
"ENSG00000268913",2.5271,7.7757,2.224e-18,1.257e-16
"ENSG00000268927",0.6504,7.0633,0.3817,0.6282
"ENSG00000268942",-0.2886,7.4755,0.4421,0.6833
"ENSG00000268970",-0.0173,7.1695,0.9769,0.9904
"ENSG00000268996",-0.4263,7.0744,0.5728,0.782
"ENSG00000269001",0.0058,7.3363,0.9891,0.9955
"ENSG00000269019",-0.9446,7.0684,0.2357,0.4732
"ENSG00000269028",0.0904,9.4508,0.4137,0.6592
"ENSG00000269044",0.184,7.9746,0.3821,0.6286
"ENSG00000269048",1.0766,7.055,0.1869,0.4094
"ENSG00000269051",-0.0855,7.4114,0.8353,0.9315
"ENSG00000269054",-0.0069,7.053,0.9929,0.9972
"ENSG00000269069",-0.7143,7.4217,0.05802,0.1795
"ENSG00000269089",-0.3044,7.0967,0.6691,0.8437
"ENSG00000269113",0.4973,7.4954,0.1832,0.4044
"ENSG00000269131",-0.3103,7.7516,0.2423,0.482
"ENSG00000269165",-1.065,7.2442,0.0429,0.1433
"ENSG00000269190",-0.1326,9.5006,0.2365,0.4742
"ENSG00000269202",0.1562,7.1821,0.7825,0.9061
"ENSG00000269227",-0.489,7.2221,0.3665,0.6137
"ENSG00000269289",3.3002,7.0714,0.0003555,0.00272
"ENSG00000269290",0.3511,7.1793,0.5475,0.7641
"ENSG00000269293",0.5572,7.9337,0.01112,0.05009
"ENSG00000269337",-0.6308,7.5913,0.05201,0.1651
"ENSG00000269343",-0.1565,8.0383,0.4603,0.6973
"ENSG00000269352",0.0893,7.3259,0.835,0.9314
"ENSG00000269374",-0.0814,7.3229,0.8702,0.945
"ENSG00000269378",0.3107,13.1261,6.896e-05,0.0006334
"ENSG00000269386",0.3854,7.2963,0.3854,0.6314
"ENSG00000269388",0.051,7.1394,0.9348,0.9728
"ENSG00000269396",1.3825,7.3443,0.02688,0.1002
"ENSG00000269399",-0.1681,7.4407,0.6382,0.8257
"ENSG00000269427",-0.0635,7.4252,0.8631,0.9434
"ENSG00000269430",0.7539,7.3633,0.0614,0.1872
"ENSG00000269439",-0.6185,7.3338,0.1626,0.3747
"ENSG00000269473",0.6904,7.1958,0.2431,0.4829
"ENSG00000269486",-0.4176,7.3703,0.3993,0.6455
"ENSG00000269501",0.1774,7.9382,0.4596,0.6967
"ENSG00000269609",-0.4195,7.5984,0.202,0.4301
"ENSG00000269614",-0.1762,7.409,0.686,0.8539
"ENSG00000269640",0.0193,7.0968,0.9772,0.9905
"ENSG00000269652",-0.2064,7.0354,0.8132,0.9207
"ENSG00000269657",0.6215,7.399,0.108,0.2811
"ENSG00000269688",0.6037,7.0339,0.4627,0.6991
"ENSG00000269690",-0.151,7.5163,0.6951,0.86
"ENSG00000269693",-0.0672,7.1544,0.9106,0.9631
"ENSG00000269696",0.0984,7.2901,0.8406,0.9337
"ENSG00000269728",1.0968,8.8781,6.445e-09,1.272e-07
"ENSG00000269737",-0.6273,7.3848,0.1167,0.2967
"ENSG00000269772",0.8186,7.3964,0.03295,0.117
"ENSG00000269800",0.2337,7.4065,0.5706,0.7807
"ENSG00000269821",-0.1025,8.7121,0.4992,0.7274
"ENSG00000269825",-0.2302,7.6123,0.494,0.7243
"ENSG00000269834",-0.6103,8.1808,0.004378,0.02336
"ENSG00000269837",-0.2848,7.6399,0.3451,0.593
"ENSG00000269843",-0.1245,7.3812,0.7548,0.8924
"ENSG00000269858",-0.096,8.6929,0.6167,0.8115
"ENSG00000269867",0.2876,7.3111,0.5487,0.7647
"ENSG00000269890",-0.6775,7.2794,0.1862,0.4083
"ENSG00000269892",0.1385,7.1822,0.8113,0.9198
"ENSG00000269893",-0.4639,10.0752,5.546e-05,0.0005195
"ENSG00000269896",-0.2911,7.3816,0.4765,0.7107
"ENSG00000269899",-0.312,6.9962,0.7661,0.8978
"ENSG00000269900",-0.6914,6.9252,0.8226,0.925
"ENSG00000269904",-0.1379,7.1576,0.8146,0.9217
"ENSG00000269906",0.1473,7.2258,0.7937,0.9115
"ENSG00000269910",0.1692,7.1291,0.7903,0.9099
"ENSG00000269918",-0.0252,7.2792,0.9568,0.9836
"ENSG00000269925",-0.1369,7.1612,0.8163,0.9223
"ENSG00000269928",0.0056,7.1922,0.9922,0.9967
"ENSG00000269930",-0.3432,7.4669,0.3508,0.5984
"ENSG00000269934",-0.7749,7.1658,0.1901,0.414
"ENSG00000269936",0.2525,8.9623,0.08554,0.2374
"ENSG00000269937",-0.5179,8.1077,0.0145,0.06146
"ENSG00000269938",0.1717,7.0348,0.8328,0.9307
"ENSG00000269940",0.9361,7.2103,0.07989,0.2259
"ENSG00000269951",0.2838,7.0274,0.7352,0.8821
"ENSG00000269956",-0.4887,7.066,0.5333,0.7526
"ENSG00000269958",0.4808,8.2887,0.00922,0.0431
"ENSG00000269959",-1.7702,7.1685,0.008348,0.0397
"ENSG00000269961",0.0484,7.0532,0.9541,0.9817
"ENSG00000269963",0.936,7.1662,0.1186,0.3
"ENSG00000269973",0.2218,7.9925,0.3633,0.6103
"ENSG00000269979",-0.1841,7.2148,0.728,0.878
"ENSG00000269982",0.109,7.7928,0.666,0.8423
"ENSG00000269983",0.2206,7.9445,0.3606,0.6075
"ENSG00000269984",-0.4507,7.191,0.4279,0.6711
"ENSG00000269990",-0.1596,8.1544,0.4084,0.6543
"ENSG00000269994",0.1994,7.2908,0.6629,0.8408
"ENSG00000269996",-0.1409,8.8287,0.4493,0.6888
"ENSG00000269997",-0.6879,7.0316,0.4181,0.6625
"ENSG00000270001",0.9371,7.1029,0.1754,0.3934
"ENSG00000270012",-0.1627,7.4332,0.6748,0.8473
"ENSG00000270015",-0.2673,7.8059,0.2892,0.5378
"ENSG00000270018",0.4797,7.1414,0.519,0.7418
"ENSG00000270020",0.0918,7.3241,0.8402,0.9335
"ENSG00000270021",-0.539,7.1452,0.3832,0.6295
"ENSG00000270028",-0.1663,7.1574,0.7767,0.9032
"ENSG00000270039",-0.0812,7.1905,0.8896,0.9545
"ENSG00000270041",-0.1512,7.1586,0.8051,0.9166
"ENSG00000270049",-1.0518,7.1052,0.1263,0.3141
"ENSG00000270055",0.1082,8.5563,0.5221,0.744
"ENSG00000270058",-0.6121,7.5238,0.07355,0.213
"ENSG00000270060",-0.0485,7.1993,0.9309,0.9722
"ENSG00000270062",0.0883,7.1487,0.8846,0.9525
"ENSG00000270067",-0.1489,7.2529,0.766,0.8978
"ENSG00000270069",-0.1412,8.6725,0.3723,0.6188
"ENSG00000270074",-0.4313,7.9329,0.1744,0.3918
"ENSG00000270081",0.3321,7.9532,0.1423,0.342
"ENSG00000270083",0.1634,7.0551,0.8309,0.9296
"ENSG00000270084",0.1134,7.1593,0.8455,0.9361
"ENSG00000270091",0.602,7.3093,0.1822,0.4031
"ENSG00000270093",-1.9868,7.1648,0.002095,0.01255
"ENSG00000270101",0.6031,7.5179,0.08799,0.2419
"ENSG00000270108",0.12,7.3838,0.7667,0.8978
"ENSG00000270127",0.1212,7.2126,0.8206,0.9239
"ENSG00000270143",0.5027,7.3277,0.2436,0.4836
"ENSG00000270157",-0.4056,7.4645,0.2411,0.4806
"ENSG00000270170",0.2589,8.1846,0.1862,0.4083
"ENSG00000270172",0.1464,7.2761,0.7516,0.891
"ENSG00000270175",-0.2624,7.1529,0.6735,0.8467
"ENSG00000270179",-0.8734,7.1517,0.2143,0.4459
"ENSG00000270189",-0.2432,7.6675,0.3988,0.6452
"ENSG00000270195",0.2892,7.2423,0.569,0.7797
"ENSG00000270223",0.1963,7.3402,0.6357,0.8241
"ENSG00000270246",-0.4691,7.0647,0.543,0.7603
"ENSG00000270346",-0.3453,7.549,0.3143,0.5631
"ENSG00000270362",-0.2601,7.3324,0.5467,0.7633
"ENSG00000270419",-0.4676,7.1167,0.5073,0.7336
"ENSG00000270441",0.0891,7.3284,0.8392,0.9331
"ENSG00000270503",0.062,7.6173,0.8372,0.9326
"ENSG00000270504",0.739,9.202,1.027e-08,1.963e-07
"ENSG00000270558",0.508,7.0426,0.5489,0.7647
"ENSG00000270580",0.832,7.22,0.1136,0.2914
"ENSG00000270581",0.1311,7.162,0.8341,0.9309
"ENSG00000270587",-0.5286,7.0195,0.5566,0.7702
"ENSG00000270589",-0.1219,7.2118,0.8159,0.9222
"ENSG00000270605",-1.5429,7.2275,0.003674,0.02008
"ENSG00000270607",-0.6142,7.8123,0.05169,0.1644
"ENSG00000270681",-0.5702,7.0223,0.534,0.7529
"ENSG00000270689",4.0538,6.9627,0.00138,0.008788
"ENSG00000270696",-0.1299,8.0917,0.5237,0.7447
"ENSG00000270704",-1.9604,7.0086,0.05949,0.1829
"ENSG00000270714",-0.1672,6.9961,0.8618,0.9428
"ENSG00000270728",0.0588,7.439,0.87,0.945
"ENSG00000270789",-0.5749,7.2157,0.2924,0.5409
"ENSG00000270804",-0.4305,7.1916,0.4423,0.6835
"ENSG00000270810",0.7542,7.0373,0.3672,0.6143
"ENSG00000270820",-0.5153,7.4898,0.1523,0.3589
"ENSG00000270890",-0.0722,7.0801,0.9248,0.9687
"ENSG00000270921",0.0351,7.2213,0.9466,0.9776
"ENSG00000270949",0.1013,7.9233,0.6779,0.8485
"ENSG00000270959",0.2229,7.8236,0.3928,0.6386
"ENSG00000270964",-1.0225,7.1702,0.08281,0.2319
"ENSG00000270983",1.1986,7.1695,0.06837,0.2021
"ENSG00000271009",-0.4319,7.1132,0.5222,0.744
"ENSG00000271020",0.2309,7.13,0.7098,0.8676
"ENSG00000271040",-0.2221,7.1295,0.7247,0.8763
"ENSG00000271043",0.2922,7.3028,0.5153,0.7391
"ENSG00000271075",-0.2227,7.09,0.7734,0.9015
"ENSG00000271086",1.218,7.0176,0.1663,0.3798
"ENSG00000271119",0.4985,7.189,0.3703,0.617
"ENSG00000271122",0.1087,8.5268,0.4885,0.7203
"ENSG00000271133",0.8698,7.1398,0.1741,0.3915
"ENSG00000271147",-0.2342,7.5575,0.4802,0.7132
"ENSG00000271153",-0.6813,7.5708,0.02922,0.1067
"ENSG00000271155",0.3003,7.0282,0.7194,0.8738
"ENSG00000271270",-0.0476,7.4143,0.904,0.9612
"ENSG00000271303",-0.4693,7.0607,0.5439,0.7612
"ENSG00000271321",0.3326,7.4685,0.3444,0.5923
"ENSG00000271327",-0.0833,7.2337,0.8717,0.946
"ENSG00000271334",0.0396,7.1299,0.9493,0.9793
"ENSG00000271335",-0.0019,7.3896,0.9963,0.9983
"ENSG00000271344",1.0916,7.2127,0.05115,0.1631
"ENSG00000271347",0.1489,7.0876,0.8293,0.9284
"ENSG00000271359",0.0893,7.4951,0.7895,0.9096
"ENSG00000271361",0.4327,7.231,0.4147,0.6599
"ENSG00000271417",-0.3229,7.2334,0.5181,0.7414
"ENSG00000271427",-0.1121,7.0942,0.872,0.946
"ENSG00000271430",0.2799,8.3045,0.1299,0.3208
"ENSG00000271452",-0.1531,7.1354,0.8102,0.9195
"ENSG00000271529",-0.0504,8.8108,0.763,0.897
"ENSG00000271533",0.2688,7.9985,0.2138,0.4452
"ENSG00000271547",-0.5723,7.1892,0.3045,0.5538
"ENSG00000271551",-1.3078,7.0426,0.1415,0.3407
"ENSG00000271553",0.481,7.0764,0.5092,0.7347
"ENSG00000271576",-0.1415,7.4152,0.7062,0.8656
"ENSG00000271584",-0.8406,7.2056,0.163,0.3753
"ENSG00000271590",-0.4031,7.2572,0.4547,0.6927
"ENSG00000271605",-0.5982,7.3342,0.1942,0.4195
"ENSG00000271614",0.202,7.5483,0.5364,0.7552
"ENSG00000271643",-0.0413,7.2869,0.932,0.9725
"ENSG00000271644",0.0719,7.2188,0.8967,0.9579
"ENSG00000271646",0.1976,7.377,0.6579,0.8379
"ENSG00000271659",-0.173,7.048,0.8324,0.9304
"ENSG00000271662",-0.8287,7.1316,0.1945,0.4199
"ENSG00000271670",-0.3325,7.1284,0.5967,0.797
"ENSG00000271721",2e-04,7.3517,0.9997,0.9997
"ENSG00000271737",-0.1666,7.054,0.8312,0.9297
"ENSG00000271738",0.2169,7.172,0.711,0.8685
"ENSG00000271755",-0.1561,7.1541,0.8007,0.9146
"ENSG00000271780",-0.4922,7.3004,0.2892,0.5378
"ENSG00000271795",0.6878,7.1034,0.3094,0.5581
"ENSG00000271811",-0.6409,7.1334,0.3354,0.5844
"ENSG00000271816",-0.3371,7.145,0.5857,0.7907
"ENSG00000271817",-1.605,7.0113,0.08858,0.2431
"ENSG00000271826",2.1541,7.0061,0.02526,0.09546
"ENSG00000271828",-0.2002,7.0307,0.8161,0.9223
"ENSG00000271843",-0.0576,7.2478,0.9055,0.9613
"ENSG00000271851",0.1282,7.1701,0.8273,0.9275
"ENSG00000271855",-1.0359,7.0653,0.1885,0.4118
"ENSG00000271857",-1.0115,7.0217,0.2796,0.5268
"ENSG00000271862",0.0974,7.2027,0.8544,0.9399
"ENSG00000271870",0.193,7.3418,0.6466,0.8304
"ENSG00000271882",0.3784,7.3049,0.4039,0.6498
"ENSG00000271889",0.0333,7.0304,0.9685,0.9874
"ENSG00000271895",0.0129,7.5287,0.9691,0.9879
"ENSG00000271912",0.3019,7.7072,0.3092,0.558
"ENSG00000271913",-0.1101,7.2136,0.8434,0.9348
"ENSG00000271918",-0.2279,7.4308,0.5792,0.7865
"ENSG00000271927",0.2756,7.2645,0.5683,0.7791
"ENSG00000271930",-1.0662,7.4104,0.005895,0.02989
"ENSG00000271933",-0.1739,7.1058,0.799,0.9136
"ENSG00000271936",-0.6351,7.0488,0.4451,0.6851
"ENSG00000271943",-1.8405,7.047,0.03635,0.1258
"ENSG00000271948",0.6021,7.4325,0.09894,0.2636
"ENSG00000271966",-0.5896,7.1972,0.2856,0.5339
"ENSG00000271971",-0.5243,7.287,0.2777,0.524
"ENSG00000271975",-0.2527,7.7844,0.332,0.5809
"ENSG00000271976",-0.1094,8.0243,0.6059,0.8052
"ENSG00000271978",0.0943,7.1979,0.875,0.9475
"ENSG00000271993",0.2269,7.0763,0.7573,0.8938
"ENSG00000271997",-0.5587,7.2134,0.332,0.5809
"ENSG00000272003",-0.0115,7.2523,0.9817,0.9922
"ENSG00000272005",0.1825,8.016,0.3977,0.6439
"ENSG00000272008",-0.1727,7.536,0.6219,0.8151
"ENSG00000272009",-0.211,7.0864,0.7676,0.8982
"ENSG00000272010",0.5202,7.137,0.4234,0.6676
"ENSG00000272016",0.1006,10.457,0.3226,0.5708
"ENSG00000272040",0.2092,7.2358,0.6918,0.8576
"ENSG00000272047",0.0412,9.9022,0.6983,0.8614
"ENSG00000272048",-0.3893,7.0193,0.6817,0.8505
"ENSG00000272054",-0.3739,7.2552,0.4464,0.6862
"ENSG00000272060",-0.0974,14.4236,0.847,0.9368
"ENSG00000272065",-0.0127,7.0528,0.9887,0.9952
"ENSG00000272070",-0.6924,7.6461,0.01737,0.07093
"ENSG00000272072",-0.0707,7.1448,0.91,0.9628
"ENSG00000272077",0.4038,7.2314,0.4502,0.6895
"ENSG00000272084",-0.0495,7.1472,0.9355,0.9731
"ENSG00000272086",0.3609,7.8261,0.1924,0.417
"ENSG00000272087",0.0438,7.582,0.8952,0.9569
"ENSG00000272091",-0.1304,8.039,0.6124,0.8095
"ENSG00000272092",0.4915,7.2056,0.3754,0.622
"ENSG00000272093",-0.0969,7.9348,0.6542,0.8351
"ENSG00000272097",-1.0472,7.0792,0.165,0.3782
"ENSG00000272098",-0.2321,7.6007,0.4475,0.6871
"ENSG00000272106",-0.4751,7.7874,0.08836,0.2427
"ENSG00000272112",0.7445,7.1348,0.2602,0.5043
"ENSG00000272129",0.3985,7.062,0.5952,0.7964
"ENSG00000272140",-0.4164,7.3057,0.3685,0.6152
"ENSG00000272142",-0.1929,7.6866,0.5322,0.7518
"ENSG00000272143",0.1701,7.2366,0.7505,0.8907
"ENSG00000272144",0.001,7.1614,0.9987,0.9993
"ENSG00000272145",-0.2946,7.2961,0.5413,0.7594
"ENSG00000272148",0.1041,7.124,0.8847,0.9525
"ENSG00000272153",-0.6404,7.1216,0.3361,0.5849
"ENSG00000272156",-0.2577,7.0998,0.7135,0.8697
"ENSG00000272168",-1.7594,7.9329,1.33e-10,3.227e-09
"ENSG00000272172",-1.3976,7.0287,0.1153,0.2944
"ENSG00000272195",0.5756,7.1061,0.4136,0.659
"ENSG00000272198",-0.3141,7.3999,0.4273,0.6706
"ENSG00000272211",0.5251,7.159,0.4464,0.6862
"ENSG00000272216",-0.0123,7.537,0.9735,0.9894
"ENSG00000272221",0.2253,7.4793,0.5124,0.7369
"ENSG00000272240",-0.6006,7.3178,0.1846,0.4063
"ENSG00000272269",0.2478,7.5584,0.4631,0.6995
"ENSG00000272279",0.4582,7.0442,0.5685,0.7793
"ENSG00000272282",-1.3345,7.1401,0.03915,0.1335
"ENSG00000272288",-0.2514,7.3483,0.5423,0.7597
"ENSG00000272305",-0.0195,7.0312,0.9815,0.9922
"ENSG00000272316",-0.2859,8.6611,0.04337,0.1444
"ENSG00000272321",0.3144,7.5302,0.3308,0.5796
"ENSG00000272323",-0.0166,7.0316,0.9866,0.9944
"ENSG00000272325",0.3936,9.1004,0.00622,0.03126
"ENSG00000272327",-1.5874,7.2884,0.001187,0.0077
"ENSG00000272335",0.1133,8.1586,0.6382,0.8257
"ENSG00000272338",-0.1875,7.0969,0.7966,0.9127
"ENSG00000272341",-1.4865,7.7806,1.407e-08,2.643e-07
"ENSG00000272343",1.5384,7.0283,0.07339,0.2127
"ENSG00000272345",-0.04,7.0222,0.9651,0.9863
"ENSG00000272349",1.3028,7.2278,0.0111,0.05004
"ENSG00000272356",1.1922,7.3785,0.005258,0.02727
"ENSG00000272365",0.2095,7.1257,0.7589,0.8946
"ENSG00000272369",0.7439,7.1153,0.2562,0.4999
"ENSG00000272373",0.9108,7.0301,0.2795,0.5266
"ENSG00000272374",0.0986,7.4067,0.8079,0.9179
"ENSG00000272377",-0.074,7.0725,0.9198,0.967
"ENSG00000272379",-0.9105,7.1083,0.1806,0.4009
"ENSG00000272384",-2.3637,6.999,0.01681,0.06907
"ENSG00000272403",0.4942,7.531,0.2203,0.4532
"ENSG00000272405",-0.6603,7.0504,0.4237,0.6678
"ENSG00000272430",0.9748,7.6641,0.00039,0.002935
"ENSG00000272440",0.3045,7.2246,0.5712,0.7811
"ENSG00000272447",0.0952,7.8603,0.6742,0.847
"ENSG00000272452",0.3147,7.8602,0.2376,0.4757
"ENSG00000272455",-0.1102,7.7098,0.683,0.8516
"ENSG00000272459",0.1336,7.09,0.8486,0.9374
"ENSG00000272462",0.1741,7.7323,0.5037,0.7312
"ENSG00000272463",0.2023,7.303,0.6723,0.8457
"ENSG00000272468",-0.2318,7.1091,0.7312,0.8797
"ENSG00000272476",0.4659,7.375,0.2799,0.5269
"ENSG00000272482",0.6447,7.7232,0.01488,0.0627
"ENSG00000272489",0.52,7.1012,0.4824,0.715
"ENSG00000272501",-0.4374,7.2694,0.3824,0.629
"ENSG00000272511",-0.1209,7.1667,0.8508,0.9382
"ENSG00000272520",0.1204,7.9103,0.6097,0.8075
"ENSG00000272523",0.5922,7.1749,0.321,0.569
"ENSG00000272556",-1.2693,7.0509,0.1323,0.325
"ENSG00000272565",0.8266,8.891,1.225e-07,1.975e-06
"ENSG00000272574",0.5626,7.1536,0.3797,0.6263
"ENSG00000272578",-0.4632,7.306,0.2976,0.5462
"ENSG00000272579",0.2575,7.5349,0.4454,0.6854
"ENSG00000272588",-0.7529,7.0598,0.3382,0.5866
"ENSG00000272593",1.3249,7.1431,0.0299,0.1085
"ENSG00000272604",-0.0174,7.395,0.9656,0.9863
"ENSG00000272620",-1.4061,7.0283,0.1098,0.2846
"ENSG00000272622",0.7099,7.3113,0.1234,0.3088
"ENSG00000272630",-0.1887,7.2166,0.7435,0.8867
"ENSG00000272631",0.6844,7.8656,0.004889,0.02566
"ENSG00000272644",0.3852,7.2539,0.4247,0.6685
"ENSG00000272645",-0.5829,7.8886,0.01819,0.07365
"ENSG00000272654",-0.0428,7.4138,0.9127,0.9637
"ENSG00000272655",0.0737,7.4202,0.846,0.9362
"ENSG00000272658",-1.5973,7.0315,0.08852,0.243
"ENSG00000272667",-0.2723,7.889,0.2677,0.5123
"ENSG00000272668",-1.02,7.383,0.01869,0.07526
"ENSG00000272669",0.2352,7.1193,0.7357,0.8824
"ENSG00000272686",0.5588,7.7052,0.03221,0.1151
"ENSG00000272690",0.3087,7.0781,0.6713,0.8449
"ENSG00000272692",-0.5704,7.237,0.2944,0.5427
"ENSG00000272695",0.8081,8.5667,3.294e-07,4.921e-06
"ENSG00000272696",0.2395,7.0616,0.7623,0.8969
"ENSG00000272702",-0.5145,7.1688,0.3791,0.6258
"ENSG00000272711",-0.1525,7.4515,0.6942,0.8593
"ENSG00000272734",-0.3768,8.2123,0.06543,0.1958
"ENSG00000272744",1.7312,7.1522,0.009382,0.04367
"ENSG00000272750",0.3462,7.4842,0.3279,0.5766
"ENSG00000272755",0.7798,7.2816,0.0958,0.2572
"ENSG00000272758",-0.4434,7.2777,0.3414,0.5899
"ENSG00000272760",-0.1727,7.611,0.588,0.792
"ENSG00000272761",0.4867,14.9715,9.007e-07,1.227e-05
"ENSG00000272768",0.5053,7.2712,0.2852,0.5334
"ENSG00000272777",0.2859,7.4153,0.4769,0.7109
"ENSG00000272779",0.0684,7.4011,0.8594,0.9423
"ENSG00000272782",-0.1298,8.0346,0.5512,0.7665
"ENSG00000272787",0.5818,7.0564,0.4965,0.7256
"ENSG00000272796",-1.655,7.2856,0.0006169,0.004401
"ENSG00000272807",0.1164,7.1547,0.843,0.9348
"ENSG00000272812",-0.2406,7.2918,0.6167,0.8115
"ENSG00000272821",0.2686,7.2598,0.5854,0.7906
"ENSG00000272823",-0.3974,7.242,0.4893,0.7208
"ENSG00000272836",-0.0546,7.0972,0.9397,0.975
"ENSG00000272841",-2.0179,8.0266,2.916e-17,1.469e-15
"ENSG00000272842",1.2059,7.0853,0.1113,0.2873
"ENSG00000272849",-0.4408,7.5126,0.1788,0.3986
"ENSG00000272853",-0.007,7.1541,0.9906,0.9962
"ENSG00000272870",1.0518,8.2285,5.262e-09,1.052e-07
"ENSG00000272871",1.0641,7.0917,0.1521,0.3585
"ENSG00000272872",-0.3944,7.3546,0.3431,0.5916
"ENSG00000272888",-0.2455,9.1049,0.063,0.1906
"ENSG00000272894",0.7544,7.2563,0.1605,0.371
"ENSG00000272899",0.7854,7.1836,0.1769,0.3956
"ENSG00000272902",-0.329,7.191,0.5808,0.7874
"ENSG00000272909",0.2984,7.2554,0.5552,0.7692
"ENSG00000272913",-0.1385,7.5026,0.6883,0.8554
"ENSG00000272914",0.0841,7.1613,0.8844,0.9524
"ENSG00000272918",0.1887,7.3229,0.6773,0.8482
"ENSG00000272933",0.0245,7.7047,0.934,0.9728
"ENSG00000272941",0.2959,7.3676,0.5519,0.767
"ENSG00000272947",0.6378,7.165,0.3349,0.584
"ENSG00000272949",-0.5154,7.0609,0.4938,0.7242
"ENSG00000272950",-0.777,7.0837,0.2899,0.5383
"ENSG00000272953",-0.9761,7.0754,0.1847,0.4064
"ENSG00000272960",0.3079,7.1736,0.5877,0.7918
"ENSG00000272970",-1.5604,7.0798,0.03389,0.1195
"ENSG00000272977",-0.0062,7.797,0.9821,0.9923
"ENSG00000272983",-0.21,7.5972,0.4881,0.7198
"ENSG00000272990",0.738,7.0722,0.3399,0.5883
"ENSG00000272992",1.4927,7.0311,0.0845,0.2354
"ENSG00000272994",-0.3008,7.3525,0.4989,0.7272
"ENSG00000273002",-0.5544,7.2487,0.2581,0.5023
"ENSG00000273007",-0.3321,7.0462,0.6929,0.8585
"ENSG00000273008",-0.2689,7.2235,0.6003,0.8002
"ENSG00000273014",0.1871,7.2388,0.7057,0.8655
"ENSG00000273015",-0.232,8.0809,0.233,0.4692
"ENSG00000273018",0.1132,8.2442,0.5368,0.7556
"ENSG00000273033",0.2863,8.9804,0.1865,0.4087
"ENSG00000273038",0.9262,7.9763,6.314e-05,0.0005845
"ENSG00000273055",0.626,7.4225,0.09999,0.2655
"ENSG00000273058",0.5851,7.1193,0.432,0.6748
"ENSG00000273061",0.0172,7.0978,0.9796,0.9915
"ENSG00000273062",-0.6761,7.1119,0.3198,0.5683
"ENSG00000273073",0.302,7.6705,0.3125,0.5616
"ENSG00000273081",0.4448,7.3771,0.2779,0.5244
"ENSG00000273084",-0.5189,7.192,0.3574,0.6046
"ENSG00000273107",-0.9653,7.1293,0.1535,0.3605
"ENSG00000273108",-0.4746,7.1421,0.4602,0.6973
"ENSG00000273117",-2.0341,7.0566,0.01303,0.05651
"ENSG00000273129",-0.7348,7.033,0.3822,0.6288
"ENSG00000273131",0.6991,9.1603,4.865e-08,8.467e-07
"ENSG00000273137",-0.0038,7.1836,0.9949,0.9979
"ENSG00000273142",0.0087,7.7431,0.9753,0.9898
"ENSG00000273145",-0.6584,7.3026,0.167,0.3809
"ENSG00000273148",-0.3054,7.6038,0.3418,0.5901
"ENSG00000273151",-0.0523,7.7302,0.8402,0.9335
"ENSG00000273162",-1.6207,7.1517,0.00848,0.0402
"ENSG00000273179",-1.5221,8.339,1.489e-13,5.246e-12
"ENSG00000273183",0.2284,7.1226,0.7367,0.883
"ENSG00000273186",-0.1558,7.2361,0.7583,0.8943
"ENSG00000273188",0.4707,7.0749,0.5392,0.7573
"ENSG00000273190",1.2189,7.0256,0.1706,0.3866
"ENSG00000273193",0.2534,7.2249,0.637,0.825
"ENSG00000273218",0.6879,7.1021,0.3145,0.5633
"ENSG00000273226",0.1855,7.1746,0.7477,0.8892
"ENSG00000273230",0.0639,8.1949,0.7622,0.8969
"ENSG00000273240",1.158,7.025,0.1992,0.4265
"ENSG00000273243",1.3441,7.0439,0.09378,0.2528
"ENSG00000273247",-0.6849,7.4539,0.06372,0.1921
"ENSG00000273253",-0.8454,7.2635,0.07999,0.2261
"ENSG00000273259",4.091,7.0466,1.704e-05,0.0001817
"ENSG00000273270",-0.1048,8.2759,0.5857,0.7907
"ENSG00000273271",0.3506,7.3293,0.4065,0.6524
"ENSG00000273281",-0.2308,7.2783,0.6411,0.8275
"ENSG00000273284",-0.0879,7.3511,0.8282,0.928
"ENSG00000273290",0.5307,8.43,0.001112,0.007307
"ENSG00000273291",0.9587,7.0553,0.232,0.4682
"ENSG00000273295",0.2566,7.3863,0.5093,0.7347
"ENSG00000273297",-0.7261,7.3842,0.06226,0.1891
"ENSG00000273302",-0.2087,7.0493,0.7953,0.9122
"ENSG00000273305",-0.2317,7.1276,0.7321,0.8802
"ENSG00000273306",0.0829,7.1118,0.9069,0.9615
"ENSG00000273311",0.025,7.6015,0.9343,0.9728
"ENSG00000273314",0.1177,7.3422,0.799,0.9136
"ENSG00000273327",-0.3384,7.0114,0.7298,0.8788
"ENSG00000273329",-0.218,7.6397,0.4635,0.6996
"ENSG00000273335",-0.109,7.0726,0.8931,0.9556
"ENSG00000273340",-0.8291,7.187,0.1513,0.3577
"ENSG00000273343",-0.8953,7.1318,0.1703,0.3862
"ENSG00000273344",0.0422,7.836,0.8797,0.9498
"ENSG00000273352",-0.03,7.0427,0.9717,0.9891
"ENSG00000273356",-0.2478,7.3224,0.5901,0.7935
"ENSG00000273369",0.4719,7.1004,0.4911,0.7225
"ENSG00000273372",0.6841,7.1838,0.2253,0.46
"ENSG00000273373",-0.0257,7.4324,0.9447,0.9765
"ENSG00000273382",-0.7283,7.3075,0.1283,0.3175
"ENSG00000273402",-0.4104,7.0795,0.5862,0.7908
"ENSG00000273419",-0.1323,7.1324,0.8574,0.9412
"ENSG00000273447",0.2812,7.0725,0.7005,0.8622
"ENSG00000273448",0.0616,7.2487,0.9008,0.9595
"ENSG00000273449",-0.6335,7.1016,0.401,0.647
"ENSG00000273456",0.2409,7.118,0.7179,0.8727
"ENSG00000273472",-0.4043,7.1894,0.4788,0.7123
"ENSG00000273477",0.4289,7.0897,0.5528,0.7677
"ENSG00000273478",0.1806,7.0938,0.7901,0.9098
"ENSG00000273486",-0.1504,7.2761,0.755,0.8925
"ENSG00000273487",1.0456,7.121,0.1314,0.3233
"ENSG00000273488",0.1089,7.1348,0.8632,0.9434
